ISO-10303-21;
HEADER;
/* Generated by software containing ST-Developer
 * from STEP Tools, Inc. (www.steptools.com) 
 */
/* OPTION: using custom renumber hook */

FILE_DESCRIPTION(
/* description */ ('STEP AP242 Edition 2',
'CAx-IF Rec.Pracs.---Representation and Presentation of Product Manufa
cturing Information (PMI)---4.0---2014-10-13',
'CAx-IF Rec.Pracs.---3D Tessellated Geometry---0.4---2014-09-14','2;1',
'CAx-IF Rec.Pracs.---User Defined Attributes---1.5---2016-08-15'),
/* implementation_level */ '2;1');

FILE_NAME(
/* name */ '6a0642d93286901e47893e73',
/* time_stamp */ '2026-05-14T21:47:06Z',
/* author */ (''),
/* organization */ (''),
/* preprocessor_version */ 'ST-DEVELOPER v20',
/* originating_system */ 'ONSHAPE BY PTC INC, 1.214',
/* authorisation */ '  ');

FILE_SCHEMA (('AP242_MANAGED_MODEL_BASED_3D_ENGINEERING_MIM_LF { 1 0 10303 442 3 1 4 }'));
ENDSEC;

DATA;
#10=SPHERICAL_SURFACE('',#3728,0.001);
#11=ELLIPSE('',#3727,0.00141421356237309,0.001);
#12=ELLIPSE('',#3731,0.00141421356237309,0.001);
#13=ELLIPSE('',#3733,0.00141421356237309,0.001);
#14=TOROIDAL_SURFACE('',#3710,0.0038570398464799,0.00234536740683466);
#15=CONTEXT_DEPENDENT_SHAPE_REPRESENTATION(#31,#5949);
#16=CONTEXT_DEPENDENT_SHAPE_REPRESENTATION(#32,#5951);
#17=CONTEXT_DEPENDENT_SHAPE_REPRESENTATION(#33,#5953);
#18=CONTEXT_DEPENDENT_SHAPE_REPRESENTATION(#34,#5955);
#19=CONTEXT_DEPENDENT_SHAPE_REPRESENTATION(#35,#5957);
#20=CONTEXT_DEPENDENT_SHAPE_REPRESENTATION(#36,#5959);
#21=CONTEXT_DEPENDENT_SHAPE_REPRESENTATION(#37,#5961);
#22=CONTEXT_DEPENDENT_SHAPE_REPRESENTATION(#38,#5963);
#23=NEXT_ASSEMBLY_USAGE_OCCURRENCE('NAUO1','pulley','pulley',#5964,#5965,
'');
#24=NEXT_ASSEMBLY_USAGE_OCCURRENCE('NAUO2','Part 1','Part 1',#5964,#5966,
'');
#25=NEXT_ASSEMBLY_USAGE_OCCURRENCE('NAUO3','Part 2','Part 2',#5964,#5967,
'');
#26=NEXT_ASSEMBLY_USAGE_OCCURRENCE('NAUO4','Part 1','Part 1',#5964,#5968,
'');
#27=NEXT_ASSEMBLY_USAGE_OCCURRENCE('NAUO5','Part 2','Part 2',#5964,#5969,
'');
#28=NEXT_ASSEMBLY_USAGE_OCCURRENCE('NAUO6','motor','motor',#5964,#5970,
'');
#29=NEXT_ASSEMBLY_USAGE_OCCURRENCE('NAUO7','Part 2','Part 2',#5964,#5971,
'');
#30=NEXT_ASSEMBLY_USAGE_OCCURRENCE('NAUO8','Part 1','Part 1',#5964,#5972,
'');
#31=(
REPRESENTATION_RELATIONSHIP(' ',' ',#3659,#3658)
REPRESENTATION_RELATIONSHIP_WITH_TRANSFORMATION(#39)
SHAPE_REPRESENTATION_RELATIONSHIP()
);
#32=(
REPRESENTATION_RELATIONSHIP(' ',' ',#3660,#3658)
REPRESENTATION_RELATIONSHIP_WITH_TRANSFORMATION(#40)
SHAPE_REPRESENTATION_RELATIONSHIP()
);
#33=(
REPRESENTATION_RELATIONSHIP(' ',' ',#3661,#3658)
REPRESENTATION_RELATIONSHIP_WITH_TRANSFORMATION(#41)
SHAPE_REPRESENTATION_RELATIONSHIP()
);
#34=(
REPRESENTATION_RELATIONSHIP(' ',' ',#3662,#3658)
REPRESENTATION_RELATIONSHIP_WITH_TRANSFORMATION(#42)
SHAPE_REPRESENTATION_RELATIONSHIP()
);
#35=(
REPRESENTATION_RELATIONSHIP(' ',' ',#3663,#3658)
REPRESENTATION_RELATIONSHIP_WITH_TRANSFORMATION(#43)
SHAPE_REPRESENTATION_RELATIONSHIP()
);
#36=(
REPRESENTATION_RELATIONSHIP(' ',' ',#3664,#3658)
REPRESENTATION_RELATIONSHIP_WITH_TRANSFORMATION(#44)
SHAPE_REPRESENTATION_RELATIONSHIP()
);
#37=(
REPRESENTATION_RELATIONSHIP(' ',' ',#3665,#3658)
REPRESENTATION_RELATIONSHIP_WITH_TRANSFORMATION(#45)
SHAPE_REPRESENTATION_RELATIONSHIP()
);
#38=(
REPRESENTATION_RELATIONSHIP(' ',' ',#3666,#3658)
REPRESENTATION_RELATIONSHIP_WITH_TRANSFORMATION(#46)
SHAPE_REPRESENTATION_RELATIONSHIP()
);
#39=ITEM_DEFINED_TRANSFORMATION(' ',' ',#3667,#3698);
#40=ITEM_DEFINED_TRANSFORMATION(' ',' ',#3667,#3755);
#41=ITEM_DEFINED_TRANSFORMATION(' ',' ',#3667,#3799);
#42=ITEM_DEFINED_TRANSFORMATION(' ',' ',#3667,#3809);
#43=ITEM_DEFINED_TRANSFORMATION(' ',' ',#3667,#3825);
#44=ITEM_DEFINED_TRANSFORMATION(' ',' ',#3667,#3838);
#45=ITEM_DEFINED_TRANSFORMATION(' ',' ',#3667,#3848);
#46=ITEM_DEFINED_TRANSFORMATION(' ',' ',#3667,#3957);
#47=SHAPE_REPRESENTATION_RELATIONSHIP('','',#3659,#55);
#48=SHAPE_REPRESENTATION_RELATIONSHIP('','',#3660,#56);
#49=SHAPE_REPRESENTATION_RELATIONSHIP('','',#3661,#57);
#50=SHAPE_REPRESENTATION_RELATIONSHIP('','',#3662,#58);
#51=SHAPE_REPRESENTATION_RELATIONSHIP('','',#3663,#59);
#52=SHAPE_REPRESENTATION_RELATIONSHIP('','',#3664,#60);
#53=SHAPE_REPRESENTATION_RELATIONSHIP('','',#3665,#61);
#54=SHAPE_REPRESENTATION_RELATIONSHIP('','',#3666,#62);
#55=ADVANCED_BREP_SHAPE_REPRESENTATION('',(#3641),#5927);
#56=ADVANCED_BREP_SHAPE_REPRESENTATION('',(#3642),#5928);
#57=ADVANCED_BREP_SHAPE_REPRESENTATION('',(#3643),#5929);
#58=ADVANCED_BREP_SHAPE_REPRESENTATION('',(#3644),#5930);
#59=ADVANCED_BREP_SHAPE_REPRESENTATION('',(#3645),#5931);
#60=ADVANCED_BREP_SHAPE_REPRESENTATION('',(#3646),#5932);
#61=ADVANCED_BREP_SHAPE_REPRESENTATION('',(#3647),#5933);
#62=ADVANCED_BREP_SHAPE_REPRESENTATION('',(#3648),#5934);
#63=LINE('',#4937,#450);
#64=LINE('',#4940,#451);
#65=LINE('',#4942,#452);
#66=LINE('',#4944,#453);
#67=LINE('',#4946,#454);
#68=LINE('',#4948,#455);
#69=LINE('',#4950,#456);
#70=LINE('',#4954,#457);
#71=LINE('',#4956,#458);
#72=LINE('',#4958,#459);
#73=LINE('',#4960,#460);
#74=LINE('',#4962,#461);
#75=LINE('',#4964,#462);
#76=LINE('',#4966,#463);
#77=LINE('',#4968,#464);
#78=LINE('',#4970,#465);
#79=LINE('',#4972,#466);
#80=LINE('',#4974,#467);
#81=LINE('',#4976,#468);
#82=LINE('',#4980,#469);
#83=LINE('',#4982,#470);
#84=LINE('',#4984,#471);
#85=LINE('',#4986,#472);
#86=LINE('',#4988,#473);
#87=LINE('',#4990,#474);
#88=LINE('',#4992,#475);
#89=LINE('',#4994,#476);
#90=LINE('',#4996,#477);
#91=LINE('',#5016,#478);
#92=LINE('',#5019,#479);
#93=LINE('',#5021,#480);
#94=LINE('',#5023,#481);
#95=LINE('',#5025,#482);
#96=LINE('',#5027,#483);
#97=LINE('',#5029,#484);
#98=LINE('',#5031,#485);
#99=LINE('',#5033,#486);
#100=LINE('',#5036,#487);
#101=LINE('',#5038,#488);
#102=LINE('',#5040,#489);
#103=LINE('',#5042,#490);
#104=LINE('',#5043,#491);
#105=LINE('',#5045,#492);
#106=LINE('',#5047,#493);
#107=LINE('',#5049,#494);
#108=LINE('',#5051,#495);
#109=LINE('',#5053,#496);
#110=LINE('',#5055,#497);
#111=LINE('',#5057,#498);
#112=LINE('',#5059,#499);
#113=LINE('',#5061,#500);
#114=LINE('',#5064,#501);
#115=LINE('',#5066,#502);
#116=LINE('',#5067,#503);
#117=LINE('',#5068,#504);
#118=LINE('',#5070,#505);
#119=LINE('',#5083,#506);
#120=LINE('',#5085,#507);
#121=LINE('',#5086,#508);
#122=LINE('',#5088,#509);
#123=LINE('',#5089,#510);
#124=LINE('',#5091,#511);
#125=LINE('',#5092,#512);
#126=LINE('',#5094,#513);
#127=LINE('',#5105,#514);
#128=LINE('',#5108,#515);
#129=LINE('',#5110,#516);
#130=LINE('',#5112,#517);
#131=LINE('',#5114,#518);
#132=LINE('',#5117,#519);
#133=LINE('',#5118,#520);
#134=LINE('',#5120,#521);
#135=LINE('',#5123,#522);
#136=LINE('',#5124,#523);
#137=LINE('',#5126,#524);
#138=LINE('',#5128,#525);
#139=LINE('',#5130,#526);
#140=LINE('',#5132,#527);
#141=LINE('',#5135,#528);
#142=LINE('',#5137,#529);
#143=LINE('',#5139,#530);
#144=LINE('',#5155,#531);
#145=LINE('',#5157,#532);
#146=LINE('',#5161,#533);
#147=LINE('',#5164,#534);
#148=LINE('',#5166,#535);
#149=LINE('',#5170,#536);
#150=LINE('',#5173,#537);
#151=LINE('',#5175,#538);
#152=LINE('',#5179,#539);
#153=LINE('',#5182,#540);
#154=LINE('',#5184,#541);
#155=LINE('',#5188,#542);
#156=LINE('',#5199,#543);
#157=LINE('',#5215,#544);
#158=LINE('',#5220,#545);
#159=LINE('',#5222,#546);
#160=LINE('',#5224,#547);
#161=LINE('',#5225,#548);
#162=LINE('',#5226,#549);
#163=LINE('',#5231,#550);
#164=LINE('',#5233,#551);
#165=LINE('',#5238,#552);
#166=LINE('',#5240,#553);
#167=LINE('',#5253,#554);
#168=LINE('',#5256,#555);
#169=LINE('',#5258,#556);
#170=LINE('',#5260,#557);
#171=LINE('',#5265,#558);
#172=LINE('',#5267,#559);
#173=LINE('',#5269,#560);
#174=LINE('',#5270,#561);
#175=LINE('',#5271,#562);
#176=LINE('',#5273,#563);
#177=LINE('',#5274,#564);
#178=LINE('',#5275,#565);
#179=LINE('',#5277,#566);
#180=LINE('',#5278,#567);
#181=LINE('',#5279,#568);
#182=LINE('',#5281,#569);
#183=LINE('',#5282,#570);
#184=LINE('',#5287,#571);
#185=LINE('',#5296,#572);
#186=LINE('',#5301,#573);
#187=LINE('',#5304,#574);
#188=LINE('',#5306,#575);
#189=LINE('',#5308,#576);
#190=LINE('',#5310,#577);
#191=LINE('',#5312,#578);
#192=LINE('',#5314,#579);
#193=LINE('',#5316,#580);
#194=LINE('',#5318,#581);
#195=LINE('',#5320,#582);
#196=LINE('',#5322,#583);
#197=LINE('',#5323,#584);
#198=LINE('',#5333,#585);
#199=LINE('',#5336,#586);
#200=LINE('',#5338,#587);
#201=LINE('',#5340,#588);
#202=LINE('',#5342,#589);
#203=LINE('',#5344,#590);
#204=LINE('',#5346,#591);
#205=LINE('',#5348,#592);
#206=LINE('',#5350,#593);
#207=LINE('',#5352,#594);
#208=LINE('',#5354,#595);
#209=LINE('',#5355,#596);
#210=LINE('',#5387,#597);
#211=LINE('',#5391,#598);
#212=LINE('',#5393,#599);
#213=LINE('',#5395,#600);
#214=LINE('',#5399,#601);
#215=LINE('',#5402,#602);
#216=LINE('',#5404,#603);
#217=LINE('',#5406,#604);
#218=LINE('',#5408,#605);
#219=LINE('',#5410,#606);
#220=LINE('',#5412,#607);
#221=LINE('',#5414,#608);
#222=LINE('',#5416,#609);
#223=LINE('',#5418,#610);
#224=LINE('',#5420,#611);
#225=LINE('',#5421,#612);
#226=LINE('',#5431,#613);
#227=LINE('',#5434,#614);
#228=LINE('',#5436,#615);
#229=LINE('',#5438,#616);
#230=LINE('',#5440,#617);
#231=LINE('',#5443,#618);
#232=LINE('',#5445,#619);
#233=LINE('',#5447,#620);
#234=LINE('',#5449,#621);
#235=LINE('',#5451,#622);
#236=LINE('',#5453,#623);
#237=LINE('',#5455,#624);
#238=LINE('',#5457,#625);
#239=LINE('',#5460,#626);
#240=LINE('',#5462,#627);
#241=LINE('',#5464,#628);
#242=LINE('',#5466,#629);
#243=LINE('',#5468,#630);
#244=LINE('',#5470,#631);
#245=LINE('',#5472,#632);
#246=LINE('',#5474,#633);
#247=LINE('',#5476,#634);
#248=LINE('',#5478,#635);
#249=LINE('',#5480,#636);
#250=LINE('',#5482,#637);
#251=LINE('',#5484,#638);
#252=LINE('',#5486,#639);
#253=LINE('',#5488,#640);
#254=LINE('',#5491,#641);
#255=LINE('',#5493,#642);
#256=LINE('',#5495,#643);
#257=LINE('',#5497,#644);
#258=LINE('',#5500,#645);
#259=LINE('',#5502,#646);
#260=LINE('',#5504,#647);
#261=LINE('',#5506,#648);
#262=LINE('',#5508,#649);
#263=LINE('',#5509,#650);
#264=LINE('',#5511,#651);
#265=LINE('',#5513,#652);
#266=LINE('',#5514,#653);
#267=LINE('',#5516,#654);
#268=LINE('',#5518,#655);
#269=LINE('',#5519,#656);
#270=LINE('',#5521,#657);
#271=LINE('',#5523,#658);
#272=LINE('',#5525,#659);
#273=LINE('',#5527,#660);
#274=LINE('',#5529,#661);
#275=LINE('',#5531,#662);
#276=LINE('',#5536,#663);
#277=LINE('',#5540,#664);
#278=LINE('',#5544,#665);
#279=LINE('',#5548,#666);
#280=LINE('',#5550,#667);
#281=LINE('',#5553,#668);
#282=LINE('',#5555,#669);
#283=LINE('',#5557,#670);
#284=LINE('',#5559,#671);
#285=LINE('',#5562,#672);
#286=LINE('',#5563,#673);
#287=LINE('',#5565,#674);
#288=LINE('',#5567,#675);
#289=LINE('',#5569,#676);
#290=LINE('',#5571,#677);
#291=LINE('',#5573,#678);
#292=LINE('',#5575,#679);
#293=LINE('',#5577,#680);
#294=LINE('',#5579,#681);
#295=LINE('',#5582,#682);
#296=LINE('',#5583,#683);
#297=LINE('',#5585,#684);
#298=LINE('',#5587,#685);
#299=LINE('',#5589,#686);
#300=LINE('',#5591,#687);
#301=LINE('',#5593,#688);
#302=LINE('',#5596,#689);
#303=LINE('',#5598,#690);
#304=LINE('',#5600,#691);
#305=LINE('',#5601,#692);
#306=LINE('',#5602,#693);
#307=LINE('',#5604,#694);
#308=LINE('',#5606,#695);
#309=LINE('',#5608,#696);
#310=LINE('',#5610,#697);
#311=LINE('',#5612,#698);
#312=LINE('',#5613,#699);
#313=LINE('',#5615,#700);
#314=LINE('',#5617,#701);
#315=LINE('',#5619,#702);
#316=LINE('',#5621,#703);
#317=LINE('',#5623,#704);
#318=LINE('',#5628,#705);
#319=LINE('',#5632,#706);
#320=LINE('',#5635,#707);
#321=LINE('',#5639,#708);
#322=LINE('',#5640,#709);
#323=LINE('',#5642,#710);
#324=LINE('',#5644,#711);
#325=LINE('',#5646,#712);
#326=LINE('',#5648,#713);
#327=LINE('',#5650,#714);
#328=LINE('',#5653,#715);
#329=LINE('',#5655,#716);
#330=LINE('',#5657,#717);
#331=LINE('',#5658,#718);
#332=LINE('',#5659,#719);
#333=LINE('',#5661,#720);
#334=LINE('',#5663,#721);
#335=LINE('',#5665,#722);
#336=LINE('',#5667,#723);
#337=LINE('',#5669,#724);
#338=LINE('',#5670,#725);
#339=LINE('',#5672,#726);
#340=LINE('',#5674,#727);
#341=LINE('',#5676,#728);
#342=LINE('',#5677,#729);
#343=LINE('',#5679,#730);
#344=LINE('',#5680,#731);
#345=LINE('',#5682,#732);
#346=LINE('',#5684,#733);
#347=LINE('',#5686,#734);
#348=LINE('',#5687,#735);
#349=LINE('',#5689,#736);
#350=LINE('',#5691,#737);
#351=LINE('',#5693,#738);
#352=LINE('',#5695,#739);
#353=LINE('',#5697,#740);
#354=LINE('',#5699,#741);
#355=LINE('',#5709,#742);
#356=LINE('',#5711,#743);
#357=LINE('',#5713,#744);
#358=LINE('',#5715,#745);
#359=LINE('',#5717,#746);
#360=LINE('',#5719,#747);
#361=LINE('',#5720,#748);
#362=LINE('',#5722,#749);
#363=LINE('',#5723,#750);
#364=LINE('',#5725,#751);
#365=LINE('',#5727,#752);
#366=LINE('',#5729,#753);
#367=LINE('',#5731,#754);
#368=LINE('',#5732,#755);
#369=LINE('',#5734,#756);
#370=LINE('',#5736,#757);
#371=LINE('',#5738,#758);
#372=LINE('',#5739,#759);
#373=LINE('',#5741,#760);
#374=LINE('',#5743,#761);
#375=LINE('',#5745,#762);
#376=LINE('',#5747,#763);
#377=LINE('',#5749,#764);
#378=LINE('',#5751,#765);
#379=LINE('',#5753,#766);
#380=LINE('',#5756,#767);
#381=LINE('',#5759,#768);
#382=LINE('',#5760,#769);
#383=LINE('',#5763,#770);
#384=LINE('',#5765,#771);
#385=LINE('',#5767,#772);
#386=LINE('',#5769,#773);
#387=LINE('',#5771,#774);
#388=LINE('',#5773,#775);
#389=LINE('',#5774,#776);
#390=LINE('',#5776,#777);
#391=LINE('',#5778,#778);
#392=LINE('',#5780,#779);
#393=LINE('',#5781,#780);
#394=LINE('',#5783,#781);
#395=LINE('',#5784,#782);
#396=LINE('',#5788,#783);
#397=LINE('',#5790,#784);
#398=LINE('',#5792,#785);
#399=LINE('',#5794,#786);
#400=LINE('',#5796,#787);
#401=LINE('',#5798,#788);
#402=LINE('',#5801,#789);
#403=LINE('',#5803,#790);
#404=LINE('',#5805,#791);
#405=LINE('',#5812,#792);
#406=LINE('',#5813,#793);
#407=LINE('',#5817,#794);
#408=LINE('',#5818,#795);
#409=LINE('',#5820,#796);
#410=LINE('',#5821,#797);
#411=LINE('',#5823,#798);
#412=LINE('',#5825,#799);
#413=LINE('',#5827,#800);
#414=LINE('',#5829,#801);
#415=LINE('',#5831,#802);
#416=LINE('',#5833,#803);
#417=LINE('',#5835,#804);
#418=LINE('',#5837,#805);
#419=LINE('',#5838,#806);
#420=LINE('',#5840,#807);
#421=LINE('',#5842,#808);
#422=LINE('',#5843,#809);
#423=LINE('',#5845,#810);
#424=LINE('',#5847,#811);
#425=LINE('',#5849,#812);
#426=LINE('',#5851,#813);
#427=LINE('',#5853,#814);
#428=LINE('',#5854,#815);
#429=LINE('',#5864,#816);
#430=LINE('',#5866,#817);
#431=LINE('',#5868,#818);
#432=LINE('',#5874,#819);
#433=LINE('',#5876,#820);
#434=LINE('',#5878,#821);
#435=LINE('',#5883,#822);
#436=LINE('',#5885,#823);
#437=LINE('',#5887,#824);
#438=LINE('',#5892,#825);
#439=LINE('',#5894,#826);
#440=LINE('',#5896,#827);
#441=LINE('',#5901,#828);
#442=LINE('',#5903,#829);
#443=LINE('',#5905,#830);
#444=LINE('',#5912,#831);
#445=LINE('',#5914,#832);
#446=LINE('',#5916,#833);
#447=LINE('',#5918,#834);
#448=LINE('',#5920,#835);
#449=LINE('',#5921,#836);
#450=VECTOR('',#3972,1.);
#451=VECTOR('',#3973,1.);
#452=VECTOR('',#3974,1.);
#453=VECTOR('',#3975,1.);
#454=VECTOR('',#3976,1.);
#455=VECTOR('',#3977,1.);
#456=VECTOR('',#3978,1.);
#457=VECTOR('',#3981,1.);
#458=VECTOR('',#3982,1.);
#459=VECTOR('',#3985,1.);
#460=VECTOR('',#3986,1.);
#461=VECTOR('',#3987,1.);
#462=VECTOR('',#3990,1.);
#463=VECTOR('',#3991,1.);
#464=VECTOR('',#3994,1.);
#465=VECTOR('',#3995,1.);
#466=VECTOR('',#3998,1.);
#467=VECTOR('',#3999,1.);
#468=VECTOR('',#4002,1.);
#469=VECTOR('',#4007,1.);
#470=VECTOR('',#4008,1.);
#471=VECTOR('',#4011,1.);
#472=VECTOR('',#4012,1.);
#473=VECTOR('',#4015,1.);
#474=VECTOR('',#4016,1.);
#475=VECTOR('',#4019,1.);
#476=VECTOR('',#4020,1.);
#477=VECTOR('',#4023,1.);
#478=VECTOR('',#4052,1.);
#479=VECTOR('',#4053,1.);
#480=VECTOR('',#4054,1.);
#481=VECTOR('',#4055,1.);
#482=VECTOR('',#4056,1.);
#483=VECTOR('',#4057,1.);
#484=VECTOR('',#4058,1.);
#485=VECTOR('',#4059,1.);
#486=VECTOR('',#4062,1.);
#487=VECTOR('',#4063,1.);
#488=VECTOR('',#4064,1.);
#489=VECTOR('',#4065,1.);
#490=VECTOR('',#4066,1.);
#491=VECTOR('',#4067,1.);
#492=VECTOR('',#4068,1.);
#493=VECTOR('',#4071,1.);
#494=VECTOR('',#4072,1.);
#495=VECTOR('',#4073,1.);
#496=VECTOR('',#4074,1.);
#497=VECTOR('',#4075,1.);
#498=VECTOR('',#4076,1.);
#499=VECTOR('',#4077,1.);
#500=VECTOR('',#4080,1.);
#501=VECTOR('',#4081,1.);
#502=VECTOR('',#4082,1.);
#503=VECTOR('',#4083,1.);
#504=VECTOR('',#4084,1.);
#505=VECTOR('',#4085,1.);
#506=VECTOR('',#4100,1.);
#507=VECTOR('',#4101,1.);
#508=VECTOR('',#4102,1.);
#509=VECTOR('',#4103,1.);
#510=VECTOR('',#4104,1.);
#511=VECTOR('',#4105,1.);
#512=VECTOR('',#4106,1.);
#513=VECTOR('',#4107,1.);
#514=VECTOR('',#4122,1.);
#515=VECTOR('',#4123,1.);
#516=VECTOR('',#4124,1.);
#517=VECTOR('',#4125,1.);
#518=VECTOR('',#4128,1.);
#519=VECTOR('',#4129,1.);
#520=VECTOR('',#4130,1.);
#521=VECTOR('',#4133,1.);
#522=VECTOR('',#4134,1.);
#523=VECTOR('',#4135,1.);
#524=VECTOR('',#4138,1.);
#525=VECTOR('',#4139,1.);
#526=VECTOR('',#4140,1.);
#527=VECTOR('',#4143,1.);
#528=VECTOR('',#4144,1.);
#529=VECTOR('',#4145,1.);
#530=VECTOR('',#4146,1.);
#531=VECTOR('',#4177,1.);
#532=VECTOR('',#4178,1.);
#533=VECTOR('',#4183,1.);
#534=VECTOR('',#4188,1.);
#535=VECTOR('',#4189,1.);
#536=VECTOR('',#4194,1.);
#537=VECTOR('',#4199,1.);
#538=VECTOR('',#4200,1.);
#539=VECTOR('',#4205,1.);
#540=VECTOR('',#4210,1.);
#541=VECTOR('',#4211,1.);
#542=VECTOR('',#4216,1.);
#543=VECTOR('',#4233,1.);
#544=VECTOR('',#4248,1.);
#545=VECTOR('',#4253,1.);
#546=VECTOR('',#4254,1.);
#547=VECTOR('',#4257,1.);
#548=VECTOR('',#4258,1.);
#549=VECTOR('',#4259,1.);
#550=VECTOR('',#4264,1.);
#551=VECTOR('',#4265,1.);
#552=VECTOR('',#4270,1.);
#553=VECTOR('',#4271,1.);
#554=VECTOR('',#4288,1.);
#555=VECTOR('',#4289,1.);
#556=VECTOR('',#4290,1.);
#557=VECTOR('',#4291,1.);
#558=VECTOR('',#4296,1.);
#559=VECTOR('',#4297,1.);
#560=VECTOR('',#4300,1.);
#561=VECTOR('',#4301,1.);
#562=VECTOR('',#4302,1.);
#563=VECTOR('',#4305,1.);
#564=VECTOR('',#4306,1.);
#565=VECTOR('',#4307,1.);
#566=VECTOR('',#4310,1.);
#567=VECTOR('',#4311,1.);
#568=VECTOR('',#4312,1.);
#569=VECTOR('',#4315,1.);
#570=VECTOR('',#4316,1.);
#571=VECTOR('',#4325,1.);
#572=VECTOR('',#4340,1.);
#573=VECTOR('',#4349,1.);
#574=VECTOR('',#4350,1.);
#575=VECTOR('',#4351,1.);
#576=VECTOR('',#4352,1.);
#577=VECTOR('',#4355,1.);
#578=VECTOR('',#4356,1.);
#579=VECTOR('',#4357,1.);
#580=VECTOR('',#4360,1.);
#581=VECTOR('',#4361,1.);
#582=VECTOR('',#4362,1.);
#583=VECTOR('',#4365,1.);
#584=VECTOR('',#4366,1.);
#585=VECTOR('',#4381,1.);
#586=VECTOR('',#4382,1.);
#587=VECTOR('',#4383,1.);
#588=VECTOR('',#4384,1.);
#589=VECTOR('',#4387,1.);
#590=VECTOR('',#4388,1.);
#591=VECTOR('',#4389,1.);
#592=VECTOR('',#4392,1.);
#593=VECTOR('',#4393,1.);
#594=VECTOR('',#4394,1.);
#595=VECTOR('',#4397,1.);
#596=VECTOR('',#4398,1.);
#597=VECTOR('',#4439,1.);
#598=VECTOR('',#4442,1.);
#599=VECTOR('',#4445,1.);
#600=VECTOR('',#4448,1.);
#601=VECTOR('',#4455,1.);
#602=VECTOR('',#4456,1.);
#603=VECTOR('',#4457,1.);
#604=VECTOR('',#4458,1.);
#605=VECTOR('',#4461,1.);
#606=VECTOR('',#4462,1.);
#607=VECTOR('',#4463,1.);
#608=VECTOR('',#4466,1.);
#609=VECTOR('',#4467,1.);
#610=VECTOR('',#4468,1.);
#611=VECTOR('',#4471,1.);
#612=VECTOR('',#4472,1.);
#613=VECTOR('',#4487,1.);
#614=VECTOR('',#4488,1.);
#615=VECTOR('',#4489,1.);
#616=VECTOR('',#4490,1.);
#617=VECTOR('',#4493,1.);
#618=VECTOR('',#4494,1.);
#619=VECTOR('',#4495,1.);
#620=VECTOR('',#4496,1.);
#621=VECTOR('',#4497,1.);
#622=VECTOR('',#4498,1.);
#623=VECTOR('',#4499,1.);
#624=VECTOR('',#4500,1.);
#625=VECTOR('',#4503,1.);
#626=VECTOR('',#4504,1.);
#627=VECTOR('',#4505,1.);
#628=VECTOR('',#4506,1.);
#629=VECTOR('',#4507,1.);
#630=VECTOR('',#4508,1.);
#631=VECTOR('',#4509,1.);
#632=VECTOR('',#4510,1.);
#633=VECTOR('',#4511,1.);
#634=VECTOR('',#4512,1.);
#635=VECTOR('',#4515,1.);
#636=VECTOR('',#4516,1.);
#637=VECTOR('',#4517,1.);
#638=VECTOR('',#4518,1.);
#639=VECTOR('',#4519,1.);
#640=VECTOR('',#4522,1.);
#641=VECTOR('',#4523,1.);
#642=VECTOR('',#4524,1.);
#643=VECTOR('',#4525,1.);
#644=VECTOR('',#4528,1.);
#645=VECTOR('',#4529,1.);
#646=VECTOR('',#4530,1.);
#647=VECTOR('',#4531,1.);
#648=VECTOR('',#4532,1.);
#649=VECTOR('',#4535,1.);
#650=VECTOR('',#4536,1.);
#651=VECTOR('',#4537,1.);
#652=VECTOR('',#4538,1.);
#653=VECTOR('',#4539,1.);
#654=VECTOR('',#4540,1.);
#655=VECTOR('',#4541,1.);
#656=VECTOR('',#4542,1.);
#657=VECTOR('',#4545,1.);
#658=VECTOR('',#4546,1.);
#659=VECTOR('',#4547,1.);
#660=VECTOR('',#4548,1.);
#661=VECTOR('',#4549,1.);
#662=VECTOR('',#4550,1.);
#663=VECTOR('',#4555,1.);
#664=VECTOR('',#4558,1.);
#665=VECTOR('',#4561,1.);
#666=VECTOR('',#4564,1.);
#667=VECTOR('',#4567,1.);
#668=VECTOR('',#4568,1.);
#669=VECTOR('',#4569,1.);
#670=VECTOR('',#4570,1.);
#671=VECTOR('',#4573,1.);
#672=VECTOR('',#4574,1.);
#673=VECTOR('',#4575,1.);
#674=VECTOR('',#4576,1.);
#675=VECTOR('',#4577,1.);
#676=VECTOR('',#4580,1.);
#677=VECTOR('',#4581,1.);
#678=VECTOR('',#4582,1.);
#679=VECTOR('',#4583,1.);
#680=VECTOR('',#4584,1.);
#681=VECTOR('',#4587,1.);
#682=VECTOR('',#4588,1.);
#683=VECTOR('',#4589,1.);
#684=VECTOR('',#4592,1.);
#685=VECTOR('',#4593,1.);
#686=VECTOR('',#4596,1.);
#687=VECTOR('',#4597,1.);
#688=VECTOR('',#4600,1.);
#689=VECTOR('',#4601,1.);
#690=VECTOR('',#4602,1.);
#691=VECTOR('',#4603,1.);
#692=VECTOR('',#4604,1.);
#693=VECTOR('',#4605,1.);
#694=VECTOR('',#4606,1.);
#695=VECTOR('',#4607,1.);
#696=VECTOR('',#4608,1.);
#697=VECTOR('',#4609,1.);
#698=VECTOR('',#4610,1.);
#699=VECTOR('',#4611,1.);
#700=VECTOR('',#4612,1.);
#701=VECTOR('',#4613,1.);
#702=VECTOR('',#4616,1.);
#703=VECTOR('',#4617,1.);
#704=VECTOR('',#4620,1.);
#705=VECTOR('',#4623,1.);
#706=VECTOR('',#4626,1.);
#707=VECTOR('',#4629,1.);
#708=VECTOR('',#4634,1.);
#709=VECTOR('',#4635,1.);
#710=VECTOR('',#4636,1.);
#711=VECTOR('',#4639,1.);
#712=VECTOR('',#4640,1.);
#713=VECTOR('',#4641,1.);
#714=VECTOR('',#4644,1.);
#715=VECTOR('',#4645,1.);
#716=VECTOR('',#4646,1.);
#717=VECTOR('',#4647,1.);
#718=VECTOR('',#4648,1.);
#719=VECTOR('',#4649,1.);
#720=VECTOR('',#4650,1.);
#721=VECTOR('',#4651,1.);
#722=VECTOR('',#4652,1.);
#723=VECTOR('',#4653,1.);
#724=VECTOR('',#4654,1.);
#725=VECTOR('',#4655,1.);
#726=VECTOR('',#4656,1.);
#727=VECTOR('',#4657,1.);
#728=VECTOR('',#4660,1.);
#729=VECTOR('',#4661,1.);
#730=VECTOR('',#4664,1.);
#731=VECTOR('',#4665,1.);
#732=VECTOR('',#4666,1.);
#733=VECTOR('',#4667,1.);
#734=VECTOR('',#4668,1.);
#735=VECTOR('',#4669,1.);
#736=VECTOR('',#4670,1.);
#737=VECTOR('',#4671,1.);
#738=VECTOR('',#4672,1.);
#739=VECTOR('',#4673,1.);
#740=VECTOR('',#4674,1.);
#741=VECTOR('',#4677,1.);
#742=VECTOR('',#4688,1.);
#743=VECTOR('',#4689,1.);
#744=VECTOR('',#4690,1.);
#745=VECTOR('',#4691,1.);
#746=VECTOR('',#4692,1.);
#747=VECTOR('',#4693,1.);
#748=VECTOR('',#4694,1.);
#749=VECTOR('',#4695,1.);
#750=VECTOR('',#4696,1.);
#751=VECTOR('',#4697,1.);
#752=VECTOR('',#4698,1.);
#753=VECTOR('',#4701,1.);
#754=VECTOR('',#4702,1.);
#755=VECTOR('',#4703,1.);
#756=VECTOR('',#4704,1.);
#757=VECTOR('',#4707,1.);
#758=VECTOR('',#4708,1.);
#759=VECTOR('',#4709,1.);
#760=VECTOR('',#4710,1.);
#761=VECTOR('',#4713,1.);
#762=VECTOR('',#4714,1.);
#763=VECTOR('',#4717,1.);
#764=VECTOR('',#4718,1.);
#765=VECTOR('',#4721,1.);
#766=VECTOR('',#4724,1.);
#767=VECTOR('',#4729,1.);
#768=VECTOR('',#4730,1.);
#769=VECTOR('',#4731,1.);
#770=VECTOR('',#4736,1.);
#771=VECTOR('',#4739,1.);
#772=VECTOR('',#4742,1.);
#773=VECTOR('',#4743,1.);
#774=VECTOR('',#4744,1.);
#775=VECTOR('',#4747,1.);
#776=VECTOR('',#4748,1.);
#777=VECTOR('',#4751,1.);
#778=VECTOR('',#4754,1.);
#779=VECTOR('',#4757,1.);
#780=VECTOR('',#4758,1.);
#781=VECTOR('',#4761,1.);
#782=VECTOR('',#4762,1.);
#783=VECTOR('',#4769,1.);
#784=VECTOR('',#4772,1.);
#785=VECTOR('',#4775,1.);
#786=VECTOR('',#4778,1.);
#787=VECTOR('',#4779,1.);
#788=VECTOR('',#4782,1.);
#789=VECTOR('',#4787,1.);
#790=VECTOR('',#4788,1.);
#791=VECTOR('',#4791,1.);
#792=VECTOR('',#4798,1.);
#793=VECTOR('',#4799,1.);
#794=VECTOR('',#4802,1.);
#795=VECTOR('',#4803,1.);
#796=VECTOR('',#4804,1.);
#797=VECTOR('',#4805,1.);
#798=VECTOR('',#4806,1.);
#799=VECTOR('',#4809,1.);
#800=VECTOR('',#4810,1.);
#801=VECTOR('',#4811,1.);
#802=VECTOR('',#4814,1.);
#803=VECTOR('',#4815,1.);
#804=VECTOR('',#4816,1.);
#805=VECTOR('',#4817,1.);
#806=VECTOR('',#4818,1.);
#807=VECTOR('',#4821,1.);
#808=VECTOR('',#4822,1.);
#809=VECTOR('',#4823,1.);
#810=VECTOR('',#4824,1.);
#811=VECTOR('',#4825,1.);
#812=VECTOR('',#4828,1.);
#813=VECTOR('',#4829,1.);
#814=VECTOR('',#4830,1.);
#815=VECTOR('',#4831,1.);
#816=VECTOR('',#4848,1.);
#817=VECTOR('',#4849,1.);
#818=VECTOR('',#4852,1.);
#819=VECTOR('',#4861,1.);
#820=VECTOR('',#4862,1.);
#821=VECTOR('',#4865,1.);
#822=VECTOR('',#4872,1.);
#823=VECTOR('',#4873,1.);
#824=VECTOR('',#4876,1.);
#825=VECTOR('',#4883,1.);
#826=VECTOR('',#4884,1.);
#827=VECTOR('',#4887,1.);
#828=VECTOR('',#4894,1.);
#829=VECTOR('',#4895,1.);
#830=VECTOR('',#4898,1.);
#831=VECTOR('',#4911,1.);
#832=VECTOR('',#4912,1.);
#833=VECTOR('',#4915,1.);
#834=VECTOR('',#4916,1.);
#835=VECTOR('',#4919,1.);
#836=VECTOR('',#4920,1.);
#837=PLANE('',#3671);
#838=PLANE('',#3673);
#839=PLANE('',#3675);
#840=PLANE('',#3676);
#841=PLANE('',#3677);
#842=PLANE('',#3678);
#843=PLANE('',#3681);
#844=PLANE('',#3682);
#845=PLANE('',#3683);
#846=PLANE('',#3684);
#847=PLANE('',#3685);
#848=PLANE('',#3689);
#849=PLANE('',#3691);
#850=PLANE('',#3694);
#851=PLANE('',#3697);
#852=PLANE('',#3699);
#853=PLANE('',#3700);
#854=PLANE('',#3701);
#855=PLANE('',#3702);
#856=PLANE('',#3703);
#857=PLANE('',#3705);
#858=PLANE('',#3712);
#859=PLANE('',#3716);
#860=PLANE('',#3717);
#861=PLANE('',#3718);
#862=PLANE('',#3719);
#863=PLANE('',#3720);
#864=PLANE('',#3721);
#865=PLANE('',#3735);
#866=PLANE('',#3736);
#867=PLANE('',#3738);
#868=PLANE('',#3739);
#869=PLANE('',#3740);
#870=PLANE('',#3742);
#871=PLANE('',#3743);
#872=PLANE('',#3744);
#873=PLANE('',#3746);
#874=PLANE('',#3747);
#875=PLANE('',#3748);
#876=PLANE('',#3750);
#877=PLANE('',#3765);
#878=PLANE('',#3767);
#879=PLANE('',#3768);
#880=PLANE('',#3770);
#881=PLANE('',#3778);
#882=PLANE('',#3779);
#883=PLANE('',#3780);
#884=PLANE('',#3782);
#885=PLANE('',#3783);
#886=PLANE('',#3784);
#887=PLANE('',#3785);
#888=PLANE('',#3786);
#889=PLANE('',#3787);
#890=PLANE('',#3789);
#891=PLANE('',#3791);
#892=PLANE('',#3796);
#893=PLANE('',#3797);
#894=PLANE('',#3798);
#895=PLANE('',#3800);
#896=PLANE('',#3801);
#897=PLANE('',#3802);
#898=PLANE('',#3803);
#899=PLANE('',#3804);
#900=PLANE('',#3806);
#901=PLANE('',#3810);
#902=PLANE('',#3811);
#903=PLANE('',#3812);
#904=PLANE('',#3813);
#905=PLANE('',#3814);
#906=PLANE('',#3818);
#907=PLANE('',#3829);
#908=PLANE('',#3831);
#909=PLANE('',#3835);
#910=PLANE('',#3836);
#911=PLANE('',#3837);
#912=PLANE('',#3839);
#913=PLANE('',#3840);
#914=PLANE('',#3841);
#915=PLANE('',#3842);
#916=PLANE('',#3843);
#917=PLANE('',#3845);
#918=PLANE('',#3849);
#919=PLANE('',#3850);
#920=PLANE('',#3851);
#921=PLANE('',#3852);
#922=PLANE('',#3853);
#923=PLANE('',#3854);
#924=PLANE('',#3855);
#925=PLANE('',#3856);
#926=PLANE('',#3862);
#927=PLANE('',#3863);
#928=PLANE('',#3864);
#929=PLANE('',#3865);
#930=PLANE('',#3866);
#931=PLANE('',#3867);
#932=PLANE('',#3868);
#933=PLANE('',#3869);
#934=PLANE('',#3875);
#935=PLANE('',#3876);
#936=PLANE('',#3877);
#937=PLANE('',#3878);
#938=PLANE('',#3879);
#939=PLANE('',#3880);
#940=PLANE('',#3881);
#941=PLANE('',#3886);
#942=PLANE('',#3887);
#943=PLANE('',#3888);
#944=PLANE('',#3889);
#945=PLANE('',#3890);
#946=PLANE('',#3891);
#947=PLANE('',#3892);
#948=PLANE('',#3893);
#949=PLANE('',#3894);
#950=PLANE('',#3895);
#951=PLANE('',#3896);
#952=PLANE('',#3897);
#953=PLANE('',#3898);
#954=PLANE('',#3899);
#955=PLANE('',#3900);
#956=PLANE('',#3901);
#957=PLANE('',#3902);
#958=PLANE('',#3903);
#959=PLANE('',#3904);
#960=PLANE('',#3905);
#961=PLANE('',#3906);
#962=PLANE('',#3907);
#963=PLANE('',#3908);
#964=PLANE('',#3909);
#965=PLANE('',#3910);
#966=PLANE('',#3911);
#967=PLANE('',#3912);
#968=PLANE('',#3913);
#969=PLANE('',#3917);
#970=PLANE('',#3918);
#971=PLANE('',#3919);
#972=PLANE('',#3920);
#973=PLANE('',#3923);
#974=PLANE('',#3926);
#975=PLANE('',#3927);
#976=PLANE('',#3929);
#977=PLANE('',#3930);
#978=PLANE('',#3932);
#979=PLANE('',#3934);
#980=PLANE('',#3935);
#981=PLANE('',#3936);
#982=PLANE('',#3938);
#983=PLANE('',#3939);
#984=PLANE('',#3940);
#985=PLANE('',#3942);
#986=PLANE('',#3943);
#987=PLANE('',#3944);
#988=PLANE('',#3946);
#989=PLANE('',#3947);
#990=PLANE('',#3952);
#991=PLANE('',#3953);
#992=PLANE('',#3954);
#993=PLANE('',#3955);
#994=PLANE('',#3956);
#995=ORIENTED_EDGE('',*,*,#1943,.F.);
#996=ORIENTED_EDGE('',*,*,#1944,.T.);
#997=ORIENTED_EDGE('',*,*,#1945,.F.);
#998=ORIENTED_EDGE('',*,*,#1943,.T.);
#999=ORIENTED_EDGE('',*,*,#1946,.T.);
#1000=ORIENTED_EDGE('',*,*,#1947,.T.);
#1001=ORIENTED_EDGE('',*,*,#1948,.T.);
#1002=ORIENTED_EDGE('',*,*,#1949,.F.);
#1003=ORIENTED_EDGE('',*,*,#1950,.F.);
#1004=ORIENTED_EDGE('',*,*,#1951,.F.);
#1005=ORIENTED_EDGE('',*,*,#1952,.T.);
#1006=ORIENTED_EDGE('',*,*,#1953,.F.);
#1007=ORIENTED_EDGE('',*,*,#1954,.T.);
#1008=ORIENTED_EDGE('',*,*,#1955,.T.);
#1009=ORIENTED_EDGE('',*,*,#1944,.F.);
#1010=ORIENTED_EDGE('',*,*,#1947,.F.);
#1011=ORIENTED_EDGE('',*,*,#1956,.F.);
#1012=ORIENTED_EDGE('',*,*,#1957,.T.);
#1013=ORIENTED_EDGE('',*,*,#1958,.T.);
#1014=ORIENTED_EDGE('',*,*,#1946,.F.);
#1015=ORIENTED_EDGE('',*,*,#1959,.F.);
#1016=ORIENTED_EDGE('',*,*,#1960,.T.);
#1017=ORIENTED_EDGE('',*,*,#1956,.T.);
#1018=ORIENTED_EDGE('',*,*,#1955,.F.);
#1019=ORIENTED_EDGE('',*,*,#1961,.F.);
#1020=ORIENTED_EDGE('',*,*,#1962,.T.);
#1021=ORIENTED_EDGE('',*,*,#1959,.T.);
#1022=ORIENTED_EDGE('',*,*,#1954,.F.);
#1023=ORIENTED_EDGE('',*,*,#1963,.F.);
#1024=ORIENTED_EDGE('',*,*,#1964,.T.);
#1025=ORIENTED_EDGE('',*,*,#1961,.T.);
#1026=ORIENTED_EDGE('',*,*,#1953,.T.);
#1027=ORIENTED_EDGE('',*,*,#1965,.F.);
#1028=ORIENTED_EDGE('',*,*,#1966,.F.);
#1029=ORIENTED_EDGE('',*,*,#1963,.T.);
#1030=ORIENTED_EDGE('',*,*,#1952,.F.);
#1031=ORIENTED_EDGE('',*,*,#1967,.F.);
#1032=ORIENTED_EDGE('',*,*,#1968,.T.);
#1033=ORIENTED_EDGE('',*,*,#1965,.T.);
#1034=ORIENTED_EDGE('',*,*,#1951,.T.);
#1035=ORIENTED_EDGE('',*,*,#1969,.F.);
#1036=ORIENTED_EDGE('',*,*,#1970,.F.);
#1037=ORIENTED_EDGE('',*,*,#1967,.T.);
#1038=ORIENTED_EDGE('',*,*,#1950,.T.);
#1039=ORIENTED_EDGE('',*,*,#1971,.F.);
#1040=ORIENTED_EDGE('',*,*,#1972,.F.);
#1041=ORIENTED_EDGE('',*,*,#1969,.T.);
#1042=ORIENTED_EDGE('',*,*,#1949,.T.);
#1043=ORIENTED_EDGE('',*,*,#1973,.F.);
#1044=ORIENTED_EDGE('',*,*,#1974,.F.);
#1045=ORIENTED_EDGE('',*,*,#1971,.T.);
#1046=ORIENTED_EDGE('',*,*,#1948,.F.);
#1047=ORIENTED_EDGE('',*,*,#1958,.F.);
#1048=ORIENTED_EDGE('',*,*,#1975,.T.);
#1049=ORIENTED_EDGE('',*,*,#1973,.T.);
#1050=ORIENTED_EDGE('',*,*,#1976,.F.);
#1051=ORIENTED_EDGE('',*,*,#1977,.T.);
#1052=ORIENTED_EDGE('',*,*,#1978,.F.);
#1053=ORIENTED_EDGE('',*,*,#1976,.T.);
#1054=ORIENTED_EDGE('',*,*,#1957,.F.);
#1055=ORIENTED_EDGE('',*,*,#1960,.F.);
#1056=ORIENTED_EDGE('',*,*,#1962,.F.);
#1057=ORIENTED_EDGE('',*,*,#1964,.F.);
#1058=ORIENTED_EDGE('',*,*,#1966,.T.);
#1059=ORIENTED_EDGE('',*,*,#1968,.F.);
#1060=ORIENTED_EDGE('',*,*,#1970,.T.);
#1061=ORIENTED_EDGE('',*,*,#1972,.T.);
#1062=ORIENTED_EDGE('',*,*,#1974,.T.);
#1063=ORIENTED_EDGE('',*,*,#1975,.F.);
#1064=ORIENTED_EDGE('',*,*,#1977,.F.);
#1065=ORIENTED_EDGE('',*,*,#1979,.F.);
#1066=ORIENTED_EDGE('',*,*,#1945,.T.);
#1067=ORIENTED_EDGE('',*,*,#1979,.T.);
#1068=ORIENTED_EDGE('',*,*,#1978,.T.);
#1069=ORIENTED_EDGE('',*,*,#1980,.T.);
#1070=ORIENTED_EDGE('',*,*,#1980,.F.);
#1071=ORIENTED_EDGE('',*,*,#1981,.F.);
#1072=ORIENTED_EDGE('',*,*,#1982,.T.);
#1073=ORIENTED_EDGE('',*,*,#1983,.F.);
#1074=ORIENTED_EDGE('',*,*,#1984,.F.);
#1075=ORIENTED_EDGE('',*,*,#1985,.T.);
#1076=ORIENTED_EDGE('',*,*,#1986,.T.);
#1077=ORIENTED_EDGE('',*,*,#1987,.T.);
#1078=ORIENTED_EDGE('',*,*,#1988,.F.);
#1079=ORIENTED_EDGE('',*,*,#1989,.F.);
#1080=ORIENTED_EDGE('',*,*,#1990,.F.);
#1081=ORIENTED_EDGE('',*,*,#1991,.T.);
#1082=ORIENTED_EDGE('',*,*,#1992,.F.);
#1083=ORIENTED_EDGE('',*,*,#1993,.T.);
#1084=ORIENTED_EDGE('',*,*,#1984,.T.);
#1085=ORIENTED_EDGE('',*,*,#1994,.F.);
#1086=ORIENTED_EDGE('',*,*,#1995,.T.);
#1087=ORIENTED_EDGE('',*,*,#1992,.T.);
#1088=ORIENTED_EDGE('',*,*,#1996,.T.);
#1089=ORIENTED_EDGE('',*,*,#1997,.F.);
#1090=ORIENTED_EDGE('',*,*,#1998,.T.);
#1091=ORIENTED_EDGE('',*,*,#1999,.T.);
#1092=ORIENTED_EDGE('',*,*,#2000,.F.);
#1093=ORIENTED_EDGE('',*,*,#2001,.F.);
#1094=ORIENTED_EDGE('',*,*,#2002,.F.);
#1095=ORIENTED_EDGE('',*,*,#2003,.T.);
#1096=ORIENTED_EDGE('',*,*,#2004,.F.);
#1097=ORIENTED_EDGE('',*,*,#2005,.T.);
#1098=ORIENTED_EDGE('',*,*,#1986,.F.);
#1099=ORIENTED_EDGE('',*,*,#2006,.F.);
#1100=ORIENTED_EDGE('',*,*,#2001,.T.);
#1101=ORIENTED_EDGE('',*,*,#2007,.F.);
#1102=ORIENTED_EDGE('',*,*,#2008,.T.);
#1103=ORIENTED_EDGE('',*,*,#2009,.F.);
#1104=ORIENTED_EDGE('',*,*,#1993,.F.);
#1105=ORIENTED_EDGE('',*,*,#2002,.T.);
#1106=ORIENTED_EDGE('',*,*,#2006,.T.);
#1107=ORIENTED_EDGE('',*,*,#1985,.F.);
#1108=ORIENTED_EDGE('',*,*,#2010,.T.);
#1109=ORIENTED_EDGE('',*,*,#2011,.T.);
#1110=ORIENTED_EDGE('',*,*,#2012,.T.);
#1111=ORIENTED_EDGE('',*,*,#2013,.T.);
#1112=ORIENTED_EDGE('',*,*,#1989,.T.);
#1113=ORIENTED_EDGE('',*,*,#2014,.T.);
#1114=ORIENTED_EDGE('',*,*,#2015,.T.);
#1115=ORIENTED_EDGE('',*,*,#1981,.T.);
#1116=ORIENTED_EDGE('',*,*,#2016,.F.);
#1117=ORIENTED_EDGE('',*,*,#2017,.T.);
#1118=ORIENTED_EDGE('',*,*,#2003,.F.);
#1119=ORIENTED_EDGE('',*,*,#2018,.F.);
#1120=ORIENTED_EDGE('',*,*,#2019,.T.);
#1121=ORIENTED_EDGE('',*,*,#1998,.F.);
#1122=ORIENTED_EDGE('',*,*,#2020,.F.);
#1123=ORIENTED_EDGE('',*,*,#2021,.F.);
#1124=ORIENTED_EDGE('',*,*,#2022,.F.);
#1125=ORIENTED_EDGE('',*,*,#2009,.T.);
#1126=ORIENTED_EDGE('',*,*,#2023,.F.);
#1127=ORIENTED_EDGE('',*,*,#2022,.T.);
#1128=ORIENTED_EDGE('',*,*,#2024,.F.);
#1129=ORIENTED_EDGE('',*,*,#2023,.T.);
#1130=ORIENTED_EDGE('',*,*,#2025,.F.);
#1131=ORIENTED_EDGE('',*,*,#2026,.T.);
#1132=ORIENTED_EDGE('',*,*,#2027,.T.);
#1133=ORIENTED_EDGE('',*,*,#2028,.F.);
#1134=ORIENTED_EDGE('',*,*,#2029,.F.);
#1135=ORIENTED_EDGE('',*,*,#2030,.T.);
#1136=ORIENTED_EDGE('',*,*,#2025,.T.);
#1137=ORIENTED_EDGE('',*,*,#2031,.T.);
#1138=ORIENTED_EDGE('',*,*,#2032,.T.);
#1139=ORIENTED_EDGE('',*,*,#2033,.T.);
#1140=ORIENTED_EDGE('',*,*,#2029,.T.);
#1141=ORIENTED_EDGE('',*,*,#2034,.T.);
#1142=ORIENTED_EDGE('',*,*,#2035,.T.);
#1143=ORIENTED_EDGE('',*,*,#2036,.T.);
#1144=ORIENTED_EDGE('',*,*,#2037,.F.);
#1145=ORIENTED_EDGE('',*,*,#2027,.F.);
#1146=ORIENTED_EDGE('',*,*,#2038,.T.);
#1147=ORIENTED_EDGE('',*,*,#2039,.T.);
#1148=ORIENTED_EDGE('',*,*,#2040,.T.);
#1149=ORIENTED_EDGE('',*,*,#2041,.T.);
#1150=ORIENTED_EDGE('',*,*,#2024,.T.);
#1151=ORIENTED_EDGE('',*,*,#2037,.T.);
#1152=ORIENTED_EDGE('',*,*,#2042,.T.);
#1153=ORIENTED_EDGE('',*,*,#2034,.F.);
#1154=ORIENTED_EDGE('',*,*,#2031,.F.);
#1155=ORIENTED_EDGE('',*,*,#2028,.T.);
#1156=ORIENTED_EDGE('',*,*,#2042,.F.);
#1157=ORIENTED_EDGE('',*,*,#2036,.F.);
#1158=ORIENTED_EDGE('',*,*,#2043,.F.);
#1159=ORIENTED_EDGE('',*,*,#2032,.F.);
#1160=ORIENTED_EDGE('',*,*,#2044,.F.);
#1161=ORIENTED_EDGE('',*,*,#2035,.F.);
#1162=ORIENTED_EDGE('',*,*,#2045,.F.);
#1163=ORIENTED_EDGE('',*,*,#2041,.F.);
#1164=ORIENTED_EDGE('',*,*,#2043,.T.);
#1165=ORIENTED_EDGE('',*,*,#2044,.T.);
#1166=ORIENTED_EDGE('',*,*,#2046,.F.);
#1167=ORIENTED_EDGE('',*,*,#2045,.T.);
#1168=ORIENTED_EDGE('',*,*,#2026,.F.);
#1169=ORIENTED_EDGE('',*,*,#2047,.F.);
#1170=ORIENTED_EDGE('',*,*,#2038,.F.);
#1171=ORIENTED_EDGE('',*,*,#2046,.T.);
#1172=ORIENTED_EDGE('',*,*,#2040,.F.);
#1173=ORIENTED_EDGE('',*,*,#2048,.F.);
#1174=ORIENTED_EDGE('',*,*,#2033,.F.);
#1175=ORIENTED_EDGE('',*,*,#2047,.T.);
#1176=ORIENTED_EDGE('',*,*,#2030,.F.);
#1177=ORIENTED_EDGE('',*,*,#2048,.T.);
#1178=ORIENTED_EDGE('',*,*,#2039,.F.);
#1179=ORIENTED_EDGE('',*,*,#1988,.T.);
#1180=ORIENTED_EDGE('',*,*,#2049,.F.);
#1181=ORIENTED_EDGE('',*,*,#2050,.F.);
#1182=ORIENTED_EDGE('',*,*,#2016,.T.);
#1183=ORIENTED_EDGE('',*,*,#2051,.F.);
#1184=ORIENTED_EDGE('',*,*,#1987,.F.);
#1185=ORIENTED_EDGE('',*,*,#2005,.F.);
#1186=ORIENTED_EDGE('',*,*,#2052,.T.);
#1187=ORIENTED_EDGE('',*,*,#2049,.T.);
#1188=ORIENTED_EDGE('',*,*,#2017,.F.);
#1189=ORIENTED_EDGE('',*,*,#2050,.T.);
#1190=ORIENTED_EDGE('',*,*,#2052,.F.);
#1191=ORIENTED_EDGE('',*,*,#2004,.T.);
#1192=ORIENTED_EDGE('',*,*,#1982,.F.);
#1193=ORIENTED_EDGE('',*,*,#2015,.F.);
#1194=ORIENTED_EDGE('',*,*,#2053,.T.);
#1195=ORIENTED_EDGE('',*,*,#2054,.T.);
#1196=ORIENTED_EDGE('',*,*,#2055,.T.);
#1197=ORIENTED_EDGE('',*,*,#1983,.T.);
#1198=ORIENTED_EDGE('',*,*,#2054,.F.);
#1199=ORIENTED_EDGE('',*,*,#2056,.F.);
#1200=ORIENTED_EDGE('',*,*,#1994,.T.);
#1201=ORIENTED_EDGE('',*,*,#2053,.F.);
#1202=ORIENTED_EDGE('',*,*,#2014,.F.);
#1203=ORIENTED_EDGE('',*,*,#1995,.F.);
#1204=ORIENTED_EDGE('',*,*,#2056,.T.);
#1205=ORIENTED_EDGE('',*,*,#1999,.F.);
#1206=ORIENTED_EDGE('',*,*,#2019,.F.);
#1207=ORIENTED_EDGE('',*,*,#2057,.T.);
#1208=ORIENTED_EDGE('',*,*,#2058,.T.);
#1209=ORIENTED_EDGE('',*,*,#2059,.F.);
#1210=ORIENTED_EDGE('',*,*,#2000,.T.);
#1211=ORIENTED_EDGE('',*,*,#2058,.F.);
#1212=ORIENTED_EDGE('',*,*,#2060,.F.);
#1213=ORIENTED_EDGE('',*,*,#2007,.T.);
#1214=ORIENTED_EDGE('',*,*,#2057,.F.);
#1215=ORIENTED_EDGE('',*,*,#2018,.T.);
#1216=ORIENTED_EDGE('',*,*,#2008,.F.);
#1217=ORIENTED_EDGE('',*,*,#2060,.T.);
#1218=ORIENTED_EDGE('',*,*,#1997,.T.);
#1219=ORIENTED_EDGE('',*,*,#2061,.F.);
#1220=ORIENTED_EDGE('',*,*,#2062,.F.);
#1221=ORIENTED_EDGE('',*,*,#2020,.T.);
#1222=ORIENTED_EDGE('',*,*,#2063,.F.);
#1223=ORIENTED_EDGE('',*,*,#1996,.F.);
#1224=ORIENTED_EDGE('',*,*,#1991,.F.);
#1225=ORIENTED_EDGE('',*,*,#2064,.T.);
#1226=ORIENTED_EDGE('',*,*,#2061,.T.);
#1227=ORIENTED_EDGE('',*,*,#2021,.T.);
#1228=ORIENTED_EDGE('',*,*,#2062,.T.);
#1229=ORIENTED_EDGE('',*,*,#2064,.F.);
#1230=ORIENTED_EDGE('',*,*,#1990,.T.);
#1231=ORIENTED_EDGE('',*,*,#2063,.T.);
#1232=ORIENTED_EDGE('',*,*,#2010,.F.);
#1233=ORIENTED_EDGE('',*,*,#2059,.T.);
#1234=ORIENTED_EDGE('',*,*,#2013,.F.);
#1235=ORIENTED_EDGE('',*,*,#2055,.F.);
#1236=ORIENTED_EDGE('',*,*,#2012,.F.);
#1237=ORIENTED_EDGE('',*,*,#2051,.T.);
#1238=ORIENTED_EDGE('',*,*,#2011,.F.);
#1239=ORIENTED_EDGE('',*,*,#2065,.T.);
#1240=ORIENTED_EDGE('',*,*,#2066,.T.);
#1241=ORIENTED_EDGE('',*,*,#2067,.F.);
#1242=ORIENTED_EDGE('',*,*,#2068,.F.);
#1243=ORIENTED_EDGE('',*,*,#2069,.F.);
#1244=ORIENTED_EDGE('',*,*,#2070,.F.);
#1245=ORIENTED_EDGE('',*,*,#2071,.F.);
#1246=ORIENTED_EDGE('',*,*,#2072,.F.);
#1247=ORIENTED_EDGE('',*,*,#2073,.F.);
#1248=ORIENTED_EDGE('',*,*,#2074,.F.);
#1249=ORIENTED_EDGE('',*,*,#2075,.F.);
#1250=ORIENTED_EDGE('',*,*,#2076,.T.);
#1251=ORIENTED_EDGE('',*,*,#2077,.F.);
#1252=ORIENTED_EDGE('',*,*,#2078,.T.);
#1253=ORIENTED_EDGE('',*,*,#2068,.T.);
#1254=ORIENTED_EDGE('',*,*,#2079,.F.);
#1255=ORIENTED_EDGE('',*,*,#2072,.T.);
#1256=ORIENTED_EDGE('',*,*,#2080,.T.);
#1257=ORIENTED_EDGE('',*,*,#2070,.T.);
#1258=ORIENTED_EDGE('',*,*,#2081,.F.);
#1259=ORIENTED_EDGE('',*,*,#2082,.F.);
#1260=ORIENTED_EDGE('',*,*,#2083,.F.);
#1261=ORIENTED_EDGE('',*,*,#2084,.F.);
#1262=ORIENTED_EDGE('',*,*,#2085,.F.);
#1263=ORIENTED_EDGE('',*,*,#2086,.T.);
#1264=ORIENTED_EDGE('',*,*,#2087,.T.);
#1265=ORIENTED_EDGE('',*,*,#2088,.F.);
#1266=ORIENTED_EDGE('',*,*,#2089,.F.);
#1267=ORIENTED_EDGE('',*,*,#2090,.T.);
#1268=ORIENTED_EDGE('',*,*,#2088,.T.);
#1269=ORIENTED_EDGE('',*,*,#2090,.F.);
#1270=ORIENTED_EDGE('',*,*,#2089,.T.);
#1271=ORIENTED_EDGE('',*,*,#2091,.T.);
#1272=ORIENTED_EDGE('',*,*,#2092,.T.);
#1273=ORIENTED_EDGE('',*,*,#2093,.F.);
#1274=ORIENTED_EDGE('',*,*,#2094,.F.);
#1275=ORIENTED_EDGE('',*,*,#2095,.F.);
#1276=ORIENTED_EDGE('',*,*,#2096,.T.);
#1277=ORIENTED_EDGE('',*,*,#2097,.T.);
#1278=ORIENTED_EDGE('',*,*,#2092,.F.);
#1279=ORIENTED_EDGE('',*,*,#2098,.F.);
#1280=ORIENTED_EDGE('',*,*,#2082,.T.);
#1281=ORIENTED_EDGE('',*,*,#2099,.T.);
#1282=ORIENTED_EDGE('',*,*,#2077,.T.);
#1283=ORIENTED_EDGE('',*,*,#2100,.T.);
#1284=ORIENTED_EDGE('',*,*,#2093,.T.);
#1285=ORIENTED_EDGE('',*,*,#2100,.F.);
#1286=ORIENTED_EDGE('',*,*,#2076,.F.);
#1287=ORIENTED_EDGE('',*,*,#2101,.F.);
#1288=ORIENTED_EDGE('',*,*,#2078,.F.);
#1289=ORIENTED_EDGE('',*,*,#2102,.F.);
#1290=ORIENTED_EDGE('',*,*,#2097,.F.);
#1291=ORIENTED_EDGE('',*,*,#2103,.T.);
#1292=ORIENTED_EDGE('',*,*,#2094,.T.);
#1293=ORIENTED_EDGE('',*,*,#2103,.F.);
#1294=ORIENTED_EDGE('',*,*,#2096,.F.);
#1295=ORIENTED_EDGE('',*,*,#2104,.F.);
#1296=ORIENTED_EDGE('',*,*,#2080,.F.);
#1297=ORIENTED_EDGE('',*,*,#2105,.F.);
#1298=ORIENTED_EDGE('',*,*,#2086,.F.);
#1299=ORIENTED_EDGE('',*,*,#2106,.T.);
#1300=ORIENTED_EDGE('',*,*,#2091,.F.);
#1301=ORIENTED_EDGE('',*,*,#2106,.F.);
#1302=ORIENTED_EDGE('',*,*,#2085,.T.);
#1303=ORIENTED_EDGE('',*,*,#2107,.T.);
#1304=ORIENTED_EDGE('',*,*,#2079,.T.);
#1305=ORIENTED_EDGE('',*,*,#2108,.T.);
#1306=ORIENTED_EDGE('',*,*,#2083,.T.);
#1307=ORIENTED_EDGE('',*,*,#2098,.T.);
#1308=ORIENTED_EDGE('',*,*,#2087,.F.);
#1309=ORIENTED_EDGE('',*,*,#2109,.F.);
#1310=ORIENTED_EDGE('',*,*,#2105,.T.);
#1311=ORIENTED_EDGE('',*,*,#2071,.T.);
#1312=ORIENTED_EDGE('',*,*,#2104,.T.);
#1313=ORIENTED_EDGE('',*,*,#2067,.T.);
#1314=ORIENTED_EDGE('',*,*,#2110,.F.);
#1315=ORIENTED_EDGE('',*,*,#2073,.T.);
#1316=ORIENTED_EDGE('',*,*,#2107,.F.);
#1317=ORIENTED_EDGE('',*,*,#2111,.F.);
#1318=ORIENTED_EDGE('',*,*,#2108,.F.);
#1319=ORIENTED_EDGE('',*,*,#2112,.F.);
#1320=ORIENTED_EDGE('',*,*,#2102,.T.);
#1321=ORIENTED_EDGE('',*,*,#2069,.T.);
#1322=ORIENTED_EDGE('',*,*,#2101,.T.);
#1323=ORIENTED_EDGE('',*,*,#2113,.F.);
#1324=ORIENTED_EDGE('',*,*,#2075,.T.);
#1325=ORIENTED_EDGE('',*,*,#2114,.T.);
#1326=ORIENTED_EDGE('',*,*,#2081,.T.);
#1327=ORIENTED_EDGE('',*,*,#2111,.T.);
#1328=ORIENTED_EDGE('',*,*,#2084,.T.);
#1329=ORIENTED_EDGE('',*,*,#2109,.T.);
#1330=ORIENTED_EDGE('',*,*,#2095,.T.);
#1331=ORIENTED_EDGE('',*,*,#2112,.T.);
#1332=ORIENTED_EDGE('',*,*,#2065,.F.);
#1333=ORIENTED_EDGE('',*,*,#2115,.T.);
#1334=ORIENTED_EDGE('',*,*,#2113,.T.);
#1335=ORIENTED_EDGE('',*,*,#2099,.F.);
#1336=ORIENTED_EDGE('',*,*,#2114,.F.);
#1337=ORIENTED_EDGE('',*,*,#2110,.T.);
#1338=ORIENTED_EDGE('',*,*,#2066,.F.);
#1339=ORIENTED_EDGE('',*,*,#2115,.F.);
#1340=ORIENTED_EDGE('',*,*,#2074,.T.);
#1341=ORIENTED_EDGE('',*,*,#2116,.F.);
#1342=ORIENTED_EDGE('',*,*,#2117,.F.);
#1343=ORIENTED_EDGE('',*,*,#2118,.T.);
#1344=ORIENTED_EDGE('',*,*,#2119,.T.);
#1345=ORIENTED_EDGE('',*,*,#2120,.T.);
#1346=ORIENTED_EDGE('',*,*,#2121,.F.);
#1347=ORIENTED_EDGE('',*,*,#2122,.F.);
#1348=ORIENTED_EDGE('',*,*,#2117,.T.);
#1349=ORIENTED_EDGE('',*,*,#2123,.T.);
#1350=ORIENTED_EDGE('',*,*,#2124,.F.);
#1351=ORIENTED_EDGE('',*,*,#2125,.F.);
#1352=ORIENTED_EDGE('',*,*,#2121,.T.);
#1353=ORIENTED_EDGE('',*,*,#2126,.F.);
#1354=ORIENTED_EDGE('',*,*,#2119,.F.);
#1355=ORIENTED_EDGE('',*,*,#2127,.T.);
#1356=ORIENTED_EDGE('',*,*,#2124,.T.);
#1357=ORIENTED_EDGE('',*,*,#2128,.F.);
#1358=ORIENTED_EDGE('',*,*,#2118,.F.);
#1359=ORIENTED_EDGE('',*,*,#2122,.T.);
#1360=ORIENTED_EDGE('',*,*,#2125,.T.);
#1361=ORIENTED_EDGE('',*,*,#2127,.F.);
#1362=ORIENTED_EDGE('',*,*,#2129,.F.);
#1363=ORIENTED_EDGE('',*,*,#2116,.T.);
#1364=ORIENTED_EDGE('',*,*,#2126,.T.);
#1365=ORIENTED_EDGE('',*,*,#2123,.F.);
#1366=ORIENTED_EDGE('',*,*,#2120,.F.);
#1367=ORIENTED_EDGE('',*,*,#2128,.T.);
#1368=ORIENTED_EDGE('',*,*,#2129,.T.);
#1369=ORIENTED_EDGE('',*,*,#2130,.F.);
#1370=ORIENTED_EDGE('',*,*,#2131,.F.);
#1371=ORIENTED_EDGE('',*,*,#2132,.T.);
#1372=ORIENTED_EDGE('',*,*,#2133,.T.);
#1373=ORIENTED_EDGE('',*,*,#2134,.F.);
#1374=ORIENTED_EDGE('',*,*,#2135,.F.);
#1375=ORIENTED_EDGE('',*,*,#2136,.T.);
#1376=ORIENTED_EDGE('',*,*,#2131,.T.);
#1377=ORIENTED_EDGE('',*,*,#2137,.T.);
#1378=ORIENTED_EDGE('',*,*,#2138,.F.);
#1379=ORIENTED_EDGE('',*,*,#2139,.F.);
#1380=ORIENTED_EDGE('',*,*,#2135,.T.);
#1381=ORIENTED_EDGE('',*,*,#2140,.T.);
#1382=ORIENTED_EDGE('',*,*,#2133,.F.);
#1383=ORIENTED_EDGE('',*,*,#2141,.F.);
#1384=ORIENTED_EDGE('',*,*,#2138,.T.);
#1385=ORIENTED_EDGE('',*,*,#2142,.F.);
#1386=ORIENTED_EDGE('',*,*,#2143,.F.);
#1387=ORIENTED_EDGE('',*,*,#2144,.F.);
#1388=ORIENTED_EDGE('',*,*,#2132,.F.);
#1389=ORIENTED_EDGE('',*,*,#2136,.F.);
#1390=ORIENTED_EDGE('',*,*,#2139,.T.);
#1391=ORIENTED_EDGE('',*,*,#2141,.T.);
#1392=ORIENTED_EDGE('',*,*,#2145,.T.);
#1393=ORIENTED_EDGE('',*,*,#2146,.T.);
#1394=ORIENTED_EDGE('',*,*,#2147,.T.);
#1395=ORIENTED_EDGE('',*,*,#2130,.T.);
#1396=ORIENTED_EDGE('',*,*,#2140,.F.);
#1397=ORIENTED_EDGE('',*,*,#2137,.F.);
#1398=ORIENTED_EDGE('',*,*,#2134,.T.);
#1399=ORIENTED_EDGE('',*,*,#2144,.T.);
#1400=ORIENTED_EDGE('',*,*,#2147,.F.);
#1401=ORIENTED_EDGE('',*,*,#2143,.T.);
#1402=ORIENTED_EDGE('',*,*,#2146,.F.);
#1403=ORIENTED_EDGE('',*,*,#2142,.T.);
#1404=ORIENTED_EDGE('',*,*,#2145,.F.);
#1405=ORIENTED_EDGE('',*,*,#2148,.F.);
#1406=ORIENTED_EDGE('',*,*,#2149,.T.);
#1407=ORIENTED_EDGE('',*,*,#2150,.F.);
#1408=ORIENTED_EDGE('',*,*,#2148,.T.);
#1409=ORIENTED_EDGE('',*,*,#2149,.F.);
#1410=ORIENTED_EDGE('',*,*,#2151,.F.);
#1411=ORIENTED_EDGE('',*,*,#2152,.T.);
#1412=ORIENTED_EDGE('',*,*,#2153,.F.);
#1413=ORIENTED_EDGE('',*,*,#2154,.F.);
#1414=ORIENTED_EDGE('',*,*,#2150,.T.);
#1415=ORIENTED_EDGE('',*,*,#2155,.F.);
#1416=ORIENTED_EDGE('',*,*,#2153,.T.);
#1417=ORIENTED_EDGE('',*,*,#2155,.T.);
#1418=ORIENTED_EDGE('',*,*,#2152,.F.);
#1419=ORIENTED_EDGE('',*,*,#2156,.F.);
#1420=ORIENTED_EDGE('',*,*,#2154,.T.);
#1421=ORIENTED_EDGE('',*,*,#2151,.T.);
#1422=ORIENTED_EDGE('',*,*,#2156,.T.);
#1423=ORIENTED_EDGE('',*,*,#2157,.F.);
#1424=ORIENTED_EDGE('',*,*,#2158,.F.);
#1425=ORIENTED_EDGE('',*,*,#2159,.T.);
#1426=ORIENTED_EDGE('',*,*,#2160,.T.);
#1427=ORIENTED_EDGE('',*,*,#2161,.T.);
#1428=ORIENTED_EDGE('',*,*,#2162,.F.);
#1429=ORIENTED_EDGE('',*,*,#2163,.F.);
#1430=ORIENTED_EDGE('',*,*,#2158,.T.);
#1431=ORIENTED_EDGE('',*,*,#2164,.T.);
#1432=ORIENTED_EDGE('',*,*,#2165,.F.);
#1433=ORIENTED_EDGE('',*,*,#2166,.F.);
#1434=ORIENTED_EDGE('',*,*,#2162,.T.);
#1435=ORIENTED_EDGE('',*,*,#2167,.F.);
#1436=ORIENTED_EDGE('',*,*,#2160,.F.);
#1437=ORIENTED_EDGE('',*,*,#2168,.T.);
#1438=ORIENTED_EDGE('',*,*,#2165,.T.);
#1439=ORIENTED_EDGE('',*,*,#2169,.F.);
#1440=ORIENTED_EDGE('',*,*,#2159,.F.);
#1441=ORIENTED_EDGE('',*,*,#2163,.T.);
#1442=ORIENTED_EDGE('',*,*,#2166,.T.);
#1443=ORIENTED_EDGE('',*,*,#2168,.F.);
#1444=ORIENTED_EDGE('',*,*,#2170,.T.);
#1445=ORIENTED_EDGE('',*,*,#2157,.T.);
#1446=ORIENTED_EDGE('',*,*,#2167,.T.);
#1447=ORIENTED_EDGE('',*,*,#2164,.F.);
#1448=ORIENTED_EDGE('',*,*,#2161,.F.);
#1449=ORIENTED_EDGE('',*,*,#2169,.T.);
#1450=ORIENTED_EDGE('',*,*,#2170,.F.);
#1451=ORIENTED_EDGE('',*,*,#2171,.F.);
#1452=ORIENTED_EDGE('',*,*,#2172,.T.);
#1453=ORIENTED_EDGE('',*,*,#2173,.T.);
#1454=ORIENTED_EDGE('',*,*,#2174,.F.);
#1455=ORIENTED_EDGE('',*,*,#2175,.F.);
#1456=ORIENTED_EDGE('',*,*,#2176,.T.);
#1457=ORIENTED_EDGE('',*,*,#2177,.F.);
#1458=ORIENTED_EDGE('',*,*,#2178,.F.);
#1459=ORIENTED_EDGE('',*,*,#2179,.T.);
#1460=ORIENTED_EDGE('',*,*,#2180,.T.);
#1461=ORIENTED_EDGE('',*,*,#2181,.F.);
#1462=ORIENTED_EDGE('',*,*,#2182,.F.);
#1463=ORIENTED_EDGE('',*,*,#2183,.T.);
#1464=ORIENTED_EDGE('',*,*,#2184,.T.);
#1465=ORIENTED_EDGE('',*,*,#2185,.F.);
#1466=ORIENTED_EDGE('',*,*,#2186,.F.);
#1467=ORIENTED_EDGE('',*,*,#2187,.T.);
#1468=ORIENTED_EDGE('',*,*,#2188,.F.);
#1469=ORIENTED_EDGE('',*,*,#2189,.T.);
#1470=ORIENTED_EDGE('',*,*,#2190,.T.);
#1471=ORIENTED_EDGE('',*,*,#2191,.F.);
#1472=ORIENTED_EDGE('',*,*,#2192,.F.);
#1473=ORIENTED_EDGE('',*,*,#2193,.T.);
#1474=ORIENTED_EDGE('',*,*,#2194,.T.);
#1475=ORIENTED_EDGE('',*,*,#2195,.F.);
#1476=ORIENTED_EDGE('',*,*,#2196,.T.);
#1477=ORIENTED_EDGE('',*,*,#2197,.F.);
#1478=ORIENTED_EDGE('',*,*,#2180,.F.);
#1479=ORIENTED_EDGE('',*,*,#2198,.F.);
#1480=ORIENTED_EDGE('',*,*,#2199,.F.);
#1481=ORIENTED_EDGE('',*,*,#2200,.F.);
#1482=ORIENTED_EDGE('',*,*,#2201,.T.);
#1483=ORIENTED_EDGE('',*,*,#2202,.F.);
#1484=ORIENTED_EDGE('',*,*,#2203,.T.);
#1485=ORIENTED_EDGE('',*,*,#2204,.T.);
#1486=ORIENTED_EDGE('',*,*,#2205,.F.);
#1487=ORIENTED_EDGE('',*,*,#2206,.T.);
#1488=ORIENTED_EDGE('',*,*,#2204,.F.);
#1489=ORIENTED_EDGE('',*,*,#2207,.T.);
#1490=ORIENTED_EDGE('',*,*,#2177,.T.);
#1491=ORIENTED_EDGE('',*,*,#2208,.F.);
#1492=ORIENTED_EDGE('',*,*,#2209,.T.);
#1493=ORIENTED_EDGE('',*,*,#2210,.F.);
#1494=ORIENTED_EDGE('',*,*,#2172,.F.);
#1495=ORIENTED_EDGE('',*,*,#2211,.T.);
#1496=ORIENTED_EDGE('',*,*,#2212,.T.);
#1497=ORIENTED_EDGE('',*,*,#2213,.T.);
#1498=ORIENTED_EDGE('',*,*,#2181,.T.);
#1499=ORIENTED_EDGE('',*,*,#2197,.T.);
#1500=ORIENTED_EDGE('',*,*,#2214,.F.);
#1501=ORIENTED_EDGE('',*,*,#2215,.F.);
#1502=ORIENTED_EDGE('',*,*,#2214,.T.);
#1503=ORIENTED_EDGE('',*,*,#2196,.F.);
#1504=ORIENTED_EDGE('',*,*,#2216,.F.);
#1505=ORIENTED_EDGE('',*,*,#2217,.F.);
#1506=ORIENTED_EDGE('',*,*,#2218,.T.);
#1507=ORIENTED_EDGE('',*,*,#2219,.T.);
#1508=ORIENTED_EDGE('',*,*,#2220,.F.);
#1509=ORIENTED_EDGE('',*,*,#2221,.F.);
#1510=ORIENTED_EDGE('',*,*,#2222,.F.);
#1511=ORIENTED_EDGE('',*,*,#2223,.F.);
#1512=ORIENTED_EDGE('',*,*,#2224,.T.);
#1513=ORIENTED_EDGE('',*,*,#2225,.T.);
#1514=ORIENTED_EDGE('',*,*,#2226,.F.);
#1515=ORIENTED_EDGE('',*,*,#2227,.F.);
#1516=ORIENTED_EDGE('',*,*,#2228,.T.);
#1517=ORIENTED_EDGE('',*,*,#2229,.F.);
#1518=ORIENTED_EDGE('',*,*,#2230,.T.);
#1519=ORIENTED_EDGE('',*,*,#2231,.T.);
#1520=ORIENTED_EDGE('',*,*,#2232,.F.);
#1521=ORIENTED_EDGE('',*,*,#2233,.T.);
#1522=ORIENTED_EDGE('',*,*,#2234,.T.);
#1523=ORIENTED_EDGE('',*,*,#2229,.T.);
#1524=ORIENTED_EDGE('',*,*,#2235,.F.);
#1525=ORIENTED_EDGE('',*,*,#2236,.F.);
#1526=ORIENTED_EDGE('',*,*,#2237,.F.);
#1527=ORIENTED_EDGE('',*,*,#2238,.F.);
#1528=ORIENTED_EDGE('',*,*,#2239,.F.);
#1529=ORIENTED_EDGE('',*,*,#2240,.T.);
#1530=ORIENTED_EDGE('',*,*,#2241,.T.);
#1531=ORIENTED_EDGE('',*,*,#2242,.T.);
#1532=ORIENTED_EDGE('',*,*,#2231,.F.);
#1533=ORIENTED_EDGE('',*,*,#2243,.F.);
#1534=ORIENTED_EDGE('',*,*,#2244,.F.);
#1535=ORIENTED_EDGE('',*,*,#2225,.F.);
#1536=ORIENTED_EDGE('',*,*,#2245,.T.);
#1537=ORIENTED_EDGE('',*,*,#2246,.F.);
#1538=ORIENTED_EDGE('',*,*,#2245,.F.);
#1539=ORIENTED_EDGE('',*,*,#2224,.F.);
#1540=ORIENTED_EDGE('',*,*,#2247,.F.);
#1541=ORIENTED_EDGE('',*,*,#2244,.T.);
#1542=ORIENTED_EDGE('',*,*,#2248,.T.);
#1543=ORIENTED_EDGE('',*,*,#2249,.T.);
#1544=ORIENTED_EDGE('',*,*,#2226,.T.);
#1545=ORIENTED_EDGE('',*,*,#2250,.F.);
#1546=ORIENTED_EDGE('',*,*,#2251,.F.);
#1547=ORIENTED_EDGE('',*,*,#2252,.F.);
#1548=ORIENTED_EDGE('',*,*,#2253,.T.);
#1549=ORIENTED_EDGE('',*,*,#2237,.T.);
#1550=ORIENTED_EDGE('',*,*,#2254,.F.);
#1551=ORIENTED_EDGE('',*,*,#2240,.F.);
#1552=ORIENTED_EDGE('',*,*,#2255,.T.);
#1553=ORIENTED_EDGE('',*,*,#2256,.T.);
#1554=ORIENTED_EDGE('',*,*,#2257,.F.);
#1555=ORIENTED_EDGE('',*,*,#2258,.T.);
#1556=ORIENTED_EDGE('',*,*,#2259,.T.);
#1557=ORIENTED_EDGE('',*,*,#2260,.T.);
#1558=ORIENTED_EDGE('',*,*,#2261,.F.);
#1559=ORIENTED_EDGE('',*,*,#2262,.T.);
#1560=ORIENTED_EDGE('',*,*,#2263,.T.);
#1561=ORIENTED_EDGE('',*,*,#2264,.F.);
#1562=ORIENTED_EDGE('',*,*,#2261,.T.);
#1563=ORIENTED_EDGE('',*,*,#2227,.T.);
#1564=ORIENTED_EDGE('',*,*,#2249,.F.);
#1565=ORIENTED_EDGE('',*,*,#2265,.F.);
#1566=ORIENTED_EDGE('',*,*,#2266,.F.);
#1567=ORIENTED_EDGE('',*,*,#2267,.F.);
#1568=ORIENTED_EDGE('',*,*,#2268,.F.);
#1569=ORIENTED_EDGE('',*,*,#2269,.T.);
#1570=ORIENTED_EDGE('',*,*,#2270,.T.);
#1571=ORIENTED_EDGE('',*,*,#2271,.F.);
#1572=ORIENTED_EDGE('',*,*,#2272,.T.);
#1573=ORIENTED_EDGE('',*,*,#2273,.F.);
#1574=ORIENTED_EDGE('',*,*,#2233,.F.);
#1575=ORIENTED_EDGE('',*,*,#2253,.F.);
#1576=ORIENTED_EDGE('',*,*,#2274,.F.);
#1577=ORIENTED_EDGE('',*,*,#2267,.T.);
#1578=ORIENTED_EDGE('',*,*,#2275,.F.);
#1579=ORIENTED_EDGE('',*,*,#2276,.F.);
#1580=ORIENTED_EDGE('',*,*,#2277,.F.);
#1581=ORIENTED_EDGE('',*,*,#2256,.F.);
#1582=ORIENTED_EDGE('',*,*,#2270,.F.);
#1583=ORIENTED_EDGE('',*,*,#2278,.T.);
#1584=ORIENTED_EDGE('',*,*,#2279,.T.);
#1585=ORIENTED_EDGE('',*,*,#2280,.F.);
#1586=ORIENTED_EDGE('',*,*,#2281,.F.);
#1587=ORIENTED_EDGE('',*,*,#2282,.T.);
#1588=ORIENTED_EDGE('',*,*,#2283,.T.);
#1589=ORIENTED_EDGE('',*,*,#2242,.F.);
#1590=ORIENTED_EDGE('',*,*,#2284,.F.);
#1591=ORIENTED_EDGE('',*,*,#2235,.T.);
#1592=ORIENTED_EDGE('',*,*,#2232,.T.);
#1593=ORIENTED_EDGE('',*,*,#2285,.F.);
#1594=ORIENTED_EDGE('',*,*,#2279,.F.);
#1595=ORIENTED_EDGE('',*,*,#2286,.F.);
#1596=ORIENTED_EDGE('',*,*,#2287,.F.);
#1597=ORIENTED_EDGE('',*,*,#2288,.F.);
#1598=ORIENTED_EDGE('',*,*,#2289,.T.);
#1599=ORIENTED_EDGE('',*,*,#2290,.T.);
#1600=ORIENTED_EDGE('',*,*,#2202,.T.);
#1601=ORIENTED_EDGE('',*,*,#2291,.F.);
#1602=ORIENTED_EDGE('',*,*,#2292,.T.);
#1603=ORIENTED_EDGE('',*,*,#2293,.T.);
#1604=ORIENTED_EDGE('',*,*,#2260,.F.);
#1605=ORIENTED_EDGE('',*,*,#2294,.T.);
#1606=ORIENTED_EDGE('',*,*,#2291,.T.);
#1607=ORIENTED_EDGE('',*,*,#2206,.F.);
#1608=ORIENTED_EDGE('',*,*,#2295,.F.);
#1609=ORIENTED_EDGE('',*,*,#2228,.F.);
#1610=ORIENTED_EDGE('',*,*,#2268,.T.);
#1611=ORIENTED_EDGE('',*,*,#2296,.T.);
#1612=ORIENTED_EDGE('',*,*,#2222,.T.);
#1613=ORIENTED_EDGE('',*,*,#2297,.T.);
#1614=ORIENTED_EDGE('',*,*,#2298,.T.);
#1615=ORIENTED_EDGE('',*,*,#2299,.F.);
#1616=ORIENTED_EDGE('',*,*,#2300,.F.);
#1617=ORIENTED_EDGE('',*,*,#2189,.F.);
#1618=ORIENTED_EDGE('',*,*,#2301,.F.);
#1619=ORIENTED_EDGE('',*,*,#2302,.F.);
#1620=ORIENTED_EDGE('',*,*,#2303,.F.);
#1621=ORIENTED_EDGE('',*,*,#2304,.T.);
#1622=ORIENTED_EDGE('',*,*,#2305,.T.);
#1623=ORIENTED_EDGE('',*,*,#2306,.T.);
#1624=ORIENTED_EDGE('',*,*,#2296,.F.);
#1625=ORIENTED_EDGE('',*,*,#2274,.T.);
#1626=ORIENTED_EDGE('',*,*,#2252,.T.);
#1627=ORIENTED_EDGE('',*,*,#2307,.F.);
#1628=ORIENTED_EDGE('',*,*,#2308,.F.);
#1629=ORIENTED_EDGE('',*,*,#2309,.F.);
#1630=ORIENTED_EDGE('',*,*,#2310,.F.);
#1631=ORIENTED_EDGE('',*,*,#2311,.F.);
#1632=ORIENTED_EDGE('',*,*,#2312,.T.);
#1633=ORIENTED_EDGE('',*,*,#2289,.F.);
#1634=ORIENTED_EDGE('',*,*,#2313,.F.);
#1635=ORIENTED_EDGE('',*,*,#2314,.T.);
#1636=ORIENTED_EDGE('',*,*,#2315,.F.);
#1637=ORIENTED_EDGE('',*,*,#2316,.F.);
#1638=ORIENTED_EDGE('',*,*,#2317,.F.);
#1639=ORIENTED_EDGE('',*,*,#2303,.T.);
#1640=ORIENTED_EDGE('',*,*,#2318,.T.);
#1641=ORIENTED_EDGE('',*,*,#2319,.T.);
#1642=ORIENTED_EDGE('',*,*,#2186,.T.);
#1643=ORIENTED_EDGE('',*,*,#2320,.F.);
#1644=ORIENTED_EDGE('',*,*,#2321,.T.);
#1645=ORIENTED_EDGE('',*,*,#2322,.T.);
#1646=ORIENTED_EDGE('',*,*,#2315,.T.);
#1647=ORIENTED_EDGE('',*,*,#2323,.T.);
#1648=ORIENTED_EDGE('',*,*,#2324,.F.);
#1649=ORIENTED_EDGE('',*,*,#2286,.T.);
#1650=ORIENTED_EDGE('',*,*,#2278,.F.);
#1651=ORIENTED_EDGE('',*,*,#2269,.F.);
#1652=ORIENTED_EDGE('',*,*,#2306,.F.);
#1653=ORIENTED_EDGE('',*,*,#2325,.T.);
#1654=ORIENTED_EDGE('',*,*,#2326,.F.);
#1655=ORIENTED_EDGE('',*,*,#2327,.F.);
#1656=ORIENTED_EDGE('',*,*,#2328,.F.);
#1657=ORIENTED_EDGE('',*,*,#2299,.T.);
#1658=ORIENTED_EDGE('',*,*,#2329,.T.);
#1659=ORIENTED_EDGE('',*,*,#2330,.F.);
#1660=ORIENTED_EDGE('',*,*,#2251,.T.);
#1661=ORIENTED_EDGE('',*,*,#2331,.T.);
#1662=ORIENTED_EDGE('',*,*,#2332,.T.);
#1663=ORIENTED_EDGE('',*,*,#2247,.T.);
#1664=ORIENTED_EDGE('',*,*,#2223,.T.);
#1665=ORIENTED_EDGE('',*,*,#2307,.T.);
#1666=ORIENTED_EDGE('',*,*,#2255,.F.);
#1667=ORIENTED_EDGE('',*,*,#2239,.T.);
#1668=ORIENTED_EDGE('',*,*,#2333,.T.);
#1669=ORIENTED_EDGE('',*,*,#2334,.T.);
#1670=ORIENTED_EDGE('',*,*,#2271,.T.);
#1671=ORIENTED_EDGE('',*,*,#2335,.T.);
#1672=ORIENTED_EDGE('',*,*,#2292,.F.);
#1673=ORIENTED_EDGE('',*,*,#2294,.F.);
#1674=ORIENTED_EDGE('',*,*,#2259,.F.);
#1675=ORIENTED_EDGE('',*,*,#2336,.T.);
#1676=ORIENTED_EDGE('',*,*,#2293,.F.);
#1677=ORIENTED_EDGE('',*,*,#2335,.F.);
#1678=ORIENTED_EDGE('',*,*,#2258,.F.);
#1679=ORIENTED_EDGE('',*,*,#2257,.T.);
#1680=ORIENTED_EDGE('',*,*,#2277,.T.);
#1681=ORIENTED_EDGE('',*,*,#2285,.T.);
#1682=ORIENTED_EDGE('',*,*,#2336,.F.);
#1683=ORIENTED_EDGE('',*,*,#2337,.F.);
#1684=ORIENTED_EDGE('',*,*,#2338,.F.);
#1685=ORIENTED_EDGE('',*,*,#2273,.T.);
#1686=ORIENTED_EDGE('',*,*,#2339,.T.);
#1687=ORIENTED_EDGE('',*,*,#2254,.T.);
#1688=ORIENTED_EDGE('',*,*,#2236,.T.);
#1689=ORIENTED_EDGE('',*,*,#2284,.T.);
#1690=ORIENTED_EDGE('',*,*,#2241,.F.);
#1691=ORIENTED_EDGE('',*,*,#2340,.F.);
#1692=ORIENTED_EDGE('',*,*,#2275,.T.);
#1693=ORIENTED_EDGE('',*,*,#2266,.T.);
#1694=ORIENTED_EDGE('',*,*,#2338,.T.);
#1695=ORIENTED_EDGE('',*,*,#2334,.F.);
#1696=ORIENTED_EDGE('',*,*,#2341,.T.);
#1697=ORIENTED_EDGE('',*,*,#2339,.F.);
#1698=ORIENTED_EDGE('',*,*,#2272,.F.);
#1699=ORIENTED_EDGE('',*,*,#2342,.F.);
#1700=ORIENTED_EDGE('',*,*,#2343,.T.);
#1701=ORIENTED_EDGE('',*,*,#2344,.T.);
#1702=ORIENTED_EDGE('',*,*,#2280,.T.);
#1703=ORIENTED_EDGE('',*,*,#2344,.F.);
#1704=ORIENTED_EDGE('',*,*,#2345,.T.);
#1705=ORIENTED_EDGE('',*,*,#2331,.F.);
#1706=ORIENTED_EDGE('',*,*,#2250,.T.);
#1707=ORIENTED_EDGE('',*,*,#2346,.T.);
#1708=ORIENTED_EDGE('',*,*,#2281,.T.);
#1709=ORIENTED_EDGE('',*,*,#2347,.T.);
#1710=ORIENTED_EDGE('',*,*,#2282,.F.);
#1711=ORIENTED_EDGE('',*,*,#2346,.F.);
#1712=ORIENTED_EDGE('',*,*,#2263,.F.);
#1713=ORIENTED_EDGE('',*,*,#2348,.F.);
#1714=ORIENTED_EDGE('',*,*,#2342,.T.);
#1715=ORIENTED_EDGE('',*,*,#2283,.F.);
#1716=ORIENTED_EDGE('',*,*,#2347,.F.);
#1717=ORIENTED_EDGE('',*,*,#2262,.F.);
#1718=ORIENTED_EDGE('',*,*,#2264,.T.);
#1719=ORIENTED_EDGE('',*,*,#2349,.T.);
#1720=ORIENTED_EDGE('',*,*,#2276,.T.);
#1721=ORIENTED_EDGE('',*,*,#2350,.F.);
#1722=ORIENTED_EDGE('',*,*,#2332,.F.);
#1723=ORIENTED_EDGE('',*,*,#2333,.F.);
#1724=ORIENTED_EDGE('',*,*,#2351,.F.);
#1725=ORIENTED_EDGE('',*,*,#2265,.T.);
#1726=ORIENTED_EDGE('',*,*,#2352,.T.);
#1727=ORIENTED_EDGE('',*,*,#2248,.F.);
#1728=ORIENTED_EDGE('',*,*,#2243,.T.);
#1729=ORIENTED_EDGE('',*,*,#2246,.T.);
#1730=ORIENTED_EDGE('',*,*,#2350,.T.);
#1731=ORIENTED_EDGE('',*,*,#2340,.T.);
#1732=ORIENTED_EDGE('',*,*,#2337,.T.);
#1733=ORIENTED_EDGE('',*,*,#2341,.F.);
#1734=ORIENTED_EDGE('',*,*,#2352,.F.);
#1735=ORIENTED_EDGE('',*,*,#2343,.F.);
#1736=ORIENTED_EDGE('',*,*,#2348,.T.);
#1737=ORIENTED_EDGE('',*,*,#2351,.T.);
#1738=ORIENTED_EDGE('',*,*,#2238,.T.);
#1739=ORIENTED_EDGE('',*,*,#2230,.F.);
#1740=ORIENTED_EDGE('',*,*,#2234,.F.);
#1741=ORIENTED_EDGE('',*,*,#2349,.F.);
#1742=ORIENTED_EDGE('',*,*,#2345,.F.);
#1743=ORIENTED_EDGE('',*,*,#2328,.T.);
#1744=ORIENTED_EDGE('',*,*,#2353,.F.);
#1745=ORIENTED_EDGE('',*,*,#2190,.F.);
#1746=ORIENTED_EDGE('',*,*,#2300,.T.);
#1747=ORIENTED_EDGE('',*,*,#2191,.T.);
#1748=ORIENTED_EDGE('',*,*,#2353,.T.);
#1749=ORIENTED_EDGE('',*,*,#2327,.T.);
#1750=ORIENTED_EDGE('',*,*,#2220,.T.);
#1751=ORIENTED_EDGE('',*,*,#2354,.F.);
#1752=ORIENTED_EDGE('',*,*,#2219,.F.);
#1753=ORIENTED_EDGE('',*,*,#2355,.F.);
#1754=ORIENTED_EDGE('',*,*,#2192,.T.);
#1755=ORIENTED_EDGE('',*,*,#2354,.T.);
#1756=ORIENTED_EDGE('',*,*,#2297,.F.);
#1757=ORIENTED_EDGE('',*,*,#2221,.T.);
#1758=ORIENTED_EDGE('',*,*,#2356,.T.);
#1759=ORIENTED_EDGE('',*,*,#2357,.F.);
#1760=ORIENTED_EDGE('',*,*,#2205,.T.);
#1761=ORIENTED_EDGE('',*,*,#2215,.T.);
#1762=ORIENTED_EDGE('',*,*,#2330,.T.);
#1763=ORIENTED_EDGE('',*,*,#2358,.F.);
#1764=ORIENTED_EDGE('',*,*,#2356,.F.);
#1765=ORIENTED_EDGE('',*,*,#2295,.T.);
#1766=ORIENTED_EDGE('',*,*,#2329,.F.);
#1767=ORIENTED_EDGE('',*,*,#2298,.F.);
#1768=ORIENTED_EDGE('',*,*,#2357,.T.);
#1769=ORIENTED_EDGE('',*,*,#2358,.T.);
#1770=ORIENTED_EDGE('',*,*,#2290,.F.);
#1771=ORIENTED_EDGE('',*,*,#2312,.F.);
#1772=ORIENTED_EDGE('',*,*,#2359,.T.);
#1773=ORIENTED_EDGE('',*,*,#2360,.T.);
#1774=ORIENTED_EDGE('',*,*,#2207,.F.);
#1775=ORIENTED_EDGE('',*,*,#2203,.F.);
#1776=ORIENTED_EDGE('',*,*,#2360,.F.);
#1777=ORIENTED_EDGE('',*,*,#2361,.T.);
#1778=ORIENTED_EDGE('',*,*,#2178,.T.);
#1779=ORIENTED_EDGE('',*,*,#2362,.F.);
#1780=ORIENTED_EDGE('',*,*,#2363,.F.);
#1781=ORIENTED_EDGE('',*,*,#2364,.F.);
#1782=ORIENTED_EDGE('',*,*,#2200,.T.);
#1783=ORIENTED_EDGE('',*,*,#2365,.T.);
#1784=ORIENTED_EDGE('',*,*,#2366,.F.);
#1785=ORIENTED_EDGE('',*,*,#2367,.F.);
#1786=ORIENTED_EDGE('',*,*,#2322,.F.);
#1787=ORIENTED_EDGE('',*,*,#2368,.F.);
#1788=ORIENTED_EDGE('',*,*,#2369,.T.);
#1789=ORIENTED_EDGE('',*,*,#2183,.F.);
#1790=ORIENTED_EDGE('',*,*,#2355,.T.);
#1791=ORIENTED_EDGE('',*,*,#2218,.F.);
#1792=ORIENTED_EDGE('',*,*,#2370,.F.);
#1793=ORIENTED_EDGE('',*,*,#2371,.T.);
#1794=ORIENTED_EDGE('',*,*,#2193,.F.);
#1795=ORIENTED_EDGE('',*,*,#2179,.F.);
#1796=ORIENTED_EDGE('',*,*,#2361,.F.);
#1797=ORIENTED_EDGE('',*,*,#2359,.F.);
#1798=ORIENTED_EDGE('',*,*,#2174,.T.);
#1799=ORIENTED_EDGE('',*,*,#2372,.T.);
#1800=ORIENTED_EDGE('',*,*,#2373,.T.);
#1801=ORIENTED_EDGE('',*,*,#2374,.F.);
#1802=ORIENTED_EDGE('',*,*,#2375,.F.);
#1803=ORIENTED_EDGE('',*,*,#2201,.F.);
#1804=ORIENTED_EDGE('',*,*,#2364,.T.);
#1805=ORIENTED_EDGE('',*,*,#2376,.F.);
#1806=ORIENTED_EDGE('',*,*,#2377,.T.);
#1807=ORIENTED_EDGE('',*,*,#2378,.T.);
#1808=ORIENTED_EDGE('',*,*,#2372,.F.);
#1809=ORIENTED_EDGE('',*,*,#2173,.F.);
#1810=ORIENTED_EDGE('',*,*,#2210,.T.);
#1811=ORIENTED_EDGE('',*,*,#2379,.T.);
#1812=ORIENTED_EDGE('',*,*,#2199,.T.);
#1813=ORIENTED_EDGE('',*,*,#2380,.T.);
#1814=ORIENTED_EDGE('',*,*,#2381,.F.);
#1815=ORIENTED_EDGE('',*,*,#2211,.F.);
#1816=ORIENTED_EDGE('',*,*,#2171,.T.);
#1817=ORIENTED_EDGE('',*,*,#2374,.T.);
#1818=ORIENTED_EDGE('',*,*,#2382,.F.);
#1819=ORIENTED_EDGE('',*,*,#2383,.F.);
#1820=ORIENTED_EDGE('',*,*,#2384,.T.);
#1821=ORIENTED_EDGE('',*,*,#2365,.F.);
#1822=ORIENTED_EDGE('',*,*,#2385,.F.);
#1823=ORIENTED_EDGE('',*,*,#2367,.T.);
#1824=ORIENTED_EDGE('',*,*,#2386,.F.);
#1825=ORIENTED_EDGE('',*,*,#2387,.T.);
#1826=ORIENTED_EDGE('',*,*,#2382,.T.);
#1827=ORIENTED_EDGE('',*,*,#2373,.F.);
#1828=ORIENTED_EDGE('',*,*,#2378,.F.);
#1829=ORIENTED_EDGE('',*,*,#2388,.T.);
#1830=ORIENTED_EDGE('',*,*,#2389,.F.);
#1831=ORIENTED_EDGE('',*,*,#2386,.T.);
#1832=ORIENTED_EDGE('',*,*,#2366,.T.);
#1833=ORIENTED_EDGE('',*,*,#2384,.F.);
#1834=ORIENTED_EDGE('',*,*,#2383,.T.);
#1835=ORIENTED_EDGE('',*,*,#2387,.F.);
#1836=ORIENTED_EDGE('',*,*,#2389,.T.);
#1837=ORIENTED_EDGE('',*,*,#2376,.T.);
#1838=ORIENTED_EDGE('',*,*,#2363,.T.);
#1839=ORIENTED_EDGE('',*,*,#2385,.T.);
#1840=ORIENTED_EDGE('',*,*,#2390,.F.);
#1841=ORIENTED_EDGE('',*,*,#2390,.T.);
#1842=ORIENTED_EDGE('',*,*,#2388,.F.);
#1843=ORIENTED_EDGE('',*,*,#2377,.F.);
#1844=ORIENTED_EDGE('',*,*,#2391,.T.);
#1845=ORIENTED_EDGE('',*,*,#2195,.T.);
#1846=ORIENTED_EDGE('',*,*,#2392,.F.);
#1847=ORIENTED_EDGE('',*,*,#2393,.F.);
#1848=ORIENTED_EDGE('',*,*,#2216,.T.);
#1849=ORIENTED_EDGE('',*,*,#2194,.F.);
#1850=ORIENTED_EDGE('',*,*,#2371,.F.);
#1851=ORIENTED_EDGE('',*,*,#2394,.T.);
#1852=ORIENTED_EDGE('',*,*,#2392,.T.);
#1853=ORIENTED_EDGE('',*,*,#2217,.T.);
#1854=ORIENTED_EDGE('',*,*,#2393,.T.);
#1855=ORIENTED_EDGE('',*,*,#2394,.F.);
#1856=ORIENTED_EDGE('',*,*,#2370,.T.);
#1857=ORIENTED_EDGE('',*,*,#2362,.T.);
#1858=ORIENTED_EDGE('',*,*,#2391,.F.);
#1859=ORIENTED_EDGE('',*,*,#2395,.F.);
#1860=ORIENTED_EDGE('',*,*,#2325,.F.);
#1861=ORIENTED_EDGE('',*,*,#2305,.F.);
#1862=ORIENTED_EDGE('',*,*,#2396,.T.);
#1863=ORIENTED_EDGE('',*,*,#2397,.T.);
#1864=ORIENTED_EDGE('',*,*,#2326,.T.);
#1865=ORIENTED_EDGE('',*,*,#2397,.F.);
#1866=ORIENTED_EDGE('',*,*,#2398,.F.);
#1867=ORIENTED_EDGE('',*,*,#2316,.T.);
#1868=ORIENTED_EDGE('',*,*,#2396,.F.);
#1869=ORIENTED_EDGE('',*,*,#2304,.F.);
#1870=ORIENTED_EDGE('',*,*,#2317,.T.);
#1871=ORIENTED_EDGE('',*,*,#2398,.T.);
#1872=ORIENTED_EDGE('',*,*,#2399,.F.);
#1873=ORIENTED_EDGE('',*,*,#2324,.T.);
#1874=ORIENTED_EDGE('',*,*,#2400,.F.);
#1875=ORIENTED_EDGE('',*,*,#2401,.F.);
#1876=ORIENTED_EDGE('',*,*,#2287,.T.);
#1877=ORIENTED_EDGE('',*,*,#2323,.F.);
#1878=ORIENTED_EDGE('',*,*,#2314,.F.);
#1879=ORIENTED_EDGE('',*,*,#2402,.T.);
#1880=ORIENTED_EDGE('',*,*,#2400,.T.);
#1881=ORIENTED_EDGE('',*,*,#2288,.T.);
#1882=ORIENTED_EDGE('',*,*,#2401,.T.);
#1883=ORIENTED_EDGE('',*,*,#2402,.F.);
#1884=ORIENTED_EDGE('',*,*,#2313,.T.);
#1885=ORIENTED_EDGE('',*,*,#2403,.F.);
#1886=ORIENTED_EDGE('',*,*,#2188,.T.);
#1887=ORIENTED_EDGE('',*,*,#2404,.F.);
#1888=ORIENTED_EDGE('',*,*,#2405,.F.);
#1889=ORIENTED_EDGE('',*,*,#2301,.T.);
#1890=ORIENTED_EDGE('',*,*,#2187,.F.);
#1891=ORIENTED_EDGE('',*,*,#2319,.F.);
#1892=ORIENTED_EDGE('',*,*,#2406,.T.);
#1893=ORIENTED_EDGE('',*,*,#2404,.T.);
#1894=ORIENTED_EDGE('',*,*,#2302,.T.);
#1895=ORIENTED_EDGE('',*,*,#2405,.T.);
#1896=ORIENTED_EDGE('',*,*,#2406,.F.);
#1897=ORIENTED_EDGE('',*,*,#2318,.F.);
#1898=ORIENTED_EDGE('',*,*,#2407,.F.);
#1899=ORIENTED_EDGE('',*,*,#2184,.F.);
#1900=ORIENTED_EDGE('',*,*,#2369,.F.);
#1901=ORIENTED_EDGE('',*,*,#2408,.T.);
#1902=ORIENTED_EDGE('',*,*,#2409,.T.);
#1903=ORIENTED_EDGE('',*,*,#2185,.T.);
#1904=ORIENTED_EDGE('',*,*,#2409,.F.);
#1905=ORIENTED_EDGE('',*,*,#2410,.F.);
#1906=ORIENTED_EDGE('',*,*,#2320,.T.);
#1907=ORIENTED_EDGE('',*,*,#2408,.F.);
#1908=ORIENTED_EDGE('',*,*,#2368,.T.);
#1909=ORIENTED_EDGE('',*,*,#2321,.F.);
#1910=ORIENTED_EDGE('',*,*,#2410,.T.);
#1911=ORIENTED_EDGE('',*,*,#2308,.T.);
#1912=ORIENTED_EDGE('',*,*,#2407,.T.);
#1913=ORIENTED_EDGE('',*,*,#2311,.T.);
#1914=ORIENTED_EDGE('',*,*,#2403,.T.);
#1915=ORIENTED_EDGE('',*,*,#2310,.T.);
#1916=ORIENTED_EDGE('',*,*,#2399,.T.);
#1917=ORIENTED_EDGE('',*,*,#2309,.T.);
#1918=ORIENTED_EDGE('',*,*,#2395,.T.);
#1919=ORIENTED_EDGE('',*,*,#2381,.T.);
#1920=ORIENTED_EDGE('',*,*,#2411,.T.);
#1921=ORIENTED_EDGE('',*,*,#2412,.T.);
#1922=ORIENTED_EDGE('',*,*,#2212,.F.);
#1923=ORIENTED_EDGE('',*,*,#2176,.F.);
#1924=ORIENTED_EDGE('',*,*,#2413,.F.);
#1925=ORIENTED_EDGE('',*,*,#2414,.T.);
#1926=ORIENTED_EDGE('',*,*,#2208,.T.);
#1927=ORIENTED_EDGE('',*,*,#2375,.T.);
#1928=ORIENTED_EDGE('',*,*,#2415,.F.);
#1929=ORIENTED_EDGE('',*,*,#2413,.T.);
#1930=ORIENTED_EDGE('',*,*,#2175,.T.);
#1931=ORIENTED_EDGE('',*,*,#2416,.F.);
#1932=ORIENTED_EDGE('',*,*,#2411,.F.);
#1933=ORIENTED_EDGE('',*,*,#2380,.F.);
#1934=ORIENTED_EDGE('',*,*,#2198,.T.);
#1935=ORIENTED_EDGE('',*,*,#2182,.T.);
#1936=ORIENTED_EDGE('',*,*,#2213,.F.);
#1937=ORIENTED_EDGE('',*,*,#2412,.F.);
#1938=ORIENTED_EDGE('',*,*,#2416,.T.);
#1939=ORIENTED_EDGE('',*,*,#2209,.F.);
#1940=ORIENTED_EDGE('',*,*,#2414,.F.);
#1941=ORIENTED_EDGE('',*,*,#2415,.T.);
#1942=ORIENTED_EDGE('',*,*,#2379,.F.);
#1943=EDGE_CURVE('',#2417,#2417,#2737,.T.);
#1944=EDGE_CURVE('',#2418,#2418,#2738,.T.);
#1945=EDGE_CURVE('',#2419,#2419,#2739,.T.);
#1946=EDGE_CURVE('',#2420,#2421,#63,.T.);
#1947=EDGE_CURVE('',#2421,#2422,#64,.T.);
#1948=EDGE_CURVE('',#2422,#2423,#65,.T.);
#1949=EDGE_CURVE('',#2424,#2423,#66,.T.);
#1950=EDGE_CURVE('',#2425,#2424,#67,.T.);
#1951=EDGE_CURVE('',#2426,#2425,#68,.T.);
#1952=EDGE_CURVE('',#2426,#2427,#69,.T.);
#1953=EDGE_CURVE('',#2428,#2427,#2740,.T.);
#1954=EDGE_CURVE('',#2428,#2429,#70,.T.);
#1955=EDGE_CURVE('',#2429,#2420,#71,.T.);
#1956=EDGE_CURVE('',#2430,#2421,#72,.T.);
#1957=EDGE_CURVE('',#2430,#2431,#73,.T.);
#1958=EDGE_CURVE('',#2431,#2422,#74,.T.);
#1959=EDGE_CURVE('',#2432,#2420,#75,.T.);
#1960=EDGE_CURVE('',#2432,#2430,#76,.T.);
#1961=EDGE_CURVE('',#2433,#2429,#77,.T.);
#1962=EDGE_CURVE('',#2433,#2432,#78,.T.);
#1963=EDGE_CURVE('',#2434,#2428,#79,.T.);
#1964=EDGE_CURVE('',#2434,#2433,#80,.T.);
#1965=EDGE_CURVE('',#2435,#2427,#81,.T.);
#1966=EDGE_CURVE('',#2434,#2435,#2741,.T.);
#1967=EDGE_CURVE('',#2436,#2426,#82,.T.);
#1968=EDGE_CURVE('',#2436,#2435,#83,.T.);
#1969=EDGE_CURVE('',#2437,#2425,#84,.T.);
#1970=EDGE_CURVE('',#2436,#2437,#85,.T.);
#1971=EDGE_CURVE('',#2438,#2424,#86,.T.);
#1972=EDGE_CURVE('',#2437,#2438,#87,.T.);
#1973=EDGE_CURVE('',#2439,#2423,#88,.T.);
#1974=EDGE_CURVE('',#2438,#2439,#89,.T.);
#1975=EDGE_CURVE('',#2431,#2439,#90,.T.);
#1976=EDGE_CURVE('',#2440,#2440,#2742,.T.);
#1977=EDGE_CURVE('',#2441,#2441,#2743,.T.);
#1978=EDGE_CURVE('',#2442,#2442,#2744,.T.);
#1979=EDGE_CURVE('',#2443,#2443,#2745,.T.);
#1980=EDGE_CURVE('',#2444,#2444,#2746,.T.);
#1981=EDGE_CURVE('',#2445,#2446,#91,.T.);
#1982=EDGE_CURVE('',#2445,#2447,#92,.T.);
#1983=EDGE_CURVE('',#2448,#2447,#93,.T.);
#1984=EDGE_CURVE('',#2449,#2448,#94,.T.);
#1985=EDGE_CURVE('',#2449,#2450,#95,.T.);
#1986=EDGE_CURVE('',#2450,#2451,#96,.T.);
#1987=EDGE_CURVE('',#2451,#2452,#97,.T.);
#1988=EDGE_CURVE('',#2446,#2452,#98,.T.);
#1989=EDGE_CURVE('',#2453,#2454,#99,.T.);
#1990=EDGE_CURVE('',#2455,#2453,#100,.T.);
#1991=EDGE_CURVE('',#2455,#2456,#101,.T.);
#1992=EDGE_CURVE('',#2457,#2456,#102,.T.);
#1993=EDGE_CURVE('',#2457,#2449,#103,.T.);
#1994=EDGE_CURVE('',#2458,#2448,#104,.T.);
#1995=EDGE_CURVE('',#2458,#2454,#105,.T.);
#1996=EDGE_CURVE('',#2456,#2459,#106,.T.);
#1997=EDGE_CURVE('',#2460,#2459,#107,.T.);
#1998=EDGE_CURVE('',#2460,#2461,#108,.T.);
#1999=EDGE_CURVE('',#2461,#2462,#109,.T.);
#2000=EDGE_CURVE('',#2463,#2462,#110,.T.);
#2001=EDGE_CURVE('',#2464,#2463,#111,.T.);
#2002=EDGE_CURVE('',#2457,#2464,#112,.T.);
#2003=EDGE_CURVE('',#2465,#2466,#113,.T.);
#2004=EDGE_CURVE('',#2467,#2466,#114,.T.);
#2005=EDGE_CURVE('',#2467,#2451,#115,.T.);
#2006=EDGE_CURVE('',#2464,#2450,#116,.T.);
#2007=EDGE_CURVE('',#2468,#2463,#117,.T.);
#2008=EDGE_CURVE('',#2468,#2465,#118,.T.);
#2009=EDGE_CURVE('',#2469,#2469,#2747,.T.);
#2010=EDGE_CURVE('',#2470,#2470,#2748,.T.);
#2011=EDGE_CURVE('',#2471,#2471,#2749,.T.);
#2012=EDGE_CURVE('',#2472,#2472,#2750,.T.);
#2013=EDGE_CURVE('',#2473,#2473,#2751,.T.);
#2014=EDGE_CURVE('',#2454,#2474,#119,.T.);
#2015=EDGE_CURVE('',#2474,#2445,#120,.T.);
#2016=EDGE_CURVE('',#2475,#2446,#121,.T.);
#2017=EDGE_CURVE('',#2475,#2466,#122,.T.);
#2018=EDGE_CURVE('',#2476,#2465,#123,.T.);
#2019=EDGE_CURVE('',#2476,#2461,#124,.T.);
#2020=EDGE_CURVE('',#2477,#2460,#125,.T.);
#2021=EDGE_CURVE('',#2453,#2477,#126,.T.);
#2022=EDGE_CURVE('',#2478,#2478,#2752,.T.);
#2023=EDGE_CURVE('',#2479,#2479,#2753,.T.);
#2024=EDGE_CURVE('',#2480,#2480,#2754,.T.);
#2025=EDGE_CURVE('',#2481,#2482,#127,.T.);
#2026=EDGE_CURVE('',#2481,#2483,#128,.T.);
#2027=EDGE_CURVE('',#2483,#2484,#129,.T.);
#2028=EDGE_CURVE('',#2482,#2484,#130,.T.);
#2029=EDGE_CURVE('',#2485,#2486,#131,.T.);
#2030=EDGE_CURVE('',#2485,#2481,#132,.F.);
#2031=EDGE_CURVE('',#2482,#2486,#133,.T.);
#2032=EDGE_CURVE('',#2487,#2488,#134,.F.);
#2033=EDGE_CURVE('',#2488,#2485,#135,.F.);
#2034=EDGE_CURVE('',#2486,#2487,#136,.T.);
#2035=EDGE_CURVE('',#2483,#2489,#137,.T.);
#2036=EDGE_CURVE('',#2489,#2490,#138,.T.);
#2037=EDGE_CURVE('',#2484,#2490,#139,.T.);
#2038=EDGE_CURVE('',#2491,#2492,#140,.F.);
#2039=EDGE_CURVE('',#2492,#2493,#141,.T.);
#2040=EDGE_CURVE('',#2493,#2494,#142,.T.);
#2041=EDGE_CURVE('',#2494,#2491,#143,.F.);
#2042=EDGE_CURVE('',#2490,#2487,#2755,.F.);
#2043=EDGE_CURVE('',#2488,#2489,#2756,.T.);
#2044=EDGE_CURVE('',#2489,#2494,#2757,.T.);
#2045=EDGE_CURVE('',#2491,#2483,#11,.F.);
#2046=EDGE_CURVE('',#2488,#2494,#2758,.F.);
#2047=EDGE_CURVE('',#2492,#2481,#12,.F.);
#2048=EDGE_CURVE('',#2485,#2493,#13,.T.);
#2049=EDGE_CURVE('',#2495,#2452,#144,.T.);
#2050=EDGE_CURVE('',#2475,#2495,#145,.T.);
#2051=EDGE_CURVE('',#2496,#2496,#2759,.T.);
#2052=EDGE_CURVE('',#2467,#2495,#146,.T.);
#2053=EDGE_CURVE('',#2474,#2497,#147,.T.);
#2054=EDGE_CURVE('',#2497,#2447,#148,.T.);
#2055=EDGE_CURVE('',#2498,#2498,#2760,.T.);
#2056=EDGE_CURVE('',#2458,#2497,#149,.T.);
#2057=EDGE_CURVE('',#2476,#2499,#150,.T.);
#2058=EDGE_CURVE('',#2499,#2462,#151,.T.);
#2059=EDGE_CURVE('',#2500,#2500,#2761,.T.);
#2060=EDGE_CURVE('',#2468,#2499,#152,.T.);
#2061=EDGE_CURVE('',#2501,#2459,#153,.T.);
#2062=EDGE_CURVE('',#2477,#2501,#154,.T.);
#2063=EDGE_CURVE('',#2502,#2502,#2762,.T.);
#2064=EDGE_CURVE('',#2455,#2501,#155,.T.);
#2065=EDGE_CURVE('',#2503,#2504,#2763,.T.);
#2066=EDGE_CURVE('',#2504,#2505,#156,.T.);
#2067=EDGE_CURVE('',#2506,#2505,#2764,.T.);
#2068=EDGE_CURVE('',#2507,#2506,#2765,.T.);
#2069=EDGE_CURVE('',#2508,#2507,#2766,.T.);
#2070=EDGE_CURVE('',#2509,#2508,#2767,.T.);
#2071=EDGE_CURVE('',#2510,#2509,#2768,.T.);
#2072=EDGE_CURVE('',#2511,#2510,#2769,.T.);
#2073=EDGE_CURVE('',#2512,#2511,#2770,.T.);
#2074=EDGE_CURVE('',#2503,#2512,#157,.T.);
#2075=EDGE_CURVE('',#2513,#2514,#2771,.T.);
#2076=EDGE_CURVE('',#2513,#2515,#158,.T.);
#2077=EDGE_CURVE('',#2514,#2515,#159,.T.);
#2078=EDGE_CURVE('',#2508,#2507,#160,.T.);
#2079=EDGE_CURVE('',#2511,#2506,#161,.T.);
#2080=EDGE_CURVE('',#2510,#2509,#162,.T.);
#2081=EDGE_CURVE('',#2516,#2517,#2772,.T.);
#2082=EDGE_CURVE('',#2518,#2516,#163,.T.);
#2083=EDGE_CURVE('',#2517,#2518,#164,.T.);
#2084=EDGE_CURVE('',#2519,#2520,#2773,.T.);
#2085=EDGE_CURVE('',#2521,#2519,#165,.T.);
#2086=EDGE_CURVE('',#2521,#2520,#166,.T.);
#2087=EDGE_CURVE('',#2522,#2522,#2774,.T.);
#2088=EDGE_CURVE('',#2523,#2523,#2775,.T.);
#2089=EDGE_CURVE('',#2524,#2524,#2776,.T.);
#2090=EDGE_CURVE('',#2525,#2525,#2777,.T.);
#2091=EDGE_CURVE('',#2526,#2527,#167,.T.);
#2092=EDGE_CURVE('',#2527,#2528,#168,.T.);
#2093=EDGE_CURVE('',#2529,#2528,#169,.T.);
#2094=EDGE_CURVE('',#2526,#2529,#170,.T.);
#2095=EDGE_CURVE('',#2530,#2531,#2778,.T.);
#2096=EDGE_CURVE('',#2530,#2532,#171,.T.);
#2097=EDGE_CURVE('',#2532,#2531,#172,.T.);
#2098=EDGE_CURVE('',#2518,#2527,#173,.T.);
#2099=EDGE_CURVE('',#2516,#2514,#174,.T.);
#2100=EDGE_CURVE('',#2515,#2528,#175,.T.);
#2101=EDGE_CURVE('',#2507,#2513,#176,.T.);
#2102=EDGE_CURVE('',#2531,#2508,#177,.T.);
#2103=EDGE_CURVE('',#2532,#2529,#178,.T.);
#2104=EDGE_CURVE('',#2509,#2530,#179,.T.);
#2105=EDGE_CURVE('',#2520,#2510,#180,.T.);
#2106=EDGE_CURVE('',#2521,#2526,#181,.T.);
#2107=EDGE_CURVE('',#2519,#2511,#182,.T.);
#2108=EDGE_CURVE('',#2506,#2517,#183,.T.);
#2109=EDGE_CURVE('',#2520,#2530,#2779,.T.);
#2110=EDGE_CURVE('',#2512,#2505,#184,.T.);
#2111=EDGE_CURVE('',#2517,#2519,#2780,.T.);
#2112=EDGE_CURVE('',#2531,#2513,#2781,.T.);
#2113=EDGE_CURVE('',#2533,#2533,#2782,.T.);
#2114=EDGE_CURVE('',#2514,#2516,#2783,.T.);
#2115=EDGE_CURVE('',#2503,#2504,#185,.T.);
#2116=EDGE_CURVE('',#2534,#2535,#186,.T.);
#2117=EDGE_CURVE('',#2536,#2534,#187,.T.);
#2118=EDGE_CURVE('',#2536,#2537,#188,.T.);
#2119=EDGE_CURVE('',#2537,#2535,#189,.T.);
#2120=EDGE_CURVE('',#2534,#2538,#190,.T.);
#2121=EDGE_CURVE('',#2539,#2538,#191,.T.);
#2122=EDGE_CURVE('',#2536,#2539,#192,.T.);
#2123=EDGE_CURVE('',#2538,#2540,#193,.T.);
#2124=EDGE_CURVE('',#2541,#2540,#194,.T.);
#2125=EDGE_CURVE('',#2539,#2541,#195,.T.);
#2126=EDGE_CURVE('',#2535,#2540,#196,.T.);
#2127=EDGE_CURVE('',#2537,#2541,#197,.T.);
#2128=EDGE_CURVE('',#2542,#2542,#2784,.T.);
#2129=EDGE_CURVE('',#2543,#2543,#2785,.T.);
#2130=EDGE_CURVE('',#2544,#2545,#198,.T.);
#2131=EDGE_CURVE('',#2546,#2544,#199,.T.);
#2132=EDGE_CURVE('',#2546,#2547,#200,.T.);
#2133=EDGE_CURVE('',#2547,#2545,#201,.T.);
#2134=EDGE_CURVE('',#2548,#2544,#202,.T.);
#2135=EDGE_CURVE('',#2549,#2548,#203,.T.);
#2136=EDGE_CURVE('',#2549,#2546,#204,.T.);
#2137=EDGE_CURVE('',#2548,#2550,#205,.T.);
#2138=EDGE_CURVE('',#2551,#2550,#206,.T.);
#2139=EDGE_CURVE('',#2549,#2551,#207,.T.);
#2140=EDGE_CURVE('',#2550,#2545,#208,.T.);
#2141=EDGE_CURVE('',#2551,#2547,#209,.T.);
#2142=EDGE_CURVE('',#2552,#2552,#2786,.T.);
#2143=EDGE_CURVE('',#2553,#2553,#2787,.T.);
#2144=EDGE_CURVE('',#2554,#2554,#2788,.T.);
#2145=EDGE_CURVE('',#2555,#2555,#2789,.T.);
#2146=EDGE_CURVE('',#2556,#2556,#2790,.T.);
#2147=EDGE_CURVE('',#2557,#2557,#2791,.T.);
#2148=EDGE_CURVE('',#2558,#2558,#2792,.T.);
#2149=EDGE_CURVE('',#2559,#2559,#2793,.T.);
#2150=EDGE_CURVE('',#2560,#2560,#2794,.T.);
#2151=EDGE_CURVE('',#2561,#2562,#2795,.T.);
#2152=EDGE_CURVE('',#2561,#2563,#210,.T.);
#2153=EDGE_CURVE('',#2564,#2563,#2796,.T.);
#2154=EDGE_CURVE('',#2562,#2564,#211,.T.);
#2155=EDGE_CURVE('',#2564,#2563,#212,.T.);
#2156=EDGE_CURVE('',#2562,#2561,#213,.T.);
#2157=EDGE_CURVE('',#2565,#2566,#214,.T.);
#2158=EDGE_CURVE('',#2567,#2565,#215,.T.);
#2159=EDGE_CURVE('',#2567,#2568,#216,.T.);
#2160=EDGE_CURVE('',#2568,#2566,#217,.T.);
#2161=EDGE_CURVE('',#2565,#2569,#218,.T.);
#2162=EDGE_CURVE('',#2570,#2569,#219,.T.);
#2163=EDGE_CURVE('',#2567,#2570,#220,.T.);
#2164=EDGE_CURVE('',#2569,#2571,#221,.T.);
#2165=EDGE_CURVE('',#2572,#2571,#222,.T.);
#2166=EDGE_CURVE('',#2570,#2572,#223,.T.);
#2167=EDGE_CURVE('',#2566,#2571,#224,.T.);
#2168=EDGE_CURVE('',#2568,#2572,#225,.T.);
#2169=EDGE_CURVE('',#2573,#2573,#2797,.T.);
#2170=EDGE_CURVE('',#2574,#2574,#2798,.T.);
#2171=EDGE_CURVE('',#2575,#2576,#226,.T.);
#2172=EDGE_CURVE('',#2575,#2577,#227,.T.);
#2173=EDGE_CURVE('',#2577,#2578,#228,.T.);
#2174=EDGE_CURVE('',#2576,#2578,#229,.T.);
#2175=EDGE_CURVE('',#2579,#2580,#230,.T.);
#2176=EDGE_CURVE('',#2579,#2581,#231,.T.);
#2177=EDGE_CURVE('',#2582,#2581,#232,.T.);
#2178=EDGE_CURVE('',#2583,#2582,#233,.T.);
#2179=EDGE_CURVE('',#2583,#2584,#234,.T.);
#2180=EDGE_CURVE('',#2584,#2585,#235,.T.);
#2181=EDGE_CURVE('',#2586,#2585,#236,.T.);
#2182=EDGE_CURVE('',#2580,#2586,#237,.T.);
#2183=EDGE_CURVE('',#2587,#2588,#238,.T.);
#2184=EDGE_CURVE('',#2588,#2589,#239,.T.);
#2185=EDGE_CURVE('',#2590,#2589,#240,.T.);
#2186=EDGE_CURVE('',#2591,#2590,#241,.T.);
#2187=EDGE_CURVE('',#2591,#2592,#242,.T.);
#2188=EDGE_CURVE('',#2593,#2592,#243,.T.);
#2189=EDGE_CURVE('',#2593,#2594,#244,.T.);
#2190=EDGE_CURVE('',#2594,#2595,#245,.T.);
#2191=EDGE_CURVE('',#2596,#2595,#246,.T.);
#2192=EDGE_CURVE('',#2587,#2596,#247,.T.);
#2193=EDGE_CURVE('',#2584,#2597,#248,.T.);
#2194=EDGE_CURVE('',#2597,#2598,#249,.T.);
#2195=EDGE_CURVE('',#2599,#2598,#250,.T.);
#2196=EDGE_CURVE('',#2599,#2600,#251,.T.);
#2197=EDGE_CURVE('',#2585,#2600,#252,.T.);
#2198=EDGE_CURVE('',#2601,#2602,#253,.T.);
#2199=EDGE_CURVE('',#2603,#2601,#254,.T.);
#2200=EDGE_CURVE('',#2604,#2603,#255,.T.);
#2201=EDGE_CURVE('',#2604,#2602,#256,.T.);
#2202=EDGE_CURVE('',#2605,#2606,#257,.T.);
#2203=EDGE_CURVE('',#2605,#2607,#258,.T.);
#2204=EDGE_CURVE('',#2607,#2608,#259,.T.);
#2205=EDGE_CURVE('',#2609,#2608,#260,.T.);
#2206=EDGE_CURVE('',#2609,#2606,#261,.T.);
#2207=EDGE_CURVE('',#2607,#2582,#262,.T.);
#2208=EDGE_CURVE('',#2610,#2581,#263,.T.);
#2209=EDGE_CURVE('',#2610,#2611,#264,.T.);
#2210=EDGE_CURVE('',#2577,#2611,#265,.T.);
#2211=EDGE_CURVE('',#2575,#2612,#266,.T.);
#2212=EDGE_CURVE('',#2612,#2613,#267,.T.);
#2213=EDGE_CURVE('',#2613,#2586,#268,.T.);
#2214=EDGE_CURVE('',#2608,#2600,#269,.T.);
#2215=EDGE_CURVE('',#2608,#2614,#270,.T.);
#2216=EDGE_CURVE('',#2615,#2599,#271,.T.);
#2217=EDGE_CURVE('',#2616,#2615,#272,.T.);
#2218=EDGE_CURVE('',#2616,#2617,#273,.T.);
#2219=EDGE_CURVE('',#2617,#2618,#274,.T.);
#2220=EDGE_CURVE('',#2614,#2618,#275,.T.);
#2221=EDGE_CURVE('',#2619,#2620,#2799,.F.);
#2222=EDGE_CURVE('',#2621,#2619,#276,.T.);
#2223=EDGE_CURVE('',#2622,#2621,#2800,.T.);
#2224=EDGE_CURVE('',#2622,#2623,#277,.T.);
#2225=EDGE_CURVE('',#2623,#2624,#2801,.F.);
#2226=EDGE_CURVE('',#2625,#2624,#278,.T.);
#2227=EDGE_CURVE('',#2626,#2625,#2802,.T.);
#2228=EDGE_CURVE('',#2626,#2620,#279,.T.);
#2229=EDGE_CURVE('',#2627,#2628,#280,.T.);
#2230=EDGE_CURVE('',#2627,#2629,#281,.T.);
#2231=EDGE_CURVE('',#2629,#2630,#282,.T.);
#2232=EDGE_CURVE('',#2628,#2630,#283,.T.);
#2233=EDGE_CURVE('',#2631,#2632,#284,.T.);
#2234=EDGE_CURVE('',#2632,#2627,#285,.T.);
#2235=EDGE_CURVE('',#2633,#2628,#286,.T.);
#2236=EDGE_CURVE('',#2634,#2633,#287,.T.);
#2237=EDGE_CURVE('',#2631,#2634,#288,.T.);
#2238=EDGE_CURVE('',#2635,#2629,#289,.T.);
#2239=EDGE_CURVE('',#2636,#2635,#290,.T.);
#2240=EDGE_CURVE('',#2636,#2637,#291,.T.);
#2241=EDGE_CURVE('',#2637,#2638,#292,.T.);
#2242=EDGE_CURVE('',#2638,#2630,#293,.T.);
#2243=EDGE_CURVE('',#2639,#2640,#294,.T.);
#2244=EDGE_CURVE('',#2624,#2639,#295,.T.);
#2245=EDGE_CURVE('',#2623,#2640,#296,.T.);
#2246=EDGE_CURVE('',#2640,#2641,#297,.T.);
#2247=EDGE_CURVE('',#2641,#2622,#298,.T.);
#2248=EDGE_CURVE('',#2639,#2642,#299,.T.);
#2249=EDGE_CURVE('',#2642,#2625,#300,.T.);
#2250=EDGE_CURVE('',#2643,#2644,#301,.T.);
#2251=EDGE_CURVE('',#2645,#2643,#302,.T.);
#2252=EDGE_CURVE('',#2646,#2645,#303,.T.);
#2253=EDGE_CURVE('',#2646,#2631,#304,.T.);
#2254=EDGE_CURVE('',#2637,#2634,#305,.T.);
#2255=EDGE_CURVE('',#2636,#2647,#306,.T.);
#2256=EDGE_CURVE('',#2647,#2648,#307,.T.);
#2257=EDGE_CURVE('',#2649,#2648,#308,.T.);
#2258=EDGE_CURVE('',#2649,#2650,#309,.T.);
#2259=EDGE_CURVE('',#2650,#2651,#310,.T.);
#2260=EDGE_CURVE('',#2651,#2626,#311,.T.);
#2261=EDGE_CURVE('',#2652,#2626,#312,.T.);
#2262=EDGE_CURVE('',#2652,#2653,#313,.T.);
#2263=EDGE_CURVE('',#2653,#2644,#314,.T.);
#2264=EDGE_CURVE('',#2652,#2654,#315,.T.);
#2265=EDGE_CURVE('',#2654,#2642,#316,.T.);
#2266=EDGE_CURVE('',#2655,#2656,#317,.T.);
#2267=EDGE_CURVE('',#2657,#2655,#2803,.T.);
#2268=EDGE_CURVE('',#2658,#2657,#318,.T.);
#2269=EDGE_CURVE('',#2658,#2659,#2804,.T.);
#2270=EDGE_CURVE('',#2659,#2647,#319,.T.);
#2271=EDGE_CURVE('',#2660,#2647,#2805,.T.);
#2272=EDGE_CURVE('',#2660,#2661,#320,.T.);
#2273=EDGE_CURVE('',#2656,#2661,#2806,.F.);
#2274=EDGE_CURVE('',#2657,#2646,#321,.T.);
#2275=EDGE_CURVE('',#2662,#2655,#322,.T.);
#2276=EDGE_CURVE('',#2632,#2662,#323,.T.);
#2277=EDGE_CURVE('',#2648,#2663,#324,.T.);
#2278=EDGE_CURVE('',#2659,#2664,#325,.T.);
#2279=EDGE_CURVE('',#2664,#2663,#326,.T.);
#2280=EDGE_CURVE('',#2665,#2666,#327,.T.);
#2281=EDGE_CURVE('',#2667,#2665,#328,.T.);
#2282=EDGE_CURVE('',#2667,#2668,#329,.T.);
#2283=EDGE_CURVE('',#2668,#2666,#330,.T.);
#2284=EDGE_CURVE('',#2633,#2638,#331,.T.);
#2285=EDGE_CURVE('',#2663,#2669,#332,.T.);
#2286=EDGE_CURVE('',#2670,#2664,#333,.T.);
#2287=EDGE_CURVE('',#2671,#2670,#334,.T.);
#2288=EDGE_CURVE('',#2672,#2671,#335,.T.);
#2289=EDGE_CURVE('',#2672,#2673,#336,.T.);
#2290=EDGE_CURVE('',#2673,#2605,#337,.T.);
#2291=EDGE_CURVE('',#2674,#2606,#338,.T.);
#2292=EDGE_CURVE('',#2674,#2675,#339,.T.);
#2293=EDGE_CURVE('',#2675,#2669,#340,.T.);
#2294=EDGE_CURVE('',#2651,#2674,#341,.T.);
#2295=EDGE_CURVE('',#2620,#2609,#342,.T.);
#2296=EDGE_CURVE('',#2657,#2621,#343,.T.);
#2297=EDGE_CURVE('',#2619,#2676,#344,.T.);
#2298=EDGE_CURVE('',#2676,#2677,#345,.T.);
#2299=EDGE_CURVE('',#2678,#2677,#346,.T.);
#2300=EDGE_CURVE('',#2594,#2678,#347,.T.);
#2301=EDGE_CURVE('',#2679,#2593,#348,.T.);
#2302=EDGE_CURVE('',#2680,#2679,#349,.T.);
#2303=EDGE_CURVE('',#2681,#2680,#350,.T.);
#2304=EDGE_CURVE('',#2681,#2682,#351,.T.);
#2305=EDGE_CURVE('',#2682,#2683,#352,.T.);
#2306=EDGE_CURVE('',#2683,#2658,#353,.T.);
#2307=EDGE_CURVE('',#2621,#2645,#354,.T.);
#2308=EDGE_CURVE('',#2684,#2684,#2807,.T.);
#2309=EDGE_CURVE('',#2685,#2685,#2808,.T.);
#2310=EDGE_CURVE('',#2686,#2686,#2809,.T.);
#2311=EDGE_CURVE('',#2687,#2687,#2810,.T.);
#2312=EDGE_CURVE('',#2688,#2673,#355,.T.);
#2313=EDGE_CURVE('',#2689,#2672,#356,.T.);
#2314=EDGE_CURVE('',#2689,#2690,#357,.T.);
#2315=EDGE_CURVE('',#2691,#2690,#358,.T.);
#2316=EDGE_CURVE('',#2692,#2691,#359,.T.);
#2317=EDGE_CURVE('',#2681,#2692,#360,.T.);
#2318=EDGE_CURVE('',#2680,#2693,#361,.T.);
#2319=EDGE_CURVE('',#2693,#2591,#362,.T.);
#2320=EDGE_CURVE('',#2694,#2590,#363,.T.);
#2321=EDGE_CURVE('',#2694,#2695,#364,.T.);
#2322=EDGE_CURVE('',#2695,#2688,#365,.T.);
#2323=EDGE_CURVE('',#2690,#2696,#366,.T.);
#2324=EDGE_CURVE('',#2670,#2696,#367,.T.);
#2325=EDGE_CURVE('',#2683,#2697,#368,.T.);
#2326=EDGE_CURVE('',#2691,#2697,#369,.T.);
#2327=EDGE_CURVE('',#2698,#2614,#370,.T.);
#2328=EDGE_CURVE('',#2678,#2698,#371,.T.);
#2329=EDGE_CURVE('',#2677,#2699,#372,.T.);
#2330=EDGE_CURVE('',#2614,#2699,#373,.T.);
#2331=EDGE_CURVE('',#2643,#2700,#374,.T.);
#2332=EDGE_CURVE('',#2700,#2641,#375,.T.);
#2333=EDGE_CURVE('',#2635,#2701,#376,.T.);
#2334=EDGE_CURVE('',#2701,#2660,#377,.T.);
#2335=EDGE_CURVE('',#2650,#2675,#378,.T.);
#2336=EDGE_CURVE('',#2649,#2669,#379,.T.);
#2337=EDGE_CURVE('',#2702,#2703,#380,.T.);
#2338=EDGE_CURVE('',#2656,#2702,#381,.T.);
#2339=EDGE_CURVE('',#2661,#2703,#382,.T.);
#2340=EDGE_CURVE('',#2662,#2702,#383,.T.);
#2341=EDGE_CURVE('',#2701,#2703,#384,.T.);
#2342=EDGE_CURVE('',#2704,#2666,#385,.T.);
#2343=EDGE_CURVE('',#2704,#2705,#386,.T.);
#2344=EDGE_CURVE('',#2705,#2665,#387,.T.);
#2345=EDGE_CURVE('',#2705,#2700,#388,.T.);
#2346=EDGE_CURVE('',#2644,#2667,#389,.T.);
#2347=EDGE_CURVE('',#2653,#2668,#390,.T.);
#2348=EDGE_CURVE('',#2704,#2654,#391,.T.);
#2349=EDGE_CURVE('',#2700,#2632,#392,.T.);
#2350=EDGE_CURVE('',#2641,#2662,#393,.T.);
#2351=EDGE_CURVE('',#2654,#2635,#394,.T.);
#2352=EDGE_CURVE('',#2642,#2701,#395,.T.);
#2353=EDGE_CURVE('',#2595,#2698,#396,.T.);
#2354=EDGE_CURVE('',#2596,#2618,#397,.T.);
#2355=EDGE_CURVE('',#2587,#2617,#398,.T.);
#2356=EDGE_CURVE('',#2620,#2706,#399,.T.);
#2357=EDGE_CURVE('',#2676,#2706,#400,.T.);
#2358=EDGE_CURVE('',#2706,#2699,#401,.T.);
#2359=EDGE_CURVE('',#2688,#2707,#402,.T.);
#2360=EDGE_CURVE('',#2707,#2605,#403,.T.);
#2361=EDGE_CURVE('',#2707,#2583,#404,.T.);
#2362=EDGE_CURVE('',#2708,#2708,#2811,.T.);
#2363=EDGE_CURVE('',#2709,#2710,#2812,.T.);
#2364=EDGE_CURVE('',#2604,#2709,#405,.T.);
#2365=EDGE_CURVE('',#2603,#2711,#406,.T.);
#2366=EDGE_CURVE('',#2712,#2711,#2813,.T.);
#2367=EDGE_CURVE('',#2710,#2712,#407,.T.);
#2368=EDGE_CURVE('',#2713,#2695,#408,.T.);
#2369=EDGE_CURVE('',#2713,#2588,#409,.T.);
#2370=EDGE_CURVE('',#2714,#2616,#410,.T.);
#2371=EDGE_CURVE('',#2714,#2597,#411,.T.);
#2372=EDGE_CURVE('',#2578,#2715,#412,.T.);
#2373=EDGE_CURVE('',#2715,#2716,#413,.T.);
#2374=EDGE_CURVE('',#2576,#2716,#414,.T.);
#2375=EDGE_CURVE('',#2602,#2717,#415,.T.);
#2376=EDGE_CURVE('',#2718,#2709,#416,.T.);
#2377=EDGE_CURVE('',#2718,#2719,#417,.T.);
#2378=EDGE_CURVE('',#2719,#2715,#418,.T.);
#2379=EDGE_CURVE('',#2611,#2717,#419,.T.);
#2380=EDGE_CURVE('',#2601,#2720,#420,.T.);
#2381=EDGE_CURVE('',#2612,#2720,#421,.T.);
#2382=EDGE_CURVE('',#2721,#2716,#422,.T.);
#2383=EDGE_CURVE('',#2722,#2721,#423,.T.);
#2384=EDGE_CURVE('',#2722,#2711,#424,.T.);
#2385=EDGE_CURVE('',#2710,#2723,#425,.F.);
#2386=EDGE_CURVE('',#2724,#2712,#426,.T.);
#2387=EDGE_CURVE('',#2724,#2721,#427,.T.);
#2388=EDGE_CURVE('',#2719,#2723,#428,.T.);
#2389=EDGE_CURVE('',#2724,#2722,#2814,.T.);
#2390=EDGE_CURVE('',#2718,#2723,#2815,.T.);
#2391=EDGE_CURVE('',#2725,#2725,#2816,.T.);
#2392=EDGE_CURVE('',#2726,#2598,#429,.T.);
#2393=EDGE_CURVE('',#2615,#2726,#430,.T.);
#2394=EDGE_CURVE('',#2714,#2726,#431,.T.);
#2395=EDGE_CURVE('',#2727,#2727,#2817,.T.);
#2396=EDGE_CURVE('',#2682,#2728,#432,.T.);
#2397=EDGE_CURVE('',#2728,#2697,#433,.T.);
#2398=EDGE_CURVE('',#2692,#2728,#434,.T.);
#2399=EDGE_CURVE('',#2729,#2729,#2818,.T.);
#2400=EDGE_CURVE('',#2730,#2696,#435,.T.);
#2401=EDGE_CURVE('',#2671,#2730,#436,.T.);
#2402=EDGE_CURVE('',#2689,#2730,#437,.T.);
#2403=EDGE_CURVE('',#2731,#2731,#2819,.T.);
#2404=EDGE_CURVE('',#2732,#2592,#438,.T.);
#2405=EDGE_CURVE('',#2679,#2732,#439,.T.);
#2406=EDGE_CURVE('',#2693,#2732,#440,.T.);
#2407=EDGE_CURVE('',#2733,#2733,#2820,.T.);
#2408=EDGE_CURVE('',#2713,#2734,#441,.T.);
#2409=EDGE_CURVE('',#2734,#2589,#442,.T.);
#2410=EDGE_CURVE('',#2694,#2734,#443,.T.);
#2411=EDGE_CURVE('',#2720,#2735,#444,.T.);
#2412=EDGE_CURVE('',#2735,#2613,#445,.T.);
#2413=EDGE_CURVE('',#2736,#2579,#446,.T.);
#2414=EDGE_CURVE('',#2736,#2610,#447,.T.);
#2415=EDGE_CURVE('',#2736,#2717,#448,.T.);
#2416=EDGE_CURVE('',#2735,#2580,#449,.T.);
#2417=VERTEX_POINT('',#4930);
#2418=VERTEX_POINT('',#4932);
#2419=VERTEX_POINT('',#4935);
#2420=VERTEX_POINT('',#4938);
#2421=VERTEX_POINT('',#4939);
#2422=VERTEX_POINT('',#4941);
#2423=VERTEX_POINT('',#4943);
#2424=VERTEX_POINT('',#4945);
#2425=VERTEX_POINT('',#4947);
#2426=VERTEX_POINT('',#4949);
#2427=VERTEX_POINT('',#4951);
#2428=VERTEX_POINT('',#4953);
#2429=VERTEX_POINT('',#4955);
#2430=VERTEX_POINT('',#4959);
#2431=VERTEX_POINT('',#4961);
#2432=VERTEX_POINT('',#4965);
#2433=VERTEX_POINT('',#4969);
#2434=VERTEX_POINT('',#4973);
#2435=VERTEX_POINT('',#4977);
#2436=VERTEX_POINT('',#4981);
#2437=VERTEX_POINT('',#4985);
#2438=VERTEX_POINT('',#4989);
#2439=VERTEX_POINT('',#4993);
#2440=VERTEX_POINT('',#4999);
#2441=VERTEX_POINT('',#5001);
#2442=VERTEX_POINT('',#5004);
#2443=VERTEX_POINT('',#5008);
#2444=VERTEX_POINT('',#5012);
#2445=VERTEX_POINT('',#5017);
#2446=VERTEX_POINT('',#5018);
#2447=VERTEX_POINT('',#5020);
#2448=VERTEX_POINT('',#5022);
#2449=VERTEX_POINT('',#5024);
#2450=VERTEX_POINT('',#5026);
#2451=VERTEX_POINT('',#5028);
#2452=VERTEX_POINT('',#5030);
#2453=VERTEX_POINT('',#5034);
#2454=VERTEX_POINT('',#5035);
#2455=VERTEX_POINT('',#5037);
#2456=VERTEX_POINT('',#5039);
#2457=VERTEX_POINT('',#5041);
#2458=VERTEX_POINT('',#5044);
#2459=VERTEX_POINT('',#5048);
#2460=VERTEX_POINT('',#5050);
#2461=VERTEX_POINT('',#5052);
#2462=VERTEX_POINT('',#5054);
#2463=VERTEX_POINT('',#5056);
#2464=VERTEX_POINT('',#5058);
#2465=VERTEX_POINT('',#5062);
#2466=VERTEX_POINT('',#5063);
#2467=VERTEX_POINT('',#5065);
#2468=VERTEX_POINT('',#5069);
#2469=VERTEX_POINT('',#5073);
#2470=VERTEX_POINT('',#5076);
#2471=VERTEX_POINT('',#5078);
#2472=VERTEX_POINT('',#5080);
#2473=VERTEX_POINT('',#5082);
#2474=VERTEX_POINT('',#5084);
#2475=VERTEX_POINT('',#5087);
#2476=VERTEX_POINT('',#5090);
#2477=VERTEX_POINT('',#5093);
#2478=VERTEX_POINT('',#5097);
#2479=VERTEX_POINT('',#5100);
#2480=VERTEX_POINT('',#5103);
#2481=VERTEX_POINT('',#5106);
#2482=VERTEX_POINT('',#5107);
#2483=VERTEX_POINT('',#5109);
#2484=VERTEX_POINT('',#5111);
#2485=VERTEX_POINT('',#5115);
#2486=VERTEX_POINT('',#5116);
#2487=VERTEX_POINT('',#5121);
#2488=VERTEX_POINT('',#5122);
#2489=VERTEX_POINT('',#5127);
#2490=VERTEX_POINT('',#5129);
#2491=VERTEX_POINT('',#5133);
#2492=VERTEX_POINT('',#5134);
#2493=VERTEX_POINT('',#5136);
#2494=VERTEX_POINT('',#5138);
#2495=VERTEX_POINT('',#5156);
#2496=VERTEX_POINT('',#5160);
#2497=VERTEX_POINT('',#5165);
#2498=VERTEX_POINT('',#5169);
#2499=VERTEX_POINT('',#5174);
#2500=VERTEX_POINT('',#5178);
#2501=VERTEX_POINT('',#5183);
#2502=VERTEX_POINT('',#5187);
#2503=VERTEX_POINT('',#5197);
#2504=VERTEX_POINT('',#5198);
#2505=VERTEX_POINT('',#5200);
#2506=VERTEX_POINT('',#5202);
#2507=VERTEX_POINT('',#5204);
#2508=VERTEX_POINT('',#5206);
#2509=VERTEX_POINT('',#5208);
#2510=VERTEX_POINT('',#5210);
#2511=VERTEX_POINT('',#5212);
#2512=VERTEX_POINT('',#5214);
#2513=VERTEX_POINT('',#5218);
#2514=VERTEX_POINT('',#5219);
#2515=VERTEX_POINT('',#5221);
#2516=VERTEX_POINT('',#5229);
#2517=VERTEX_POINT('',#5230);
#2518=VERTEX_POINT('',#5232);
#2519=VERTEX_POINT('',#5236);
#2520=VERTEX_POINT('',#5237);
#2521=VERTEX_POINT('',#5239);
#2522=VERTEX_POINT('',#5243);
#2523=VERTEX_POINT('',#5245);
#2524=VERTEX_POINT('',#5248);
#2525=VERTEX_POINT('',#5250);
#2526=VERTEX_POINT('',#5254);
#2527=VERTEX_POINT('',#5255);
#2528=VERTEX_POINT('',#5257);
#2529=VERTEX_POINT('',#5259);
#2530=VERTEX_POINT('',#5263);
#2531=VERTEX_POINT('',#5264);
#2532=VERTEX_POINT('',#5266);
#2533=VERTEX_POINT('',#5293);
#2534=VERTEX_POINT('',#5302);
#2535=VERTEX_POINT('',#5303);
#2536=VERTEX_POINT('',#5305);
#2537=VERTEX_POINT('',#5307);
#2538=VERTEX_POINT('',#5311);
#2539=VERTEX_POINT('',#5313);
#2540=VERTEX_POINT('',#5317);
#2541=VERTEX_POINT('',#5319);
#2542=VERTEX_POINT('',#5326);
#2543=VERTEX_POINT('',#5329);
#2544=VERTEX_POINT('',#5334);
#2545=VERTEX_POINT('',#5335);
#2546=VERTEX_POINT('',#5337);
#2547=VERTEX_POINT('',#5339);
#2548=VERTEX_POINT('',#5343);
#2549=VERTEX_POINT('',#5345);
#2550=VERTEX_POINT('',#5349);
#2551=VERTEX_POINT('',#5351);
#2552=VERTEX_POINT('',#5358);
#2553=VERTEX_POINT('',#5360);
#2554=VERTEX_POINT('',#5362);
#2555=VERTEX_POINT('',#5365);
#2556=VERTEX_POINT('',#5367);
#2557=VERTEX_POINT('',#5369);
#2558=VERTEX_POINT('',#5376);
#2559=VERTEX_POINT('',#5378);
#2560=VERTEX_POINT('',#5381);
#2561=VERTEX_POINT('',#5385);
#2562=VERTEX_POINT('',#5386);
#2563=VERTEX_POINT('',#5388);
#2564=VERTEX_POINT('',#5390);
#2565=VERTEX_POINT('',#5400);
#2566=VERTEX_POINT('',#5401);
#2567=VERTEX_POINT('',#5403);
#2568=VERTEX_POINT('',#5405);
#2569=VERTEX_POINT('',#5409);
#2570=VERTEX_POINT('',#5411);
#2571=VERTEX_POINT('',#5415);
#2572=VERTEX_POINT('',#5417);
#2573=VERTEX_POINT('',#5424);
#2574=VERTEX_POINT('',#5427);
#2575=VERTEX_POINT('',#5432);
#2576=VERTEX_POINT('',#5433);
#2577=VERTEX_POINT('',#5435);
#2578=VERTEX_POINT('',#5437);
#2579=VERTEX_POINT('',#5441);
#2580=VERTEX_POINT('',#5442);
#2581=VERTEX_POINT('',#5444);
#2582=VERTEX_POINT('',#5446);
#2583=VERTEX_POINT('',#5448);
#2584=VERTEX_POINT('',#5450);
#2585=VERTEX_POINT('',#5452);
#2586=VERTEX_POINT('',#5454);
#2587=VERTEX_POINT('',#5458);
#2588=VERTEX_POINT('',#5459);
#2589=VERTEX_POINT('',#5461);
#2590=VERTEX_POINT('',#5463);
#2591=VERTEX_POINT('',#5465);
#2592=VERTEX_POINT('',#5467);
#2593=VERTEX_POINT('',#5469);
#2594=VERTEX_POINT('',#5471);
#2595=VERTEX_POINT('',#5473);
#2596=VERTEX_POINT('',#5475);
#2597=VERTEX_POINT('',#5479);
#2598=VERTEX_POINT('',#5481);
#2599=VERTEX_POINT('',#5483);
#2600=VERTEX_POINT('',#5485);
#2601=VERTEX_POINT('',#5489);
#2602=VERTEX_POINT('',#5490);
#2603=VERTEX_POINT('',#5492);
#2604=VERTEX_POINT('',#5494);
#2605=VERTEX_POINT('',#5498);
#2606=VERTEX_POINT('',#5499);
#2607=VERTEX_POINT('',#5501);
#2608=VERTEX_POINT('',#5503);
#2609=VERTEX_POINT('',#5505);
#2610=VERTEX_POINT('',#5510);
#2611=VERTEX_POINT('',#5512);
#2612=VERTEX_POINT('',#5515);
#2613=VERTEX_POINT('',#5517);
#2614=VERTEX_POINT('',#5522);
#2615=VERTEX_POINT('',#5524);
#2616=VERTEX_POINT('',#5526);
#2617=VERTEX_POINT('',#5528);
#2618=VERTEX_POINT('',#5530);
#2619=VERTEX_POINT('',#5534);
#2620=VERTEX_POINT('',#5535);
#2621=VERTEX_POINT('',#5537);
#2622=VERTEX_POINT('',#5539);
#2623=VERTEX_POINT('',#5541);
#2624=VERTEX_POINT('',#5543);
#2625=VERTEX_POINT('',#5545);
#2626=VERTEX_POINT('',#5547);
#2627=VERTEX_POINT('',#5551);
#2628=VERTEX_POINT('',#5552);
#2629=VERTEX_POINT('',#5554);
#2630=VERTEX_POINT('',#5556);
#2631=VERTEX_POINT('',#5560);
#2632=VERTEX_POINT('',#5561);
#2633=VERTEX_POINT('',#5564);
#2634=VERTEX_POINT('',#5566);
#2635=VERTEX_POINT('',#5570);
#2636=VERTEX_POINT('',#5572);
#2637=VERTEX_POINT('',#5574);
#2638=VERTEX_POINT('',#5576);
#2639=VERTEX_POINT('',#5580);
#2640=VERTEX_POINT('',#5581);
#2641=VERTEX_POINT('',#5586);
#2642=VERTEX_POINT('',#5590);
#2643=VERTEX_POINT('',#5594);
#2644=VERTEX_POINT('',#5595);
#2645=VERTEX_POINT('',#5597);
#2646=VERTEX_POINT('',#5599);
#2647=VERTEX_POINT('',#5603);
#2648=VERTEX_POINT('',#5605);
#2649=VERTEX_POINT('',#5607);
#2650=VERTEX_POINT('',#5609);
#2651=VERTEX_POINT('',#5611);
#2652=VERTEX_POINT('',#5614);
#2653=VERTEX_POINT('',#5616);
#2654=VERTEX_POINT('',#5620);
#2655=VERTEX_POINT('',#5624);
#2656=VERTEX_POINT('',#5625);
#2657=VERTEX_POINT('',#5627);
#2658=VERTEX_POINT('',#5629);
#2659=VERTEX_POINT('',#5631);
#2660=VERTEX_POINT('',#5634);
#2661=VERTEX_POINT('',#5636);
#2662=VERTEX_POINT('',#5641);
#2663=VERTEX_POINT('',#5645);
#2664=VERTEX_POINT('',#5647);
#2665=VERTEX_POINT('',#5651);
#2666=VERTEX_POINT('',#5652);
#2667=VERTEX_POINT('',#5654);
#2668=VERTEX_POINT('',#5656);
#2669=VERTEX_POINT('',#5660);
#2670=VERTEX_POINT('',#5662);
#2671=VERTEX_POINT('',#5664);
#2672=VERTEX_POINT('',#5666);
#2673=VERTEX_POINT('',#5668);
#2674=VERTEX_POINT('',#5671);
#2675=VERTEX_POINT('',#5673);
#2676=VERTEX_POINT('',#5681);
#2677=VERTEX_POINT('',#5683);
#2678=VERTEX_POINT('',#5685);
#2679=VERTEX_POINT('',#5688);
#2680=VERTEX_POINT('',#5690);
#2681=VERTEX_POINT('',#5692);
#2682=VERTEX_POINT('',#5694);
#2683=VERTEX_POINT('',#5696);
#2684=VERTEX_POINT('',#5702);
#2685=VERTEX_POINT('',#5704);
#2686=VERTEX_POINT('',#5706);
#2687=VERTEX_POINT('',#5708);
#2688=VERTEX_POINT('',#5710);
#2689=VERTEX_POINT('',#5712);
#2690=VERTEX_POINT('',#5714);
#2691=VERTEX_POINT('',#5716);
#2692=VERTEX_POINT('',#5718);
#2693=VERTEX_POINT('',#5721);
#2694=VERTEX_POINT('',#5724);
#2695=VERTEX_POINT('',#5726);
#2696=VERTEX_POINT('',#5730);
#2697=VERTEX_POINT('',#5733);
#2698=VERTEX_POINT('',#5737);
#2699=VERTEX_POINT('',#5740);
#2700=VERTEX_POINT('',#5744);
#2701=VERTEX_POINT('',#5748);
#2702=VERTEX_POINT('',#5757);
#2703=VERTEX_POINT('',#5758);
#2704=VERTEX_POINT('',#5768);
#2705=VERTEX_POINT('',#5770);
#2706=VERTEX_POINT('',#5795);
#2707=VERTEX_POINT('',#5802);
#2708=VERTEX_POINT('',#5808);
#2709=VERTEX_POINT('',#5810);
#2710=VERTEX_POINT('',#5811);
#2711=VERTEX_POINT('',#5814);
#2712=VERTEX_POINT('',#5816);
#2713=VERTEX_POINT('',#5819);
#2714=VERTEX_POINT('',#5822);
#2715=VERTEX_POINT('',#5826);
#2716=VERTEX_POINT('',#5828);
#2717=VERTEX_POINT('',#5832);
#2718=VERTEX_POINT('',#5834);
#2719=VERTEX_POINT('',#5836);
#2720=VERTEX_POINT('',#5841);
#2721=VERTEX_POINT('',#5844);
#2722=VERTEX_POINT('',#5846);
#2723=VERTEX_POINT('',#5850);
#2724=VERTEX_POINT('',#5852);
#2725=VERTEX_POINT('',#5863);
#2726=VERTEX_POINT('',#5865);
#2727=VERTEX_POINT('',#5873);
#2728=VERTEX_POINT('',#5875);
#2729=VERTEX_POINT('',#5882);
#2730=VERTEX_POINT('',#5884);
#2731=VERTEX_POINT('',#5891);
#2732=VERTEX_POINT('',#5893);
#2733=VERTEX_POINT('',#5900);
#2734=VERTEX_POINT('',#5902);
#2735=VERTEX_POINT('',#5913);
#2736=VERTEX_POINT('',#5917);
#2737=CIRCLE('',#3669,0.007);
#2738=CIRCLE('',#3670,0.007);
#2739=CIRCLE('',#3672,0.0025);
#2740=CIRCLE('',#3674,0.0065);
#2741=CIRCLE('',#3680,0.0065);
#2742=CIRCLE('',#3687,0.007);
#2743=CIRCLE('',#3688,0.007);
#2744=CIRCLE('',#3690,0.0025);
#2745=CIRCLE('',#3693,0.0025);
#2746=CIRCLE('',#3696,0.0025);
#2747=CIRCLE('',#3704,0.00234536740683466);
#2748=CIRCLE('',#3706,0.00105);
#2749=CIRCLE('',#3707,0.00105);
#2750=CIRCLE('',#3708,0.00105);
#2751=CIRCLE('',#3709,0.00105);
#2752=CIRCLE('',#3711,0.00234536740683466);
#2753=CIRCLE('',#3713,0.00223227489119315);
#2754=CIRCLE('',#3715,0.00223227489119315);
#2755=CIRCLE('',#3722,0.001);
#2756=CIRCLE('',#3724,0.001);
#2757=CIRCLE('',#3726,0.001);
#2758=CIRCLE('',#3729,0.001);
#2759=CIRCLE('',#3737,0.00105);
#2760=CIRCLE('',#3741,0.00105);
#2761=CIRCLE('',#3745,0.00105);
#2762=CIRCLE('',#3749,0.00105);
#2763=CIRCLE('',#3757,0.00405);
#2764=CIRCLE('',#3758,0.00405);
#2765=CIRCLE('',#3759,0.00405);
#2766=CIRCLE('',#3760,0.00405);
#2767=CIRCLE('',#3761,0.00405);
#2768=CIRCLE('',#3762,0.00405);
#2769=CIRCLE('',#3763,0.00405);
#2770=CIRCLE('',#3764,0.00405);
#2771=CIRCLE('',#3766,0.00465);
#2772=CIRCLE('',#3769,0.00465);
#2773=CIRCLE('',#3771,0.00465);
#2774=CIRCLE('',#3773,0.00255);
#2775=CIRCLE('',#3774,0.00255);
#2776=CIRCLE('',#3776,0.00305);
#2777=CIRCLE('',#3777,0.00305);
#2778=CIRCLE('',#3781,0.00465);
#2779=CIRCLE('',#3788,0.00465);
#2780=CIRCLE('',#3790,0.00465);
#2781=CIRCLE('',#3792,0.00465);
#2782=CIRCLE('',#3794,0.00465);
#2783=CIRCLE('',#3795,0.00465);
#2784=CIRCLE('',#3805,0.00285);
#2785=CIRCLE('',#3807,0.00285);
#2786=CIRCLE('',#3815,0.001);
#2787=CIRCLE('',#3816,0.001);
#2788=CIRCLE('',#3817,0.001);
#2789=CIRCLE('',#3819,0.001);
#2790=CIRCLE('',#3820,0.001);
#2791=CIRCLE('',#3821,0.001);
#2792=CIRCLE('',#3827,0.018);
#2793=CIRCLE('',#3828,0.018);
#2794=CIRCLE('',#3830,0.004);
#2795=CIRCLE('',#3833,0.004);
#2796=CIRCLE('',#3834,0.004);
#2797=CIRCLE('',#3844,0.00285);
#2798=CIRCLE('',#3846,0.00285);
#2799=CIRCLE('',#3858,0.038863390475898);
#2800=CIRCLE('',#3859,0.038863390475898);
#2801=CIRCLE('',#3860,0.038863390475898);
#2802=CIRCLE('',#3861,0.038863390475898);
#2803=CIRCLE('',#3871,0.040027521172216);
#2804=CIRCLE('',#3872,0.040027521172216);
#2805=CIRCLE('',#3873,0.040027521172216);
#2806=CIRCLE('',#3874,0.040027521172216);
#2807=CIRCLE('',#3882,0.00105);
#2808=CIRCLE('',#3883,0.00105);
#2809=CIRCLE('',#3884,0.00105);
#2810=CIRCLE('',#3885,0.00105);
#2811=CIRCLE('',#3914,0.001);
#2812=CIRCLE('',#3915,0.001);
#2813=CIRCLE('',#3916,0.001);
#2814=CIRCLE('',#3922,0.001);
#2815=CIRCLE('',#3925,0.001);
#2816=CIRCLE('',#3928,0.001);
#2817=CIRCLE('',#3933,0.00105);
#2818=CIRCLE('',#3937,0.00105);
#2819=CIRCLE('',#3941,0.00105);
#2820=CIRCLE('',#3945,0.00105);
#2821=EDGE_LOOP('',(#995));
#2822=EDGE_LOOP('',(#996));
#2823=EDGE_LOOP('',(#997));
#2824=EDGE_LOOP('',(#998));
#2825=EDGE_LOOP('',(#999,#1000,#1001,#1002,#1003,#1004,#1005,#1006,#1007,
#1008));
#2826=EDGE_LOOP('',(#1009));
#2827=EDGE_LOOP('',(#1010,#1011,#1012,#1013));
#2828=EDGE_LOOP('',(#1014,#1015,#1016,#1017));
#2829=EDGE_LOOP('',(#1018,#1019,#1020,#1021));
#2830=EDGE_LOOP('',(#1022,#1023,#1024,#1025));
#2831=EDGE_LOOP('',(#1026,#1027,#1028,#1029));
#2832=EDGE_LOOP('',(#1030,#1031,#1032,#1033));
#2833=EDGE_LOOP('',(#1034,#1035,#1036,#1037));
#2834=EDGE_LOOP('',(#1038,#1039,#1040,#1041));
#2835=EDGE_LOOP('',(#1042,#1043,#1044,#1045));
#2836=EDGE_LOOP('',(#1046,#1047,#1048,#1049));
#2837=EDGE_LOOP('',(#1050));
#2838=EDGE_LOOP('',(#1051));
#2839=EDGE_LOOP('',(#1052));
#2840=EDGE_LOOP('',(#1053));
#2841=EDGE_LOOP('',(#1054,#1055,#1056,#1057,#1058,#1059,#1060,#1061,#1062,
#1063));
#2842=EDGE_LOOP('',(#1064));
#2843=EDGE_LOOP('',(#1065));
#2844=EDGE_LOOP('',(#1066));
#2845=EDGE_LOOP('',(#1067));
#2846=EDGE_LOOP('',(#1068));
#2847=EDGE_LOOP('',(#1069));
#2848=EDGE_LOOP('',(#1070));
#2849=EDGE_LOOP('',(#1071,#1072,#1073,#1074,#1075,#1076,#1077,#1078));
#2850=EDGE_LOOP('',(#1079,#1080,#1081,#1082,#1083,#1084,#1085,#1086));
#2851=EDGE_LOOP('',(#1087,#1088,#1089,#1090,#1091,#1092,#1093,#1094));
#2852=EDGE_LOOP('',(#1095,#1096,#1097,#1098,#1099,#1100,#1101,#1102));
#2853=EDGE_LOOP('',(#1103));
#2854=EDGE_LOOP('',(#1104,#1105,#1106,#1107));
#2855=EDGE_LOOP('',(#1108));
#2856=EDGE_LOOP('',(#1109));
#2857=EDGE_LOOP('',(#1110));
#2858=EDGE_LOOP('',(#1111));
#2859=EDGE_LOOP('',(#1112,#1113,#1114,#1115,#1116,#1117,#1118,#1119,#1120,
#1121,#1122,#1123));
#2860=EDGE_LOOP('',(#1124));
#2861=EDGE_LOOP('',(#1125));
#2862=EDGE_LOOP('',(#1126));
#2863=EDGE_LOOP('',(#1127));
#2864=EDGE_LOOP('',(#1128));
#2865=EDGE_LOOP('',(#1129));
#2866=EDGE_LOOP('',(#1130,#1131,#1132,#1133));
#2867=EDGE_LOOP('',(#1134,#1135,#1136,#1137));
#2868=EDGE_LOOP('',(#1138,#1139,#1140,#1141));
#2869=EDGE_LOOP('',(#1142,#1143,#1144,#1145));
#2870=EDGE_LOOP('',(#1146,#1147,#1148,#1149));
#2871=EDGE_LOOP('',(#1150));
#2872=EDGE_LOOP('',(#1151,#1152,#1153,#1154,#1155));
#2873=EDGE_LOOP('',(#1156,#1157,#1158,#1159));
#2874=EDGE_LOOP('',(#1160,#1161,#1162,#1163));
#2875=EDGE_LOOP('',(#1164,#1165,#1166));
#2876=EDGE_LOOP('',(#1167,#1168,#1169,#1170));
#2877=EDGE_LOOP('',(#1171,#1172,#1173,#1174));
#2878=EDGE_LOOP('',(#1175,#1176,#1177,#1178));
#2879=EDGE_LOOP('',(#1179,#1180,#1181,#1182));
#2880=EDGE_LOOP('',(#1183));
#2881=EDGE_LOOP('',(#1184,#1185,#1186,#1187));
#2882=EDGE_LOOP('',(#1188,#1189,#1190,#1191));
#2883=EDGE_LOOP('',(#1192,#1193,#1194,#1195));
#2884=EDGE_LOOP('',(#1196));
#2885=EDGE_LOOP('',(#1197,#1198,#1199,#1200));
#2886=EDGE_LOOP('',(#1201,#1202,#1203,#1204));
#2887=EDGE_LOOP('',(#1205,#1206,#1207,#1208));
#2888=EDGE_LOOP('',(#1209));
#2889=EDGE_LOOP('',(#1210,#1211,#1212,#1213));
#2890=EDGE_LOOP('',(#1214,#1215,#1216,#1217));
#2891=EDGE_LOOP('',(#1218,#1219,#1220,#1221));
#2892=EDGE_LOOP('',(#1222));
#2893=EDGE_LOOP('',(#1223,#1224,#1225,#1226));
#2894=EDGE_LOOP('',(#1227,#1228,#1229,#1230));
#2895=EDGE_LOOP('',(#1231));
#2896=EDGE_LOOP('',(#1232));
#2897=EDGE_LOOP('',(#1233));
#2898=EDGE_LOOP('',(#1234));
#2899=EDGE_LOOP('',(#1235));
#2900=EDGE_LOOP('',(#1236));
#2901=EDGE_LOOP('',(#1237));
#2902=EDGE_LOOP('',(#1238));
#2903=EDGE_LOOP('',(#1239,#1240,#1241,#1242,#1243,#1244,#1245,#1246,#1247,
#1248));
#2904=EDGE_LOOP('',(#1249,#1250,#1251));
#2905=EDGE_LOOP('',(#1252,#1253,#1254,#1255,#1256,#1257));
#2906=EDGE_LOOP('',(#1258,#1259,#1260));
#2907=EDGE_LOOP('',(#1261,#1262,#1263));
#2908=EDGE_LOOP('',(#1264));
#2909=EDGE_LOOP('',(#1265));
#2910=EDGE_LOOP('',(#1266));
#2911=EDGE_LOOP('',(#1267));
#2912=EDGE_LOOP('',(#1268));
#2913=EDGE_LOOP('',(#1269));
#2914=EDGE_LOOP('',(#1270));
#2915=EDGE_LOOP('',(#1271,#1272,#1273,#1274));
#2916=EDGE_LOOP('',(#1275,#1276,#1277));
#2917=EDGE_LOOP('',(#1278,#1279,#1280,#1281,#1282,#1283));
#2918=EDGE_LOOP('',(#1284,#1285,#1286,#1287,#1288,#1289,#1290,#1291));
#2919=EDGE_LOOP('',(#1292,#1293,#1294,#1295,#1296,#1297,#1298,#1299));
#2920=EDGE_LOOP('',(#1300,#1301,#1302,#1303,#1304,#1305,#1306,#1307));
#2921=EDGE_LOOP('',(#1308));
#2922=EDGE_LOOP('',(#1309,#1310,#1311,#1312));
#2923=EDGE_LOOP('',(#1313,#1314,#1315,#1316,#1317,#1318));
#2924=EDGE_LOOP('',(#1319,#1320,#1321,#1322));
#2925=EDGE_LOOP('',(#1323));
#2926=EDGE_LOOP('',(#1324,#1325,#1326,#1327,#1328,#1329,#1330,#1331));
#2927=EDGE_LOOP('',(#1332,#1333));
#2928=EDGE_LOOP('',(#1334));
#2929=EDGE_LOOP('',(#1335,#1336));
#2930=EDGE_LOOP('',(#1337,#1338,#1339,#1340));
#2931=EDGE_LOOP('',(#1341,#1342,#1343,#1344));
#2932=EDGE_LOOP('',(#1345,#1346,#1347,#1348));
#2933=EDGE_LOOP('',(#1349,#1350,#1351,#1352));
#2934=EDGE_LOOP('',(#1353,#1354,#1355,#1356));
#2935=EDGE_LOOP('',(#1357));
#2936=EDGE_LOOP('',(#1358,#1359,#1360,#1361));
#2937=EDGE_LOOP('',(#1362));
#2938=EDGE_LOOP('',(#1363,#1364,#1365,#1366));
#2939=EDGE_LOOP('',(#1367));
#2940=EDGE_LOOP('',(#1368));
#2941=EDGE_LOOP('',(#1369,#1370,#1371,#1372));
#2942=EDGE_LOOP('',(#1373,#1374,#1375,#1376));
#2943=EDGE_LOOP('',(#1377,#1378,#1379,#1380));
#2944=EDGE_LOOP('',(#1381,#1382,#1383,#1384));
#2945=EDGE_LOOP('',(#1385));
#2946=EDGE_LOOP('',(#1386));
#2947=EDGE_LOOP('',(#1387));
#2948=EDGE_LOOP('',(#1388,#1389,#1390,#1391));
#2949=EDGE_LOOP('',(#1392));
#2950=EDGE_LOOP('',(#1393));
#2951=EDGE_LOOP('',(#1394));
#2952=EDGE_LOOP('',(#1395,#1396,#1397,#1398));
#2953=EDGE_LOOP('',(#1399));
#2954=EDGE_LOOP('',(#1400));
#2955=EDGE_LOOP('',(#1401));
#2956=EDGE_LOOP('',(#1402));
#2957=EDGE_LOOP('',(#1403));
#2958=EDGE_LOOP('',(#1404));
#2959=EDGE_LOOP('',(#1405));
#2960=EDGE_LOOP('',(#1406));
#2961=EDGE_LOOP('',(#1407));
#2962=EDGE_LOOP('',(#1408));
#2963=EDGE_LOOP('',(#1409));
#2964=EDGE_LOOP('',(#1410,#1411,#1412,#1413));
#2965=EDGE_LOOP('',(#1414));
#2966=EDGE_LOOP('',(#1415,#1416));
#2967=EDGE_LOOP('',(#1417,#1418,#1419,#1420));
#2968=EDGE_LOOP('',(#1421,#1422));
#2969=EDGE_LOOP('',(#1423,#1424,#1425,#1426));
#2970=EDGE_LOOP('',(#1427,#1428,#1429,#1430));
#2971=EDGE_LOOP('',(#1431,#1432,#1433,#1434));
#2972=EDGE_LOOP('',(#1435,#1436,#1437,#1438));
#2973=EDGE_LOOP('',(#1439));
#2974=EDGE_LOOP('',(#1440,#1441,#1442,#1443));
#2975=EDGE_LOOP('',(#1444));
#2976=EDGE_LOOP('',(#1445,#1446,#1447,#1448));
#2977=EDGE_LOOP('',(#1449));
#2978=EDGE_LOOP('',(#1450));
#2979=EDGE_LOOP('',(#1451,#1452,#1453,#1454));
#2980=EDGE_LOOP('',(#1455,#1456,#1457,#1458,#1459,#1460,#1461,#1462));
#2981=EDGE_LOOP('',(#1463,#1464,#1465,#1466,#1467,#1468,#1469,#1470,#1471,
#1472));
#2982=EDGE_LOOP('',(#1473,#1474,#1475,#1476,#1477,#1478));
#2983=EDGE_LOOP('',(#1479,#1480,#1481,#1482));
#2984=EDGE_LOOP('',(#1483,#1484,#1485,#1486,#1487));
#2985=EDGE_LOOP('',(#1488,#1489,#1490,#1491,#1492,#1493,#1494,#1495,#1496,
#1497,#1498,#1499,#1500));
#2986=EDGE_LOOP('',(#1501,#1502,#1503,#1504,#1505,#1506,#1507,#1508));
#2987=EDGE_LOOP('',(#1509,#1510,#1511,#1512,#1513,#1514,#1515,#1516));
#2988=EDGE_LOOP('',(#1517,#1518,#1519,#1520));
#2989=EDGE_LOOP('',(#1521,#1522,#1523,#1524,#1525,#1526));
#2990=EDGE_LOOP('',(#1527,#1528,#1529,#1530,#1531,#1532));
#2991=EDGE_LOOP('',(#1533,#1534,#1535,#1536));
#2992=EDGE_LOOP('',(#1537,#1538,#1539,#1540));
#2993=EDGE_LOOP('',(#1541,#1542,#1543,#1544));
#2994=EDGE_LOOP('',(#1545,#1546,#1547,#1548,#1549,#1550,#1551,#1552,#1553,
#1554,#1555,#1556,#1557,#1558,#1559,#1560));
#2995=EDGE_LOOP('',(#1561,#1562,#1563,#1564,#1565));
#2996=EDGE_LOOP('',(#1566,#1567,#1568,#1569,#1570,#1571,#1572,#1573));
#2997=EDGE_LOOP('',(#1574,#1575,#1576,#1577,#1578,#1579));
#2998=EDGE_LOOP('',(#1580,#1581,#1582,#1583,#1584));
#2999=EDGE_LOOP('',(#1585,#1586,#1587,#1588));
#3000=EDGE_LOOP('',(#1589,#1590,#1591,#1592));
#3001=EDGE_LOOP('',(#1593,#1594,#1595,#1596,#1597,#1598,#1599,#1600,#1601,
#1602,#1603));
#3002=EDGE_LOOP('',(#1604,#1605,#1606,#1607,#1608,#1609));
#3003=EDGE_LOOP('',(#1610,#1611,#1612,#1613,#1614,#1615,#1616,#1617,#1618,
#1619,#1620,#1621,#1622,#1623));
#3004=EDGE_LOOP('',(#1624,#1625,#1626,#1627));
#3005=EDGE_LOOP('',(#1628));
#3006=EDGE_LOOP('',(#1629));
#3007=EDGE_LOOP('',(#1630));
#3008=EDGE_LOOP('',(#1631));
#3009=EDGE_LOOP('',(#1632,#1633,#1634,#1635,#1636,#1637,#1638,#1639,#1640,
#1641,#1642,#1643,#1644,#1645));
#3010=EDGE_LOOP('',(#1646,#1647,#1648,#1649,#1650,#1651,#1652,#1653,#1654));
#3011=EDGE_LOOP('',(#1655,#1656,#1657,#1658,#1659));
#3012=EDGE_LOOP('',(#1660,#1661,#1662,#1663,#1664,#1665));
#3013=EDGE_LOOP('',(#1666,#1667,#1668,#1669,#1670));
#3014=EDGE_LOOP('',(#1671,#1672,#1673,#1674));
#3015=EDGE_LOOP('',(#1675,#1676,#1677,#1678));
#3016=EDGE_LOOP('',(#1679,#1680,#1681,#1682));
#3017=EDGE_LOOP('',(#1683,#1684,#1685,#1686));
#3018=EDGE_LOOP('',(#1687,#1688,#1689,#1690));
#3019=EDGE_LOOP('',(#1691,#1692,#1693,#1694));
#3020=EDGE_LOOP('',(#1695,#1696,#1697,#1698));
#3021=EDGE_LOOP('',(#1699,#1700,#1701,#1702));
#3022=EDGE_LOOP('',(#1703,#1704,#1705,#1706,#1707,#1708));
#3023=EDGE_LOOP('',(#1709,#1710,#1711,#1712));
#3024=EDGE_LOOP('',(#1713,#1714,#1715,#1716,#1717,#1718));
#3025=EDGE_LOOP('',(#1719,#1720,#1721,#1722));
#3026=EDGE_LOOP('',(#1723,#1724,#1725,#1726));
#3027=EDGE_LOOP('',(#1727,#1728,#1729,#1730,#1731,#1732,#1733,#1734));
#3028=EDGE_LOOP('',(#1735,#1736,#1737,#1738,#1739,#1740,#1741,#1742));
#3029=EDGE_LOOP('',(#1743,#1744,#1745,#1746));
#3030=EDGE_LOOP('',(#1747,#1748,#1749,#1750,#1751));
#3031=EDGE_LOOP('',(#1752,#1753,#1754,#1755));
#3032=EDGE_LOOP('',(#1756,#1757,#1758,#1759));
#3033=EDGE_LOOP('',(#1760,#1761,#1762,#1763,#1764,#1765));
#3034=EDGE_LOOP('',(#1766,#1767,#1768,#1769));
#3035=EDGE_LOOP('',(#1770,#1771,#1772,#1773));
#3036=EDGE_LOOP('',(#1774,#1775,#1776,#1777,#1778));
#3037=EDGE_LOOP('',(#1779));
#3038=EDGE_LOOP('',(#1780,#1781,#1782,#1783,#1784,#1785));
#3039=EDGE_LOOP('',(#1786,#1787,#1788,#1789,#1790,#1791,#1792,#1793,#1794,
#1795,#1796,#1797));
#3040=EDGE_LOOP('',(#1798,#1799,#1800,#1801));
#3041=EDGE_LOOP('',(#1802,#1803,#1804,#1805,#1806,#1807,#1808,#1809,#1810,
#1811));
#3042=EDGE_LOOP('',(#1812,#1813,#1814,#1815,#1816,#1817,#1818,#1819,#1820,
#1821));
#3043=EDGE_LOOP('',(#1822,#1823,#1824,#1825,#1826,#1827,#1828,#1829));
#3044=EDGE_LOOP('',(#1830,#1831,#1832,#1833));
#3045=EDGE_LOOP('',(#1834,#1835,#1836));
#3046=EDGE_LOOP('',(#1837,#1838,#1839,#1840));
#3047=EDGE_LOOP('',(#1841,#1842,#1843));
#3048=EDGE_LOOP('',(#1844));
#3049=EDGE_LOOP('',(#1845,#1846,#1847,#1848));
#3050=EDGE_LOOP('',(#1849,#1850,#1851,#1852));
#3051=EDGE_LOOP('',(#1853,#1854,#1855,#1856));
#3052=EDGE_LOOP('',(#1857));
#3053=EDGE_LOOP('',(#1858));
#3054=EDGE_LOOP('',(#1859));
#3055=EDGE_LOOP('',(#1860,#1861,#1862,#1863));
#3056=EDGE_LOOP('',(#1864,#1865,#1866,#1867));
#3057=EDGE_LOOP('',(#1868,#1869,#1870,#1871));
#3058=EDGE_LOOP('',(#1872));
#3059=EDGE_LOOP('',(#1873,#1874,#1875,#1876));
#3060=EDGE_LOOP('',(#1877,#1878,#1879,#1880));
#3061=EDGE_LOOP('',(#1881,#1882,#1883,#1884));
#3062=EDGE_LOOP('',(#1885));
#3063=EDGE_LOOP('',(#1886,#1887,#1888,#1889));
#3064=EDGE_LOOP('',(#1890,#1891,#1892,#1893));
#3065=EDGE_LOOP('',(#1894,#1895,#1896,#1897));
#3066=EDGE_LOOP('',(#1898));
#3067=EDGE_LOOP('',(#1899,#1900,#1901,#1902));
#3068=EDGE_LOOP('',(#1903,#1904,#1905,#1906));
#3069=EDGE_LOOP('',(#1907,#1908,#1909,#1910));
#3070=EDGE_LOOP('',(#1911));
#3071=EDGE_LOOP('',(#1912));
#3072=EDGE_LOOP('',(#1913));
#3073=EDGE_LOOP('',(#1914));
#3074=EDGE_LOOP('',(#1915));
#3075=EDGE_LOOP('',(#1916));
#3076=EDGE_LOOP('',(#1917));
#3077=EDGE_LOOP('',(#1918));
#3078=EDGE_LOOP('',(#1919,#1920,#1921,#1922));
#3079=EDGE_LOOP('',(#1923,#1924,#1925,#1926));
#3080=EDGE_LOOP('',(#1927,#1928,#1929,#1930,#1931,#1932,#1933,#1934));
#3081=EDGE_LOOP('',(#1935,#1936,#1937,#1938));
#3082=EDGE_LOOP('',(#1939,#1940,#1941,#1942));
#3083=FACE_BOUND('',#2821,.T.);
#3084=FACE_BOUND('',#2822,.T.);
#3085=FACE_BOUND('',#2823,.T.);
#3086=FACE_BOUND('',#2824,.T.);
#3087=FACE_BOUND('',#2825,.T.);
#3088=FACE_BOUND('',#2826,.T.);
#3089=FACE_BOUND('',#2827,.T.);
#3090=FACE_BOUND('',#2828,.T.);
#3091=FACE_BOUND('',#2829,.T.);
#3092=FACE_BOUND('',#2830,.T.);
#3093=FACE_BOUND('',#2831,.T.);
#3094=FACE_BOUND('',#2832,.T.);
#3095=FACE_BOUND('',#2833,.T.);
#3096=FACE_BOUND('',#2834,.T.);
#3097=FACE_BOUND('',#2835,.T.);
#3098=FACE_BOUND('',#2836,.T.);
#3099=FACE_BOUND('',#2837,.T.);
#3100=FACE_BOUND('',#2838,.T.);
#3101=FACE_BOUND('',#2839,.T.);
#3102=FACE_BOUND('',#2840,.T.);
#3103=FACE_BOUND('',#2841,.T.);
#3104=FACE_BOUND('',#2842,.T.);
#3105=FACE_BOUND('',#2843,.T.);
#3106=FACE_BOUND('',#2844,.T.);
#3107=FACE_BOUND('',#2845,.T.);
#3108=FACE_BOUND('',#2846,.T.);
#3109=FACE_BOUND('',#2847,.T.);
#3110=FACE_BOUND('',#2848,.T.);
#3111=FACE_BOUND('',#2849,.T.);
#3112=FACE_BOUND('',#2850,.T.);
#3113=FACE_BOUND('',#2851,.T.);
#3114=FACE_BOUND('',#2852,.T.);
#3115=FACE_BOUND('',#2853,.T.);
#3116=FACE_BOUND('',#2854,.T.);
#3117=FACE_BOUND('',#2855,.T.);
#3118=FACE_BOUND('',#2856,.T.);
#3119=FACE_BOUND('',#2857,.T.);
#3120=FACE_BOUND('',#2858,.T.);
#3121=FACE_BOUND('',#2859,.T.);
#3122=FACE_BOUND('',#2860,.T.);
#3123=FACE_BOUND('',#2861,.T.);
#3124=FACE_BOUND('',#2862,.T.);
#3125=FACE_BOUND('',#2863,.T.);
#3126=FACE_BOUND('',#2864,.T.);
#3127=FACE_BOUND('',#2865,.T.);
#3128=FACE_BOUND('',#2866,.T.);
#3129=FACE_BOUND('',#2867,.T.);
#3130=FACE_BOUND('',#2868,.T.);
#3131=FACE_BOUND('',#2869,.T.);
#3132=FACE_BOUND('',#2870,.T.);
#3133=FACE_BOUND('',#2871,.T.);
#3134=FACE_BOUND('',#2872,.T.);
#3135=FACE_BOUND('',#2873,.T.);
#3136=FACE_BOUND('',#2874,.T.);
#3137=FACE_BOUND('',#2875,.T.);
#3138=FACE_BOUND('',#2876,.T.);
#3139=FACE_BOUND('',#2877,.T.);
#3140=FACE_BOUND('',#2878,.T.);
#3141=FACE_BOUND('',#2879,.T.);
#3142=FACE_BOUND('',#2880,.T.);
#3143=FACE_BOUND('',#2881,.T.);
#3144=FACE_BOUND('',#2882,.T.);
#3145=FACE_BOUND('',#2883,.T.);
#3146=FACE_BOUND('',#2884,.T.);
#3147=FACE_BOUND('',#2885,.T.);
#3148=FACE_BOUND('',#2886,.T.);
#3149=FACE_BOUND('',#2887,.T.);
#3150=FACE_BOUND('',#2888,.T.);
#3151=FACE_BOUND('',#2889,.T.);
#3152=FACE_BOUND('',#2890,.T.);
#3153=FACE_BOUND('',#2891,.T.);
#3154=FACE_BOUND('',#2892,.T.);
#3155=FACE_BOUND('',#2893,.T.);
#3156=FACE_BOUND('',#2894,.T.);
#3157=FACE_BOUND('',#2895,.T.);
#3158=FACE_BOUND('',#2896,.T.);
#3159=FACE_BOUND('',#2897,.T.);
#3160=FACE_BOUND('',#2898,.T.);
#3161=FACE_BOUND('',#2899,.T.);
#3162=FACE_BOUND('',#2900,.T.);
#3163=FACE_BOUND('',#2901,.T.);
#3164=FACE_BOUND('',#2902,.T.);
#3165=FACE_BOUND('',#2903,.T.);
#3166=FACE_BOUND('',#2904,.T.);
#3167=FACE_BOUND('',#2905,.T.);
#3168=FACE_BOUND('',#2906,.T.);
#3169=FACE_BOUND('',#2907,.T.);
#3170=FACE_BOUND('',#2908,.T.);
#3171=FACE_BOUND('',#2909,.T.);
#3172=FACE_BOUND('',#2910,.T.);
#3173=FACE_BOUND('',#2911,.T.);
#3174=FACE_BOUND('',#2912,.T.);
#3175=FACE_BOUND('',#2913,.T.);
#3176=FACE_BOUND('',#2914,.T.);
#3177=FACE_BOUND('',#2915,.T.);
#3178=FACE_BOUND('',#2916,.T.);
#3179=FACE_BOUND('',#2917,.T.);
#3180=FACE_BOUND('',#2918,.T.);
#3181=FACE_BOUND('',#2919,.T.);
#3182=FACE_BOUND('',#2920,.T.);
#3183=FACE_BOUND('',#2921,.T.);
#3184=FACE_BOUND('',#2922,.T.);
#3185=FACE_BOUND('',#2923,.T.);
#3186=FACE_BOUND('',#2924,.T.);
#3187=FACE_BOUND('',#2925,.T.);
#3188=FACE_BOUND('',#2926,.T.);
#3189=FACE_BOUND('',#2927,.T.);
#3190=FACE_BOUND('',#2928,.T.);
#3191=FACE_BOUND('',#2929,.T.);
#3192=FACE_BOUND('',#2930,.T.);
#3193=FACE_BOUND('',#2931,.T.);
#3194=FACE_BOUND('',#2932,.T.);
#3195=FACE_BOUND('',#2933,.T.);
#3196=FACE_BOUND('',#2934,.T.);
#3197=FACE_BOUND('',#2935,.T.);
#3198=FACE_BOUND('',#2936,.T.);
#3199=FACE_BOUND('',#2937,.T.);
#3200=FACE_BOUND('',#2938,.T.);
#3201=FACE_BOUND('',#2939,.T.);
#3202=FACE_BOUND('',#2940,.T.);
#3203=FACE_BOUND('',#2941,.T.);
#3204=FACE_BOUND('',#2942,.T.);
#3205=FACE_BOUND('',#2943,.T.);
#3206=FACE_BOUND('',#2944,.T.);
#3207=FACE_BOUND('',#2945,.T.);
#3208=FACE_BOUND('',#2946,.T.);
#3209=FACE_BOUND('',#2947,.T.);
#3210=FACE_BOUND('',#2948,.T.);
#3211=FACE_BOUND('',#2949,.T.);
#3212=FACE_BOUND('',#2950,.T.);
#3213=FACE_BOUND('',#2951,.T.);
#3214=FACE_BOUND('',#2952,.T.);
#3215=FACE_BOUND('',#2953,.T.);
#3216=FACE_BOUND('',#2954,.T.);
#3217=FACE_BOUND('',#2955,.T.);
#3218=FACE_BOUND('',#2956,.T.);
#3219=FACE_BOUND('',#2957,.T.);
#3220=FACE_BOUND('',#2958,.T.);
#3221=FACE_BOUND('',#2959,.T.);
#3222=FACE_BOUND('',#2960,.T.);
#3223=FACE_BOUND('',#2961,.T.);
#3224=FACE_BOUND('',#2962,.T.);
#3225=FACE_BOUND('',#2963,.T.);
#3226=FACE_BOUND('',#2964,.T.);
#3227=FACE_BOUND('',#2965,.T.);
#3228=FACE_BOUND('',#2966,.T.);
#3229=FACE_BOUND('',#2967,.T.);
#3230=FACE_BOUND('',#2968,.T.);
#3231=FACE_BOUND('',#2969,.T.);
#3232=FACE_BOUND('',#2970,.T.);
#3233=FACE_BOUND('',#2971,.T.);
#3234=FACE_BOUND('',#2972,.T.);
#3235=FACE_BOUND('',#2973,.T.);
#3236=FACE_BOUND('',#2974,.T.);
#3237=FACE_BOUND('',#2975,.T.);
#3238=FACE_BOUND('',#2976,.T.);
#3239=FACE_BOUND('',#2977,.T.);
#3240=FACE_BOUND('',#2978,.T.);
#3241=FACE_BOUND('',#2979,.T.);
#3242=FACE_BOUND('',#2980,.T.);
#3243=FACE_BOUND('',#2981,.T.);
#3244=FACE_BOUND('',#2982,.T.);
#3245=FACE_BOUND('',#2983,.T.);
#3246=FACE_BOUND('',#2984,.T.);
#3247=FACE_BOUND('',#2985,.T.);
#3248=FACE_BOUND('',#2986,.T.);
#3249=FACE_BOUND('',#2987,.T.);
#3250=FACE_BOUND('',#2988,.T.);
#3251=FACE_BOUND('',#2989,.T.);
#3252=FACE_BOUND('',#2990,.T.);
#3253=FACE_BOUND('',#2991,.T.);
#3254=FACE_BOUND('',#2992,.T.);
#3255=FACE_BOUND('',#2993,.T.);
#3256=FACE_BOUND('',#2994,.T.);
#3257=FACE_BOUND('',#2995,.T.);
#3258=FACE_BOUND('',#2996,.T.);
#3259=FACE_BOUND('',#2997,.T.);
#3260=FACE_BOUND('',#2998,.T.);
#3261=FACE_BOUND('',#2999,.T.);
#3262=FACE_BOUND('',#3000,.T.);
#3263=FACE_BOUND('',#3001,.T.);
#3264=FACE_BOUND('',#3002,.T.);
#3265=FACE_BOUND('',#3003,.T.);
#3266=FACE_BOUND('',#3004,.T.);
#3267=FACE_BOUND('',#3005,.T.);
#3268=FACE_BOUND('',#3006,.T.);
#3269=FACE_BOUND('',#3007,.T.);
#3270=FACE_BOUND('',#3008,.T.);
#3271=FACE_BOUND('',#3009,.T.);
#3272=FACE_BOUND('',#3010,.T.);
#3273=FACE_BOUND('',#3011,.T.);
#3274=FACE_BOUND('',#3012,.T.);
#3275=FACE_BOUND('',#3013,.T.);
#3276=FACE_BOUND('',#3014,.T.);
#3277=FACE_BOUND('',#3015,.T.);
#3278=FACE_BOUND('',#3016,.T.);
#3279=FACE_BOUND('',#3017,.T.);
#3280=FACE_BOUND('',#3018,.T.);
#3281=FACE_BOUND('',#3019,.T.);
#3282=FACE_BOUND('',#3020,.T.);
#3283=FACE_BOUND('',#3021,.T.);
#3284=FACE_BOUND('',#3022,.T.);
#3285=FACE_BOUND('',#3023,.T.);
#3286=FACE_BOUND('',#3024,.T.);
#3287=FACE_BOUND('',#3025,.T.);
#3288=FACE_BOUND('',#3026,.T.);
#3289=FACE_BOUND('',#3027,.T.);
#3290=FACE_BOUND('',#3028,.T.);
#3291=FACE_BOUND('',#3029,.T.);
#3292=FACE_BOUND('',#3030,.T.);
#3293=FACE_BOUND('',#3031,.T.);
#3294=FACE_BOUND('',#3032,.T.);
#3295=FACE_BOUND('',#3033,.T.);
#3296=FACE_BOUND('',#3034,.T.);
#3297=FACE_BOUND('',#3035,.T.);
#3298=FACE_BOUND('',#3036,.T.);
#3299=FACE_BOUND('',#3037,.T.);
#3300=FACE_BOUND('',#3038,.T.);
#3301=FACE_BOUND('',#3039,.T.);
#3302=FACE_BOUND('',#3040,.T.);
#3303=FACE_BOUND('',#3041,.T.);
#3304=FACE_BOUND('',#3042,.T.);
#3305=FACE_BOUND('',#3043,.T.);
#3306=FACE_BOUND('',#3044,.T.);
#3307=FACE_BOUND('',#3045,.T.);
#3308=FACE_BOUND('',#3046,.T.);
#3309=FACE_BOUND('',#3047,.T.);
#3310=FACE_BOUND('',#3048,.T.);
#3311=FACE_BOUND('',#3049,.T.);
#3312=FACE_BOUND('',#3050,.T.);
#3313=FACE_BOUND('',#3051,.T.);
#3314=FACE_BOUND('',#3052,.T.);
#3315=FACE_BOUND('',#3053,.T.);
#3316=FACE_BOUND('',#3054,.T.);
#3317=FACE_BOUND('',#3055,.T.);
#3318=FACE_BOUND('',#3056,.T.);
#3319=FACE_BOUND('',#3057,.T.);
#3320=FACE_BOUND('',#3058,.T.);
#3321=FACE_BOUND('',#3059,.T.);
#3322=FACE_BOUND('',#3060,.T.);
#3323=FACE_BOUND('',#3061,.T.);
#3324=FACE_BOUND('',#3062,.T.);
#3325=FACE_BOUND('',#3063,.T.);
#3326=FACE_BOUND('',#3064,.T.);
#3327=FACE_BOUND('',#3065,.T.);
#3328=FACE_BOUND('',#3066,.T.);
#3329=FACE_BOUND('',#3067,.T.);
#3330=FACE_BOUND('',#3068,.T.);
#3331=FACE_BOUND('',#3069,.T.);
#3332=FACE_BOUND('',#3070,.T.);
#3333=FACE_BOUND('',#3071,.T.);
#3334=FACE_BOUND('',#3072,.T.);
#3335=FACE_BOUND('',#3073,.T.);
#3336=FACE_BOUND('',#3074,.T.);
#3337=FACE_BOUND('',#3075,.T.);
#3338=FACE_BOUND('',#3076,.T.);
#3339=FACE_BOUND('',#3077,.T.);
#3340=FACE_BOUND('',#3078,.T.);
#3341=FACE_BOUND('',#3079,.T.);
#3342=FACE_BOUND('',#3080,.T.);
#3343=FACE_BOUND('',#3081,.T.);
#3344=FACE_BOUND('',#3082,.T.);
#3345=CYLINDRICAL_SURFACE('',#3668,0.007);
#3346=CYLINDRICAL_SURFACE('',#3679,0.0065);
#3347=CYLINDRICAL_SURFACE('',#3686,0.007);
#3348=CYLINDRICAL_SURFACE('',#3692,0.0025);
#3349=CYLINDRICAL_SURFACE('',#3695,0.0025);
#3350=CYLINDRICAL_SURFACE('',#3714,0.00223227489119315);
#3351=CYLINDRICAL_SURFACE('',#3723,0.001);
#3352=CYLINDRICAL_SURFACE('',#3725,0.001);
#3353=CYLINDRICAL_SURFACE('',#3730,0.001);
#3354=CYLINDRICAL_SURFACE('',#3732,0.001);
#3355=CYLINDRICAL_SURFACE('',#3734,0.001);
#3356=CYLINDRICAL_SURFACE('',#3751,0.00105);
#3357=CYLINDRICAL_SURFACE('',#3752,0.00105);
#3358=CYLINDRICAL_SURFACE('',#3753,0.00105);
#3359=CYLINDRICAL_SURFACE('',#3754,0.00105);
#3360=CYLINDRICAL_SURFACE('',#3756,0.00405);
#3361=CYLINDRICAL_SURFACE('',#3772,0.00255);
#3362=CYLINDRICAL_SURFACE('',#3775,0.00305);
#3363=CYLINDRICAL_SURFACE('',#3793,0.00465);
#3364=CYLINDRICAL_SURFACE('',#3808,0.00285);
#3365=CYLINDRICAL_SURFACE('',#3822,0.001);
#3366=CYLINDRICAL_SURFACE('',#3823,0.001);
#3367=CYLINDRICAL_SURFACE('',#3824,0.001);
#3368=CYLINDRICAL_SURFACE('',#3826,0.018);
#3369=CYLINDRICAL_SURFACE('',#3832,0.004);
#3370=CYLINDRICAL_SURFACE('',#3847,0.00285);
#3371=CYLINDRICAL_SURFACE('',#3857,0.038863390475898);
#3372=CYLINDRICAL_SURFACE('',#3870,0.040027521172216);
#3373=CYLINDRICAL_SURFACE('',#3921,0.001);
#3374=CYLINDRICAL_SURFACE('',#3924,0.001);
#3375=CYLINDRICAL_SURFACE('',#3931,0.001);
#3376=CYLINDRICAL_SURFACE('',#3948,0.00105);
#3377=CYLINDRICAL_SURFACE('',#3949,0.00105);
#3378=CYLINDRICAL_SURFACE('',#3950,0.00105);
#3379=CYLINDRICAL_SURFACE('',#3951,0.00105);
#3380=ADVANCED_FACE('',(#3083,#3084),#3345,.T.);
#3381=ADVANCED_FACE('',(#3085,#3086),#837,.T.);
#3382=ADVANCED_FACE('',(#3087,#3088),#838,.F.);
#3383=ADVANCED_FACE('',(#3089),#839,.T.);
#3384=ADVANCED_FACE('',(#3090),#840,.T.);
#3385=ADVANCED_FACE('',(#3091),#841,.T.);
#3386=ADVANCED_FACE('',(#3092),#842,.T.);
#3387=ADVANCED_FACE('',(#3093),#3346,.T.);
#3388=ADVANCED_FACE('',(#3094),#843,.T.);
#3389=ADVANCED_FACE('',(#3095),#844,.F.);
#3390=ADVANCED_FACE('',(#3096),#845,.F.);
#3391=ADVANCED_FACE('',(#3097),#846,.F.);
#3392=ADVANCED_FACE('',(#3098),#847,.T.);
#3393=ADVANCED_FACE('',(#3099,#3100),#3347,.T.);
#3394=ADVANCED_FACE('',(#3101,#3102),#848,.T.);
#3395=ADVANCED_FACE('',(#3103,#3104),#849,.F.);
#3396=ADVANCED_FACE('',(#3105,#3106),#3348,.T.);
#3397=ADVANCED_FACE('',(#3107),#850,.T.);
#3398=ADVANCED_FACE('',(#3108,#3109),#3349,.T.);
#3399=ADVANCED_FACE('',(#3110),#851,.F.);
#3400=ADVANCED_FACE('',(#3111),#852,.T.);
#3401=ADVANCED_FACE('',(#3112),#853,.T.);
#3402=ADVANCED_FACE('',(#3113),#854,.F.);
#3403=ADVANCED_FACE('',(#3114),#855,.F.);
#3404=ADVANCED_FACE('',(#3115,#3116),#856,.T.);
#3405=ADVANCED_FACE('',(#3117,#3118,#3119,#3120,#3121),#857,.F.);
#3406=ADVANCED_FACE('',(#3122,#3123),#14,.T.);
#3407=ADVANCED_FACE('',(#3124,#3125),#858,.T.);
#3408=ADVANCED_FACE('',(#3126,#3127),#3350,.T.);
#3409=ADVANCED_FACE('',(#3128),#859,.T.);
#3410=ADVANCED_FACE('',(#3129),#860,.F.);
#3411=ADVANCED_FACE('',(#3130),#861,.F.);
#3412=ADVANCED_FACE('',(#3131),#862,.T.);
#3413=ADVANCED_FACE('',(#3132),#863,.T.);
#3414=ADVANCED_FACE('',(#3133,#3134),#864,.F.);
#3415=ADVANCED_FACE('',(#3135),#3351,.T.);
#3416=ADVANCED_FACE('',(#3136),#3352,.T.);
#3417=ADVANCED_FACE('',(#3137),#10,.T.);
#3418=ADVANCED_FACE('',(#3138),#3353,.T.);
#3419=ADVANCED_FACE('',(#3139),#3354,.T.);
#3420=ADVANCED_FACE('',(#3140),#3355,.T.);
#3421=ADVANCED_FACE('',(#3141),#865,.F.);
#3422=ADVANCED_FACE('',(#3142,#3143),#866,.T.);
#3423=ADVANCED_FACE('',(#3144),#867,.T.);
#3424=ADVANCED_FACE('',(#3145),#868,.T.);
#3425=ADVANCED_FACE('',(#3146,#3147),#869,.F.);
#3426=ADVANCED_FACE('',(#3148),#870,.T.);
#3427=ADVANCED_FACE('',(#3149),#871,.T.);
#3428=ADVANCED_FACE('',(#3150,#3151),#872,.F.);
#3429=ADVANCED_FACE('',(#3152),#873,.T.);
#3430=ADVANCED_FACE('',(#3153),#874,.F.);
#3431=ADVANCED_FACE('',(#3154,#3155),#875,.T.);
#3432=ADVANCED_FACE('',(#3156),#876,.T.);
#3433=ADVANCED_FACE('',(#3157,#3158),#3356,.F.);
#3434=ADVANCED_FACE('',(#3159,#3160),#3357,.F.);
#3435=ADVANCED_FACE('',(#3161,#3162),#3358,.F.);
#3436=ADVANCED_FACE('',(#3163,#3164),#3359,.F.);
#3437=ADVANCED_FACE('',(#3165),#3360,.F.);
#3438=ADVANCED_FACE('',(#3166),#877,.T.);
#3439=ADVANCED_FACE('',(#3167),#878,.T.);
#3440=ADVANCED_FACE('',(#3168),#879,.T.);
#3441=ADVANCED_FACE('',(#3169),#880,.T.);
#3442=ADVANCED_FACE('',(#3170,#3171),#3361,.F.);
#3443=ADVANCED_FACE('',(#3172,#3173),#3362,.T.);
#3444=ADVANCED_FACE('',(#3174,#3175),#881,.F.);
#3445=ADVANCED_FACE('',(#3176,#3177),#882,.F.);
#3446=ADVANCED_FACE('',(#3178),#883,.T.);
#3447=ADVANCED_FACE('',(#3179),#884,.T.);
#3448=ADVANCED_FACE('',(#3180),#885,.F.);
#3449=ADVANCED_FACE('',(#3181),#886,.F.);
#3450=ADVANCED_FACE('',(#3182),#887,.T.);
#3451=ADVANCED_FACE('',(#3183),#888,.F.);
#3452=ADVANCED_FACE('',(#3184),#889,.F.);
#3453=ADVANCED_FACE('',(#3185),#890,.F.);
#3454=ADVANCED_FACE('',(#3186),#891,.F.);
#3455=ADVANCED_FACE('',(#3187,#3188),#3363,.T.);
#3456=ADVANCED_FACE('',(#3189,#3190),#892,.T.);
#3457=ADVANCED_FACE('',(#3191),#893,.F.);
#3458=ADVANCED_FACE('',(#3192),#894,.F.);
#3459=ADVANCED_FACE('',(#3193),#895,.T.);
#3460=ADVANCED_FACE('',(#3194),#896,.F.);
#3461=ADVANCED_FACE('',(#3195),#897,.F.);
#3462=ADVANCED_FACE('',(#3196),#898,.T.);
#3463=ADVANCED_FACE('',(#3197,#3198),#899,.T.);
#3464=ADVANCED_FACE('',(#3199,#3200),#900,.F.);
#3465=ADVANCED_FACE('',(#3201,#3202),#3364,.F.);
#3466=ADVANCED_FACE('',(#3203),#901,.T.);
#3467=ADVANCED_FACE('',(#3204),#902,.T.);
#3468=ADVANCED_FACE('',(#3205),#903,.F.);
#3469=ADVANCED_FACE('',(#3206),#904,.F.);
#3470=ADVANCED_FACE('',(#3207,#3208,#3209,#3210),#905,.T.);
#3471=ADVANCED_FACE('',(#3211,#3212,#3213,#3214),#906,.F.);
#3472=ADVANCED_FACE('',(#3215,#3216),#3365,.F.);
#3473=ADVANCED_FACE('',(#3217,#3218),#3366,.F.);
#3474=ADVANCED_FACE('',(#3219,#3220),#3367,.F.);
#3475=ADVANCED_FACE('',(#3221,#3222),#3368,.T.);
#3476=ADVANCED_FACE('',(#3223,#3224),#907,.T.);
#3477=ADVANCED_FACE('',(#3225),#908,.F.);
#3478=ADVANCED_FACE('',(#3226,#3227),#3369,.T.);
#3479=ADVANCED_FACE('',(#3228),#909,.T.);
#3480=ADVANCED_FACE('',(#3229),#910,.F.);
#3481=ADVANCED_FACE('',(#3230),#911,.T.);
#3482=ADVANCED_FACE('',(#3231),#912,.T.);
#3483=ADVANCED_FACE('',(#3232),#913,.F.);
#3484=ADVANCED_FACE('',(#3233),#914,.F.);
#3485=ADVANCED_FACE('',(#3234),#915,.T.);
#3486=ADVANCED_FACE('',(#3235,#3236),#916,.T.);
#3487=ADVANCED_FACE('',(#3237,#3238),#917,.F.);
#3488=ADVANCED_FACE('',(#3239,#3240),#3370,.F.);
#3489=ADVANCED_FACE('',(#3241),#918,.T.);
#3490=ADVANCED_FACE('',(#3242),#919,.T.);
#3491=ADVANCED_FACE('',(#3243),#920,.T.);
#3492=ADVANCED_FACE('',(#3244),#921,.T.);
#3493=ADVANCED_FACE('',(#3245),#922,.T.);
#3494=ADVANCED_FACE('',(#3246),#923,.T.);
#3495=ADVANCED_FACE('',(#3247),#924,.T.);
#3496=ADVANCED_FACE('',(#3248),#925,.F.);
#3497=ADVANCED_FACE('',(#3249),#3371,.F.);
#3498=ADVANCED_FACE('',(#3250),#926,.T.);
#3499=ADVANCED_FACE('',(#3251),#927,.T.);
#3500=ADVANCED_FACE('',(#3252),#928,.F.);
#3501=ADVANCED_FACE('',(#3253),#929,.F.);
#3502=ADVANCED_FACE('',(#3254),#930,.F.);
#3503=ADVANCED_FACE('',(#3255),#931,.T.);
#3504=ADVANCED_FACE('',(#3256),#932,.T.);
#3505=ADVANCED_FACE('',(#3257),#933,.F.);
#3506=ADVANCED_FACE('',(#3258),#3372,.F.);
#3507=ADVANCED_FACE('',(#3259),#934,.F.);
#3508=ADVANCED_FACE('',(#3260),#935,.F.);
#3509=ADVANCED_FACE('',(#3261,#3262,#3263),#936,.F.);
#3510=ADVANCED_FACE('',(#3264),#937,.F.);
#3511=ADVANCED_FACE('',(#3265),#938,.T.);
#3512=ADVANCED_FACE('',(#3266),#939,.F.);
#3513=ADVANCED_FACE('',(#3267,#3268,#3269,#3270,#3271),#940,.T.);
#3514=ADVANCED_FACE('',(#3272),#941,.F.);
#3515=ADVANCED_FACE('',(#3273),#942,.T.);
#3516=ADVANCED_FACE('',(#3274),#943,.F.);
#3517=ADVANCED_FACE('',(#3275),#944,.F.);
#3518=ADVANCED_FACE('',(#3276),#945,.T.);
#3519=ADVANCED_FACE('',(#3277),#946,.T.);
#3520=ADVANCED_FACE('',(#3278),#947,.F.);
#3521=ADVANCED_FACE('',(#3279),#948,.T.);
#3522=ADVANCED_FACE('',(#3280),#949,.F.);
#3523=ADVANCED_FACE('',(#3281),#950,.T.);
#3524=ADVANCED_FACE('',(#3282),#951,.F.);
#3525=ADVANCED_FACE('',(#3283),#952,.F.);
#3526=ADVANCED_FACE('',(#3284),#953,.F.);
#3527=ADVANCED_FACE('',(#3285),#954,.T.);
#3528=ADVANCED_FACE('',(#3286),#955,.T.);
#3529=ADVANCED_FACE('',(#3287),#956,.T.);
#3530=ADVANCED_FACE('',(#3288),#957,.F.);
#3531=ADVANCED_FACE('',(#3289),#958,.F.);
#3532=ADVANCED_FACE('',(#3290),#959,.T.);
#3533=ADVANCED_FACE('',(#3291),#960,.F.);
#3534=ADVANCED_FACE('',(#3292),#961,.F.);
#3535=ADVANCED_FACE('',(#3293),#962,.T.);
#3536=ADVANCED_FACE('',(#3294),#963,.F.);
#3537=ADVANCED_FACE('',(#3295),#964,.F.);
#3538=ADVANCED_FACE('',(#3296),#965,.T.);
#3539=ADVANCED_FACE('',(#3297),#966,.T.);
#3540=ADVANCED_FACE('',(#3298),#967,.T.);
#3541=ADVANCED_FACE('',(#3299,#3300,#3301),#968,.T.);
#3542=ADVANCED_FACE('',(#3302),#969,.F.);
#3543=ADVANCED_FACE('',(#3303),#970,.T.);
#3544=ADVANCED_FACE('',(#3304),#971,.F.);
#3545=ADVANCED_FACE('',(#3305),#972,.T.);
#3546=ADVANCED_FACE('',(#3306),#3373,.F.);
#3547=ADVANCED_FACE('',(#3307),#973,.T.);
#3548=ADVANCED_FACE('',(#3308),#3374,.F.);
#3549=ADVANCED_FACE('',(#3309),#974,.T.);
#3550=ADVANCED_FACE('',(#3310,#3311),#975,.F.);
#3551=ADVANCED_FACE('',(#3312),#976,.T.);
#3552=ADVANCED_FACE('',(#3313),#977,.T.);
#3553=ADVANCED_FACE('',(#3314,#3315),#3375,.F.);
#3554=ADVANCED_FACE('',(#3316,#3317),#978,.T.);
#3555=ADVANCED_FACE('',(#3318),#979,.F.);
#3556=ADVANCED_FACE('',(#3319),#980,.T.);
#3557=ADVANCED_FACE('',(#3320,#3321),#981,.F.);
#3558=ADVANCED_FACE('',(#3322),#982,.T.);
#3559=ADVANCED_FACE('',(#3323),#983,.T.);
#3560=ADVANCED_FACE('',(#3324,#3325),#984,.F.);
#3561=ADVANCED_FACE('',(#3326),#985,.T.);
#3562=ADVANCED_FACE('',(#3327),#986,.T.);
#3563=ADVANCED_FACE('',(#3328,#3329),#987,.T.);
#3564=ADVANCED_FACE('',(#3330),#988,.F.);
#3565=ADVANCED_FACE('',(#3331),#989,.T.);
#3566=ADVANCED_FACE('',(#3332,#3333),#3376,.F.);
#3567=ADVANCED_FACE('',(#3334,#3335),#3377,.F.);
#3568=ADVANCED_FACE('',(#3336,#3337),#3378,.F.);
#3569=ADVANCED_FACE('',(#3338,#3339),#3379,.F.);
#3570=ADVANCED_FACE('',(#3340),#990,.T.);
#3571=ADVANCED_FACE('',(#3341),#991,.T.);
#3572=ADVANCED_FACE('',(#3342),#992,.F.);
#3573=ADVANCED_FACE('',(#3343),#993,.F.);
#3574=ADVANCED_FACE('',(#3344),#994,.T.);
#3575=CLOSED_SHELL('',(#3380,#3381,#3382,#3383,#3384,#3385,#3386,#3387,
#3388,#3389,#3390,#3391,#3392,#3393,#3394,#3395,#3396,#3397,#3398,#3399));
#3576=CLOSED_SHELL('',(#3400,#3401,#3402,#3403,#3404,#3405,#3406,#3407,
#3408,#3409,#3410,#3411,#3412,#3413,#3414,#3415,#3416,#3417,#3418,#3419,
#3420,#3421,#3422,#3423,#3424,#3425,#3426,#3427,#3428,#3429,#3430,#3431,
#3432,#3433,#3434,#3435,#3436));
#3577=CLOSED_SHELL('',(#3437,#3438,#3439,#3440,#3441,#3442,#3443,#3444,
#3445,#3446,#3447,#3448,#3449,#3450,#3451,#3452,#3453,#3454,#3455,#3456,
#3457,#3458));
#3578=CLOSED_SHELL('',(#3459,#3460,#3461,#3462,#3463,#3464,#3465));
#3579=CLOSED_SHELL('',(#3466,#3467,#3468,#3469,#3470,#3471,#3472,#3473,
#3474));
#3580=CLOSED_SHELL('',(#3475,#3476,#3477,#3478,#3479,#3480,#3481));
#3581=CLOSED_SHELL('',(#3482,#3483,#3484,#3485,#3486,#3487,#3488));
#3582=CLOSED_SHELL('',(#3489,#3490,#3491,#3492,#3493,#3494,#3495,#3496,
#3497,#3498,#3499,#3500,#3501,#3502,#3503,#3504,#3505,#3506,#3507,#3508,
#3509,#3510,#3511,#3512,#3513,#3514,#3515,#3516,#3517,#3518,#3519,#3520,
#3521,#3522,#3523,#3524,#3525,#3526,#3527,#3528,#3529,#3530,#3531,#3532,
#3533,#3534,#3535,#3536,#3537,#3538,#3539,#3540,#3541,#3542,#3543,#3544,
#3545,#3546,#3547,#3548,#3549,#3550,#3551,#3552,#3553,#3554,#3555,#3556,
#3557,#3558,#3559,#3560,#3561,#3562,#3563,#3564,#3565,#3566,#3567,#3568,
#3569,#3570,#3571,#3572,#3573,#3574));
#3583=STYLED_ITEM('',(#3591),#3641);
#3584=STYLED_ITEM('',(#3592),#3642);
#3585=STYLED_ITEM('',(#3593),#3643);
#3586=STYLED_ITEM('',(#3594),#3644);
#3587=STYLED_ITEM('',(#3595),#3645);
#3588=STYLED_ITEM('',(#3596),#3646);
#3589=STYLED_ITEM('',(#3597),#3647);
#3590=STYLED_ITEM('',(#3598),#3648);
#3591=PRESENTATION_STYLE_ASSIGNMENT((#3599));
#3592=PRESENTATION_STYLE_ASSIGNMENT((#3600));
#3593=PRESENTATION_STYLE_ASSIGNMENT((#3601));
#3594=PRESENTATION_STYLE_ASSIGNMENT((#3602));
#3595=PRESENTATION_STYLE_ASSIGNMENT((#3603));
#3596=PRESENTATION_STYLE_ASSIGNMENT((#3604));
#3597=PRESENTATION_STYLE_ASSIGNMENT((#3605));
#3598=PRESENTATION_STYLE_ASSIGNMENT((#3606));
#3599=SURFACE_STYLE_USAGE(.BOTH.,#3607);
#3600=SURFACE_STYLE_USAGE(.BOTH.,#3608);
#3601=SURFACE_STYLE_USAGE(.BOTH.,#3609);
#3602=SURFACE_STYLE_USAGE(.BOTH.,#3610);
#3603=SURFACE_STYLE_USAGE(.BOTH.,#3611);
#3604=SURFACE_STYLE_USAGE(.BOTH.,#3612);
#3605=SURFACE_STYLE_USAGE(.BOTH.,#3613);
#3606=SURFACE_STYLE_USAGE(.BOTH.,#3614);
#3607=SURFACE_SIDE_STYLE('',(#3615));
#3608=SURFACE_SIDE_STYLE('',(#3616));
#3609=SURFACE_SIDE_STYLE('',(#3617));
#3610=SURFACE_SIDE_STYLE('',(#3618));
#3611=SURFACE_SIDE_STYLE('',(#3619));
#3612=SURFACE_SIDE_STYLE('',(#3620));
#3613=SURFACE_SIDE_STYLE('',(#3621));
#3614=SURFACE_SIDE_STYLE('',(#3622));
#3615=SURFACE_STYLE_FILL_AREA(#3623);
#3616=SURFACE_STYLE_FILL_AREA(#3624);
#3617=SURFACE_STYLE_FILL_AREA(#3625);
#3618=SURFACE_STYLE_FILL_AREA(#3626);
#3619=SURFACE_STYLE_FILL_AREA(#3627);
#3620=SURFACE_STYLE_FILL_AREA(#3628);
#3621=SURFACE_STYLE_FILL_AREA(#3629);
#3622=SURFACE_STYLE_FILL_AREA(#3630);
#3623=FILL_AREA_STYLE('',(#3631));
#3624=FILL_AREA_STYLE('',(#3632));
#3625=FILL_AREA_STYLE('',(#3633));
#3626=FILL_AREA_STYLE('',(#3634));
#3627=FILL_AREA_STYLE('',(#3635));
#3628=FILL_AREA_STYLE('',(#3636));
#3629=FILL_AREA_STYLE('',(#3637));
#3630=FILL_AREA_STYLE('',(#3638));
#3631=FILL_AREA_STYLE_COLOUR('',#3639);
#3632=FILL_AREA_STYLE_COLOUR('',#3639);
#3633=FILL_AREA_STYLE_COLOUR('',#3640);
#3634=FILL_AREA_STYLE_COLOUR('',#3639);
#3635=FILL_AREA_STYLE_COLOUR('',#3640);
#3636=FILL_AREA_STYLE_COLOUR('',#3639);
#3637=FILL_AREA_STYLE_COLOUR('',#3640);
#3638=FILL_AREA_STYLE_COLOUR('',#3639);
#3639=COLOUR_RGB('',0.615686274509804,0.811764705882353,0.929411764705882);
#3640=COLOUR_RGB('',0.647058823529412,0.647058823529412,0.647058823529412);
#3641=MANIFOLD_SOLID_BREP('pulley',#3575);
#3642=MANIFOLD_SOLID_BREP('Part 1',#3576);
#3643=MANIFOLD_SOLID_BREP('Part 2',#3577);
#3644=MANIFOLD_SOLID_BREP('Part 1',#3578);
#3645=MANIFOLD_SOLID_BREP('Part 2',#3579);
#3646=MANIFOLD_SOLID_BREP('motor',#3580);
#3647=MANIFOLD_SOLID_BREP('Part 2',#3581);
#3648=MANIFOLD_SOLID_BREP('Part 1',#3582);
#3649=SHAPE_DEFINITION_REPRESENTATION(#5947,#3658);
#3650=SHAPE_DEFINITION_REPRESENTATION(#5948,#3659);
#3651=SHAPE_DEFINITION_REPRESENTATION(#5950,#3660);
#3652=SHAPE_DEFINITION_REPRESENTATION(#5952,#3661);
#3653=SHAPE_DEFINITION_REPRESENTATION(#5954,#3662);
#3654=SHAPE_DEFINITION_REPRESENTATION(#5956,#3663);
#3655=SHAPE_DEFINITION_REPRESENTATION(#5958,#3664);
#3656=SHAPE_DEFINITION_REPRESENTATION(#5960,#3665);
#3657=SHAPE_DEFINITION_REPRESENTATION(#5962,#3666);
#3658=SHAPE_REPRESENTATION('Assembly 1',(#3667,#3698,#3755,#3799,#3809,
#3825,#3838,#3848,#3957),#5926);
#3659=SHAPE_REPRESENTATION('pulley',(#3667),#5927);
#3660=SHAPE_REPRESENTATION('Part 1',(#3667),#5928);
#3661=SHAPE_REPRESENTATION('Part 2',(#3667),#5929);
#3662=SHAPE_REPRESENTATION('Part 1',(#3667),#5930);
#3663=SHAPE_REPRESENTATION('Part 2',(#3667),#5931);
#3664=SHAPE_REPRESENTATION('motor',(#3667),#5932);
#3665=SHAPE_REPRESENTATION('Part 2',(#3667),#5933);
#3666=SHAPE_REPRESENTATION('Part 1',(#3667),#5934);
#3667=AXIS2_PLACEMENT_3D('',#4927,#3958,#3959);
#3668=AXIS2_PLACEMENT_3D('',#4928,#3960,#3961);
#3669=AXIS2_PLACEMENT_3D('',#4929,#3962,#3963);
#3670=AXIS2_PLACEMENT_3D('',#4931,#3964,#3965);
#3671=AXIS2_PLACEMENT_3D('',#4933,#3966,#3967);
#3672=AXIS2_PLACEMENT_3D('',#4934,#3968,#3969);
#3673=AXIS2_PLACEMENT_3D('',#4936,#3970,#3971);
#3674=AXIS2_PLACEMENT_3D('',#4952,#3979,#3980);
#3675=AXIS2_PLACEMENT_3D('',#4957,#3983,#3984);
#3676=AXIS2_PLACEMENT_3D('',#4963,#3988,#3989);
#3677=AXIS2_PLACEMENT_3D('',#4967,#3992,#3993);
#3678=AXIS2_PLACEMENT_3D('',#4971,#3996,#3997);
#3679=AXIS2_PLACEMENT_3D('',#4975,#4000,#4001);
#3680=AXIS2_PLACEMENT_3D('',#4978,#4003,#4004);
#3681=AXIS2_PLACEMENT_3D('',#4979,#4005,#4006);
#3682=AXIS2_PLACEMENT_3D('',#4983,#4009,#4010);
#3683=AXIS2_PLACEMENT_3D('',#4987,#4013,#4014);
#3684=AXIS2_PLACEMENT_3D('',#4991,#4017,#4018);
#3685=AXIS2_PLACEMENT_3D('',#4995,#4021,#4022);
#3686=AXIS2_PLACEMENT_3D('',#4997,#4024,#4025);
#3687=AXIS2_PLACEMENT_3D('',#4998,#4026,#4027);
#3688=AXIS2_PLACEMENT_3D('',#5000,#4028,#4029);
#3689=AXIS2_PLACEMENT_3D('',#5002,#4030,#4031);
#3690=AXIS2_PLACEMENT_3D('',#5003,#4032,#4033);
#3691=AXIS2_PLACEMENT_3D('',#5005,#4034,#4035);
#3692=AXIS2_PLACEMENT_3D('',#5006,#4036,#4037);
#3693=AXIS2_PLACEMENT_3D('',#5007,#4038,#4039);
#3694=AXIS2_PLACEMENT_3D('',#5009,#4040,#4041);
#3695=AXIS2_PLACEMENT_3D('',#5010,#4042,#4043);
#3696=AXIS2_PLACEMENT_3D('',#5011,#4044,#4045);
#3697=AXIS2_PLACEMENT_3D('',#5013,#4046,#4047);
#3698=AXIS2_PLACEMENT_3D('',#5014,#4048,#4049);
#3699=AXIS2_PLACEMENT_3D('',#5015,#4050,#4051);
#3700=AXIS2_PLACEMENT_3D('',#5032,#4060,#4061);
#3701=AXIS2_PLACEMENT_3D('',#5046,#4069,#4070);
#3702=AXIS2_PLACEMENT_3D('',#5060,#4078,#4079);
#3703=AXIS2_PLACEMENT_3D('',#5071,#4086,#4087);
#3704=AXIS2_PLACEMENT_3D('',#5072,#4088,#4089);
#3705=AXIS2_PLACEMENT_3D('',#5074,#4090,#4091);
#3706=AXIS2_PLACEMENT_3D('',#5075,#4092,#4093);
#3707=AXIS2_PLACEMENT_3D('',#5077,#4094,#4095);
#3708=AXIS2_PLACEMENT_3D('',#5079,#4096,#4097);
#3709=AXIS2_PLACEMENT_3D('',#5081,#4098,#4099);
#3710=AXIS2_PLACEMENT_3D('',#5095,#4108,#4109);
#3711=AXIS2_PLACEMENT_3D('',#5096,#4110,#4111);
#3712=AXIS2_PLACEMENT_3D('',#5098,#4112,#4113);
#3713=AXIS2_PLACEMENT_3D('',#5099,#4114,#4115);
#3714=AXIS2_PLACEMENT_3D('',#5101,#4116,#4117);
#3715=AXIS2_PLACEMENT_3D('',#5102,#4118,#4119);
#3716=AXIS2_PLACEMENT_3D('',#5104,#4120,#4121);
#3717=AXIS2_PLACEMENT_3D('',#5113,#4126,#4127);
#3718=AXIS2_PLACEMENT_3D('',#5119,#4131,#4132);
#3719=AXIS2_PLACEMENT_3D('',#5125,#4136,#4137);
#3720=AXIS2_PLACEMENT_3D('',#5131,#4141,#4142);
#3721=AXIS2_PLACEMENT_3D('',#5140,#4147,#4148);
#3722=AXIS2_PLACEMENT_3D('',#5141,#4149,#4150);
#3723=AXIS2_PLACEMENT_3D('',#5142,#4151,#4152);
#3724=AXIS2_PLACEMENT_3D('',#5143,#4153,#4154);
#3725=AXIS2_PLACEMENT_3D('',#5144,#4155,#4156);
#3726=AXIS2_PLACEMENT_3D('',#5145,#4157,#4158);
#3727=AXIS2_PLACEMENT_3D('',#5146,#4159,#4160);
#3728=AXIS2_PLACEMENT_3D('',#5147,#4161,#4162);
#3729=AXIS2_PLACEMENT_3D('',#5148,#4163,#4164);
#3730=AXIS2_PLACEMENT_3D('',#5149,#4165,#4166);
#3731=AXIS2_PLACEMENT_3D('',#5150,#4167,#4168);
#3732=AXIS2_PLACEMENT_3D('',#5151,#4169,#4170);
#3733=AXIS2_PLACEMENT_3D('',#5152,#4171,#4172);
#3734=AXIS2_PLACEMENT_3D('',#5153,#4173,#4174);
#3735=AXIS2_PLACEMENT_3D('',#5154,#4175,#4176);
#3736=AXIS2_PLACEMENT_3D('',#5158,#4179,#4180);
#3737=AXIS2_PLACEMENT_3D('',#5159,#4181,#4182);
#3738=AXIS2_PLACEMENT_3D('',#5162,#4184,#4185);
#3739=AXIS2_PLACEMENT_3D('',#5163,#4186,#4187);
#3740=AXIS2_PLACEMENT_3D('',#5167,#4190,#4191);
#3741=AXIS2_PLACEMENT_3D('',#5168,#4192,#4193);
#3742=AXIS2_PLACEMENT_3D('',#5171,#4195,#4196);
#3743=AXIS2_PLACEMENT_3D('',#5172,#4197,#4198);
#3744=AXIS2_PLACEMENT_3D('',#5176,#4201,#4202);
#3745=AXIS2_PLACEMENT_3D('',#5177,#4203,#4204);
#3746=AXIS2_PLACEMENT_3D('',#5180,#4206,#4207);
#3747=AXIS2_PLACEMENT_3D('',#5181,#4208,#4209);
#3748=AXIS2_PLACEMENT_3D('',#5185,#4212,#4213);
#3749=AXIS2_PLACEMENT_3D('',#5186,#4214,#4215);
#3750=AXIS2_PLACEMENT_3D('',#5189,#4217,#4218);
#3751=AXIS2_PLACEMENT_3D('',#5190,#4219,#4220);
#3752=AXIS2_PLACEMENT_3D('',#5191,#4221,#4222);
#3753=AXIS2_PLACEMENT_3D('',#5192,#4223,#4224);
#3754=AXIS2_PLACEMENT_3D('',#5193,#4225,#4226);
#3755=AXIS2_PLACEMENT_3D('',#5194,#4227,#4228);
#3756=AXIS2_PLACEMENT_3D('',#5195,#4229,#4230);
#3757=AXIS2_PLACEMENT_3D('',#5196,#4231,#4232);
#3758=AXIS2_PLACEMENT_3D('',#5201,#4234,#4235);
#3759=AXIS2_PLACEMENT_3D('',#5203,#4236,#4237);
#3760=AXIS2_PLACEMENT_3D('',#5205,#4238,#4239);
#3761=AXIS2_PLACEMENT_3D('',#5207,#4240,#4241);
#3762=AXIS2_PLACEMENT_3D('',#5209,#4242,#4243);
#3763=AXIS2_PLACEMENT_3D('',#5211,#4244,#4245);
#3764=AXIS2_PLACEMENT_3D('',#5213,#4246,#4247);
#3765=AXIS2_PLACEMENT_3D('',#5216,#4249,#4250);
#3766=AXIS2_PLACEMENT_3D('',#5217,#4251,#4252);
#3767=AXIS2_PLACEMENT_3D('',#5223,#4255,#4256);
#3768=AXIS2_PLACEMENT_3D('',#5227,#4260,#4261);
#3769=AXIS2_PLACEMENT_3D('',#5228,#4262,#4263);
#3770=AXIS2_PLACEMENT_3D('',#5234,#4266,#4267);
#3771=AXIS2_PLACEMENT_3D('',#5235,#4268,#4269);
#3772=AXIS2_PLACEMENT_3D('',#5241,#4272,#4273);
#3773=AXIS2_PLACEMENT_3D('',#5242,#4274,#4275);
#3774=AXIS2_PLACEMENT_3D('',#5244,#4276,#4277);
#3775=AXIS2_PLACEMENT_3D('',#5246,#4278,#4279);
#3776=AXIS2_PLACEMENT_3D('',#5247,#4280,#4281);
#3777=AXIS2_PLACEMENT_3D('',#5249,#4282,#4283);
#3778=AXIS2_PLACEMENT_3D('',#5251,#4284,#4285);
#3779=AXIS2_PLACEMENT_3D('',#5252,#4286,#4287);
#3780=AXIS2_PLACEMENT_3D('',#5261,#4292,#4293);
#3781=AXIS2_PLACEMENT_3D('',#5262,#4294,#4295);
#3782=AXIS2_PLACEMENT_3D('',#5268,#4298,#4299);
#3783=AXIS2_PLACEMENT_3D('',#5272,#4303,#4304);
#3784=AXIS2_PLACEMENT_3D('',#5276,#4308,#4309);
#3785=AXIS2_PLACEMENT_3D('',#5280,#4313,#4314);
#3786=AXIS2_PLACEMENT_3D('',#5283,#4317,#4318);
#3787=AXIS2_PLACEMENT_3D('',#5284,#4319,#4320);
#3788=AXIS2_PLACEMENT_3D('',#5285,#4321,#4322);
#3789=AXIS2_PLACEMENT_3D('',#5286,#4323,#4324);
#3790=AXIS2_PLACEMENT_3D('',#5288,#4326,#4327);
#3791=AXIS2_PLACEMENT_3D('',#5289,#4328,#4329);
#3792=AXIS2_PLACEMENT_3D('',#5290,#4330,#4331);
#3793=AXIS2_PLACEMENT_3D('',#5291,#4332,#4333);
#3794=AXIS2_PLACEMENT_3D('',#5292,#4334,#4335);
#3795=AXIS2_PLACEMENT_3D('',#5294,#4336,#4337);
#3796=AXIS2_PLACEMENT_3D('',#5295,#4338,#4339);
#3797=AXIS2_PLACEMENT_3D('',#5297,#4341,#4342);
#3798=AXIS2_PLACEMENT_3D('',#5298,#4343,#4344);
#3799=AXIS2_PLACEMENT_3D('',#5299,#4345,#4346);
#3800=AXIS2_PLACEMENT_3D('',#5300,#4347,#4348);
#3801=AXIS2_PLACEMENT_3D('',#5309,#4353,#4354);
#3802=AXIS2_PLACEMENT_3D('',#5315,#4358,#4359);
#3803=AXIS2_PLACEMENT_3D('',#5321,#4363,#4364);
#3804=AXIS2_PLACEMENT_3D('',#5324,#4367,#4368);
#3805=AXIS2_PLACEMENT_3D('',#5325,#4369,#4370);
#3806=AXIS2_PLACEMENT_3D('',#5327,#4371,#4372);
#3807=AXIS2_PLACEMENT_3D('',#5328,#4373,#4374);
#3808=AXIS2_PLACEMENT_3D('',#5330,#4375,#4376);
#3809=AXIS2_PLACEMENT_3D('',#5331,#4377,#4378);
#3810=AXIS2_PLACEMENT_3D('',#5332,#4379,#4380);
#3811=AXIS2_PLACEMENT_3D('',#5341,#4385,#4386);
#3812=AXIS2_PLACEMENT_3D('',#5347,#4390,#4391);
#3813=AXIS2_PLACEMENT_3D('',#5353,#4395,#4396);
#3814=AXIS2_PLACEMENT_3D('',#5356,#4399,#4400);
#3815=AXIS2_PLACEMENT_3D('',#5357,#4401,#4402);
#3816=AXIS2_PLACEMENT_3D('',#5359,#4403,#4404);
#3817=AXIS2_PLACEMENT_3D('',#5361,#4405,#4406);
#3818=AXIS2_PLACEMENT_3D('',#5363,#4407,#4408);
#3819=AXIS2_PLACEMENT_3D('',#5364,#4409,#4410);
#3820=AXIS2_PLACEMENT_3D('',#5366,#4411,#4412);
#3821=AXIS2_PLACEMENT_3D('',#5368,#4413,#4414);
#3822=AXIS2_PLACEMENT_3D('',#5370,#4415,#4416);
#3823=AXIS2_PLACEMENT_3D('',#5371,#4417,#4418);
#3824=AXIS2_PLACEMENT_3D('',#5372,#4419,#4420);
#3825=AXIS2_PLACEMENT_3D('',#5373,#4421,#4422);
#3826=AXIS2_PLACEMENT_3D('',#5374,#4423,#4424);
#3827=AXIS2_PLACEMENT_3D('',#5375,#4425,#4426);
#3828=AXIS2_PLACEMENT_3D('',#5377,#4427,#4428);
#3829=AXIS2_PLACEMENT_3D('',#5379,#4429,#4430);
#3830=AXIS2_PLACEMENT_3D('',#5380,#4431,#4432);
#3831=AXIS2_PLACEMENT_3D('',#5382,#4433,#4434);
#3832=AXIS2_PLACEMENT_3D('',#5383,#4435,#4436);
#3833=AXIS2_PLACEMENT_3D('',#5384,#4437,#4438);
#3834=AXIS2_PLACEMENT_3D('',#5389,#4440,#4441);
#3835=AXIS2_PLACEMENT_3D('',#5392,#4443,#4444);
#3836=AXIS2_PLACEMENT_3D('',#5394,#4446,#4447);
#3837=AXIS2_PLACEMENT_3D('',#5396,#4449,#4450);
#3838=AXIS2_PLACEMENT_3D('',#5397,#4451,#4452);
#3839=AXIS2_PLACEMENT_3D('',#5398,#4453,#4454);
#3840=AXIS2_PLACEMENT_3D('',#5407,#4459,#4460);
#3841=AXIS2_PLACEMENT_3D('',#5413,#4464,#4465);
#3842=AXIS2_PLACEMENT_3D('',#5419,#4469,#4470);
#3843=AXIS2_PLACEMENT_3D('',#5422,#4473,#4474);
#3844=AXIS2_PLACEMENT_3D('',#5423,#4475,#4476);
#3845=AXIS2_PLACEMENT_3D('',#5425,#4477,#4478);
#3846=AXIS2_PLACEMENT_3D('',#5426,#4479,#4480);
#3847=AXIS2_PLACEMENT_3D('',#5428,#4481,#4482);
#3848=AXIS2_PLACEMENT_3D('',#5429,#4483,#4484);
#3849=AXIS2_PLACEMENT_3D('',#5430,#4485,#4486);
#3850=AXIS2_PLACEMENT_3D('',#5439,#4491,#4492);
#3851=AXIS2_PLACEMENT_3D('',#5456,#4501,#4502);
#3852=AXIS2_PLACEMENT_3D('',#5477,#4513,#4514);
#3853=AXIS2_PLACEMENT_3D('',#5487,#4520,#4521);
#3854=AXIS2_PLACEMENT_3D('',#5496,#4526,#4527);
#3855=AXIS2_PLACEMENT_3D('',#5507,#4533,#4534);
#3856=AXIS2_PLACEMENT_3D('',#5520,#4543,#4544);
#3857=AXIS2_PLACEMENT_3D('',#5532,#4551,#4552);
#3858=AXIS2_PLACEMENT_3D('',#5533,#4553,#4554);
#3859=AXIS2_PLACEMENT_3D('',#5538,#4556,#4557);
#3860=AXIS2_PLACEMENT_3D('',#5542,#4559,#4560);
#3861=AXIS2_PLACEMENT_3D('',#5546,#4562,#4563);
#3862=AXIS2_PLACEMENT_3D('',#5549,#4565,#4566);
#3863=AXIS2_PLACEMENT_3D('',#5558,#4571,#4572);
#3864=AXIS2_PLACEMENT_3D('',#5568,#4578,#4579);
#3865=AXIS2_PLACEMENT_3D('',#5578,#4585,#4586);
#3866=AXIS2_PLACEMENT_3D('',#5584,#4590,#4591);
#3867=AXIS2_PLACEMENT_3D('',#5588,#4594,#4595);
#3868=AXIS2_PLACEMENT_3D('',#5592,#4598,#4599);
#3869=AXIS2_PLACEMENT_3D('',#5618,#4614,#4615);
#3870=AXIS2_PLACEMENT_3D('',#5622,#4618,#4619);
#3871=AXIS2_PLACEMENT_3D('',#5626,#4621,#4622);
#3872=AXIS2_PLACEMENT_3D('',#5630,#4624,#4625);
#3873=AXIS2_PLACEMENT_3D('',#5633,#4627,#4628);
#3874=AXIS2_PLACEMENT_3D('',#5637,#4630,#4631);
#3875=AXIS2_PLACEMENT_3D('',#5638,#4632,#4633);
#3876=AXIS2_PLACEMENT_3D('',#5643,#4637,#4638);
#3877=AXIS2_PLACEMENT_3D('',#5649,#4642,#4643);
#3878=AXIS2_PLACEMENT_3D('',#5675,#4658,#4659);
#3879=AXIS2_PLACEMENT_3D('',#5678,#4662,#4663);
#3880=AXIS2_PLACEMENT_3D('',#5698,#4675,#4676);
#3881=AXIS2_PLACEMENT_3D('',#5700,#4678,#4679);
#3882=AXIS2_PLACEMENT_3D('',#5701,#4680,#4681);
#3883=AXIS2_PLACEMENT_3D('',#5703,#4682,#4683);
#3884=AXIS2_PLACEMENT_3D('',#5705,#4684,#4685);
#3885=AXIS2_PLACEMENT_3D('',#5707,#4686,#4687);
#3886=AXIS2_PLACEMENT_3D('',#5728,#4699,#4700);
#3887=AXIS2_PLACEMENT_3D('',#5735,#4705,#4706);
#3888=AXIS2_PLACEMENT_3D('',#5742,#4711,#4712);
#3889=AXIS2_PLACEMENT_3D('',#5746,#4715,#4716);
#3890=AXIS2_PLACEMENT_3D('',#5750,#4719,#4720);
#3891=AXIS2_PLACEMENT_3D('',#5752,#4722,#4723);
#3892=AXIS2_PLACEMENT_3D('',#5754,#4725,#4726);
#3893=AXIS2_PLACEMENT_3D('',#5755,#4727,#4728);
#3894=AXIS2_PLACEMENT_3D('',#5761,#4732,#4733);
#3895=AXIS2_PLACEMENT_3D('',#5762,#4734,#4735);
#3896=AXIS2_PLACEMENT_3D('',#5764,#4737,#4738);
#3897=AXIS2_PLACEMENT_3D('',#5766,#4740,#4741);
#3898=AXIS2_PLACEMENT_3D('',#5772,#4745,#4746);
#3899=AXIS2_PLACEMENT_3D('',#5775,#4749,#4750);
#3900=AXIS2_PLACEMENT_3D('',#5777,#4752,#4753);
#3901=AXIS2_PLACEMENT_3D('',#5779,#4755,#4756);
#3902=AXIS2_PLACEMENT_3D('',#5782,#4759,#4760);
#3903=AXIS2_PLACEMENT_3D('',#5785,#4763,#4764);
#3904=AXIS2_PLACEMENT_3D('',#5786,#4765,#4766);
#3905=AXIS2_PLACEMENT_3D('',#5787,#4767,#4768);
#3906=AXIS2_PLACEMENT_3D('',#5789,#4770,#4771);
#3907=AXIS2_PLACEMENT_3D('',#5791,#4773,#4774);
#3908=AXIS2_PLACEMENT_3D('',#5793,#4776,#4777);
#3909=AXIS2_PLACEMENT_3D('',#5797,#4780,#4781);
#3910=AXIS2_PLACEMENT_3D('',#5799,#4783,#4784);
#3911=AXIS2_PLACEMENT_3D('',#5800,#4785,#4786);
#3912=AXIS2_PLACEMENT_3D('',#5804,#4789,#4790);
#3913=AXIS2_PLACEMENT_3D('',#5806,#4792,#4793);
#3914=AXIS2_PLACEMENT_3D('',#5807,#4794,#4795);
#3915=AXIS2_PLACEMENT_3D('',#5809,#4796,#4797);
#3916=AXIS2_PLACEMENT_3D('',#5815,#4800,#4801);
#3917=AXIS2_PLACEMENT_3D('',#5824,#4807,#4808);
#3918=AXIS2_PLACEMENT_3D('',#5830,#4812,#4813);
#3919=AXIS2_PLACEMENT_3D('',#5839,#4819,#4820);
#3920=AXIS2_PLACEMENT_3D('',#5848,#4826,#4827);
#3921=AXIS2_PLACEMENT_3D('',#5855,#4832,#4833);
#3922=AXIS2_PLACEMENT_3D('',#5856,#4834,#4835);
#3923=AXIS2_PLACEMENT_3D('',#5857,#4836,#4837);
#3924=AXIS2_PLACEMENT_3D('',#5858,#4838,#4839);
#3925=AXIS2_PLACEMENT_3D('',#5859,#4840,#4841);
#3926=AXIS2_PLACEMENT_3D('',#5860,#4842,#4843);
#3927=AXIS2_PLACEMENT_3D('',#5861,#4844,#4845);
#3928=AXIS2_PLACEMENT_3D('',#5862,#4846,#4847);
#3929=AXIS2_PLACEMENT_3D('',#5867,#4850,#4851);
#3930=AXIS2_PLACEMENT_3D('',#5869,#4853,#4854);
#3931=AXIS2_PLACEMENT_3D('',#5870,#4855,#4856);
#3932=AXIS2_PLACEMENT_3D('',#5871,#4857,#4858);
#3933=AXIS2_PLACEMENT_3D('',#5872,#4859,#4860);
#3934=AXIS2_PLACEMENT_3D('',#5877,#4863,#4864);
#3935=AXIS2_PLACEMENT_3D('',#5879,#4866,#4867);
#3936=AXIS2_PLACEMENT_3D('',#5880,#4868,#4869);
#3937=AXIS2_PLACEMENT_3D('',#5881,#4870,#4871);
#3938=AXIS2_PLACEMENT_3D('',#5886,#4874,#4875);
#3939=AXIS2_PLACEMENT_3D('',#5888,#4877,#4878);
#3940=AXIS2_PLACEMENT_3D('',#5889,#4879,#4880);
#3941=AXIS2_PLACEMENT_3D('',#5890,#4881,#4882);
#3942=AXIS2_PLACEMENT_3D('',#5895,#4885,#4886);
#3943=AXIS2_PLACEMENT_3D('',#5897,#4888,#4889);
#3944=AXIS2_PLACEMENT_3D('',#5898,#4890,#4891);
#3945=AXIS2_PLACEMENT_3D('',#5899,#4892,#4893);
#3946=AXIS2_PLACEMENT_3D('',#5904,#4896,#4897);
#3947=AXIS2_PLACEMENT_3D('',#5906,#4899,#4900);
#3948=AXIS2_PLACEMENT_3D('',#5907,#4901,#4902);
#3949=AXIS2_PLACEMENT_3D('',#5908,#4903,#4904);
#3950=AXIS2_PLACEMENT_3D('',#5909,#4905,#4906);
#3951=AXIS2_PLACEMENT_3D('',#5910,#4907,#4908);
#3952=AXIS2_PLACEMENT_3D('',#5911,#4909,#4910);
#3953=AXIS2_PLACEMENT_3D('',#5915,#4913,#4914);
#3954=AXIS2_PLACEMENT_3D('',#5919,#4917,#4918);
#3955=AXIS2_PLACEMENT_3D('',#5922,#4921,#4922);
#3956=AXIS2_PLACEMENT_3D('',#5923,#4923,#4924);
#3957=AXIS2_PLACEMENT_3D('',#5924,#4925,#4926);
#3958=DIRECTION('',(0.,0.,1.));
#3959=DIRECTION('',(1.,0.,0.));
#3960=DIRECTION('',(0.,1.,0.));
#3961=DIRECTION('',(0.,0.,1.));
#3962=DIRECTION('',(0.,-1.,0.));
#3963=DIRECTION('',(0.,0.,-1.));
#3964=DIRECTION('',(0.,-1.,0.));
#3965=DIRECTION('',(0.,0.,-1.));
#3966=DIRECTION('',(0.,-1.,0.));
#3967=DIRECTION('',(1.,0.,0.));
#3968=DIRECTION('',(0.,-1.,0.));
#3969=DIRECTION('',(0.,0.,-1.));
#3970=DIRECTION('',(0.,-1.,0.));
#3971=DIRECTION('',(1.,0.,0.));
#3972=DIRECTION('',(1.,0.,0.));
#3973=DIRECTION('',(0.,0.,-1.));
#3974=DIRECTION('',(-1.,0.,0.));
#3975=DIRECTION('',(-8.9681043912456E-17,0.,-1.));
#3976=DIRECTION('',(-1.,0.,0.));
#3977=DIRECTION('',(0.384675502772407,0.,-0.923051871547204));
#3978=DIRECTION('',(0.,0.,1.));
#3979=DIRECTION('',(0.,1.,0.));
#3980=DIRECTION('',(0.,0.,1.));
#3981=DIRECTION('',(0.,0.,-1.));
#3982=DIRECTION('',(-0.5762352548763,0.,-0.817283874206292));
#3983=DIRECTION('',(-1.,0.,0.));
#3984=DIRECTION('',(0.,0.,1.));
#3985=DIRECTION('',(0.,-1.,0.));
#3986=DIRECTION('',(0.,0.,-1.));
#3987=DIRECTION('',(0.,-1.,0.));
#3988=DIRECTION('',(0.,0.,-1.));
#3989=DIRECTION('',(-1.,0.,0.));
#3990=DIRECTION('',(0.,-1.,0.));
#3991=DIRECTION('',(1.,0.,0.));
#3992=DIRECTION('',(-0.817283874206292,0.,0.5762352548763));
#3993=DIRECTION('',(0.5762352548763,0.,0.817283874206292));
#3994=DIRECTION('',(0.,-1.,0.));
#3995=DIRECTION('',(-0.5762352548763,0.,-0.817283874206292));
#3996=DIRECTION('',(-1.,0.,0.));
#3997=DIRECTION('',(0.,0.,1.));
#3998=DIRECTION('',(0.,-1.,0.));
#3999=DIRECTION('',(0.,0.,-1.));
#4000=DIRECTION('',(0.,-1.,0.));
#4001=DIRECTION('',(0.,0.,-1.));
#4002=DIRECTION('',(0.,-1.,0.));
#4003=DIRECTION('',(0.,1.,0.));
#4004=DIRECTION('',(0.,0.,1.));
#4005=DIRECTION('',(1.,0.,0.));
#4006=DIRECTION('',(0.,0.,-1.));
#4007=DIRECTION('',(0.,-1.,0.));
#4008=DIRECTION('',(0.,0.,1.));
#4009=DIRECTION('',(-0.923051871547204,0.,-0.384675502772407));
#4010=DIRECTION('',(-0.384675502772407,0.,0.923051871547204));
#4011=DIRECTION('',(0.,-1.,0.));
#4012=DIRECTION('',(0.384675502772407,0.,-0.923051871547204));
#4013=DIRECTION('',(0.,0.,1.));
#4014=DIRECTION('',(1.,0.,0.));
#4015=DIRECTION('',(0.,-1.,0.));
#4016=DIRECTION('',(-1.,0.,0.));
#4017=DIRECTION('',(-1.,0.,8.9681043912456E-17));
#4018=DIRECTION('',(8.9681043912456E-17,0.,1.));
#4019=DIRECTION('',(0.,-1.,0.));
#4020=DIRECTION('',(-8.9681043912456E-17,0.,-1.));
#4021=DIRECTION('',(0.,0.,1.));
#4022=DIRECTION('',(1.,0.,0.));
#4023=DIRECTION('',(-1.,0.,0.));
#4024=DIRECTION('',(0.,-1.,0.));
#4025=DIRECTION('',(0.,0.,-1.));
#4026=DIRECTION('',(0.,1.,0.));
#4027=DIRECTION('',(0.,0.,1.));
#4028=DIRECTION('',(0.,1.,0.));
#4029=DIRECTION('',(0.,0.,1.));
#4030=DIRECTION('',(0.,1.,0.));
#4031=DIRECTION('',(-1.,0.,0.));
#4032=DIRECTION('',(0.,1.,0.));
#4033=DIRECTION('',(0.,0.,1.));
#4034=DIRECTION('',(0.,1.,0.));
#4035=DIRECTION('',(-1.,0.,0.));
#4036=DIRECTION('',(0.,1.,0.));
#4037=DIRECTION('',(0.,0.,1.));
#4038=DIRECTION('',(0.,-1.,0.));
#4039=DIRECTION('',(0.,0.,-1.));
#4040=DIRECTION('',(0.,-1.,0.));
#4041=DIRECTION('',(1.,0.,0.));
#4042=DIRECTION('',(0.,-1.,0.));
#4043=DIRECTION('',(0.,0.,-1.));
#4044=DIRECTION('',(0.,-1.,0.));
#4045=DIRECTION('',(0.,0.,-1.));
#4046=DIRECTION('',(0.,-1.,0.));
#4047=DIRECTION('',(1.,0.,0.));
#4048=DIRECTION('',(0.,0.,1.));
#4049=DIRECTION('',(3.40005801291454E-16,-1.,0.));
#4050=DIRECTION('',(1.,0.,0.));
#4051=DIRECTION('',(0.,0.,-1.));
#4052=DIRECTION('',(0.,0.,-1.));
#4053=DIRECTION('',(0.,-1.,0.));
#4054=DIRECTION('',(0.,0.,-1.));
#4055=DIRECTION('',(0.,1.,0.));
#4056=DIRECTION('',(0.,0.,-1.));
#4057=DIRECTION('',(0.,1.,0.));
#4058=DIRECTION('',(0.,0.,1.));
#4059=DIRECTION('',(0.,-1.,0.));
#4060=DIRECTION('',(0.,0.,1.));
#4061=DIRECTION('',(1.,0.,0.));
#4062=DIRECTION('',(1.,0.,0.));
#4063=DIRECTION('',(0.,1.,0.));
#4064=DIRECTION('',(1.,0.,0.));
#4065=DIRECTION('',(0.,1.,0.));
#4066=DIRECTION('',(1.,0.,0.));
#4067=DIRECTION('',(-1.,0.,0.));
#4068=DIRECTION('',(0.,1.,0.));
#4069=DIRECTION('',(1.,0.,0.));
#4070=DIRECTION('',(0.,0.,-1.));
#4071=DIRECTION('',(0.,0.,-1.));
#4072=DIRECTION('',(0.,-1.,0.));
#4073=DIRECTION('',(0.,0.,-1.));
#4074=DIRECTION('',(0.,-1.,0.));
#4075=DIRECTION('',(0.,0.,1.));
#4076=DIRECTION('',(0.,1.,0.));
#4077=DIRECTION('',(0.,0.,-1.));
#4078=DIRECTION('',(0.,0.,1.));
#4079=DIRECTION('',(1.,0.,0.));
#4080=DIRECTION('',(1.,0.,0.));
#4081=DIRECTION('',(0.,1.,0.));
#4082=DIRECTION('',(-1.,0.,0.));
#4083=DIRECTION('',(1.,0.,0.));
#4084=DIRECTION('',(1.,0.,0.));
#4085=DIRECTION('',(0.,1.,0.));
#4086=DIRECTION('',(0.,-1.,0.));
#4087=DIRECTION('',(1.,0.,0.));
#4088=DIRECTION('',(0.,-1.,0.));
#4089=DIRECTION('',(0.,0.,-1.));
#4090=DIRECTION('',(0.,-1.,0.));
#4091=DIRECTION('',(1.,0.,0.));
#4092=DIRECTION('',(0.,-1.,0.));
#4093=DIRECTION('',(0.,0.,-1.));
#4094=DIRECTION('',(0.,-1.,0.));
#4095=DIRECTION('',(0.,0.,-1.));
#4096=DIRECTION('',(0.,-1.,0.));
#4097=DIRECTION('',(0.,0.,-1.));
#4098=DIRECTION('',(0.,-1.,0.));
#4099=DIRECTION('',(0.,0.,-1.));
#4100=DIRECTION('',(0.,0.,-1.));
#4101=DIRECTION('',(-1.,0.,0.));
#4102=DIRECTION('',(-1.,0.,0.));
#4103=DIRECTION('',(0.,0.,-1.));
#4104=DIRECTION('',(0.,0.,-1.));
#4105=DIRECTION('',(1.,0.,0.));
#4106=DIRECTION('',(1.,0.,0.));
#4107=DIRECTION('',(0.,0.,-1.));
#4108=DIRECTION('',(1.,0.,0.));
#4109=DIRECTION('',(0.,0.,-1.));
#4110=DIRECTION('',(0.,0.17364817766693,0.984807753012208));
#4111=DIRECTION('',(0.,-0.984807753012208,0.17364817766693));
#4112=DIRECTION('',(0.,0.17364817766693,0.984807753012208));
#4113=DIRECTION('',(1.,0.,0.));
#4114=DIRECTION('',(0.,0.17364817766693,0.984807753012208));
#4115=DIRECTION('',(0.,-0.984807753012208,0.17364817766693));
#4116=DIRECTION('',(0.,-0.17364817766693,-0.984807753012208));
#4117=DIRECTION('',(0.,0.984807753012208,-0.17364817766693));
#4118=DIRECTION('',(0.,0.17364817766693,0.984807753012208));
#4119=DIRECTION('',(0.,-0.984807753012208,0.17364817766693));
#4120=DIRECTION('',(-1.,-1.88663487276341E-16,3.32664630813672E-17));
#4121=DIRECTION('',(1.88663487276341E-16,-1.,0.));
#4122=DIRECTION('',(0.,-0.17364817766693,-0.984807753012208));
#4123=DIRECTION('',(-1.91573925671565E-16,0.984807753012208,-0.17364817766693));
#4124=DIRECTION('',(0.,-0.17364817766693,-0.984807753012208));
#4125=DIRECTION('',(-1.91573925671565E-16,0.984807753012208,-0.17364817766693));
#4126=DIRECTION('',(0.,0.984807753012208,-0.17364817766693));
#4127=DIRECTION('',(0.,0.17364817766693,0.984807753012208));
#4128=DIRECTION('',(0.,-0.17364817766693,-0.984807753012208));
#4129=DIRECTION('',(1.,0.,0.));
#4130=DIRECTION('',(1.,0.,0.));
#4131=DIRECTION('',(-1.,-1.88663487276341E-16,3.32664630813672E-17));
#4132=DIRECTION('',(1.88663487276341E-16,-1.,0.));
#4133=DIRECTION('',(0.,-0.17364817766693,-0.984807753012208));
#4134=DIRECTION('',(-1.91573925671565E-16,0.984807753012208,-0.17364817766693));
#4135=DIRECTION('',(-1.91573925671565E-16,0.984807753012208,-0.17364817766693));
#4136=DIRECTION('',(0.,0.984807753012208,-0.17364817766693));
#4137=DIRECTION('',(0.,0.17364817766693,0.984807753012208));
#4138=DIRECTION('',(1.,0.,0.));
#4139=DIRECTION('',(0.,-0.17364817766693,-0.984807753012208));
#4140=DIRECTION('',(1.,0.,0.));
#4141=DIRECTION('',(0.,0.17364817766693,0.984807753012208));
#4142=DIRECTION('',(1.,0.,0.));
#4143=DIRECTION('',(-1.91573925671565E-16,0.984807753012208,-0.17364817766693));
#4144=DIRECTION('',(1.,0.,0.));
#4145=DIRECTION('',(-1.91573925671565E-16,0.984807753012208,-0.17364817766693));
#4146=DIRECTION('',(1.,0.,0.));
#4147=DIRECTION('',(0.,0.17364817766693,0.984807753012208));
#4148=DIRECTION('',(1.,0.,0.));
#4149=DIRECTION('',(0.,0.17364817766693,0.984807753012208));
#4150=DIRECTION('',(0.,-0.984807753012208,0.17364817766693));
#4151=DIRECTION('',(0.,0.17364817766693,0.984807753012208));
#4152=DIRECTION('',(0.,-0.984807753012208,0.17364817766693));
#4153=DIRECTION('',(0.,0.173648177666931,0.984807753012208));
#4154=DIRECTION('',(0.,-0.984807753012208,0.173648177666931));
#4155=DIRECTION('',(1.,0.,0.));
#4156=DIRECTION('',(0.,0.,-1.));
#4157=DIRECTION('',(1.,0.,0.));
#4158=DIRECTION('',(0.,0.,-1.));
#4159=DIRECTION('',(0.707106781186548,0.696364240320019,-0.122787803968973));
#4160=DIRECTION('',(0.707106781186548,-0.696364240320019,0.122787803968973));
#4161=DIRECTION('',(0.,0.984807753012208,-0.173648177666931));
#4162=DIRECTION('',(0.,0.173648177666931,0.984807753012208));
#4163=DIRECTION('',(-8.54184564237123E-16,0.984807753012208,-0.17364817766693));
#4164=DIRECTION('',(0.,0.17364817766693,0.984807753012208));
#4165=DIRECTION('',(-1.91573925671565E-16,0.984807753012208,-0.17364817766693));
#4166=DIRECTION('',(0.,0.17364817766693,0.984807753012208));
#4167=DIRECTION('',(-0.707106781186548,0.696364240320019,-0.122787803968973));
#4168=DIRECTION('',(0.707106781186548,0.696364240320019,-0.122787803968973));
#4169=DIRECTION('',(1.91573925671565E-16,-0.984807753012208,0.17364817766693));
#4170=DIRECTION('',(0.,-0.17364817766693,-0.984807753012208));
#4171=DIRECTION('',(-0.707106781186548,-0.696364240320019,0.122787803968973));
#4172=DIRECTION('',(0.707106781186548,-0.696364240320019,0.122787803968973));
#4173=DIRECTION('',(-1.,0.,0.));
#4174=DIRECTION('',(0.,0.,1.));
#4175=DIRECTION('',(0.,0.,-1.));
#4176=DIRECTION('',(-1.,0.,0.));
#4177=DIRECTION('',(-1.,0.,0.));
#4178=DIRECTION('',(0.,-1.,0.));
#4179=DIRECTION('',(0.,-1.,0.));
#4180=DIRECTION('',(0.,0.,-1.));
#4181=DIRECTION('',(0.,-1.,0.));
#4182=DIRECTION('',(0.,0.,-1.));
#4183=DIRECTION('',(0.,0.,1.));
#4184=DIRECTION('',(1.,0.,0.));
#4185=DIRECTION('',(0.,1.,0.));
#4186=DIRECTION('',(0.,0.,-1.));
#4187=DIRECTION('',(-1.,0.,0.));
#4188=DIRECTION('',(0.,-1.,0.));
#4189=DIRECTION('',(-1.,0.,0.));
#4190=DIRECTION('',(0.,1.,0.));
#4191=DIRECTION('',(0.,0.,1.));
#4192=DIRECTION('',(0.,1.,0.));
#4193=DIRECTION('',(0.,0.,1.));
#4194=DIRECTION('',(0.,0.,-1.));
#4195=DIRECTION('',(1.,0.,0.));
#4196=DIRECTION('',(0.,1.,0.));
#4197=DIRECTION('',(0.,0.,1.));
#4198=DIRECTION('',(1.,0.,0.));
#4199=DIRECTION('',(0.,-1.,0.));
#4200=DIRECTION('',(1.,0.,0.));
#4201=DIRECTION('',(0.,1.,0.));
#4202=DIRECTION('',(0.,0.,1.));
#4203=DIRECTION('',(0.,-1.,0.));
#4204=DIRECTION('',(0.,0.,-1.));
#4205=DIRECTION('',(0.,0.,1.));
#4206=DIRECTION('',(-1.,0.,0.));
#4207=DIRECTION('',(0.,-1.,0.));
#4208=DIRECTION('',(0.,0.,1.));
#4209=DIRECTION('',(1.,0.,0.));
#4210=DIRECTION('',(1.,0.,0.));
#4211=DIRECTION('',(0.,-1.,0.));
#4212=DIRECTION('',(0.,-1.,0.));
#4213=DIRECTION('',(0.,0.,-1.));
#4214=DIRECTION('',(0.,-1.,0.));
#4215=DIRECTION('',(0.,0.,-1.));
#4216=DIRECTION('',(0.,0.,-1.));
#4217=DIRECTION('',(-1.,0.,0.));
#4218=DIRECTION('',(0.,-1.,0.));
#4219=DIRECTION('',(0.,-1.,0.));
#4220=DIRECTION('',(0.,0.,-1.));
#4221=DIRECTION('',(0.,-1.,0.));
#4222=DIRECTION('',(0.,0.,-1.));
#4223=DIRECTION('',(0.,-1.,0.));
#4224=DIRECTION('',(0.,0.,-1.));
#4225=DIRECTION('',(0.,-1.,0.));
#4226=DIRECTION('',(0.,0.,-1.));
#4227=DIRECTION('',(-0.0632748154518045,0.996525716074394,0.0541552853556991));
#4228=DIRECTION('',(-0.99198384628515,-0.0568535523193768,-0.112852657469766));
#4229=DIRECTION('',(0.,1.,0.));
#4230=DIRECTION('',(0.,0.,1.));
#4231=DIRECTION('',(0.,-1.,0.));
#4232=DIRECTION('',(0.,0.,-1.));
#4233=DIRECTION('',(0.,1.,0.));
#4234=DIRECTION('',(0.,-1.,0.));
#4235=DIRECTION('',(0.,0.,-1.));
#4236=DIRECTION('',(0.,-1.,0.));
#4237=DIRECTION('',(0.,0.,-1.));
#4238=DIRECTION('',(0.,-1.,0.));
#4239=DIRECTION('',(0.,0.,-1.));
#4240=DIRECTION('',(0.,-1.,0.));
#4241=DIRECTION('',(0.,0.,-1.));
#4242=DIRECTION('',(0.,-1.,0.));
#4243=DIRECTION('',(0.,0.,-1.));
#4244=DIRECTION('',(0.,-1.,0.));
#4245=DIRECTION('',(0.,0.,-1.));
#4246=DIRECTION('',(0.,-1.,0.));
#4247=DIRECTION('',(0.,0.,-1.));
#4248=DIRECTION('',(0.,1.,0.));
#4249=DIRECTION('',(0.,-1.,0.));
#4250=DIRECTION('',(1.,0.,0.));
#4251=DIRECTION('',(0.,-1.,0.));
#4252=DIRECTION('',(0.,0.,-1.));
#4253=DIRECTION('',(1.,0.,0.));
#4254=DIRECTION('',(0.,0.,-1.));
#4255=DIRECTION('',(0.,-1.,0.));
#4256=DIRECTION('',(1.,0.,0.));
#4257=DIRECTION('',(1.,0.,0.));
#4258=DIRECTION('',(1.,0.,0.));
#4259=DIRECTION('',(0.,0.,-1.));
#4260=DIRECTION('',(0.,-1.,0.));
#4261=DIRECTION('',(1.,0.,0.));
#4262=DIRECTION('',(0.,-1.,0.));
#4263=DIRECTION('',(0.,0.,-1.));
#4264=DIRECTION('',(0.,0.,-1.));
#4265=DIRECTION('',(1.,0.,0.));
#4266=DIRECTION('',(0.,-1.,0.));
#4267=DIRECTION('',(1.,0.,0.));
#4268=DIRECTION('',(0.,-1.,0.));
#4269=DIRECTION('',(0.,0.,-1.));
#4270=DIRECTION('',(1.,0.,0.));
#4271=DIRECTION('',(0.,0.,-1.));
#4272=DIRECTION('',(0.,1.,0.));
#4273=DIRECTION('',(0.,0.,1.));
#4274=DIRECTION('',(0.,-1.,0.));
#4275=DIRECTION('',(0.,0.,-1.));
#4276=DIRECTION('',(0.,-1.,0.));
#4277=DIRECTION('',(0.,0.,-1.));
#4278=DIRECTION('',(0.,1.,0.));
#4279=DIRECTION('',(0.,0.,1.));
#4280=DIRECTION('',(0.,-1.,0.));
#4281=DIRECTION('',(0.,0.,-1.));
#4282=DIRECTION('',(0.,-1.,0.));
#4283=DIRECTION('',(0.,0.,-1.));
#4284=DIRECTION('',(0.,-1.,0.));
#4285=DIRECTION('',(1.,0.,0.));
#4286=DIRECTION('',(0.,-1.,0.));
#4287=DIRECTION('',(1.,0.,0.));
#4288=DIRECTION('',(1.,0.,0.));
#4289=DIRECTION('',(0.,0.,-1.));
#4290=DIRECTION('',(1.,0.,0.));
#4291=DIRECTION('',(0.,0.,-1.));
#4292=DIRECTION('',(0.,-1.,0.));
#4293=DIRECTION('',(1.,0.,0.));
#4294=DIRECTION('',(0.,-1.,0.));
#4295=DIRECTION('',(0.,0.,-1.));
#4296=DIRECTION('',(0.,0.,-1.));
#4297=DIRECTION('',(1.,0.,0.));
#4298=DIRECTION('',(1.,0.,0.));
#4299=DIRECTION('',(0.,0.,-1.));
#4300=DIRECTION('',(0.,1.,0.));
#4301=DIRECTION('',(0.,0.,-1.));
#4302=DIRECTION('',(0.,1.,0.));
#4303=DIRECTION('',(0.,0.,1.));
#4304=DIRECTION('',(1.,0.,0.));
#4305=DIRECTION('',(1.,0.,0.));
#4306=DIRECTION('',(1.,0.,0.));
#4307=DIRECTION('',(0.,1.,0.));
#4308=DIRECTION('',(1.,0.,0.));
#4309=DIRECTION('',(0.,0.,-1.));
#4310=DIRECTION('',(0.,0.,-1.));
#4311=DIRECTION('',(0.,0.,-1.));
#4312=DIRECTION('',(0.,1.,0.));
#4313=DIRECTION('',(0.,0.,1.));
#4314=DIRECTION('',(1.,0.,0.));
#4315=DIRECTION('',(1.,0.,0.));
#4316=DIRECTION('',(1.,0.,0.));
#4317=DIRECTION('',(0.,-1.,0.));
#4318=DIRECTION('',(1.,0.,0.));
#4319=DIRECTION('',(0.,-1.,0.));
#4320=DIRECTION('',(1.,0.,0.));
#4321=DIRECTION('',(0.,-1.,0.));
#4322=DIRECTION('',(0.,0.,-1.));
#4323=DIRECTION('',(0.,-1.,0.));
#4324=DIRECTION('',(1.,0.,0.));
#4325=DIRECTION('',(1.,0.,0.));
#4326=DIRECTION('',(0.,-1.,0.));
#4327=DIRECTION('',(0.,0.,-1.));
#4328=DIRECTION('',(0.,-1.,0.));
#4329=DIRECTION('',(1.,0.,0.));
#4330=DIRECTION('',(0.,-1.,0.));
#4331=DIRECTION('',(0.,0.,-1.));
#4332=DIRECTION('',(0.,1.,0.));
#4333=DIRECTION('',(0.,0.,1.));
#4334=DIRECTION('',(0.,-1.,0.));
#4335=DIRECTION('',(0.,0.,-1.));
#4336=DIRECTION('',(0.,-1.,0.));
#4337=DIRECTION('',(0.,0.,-1.));
#4338=DIRECTION('',(0.,-1.,0.));
#4339=DIRECTION('',(1.,0.,0.));
#4340=DIRECTION('',(1.,0.,0.));
#4341=DIRECTION('',(0.,-1.,0.));
#4342=DIRECTION('',(1.,0.,0.));
#4343=DIRECTION('',(0.,0.,1.));
#4344=DIRECTION('',(1.,0.,0.));
#4345=DIRECTION('',(0.00708606083716835,-0.999973999076585,-0.00133750237153139));
#4346=DIRECTION('',(0.104071753990312,-0.000592795851435059,0.994569614765331));
#4347=DIRECTION('',(0.,0.,1.));
#4348=DIRECTION('',(1.,0.,0.));
#4349=DIRECTION('',(1.,0.,0.));
#4350=DIRECTION('',(0.,1.,0.));
#4351=DIRECTION('',(1.,0.,0.));
#4352=DIRECTION('',(0.,1.,0.));
#4353=DIRECTION('',(1.,0.,0.));
#4354=DIRECTION('',(0.,0.,-1.));
#4355=DIRECTION('',(0.,0.,-1.));
#4356=DIRECTION('',(0.,1.,0.));
#4357=DIRECTION('',(0.,0.,-1.));
#4358=DIRECTION('',(0.,0.,1.));
#4359=DIRECTION('',(1.,0.,0.));
#4360=DIRECTION('',(1.,0.,0.));
#4361=DIRECTION('',(0.,1.,0.));
#4362=DIRECTION('',(1.,0.,0.));
#4363=DIRECTION('',(1.,0.,5.10212787052002E-17));
#4364=DIRECTION('',(5.10212787052002E-17,0.,-1.));
#4365=DIRECTION('',(5.10212787052002E-17,0.,-1.));
#4366=DIRECTION('',(5.10212787052002E-17,0.,-1.));
#4367=DIRECTION('',(0.,-1.,0.));
#4368=DIRECTION('',(1.,0.,0.));
#4369=DIRECTION('',(0.,-1.,0.));
#4370=DIRECTION('',(0.,0.,-1.));
#4371=DIRECTION('',(0.,-1.,0.));
#4372=DIRECTION('',(1.,0.,0.));
#4373=DIRECTION('',(0.,1.,0.));
#4374=DIRECTION('',(0.,0.,1.));
#4375=DIRECTION('',(0.,1.,0.));
#4376=DIRECTION('',(0.,0.,1.));
#4377=DIRECTION('',(0.0160272212228918,0.999871554841176,4.47142295893827E-5));
#4378=DIRECTION('',(0.000731693935088802,3.29914346205271E-5,-0.999999731767739));
#4379=DIRECTION('',(-1.15648231731787E-16,0.,-1.));
#4380=DIRECTION('',(-1.,0.,1.15648231731787E-16));
#4381=DIRECTION('',(1.,0.,-1.15648231731787E-16));
#4382=DIRECTION('',(0.,-1.,0.));
#4383=DIRECTION('',(1.,0.,-1.15648231731787E-16));
#4384=DIRECTION('',(0.,-1.,0.));
#4385=DIRECTION('',(-1.,0.,0.));
#4386=DIRECTION('',(0.,0.,1.));
#4387=DIRECTION('',(0.,0.,-1.));
#4388=DIRECTION('',(0.,-1.,0.));
#4389=DIRECTION('',(0.,0.,-1.));
#4390=DIRECTION('',(0.,0.,-1.));
#4391=DIRECTION('',(-1.,0.,0.));
#4392=DIRECTION('',(1.,0.,0.));
#4393=DIRECTION('',(0.,-1.,0.));
#4394=DIRECTION('',(1.,0.,0.));
#4395=DIRECTION('',(-1.,0.,0.));
#4396=DIRECTION('',(0.,0.,1.));
#4397=DIRECTION('',(0.,0.,-1.));
#4398=DIRECTION('',(0.,0.,-1.));
#4399=DIRECTION('',(0.,1.,0.));
#4400=DIRECTION('',(-1.,0.,0.));
#4401=DIRECTION('',(0.,1.,0.));
#4402=DIRECTION('',(0.,0.,1.));
#4403=DIRECTION('',(0.,1.,0.));
#4404=DIRECTION('',(0.,0.,1.));
#4405=DIRECTION('',(0.,1.,0.));
#4406=DIRECTION('',(0.,0.,1.));
#4407=DIRECTION('',(0.,1.,0.));
#4408=DIRECTION('',(-1.,0.,0.));
#4409=DIRECTION('',(0.,1.,0.));
#4410=DIRECTION('',(0.,0.,1.));
#4411=DIRECTION('',(0.,1.,0.));
#4412=DIRECTION('',(0.,0.,1.));
#4413=DIRECTION('',(0.,1.,0.));
#4414=DIRECTION('',(0.,0.,1.));
#4415=DIRECTION('',(0.,1.,0.));
#4416=DIRECTION('',(0.,0.,1.));
#4417=DIRECTION('',(0.,1.,0.));
#4418=DIRECTION('',(0.,0.,1.));
#4419=DIRECTION('',(0.,1.,0.));
#4420=DIRECTION('',(0.,0.,1.));
#4421=DIRECTION('',(0.,0.,1.));
#4422=DIRECTION('',(1.,0.,0.));
#4423=DIRECTION('',(-1.,0.,0.));
#4424=DIRECTION('',(0.,0.,1.));
#4425=DIRECTION('',(1.,0.,0.));
#4426=DIRECTION('',(0.,0.,-1.));
#4427=DIRECTION('',(1.,0.,0.));
#4428=DIRECTION('',(0.,0.,-1.));
#4429=DIRECTION('',(1.,0.,0.));
#4430=DIRECTION('',(0.,1.,0.));
#4431=DIRECTION('',(1.,0.,0.));
#4432=DIRECTION('',(0.,0.,-1.));
#4433=DIRECTION('',(1.,0.,0.));
#4434=DIRECTION('',(0.,1.,0.));
#4435=DIRECTION('',(-1.,0.,0.));
#4436=DIRECTION('',(0.,0.,1.));
#4437=DIRECTION('',(1.,0.,0.));
#4438=DIRECTION('',(0.,0.,-1.));
#4439=DIRECTION('',(1.,0.,0.));
#4440=DIRECTION('',(1.,0.,0.));
#4441=DIRECTION('',(0.,0.,-1.));
#4442=DIRECTION('',(1.,0.,0.));
#4443=DIRECTION('',(1.,0.,0.));
#4444=DIRECTION('',(0.,1.,0.));
#4445=DIRECTION('',(0.,1.,0.));
#4446=DIRECTION('',(0.,0.,-1.));
#4447=DIRECTION('',(-1.,0.,0.));
#4448=DIRECTION('',(0.,1.,0.));
#4449=DIRECTION('',(1.,0.,0.));
#4450=DIRECTION('',(0.,1.,0.));
#4451=DIRECTION('',(-2.91433543964103E-16,0.,-1.));
#4452=DIRECTION('',(-1.,0.,2.91433543964103E-16));
#4453=DIRECTION('',(0.,0.,1.));
#4454=DIRECTION('',(1.,0.,0.));
#4455=DIRECTION('',(0.,1.,0.));
#4456=DIRECTION('',(-1.,0.,0.));
#4457=DIRECTION('',(0.,1.,0.));
#4458=DIRECTION('',(-1.,0.,0.));
#4459=DIRECTION('',(0.,1.,0.));
#4460=DIRECTION('',(0.,0.,1.));
#4461=DIRECTION('',(0.,0.,-1.));
#4462=DIRECTION('',(-1.,0.,0.));
#4463=DIRECTION('',(0.,0.,-1.));
#4464=DIRECTION('',(0.,0.,1.));
#4465=DIRECTION('',(1.,0.,0.));
#4466=DIRECTION('',(0.,1.,0.));
#4467=DIRECTION('',(-1.,0.,0.));
#4468=DIRECTION('',(0.,1.,0.));
#4469=DIRECTION('',(0.,1.,0.));
#4470=DIRECTION('',(0.,0.,1.));
#4471=DIRECTION('',(0.,0.,-1.));
#4472=DIRECTION('',(0.,0.,-1.));
#4473=DIRECTION('',(1.,0.,0.));
#4474=DIRECTION('',(0.,1.,0.));
#4475=DIRECTION('',(1.,0.,0.));
#4476=DIRECTION('',(0.,0.,-1.));
#4477=DIRECTION('',(1.,0.,0.));
#4478=DIRECTION('',(0.,1.,0.));
#4479=DIRECTION('',(1.,0.,0.));
#4480=DIRECTION('',(0.,0.,-1.));
#4481=DIRECTION('',(1.,0.,0.));
#4482=DIRECTION('',(0.,0.,-1.));
#4483=DIRECTION('',(0.,1.,-6.24500451351651E-17));
#4484=DIRECTION('',(1.,0.,0.));
#4485=DIRECTION('',(1.,0.,0.));
#4486=DIRECTION('',(0.,1.,0.));
#4487=DIRECTION('',(0.,-1.,-1.98254111540206E-16));
#4488=DIRECTION('',(0.,0.,1.));
#4489=DIRECTION('',(0.,-1.,-1.98254111540206E-16));
#4490=DIRECTION('',(0.,-1.98254111540206E-16,1.));
#4491=DIRECTION('',(-1.,0.,0.));
#4492=DIRECTION('',(0.,0.,1.));
#4493=DIRECTION('',(0.,0.,-1.));
#4494=DIRECTION('',(0.,-1.,1.75668200098917E-16));
#4495=DIRECTION('',(0.,0.,-1.));
#4496=DIRECTION('',(0.,-1.,0.));
#4497=DIRECTION('',(0.,0.,-1.));
#4498=DIRECTION('',(0.,-1.,0.));
#4499=DIRECTION('',(0.,0.,-1.));
#4500=DIRECTION('',(0.,-1.,1.75668200098917E-16));
#4501=DIRECTION('',(1.,0.,0.));
#4502=DIRECTION('',(0.,1.,0.));
#4503=DIRECTION('',(0.,-1.98254111540206E-16,1.));
#4504=DIRECTION('',(0.,-1.,0.));
#4505=DIRECTION('',(0.,0.,-1.));
#4506=DIRECTION('',(0.,1.,0.));
#4507=DIRECTION('',(0.,0.,-1.));
#4508=DIRECTION('',(0.,1.,0.));
#4509=DIRECTION('',(0.,0.,-1.));
#4510=DIRECTION('',(0.,1.,0.));
#4511=DIRECTION('',(0.,0.,1.));
#4512=DIRECTION('',(0.,-1.,0.));
#4513=DIRECTION('',(0.,0.,1.));
#4514=DIRECTION('',(1.,0.,0.));
#4515=DIRECTION('',(-1.,0.,0.));
#4516=DIRECTION('',(0.,-1.,0.));
#4517=DIRECTION('',(1.,0.,0.));
#4518=DIRECTION('',(0.,-1.,0.));
#4519=DIRECTION('',(-1.,0.,0.));
#4520=DIRECTION('',(1.,0.,0.));
#4521=DIRECTION('',(0.,1.,0.));
#4522=DIRECTION('',(0.,0.,1.));
#4523=DIRECTION('',(0.,-1.,-1.98254111540206E-16));
#4524=DIRECTION('',(0.,0.,-1.));
#4525=DIRECTION('',(0.,-1.,-1.98254111540206E-16));
#4526=DIRECTION('',(1.,0.,0.));
#4527=DIRECTION('',(0.,0.,-1.));
#4528=DIRECTION('',(0.,0.,-1.));
#4529=DIRECTION('',(0.,-1.,0.));
#4530=DIRECTION('',(0.,0.,-1.));
#4531=DIRECTION('',(0.,-0.89914555315704,-0.437649716369063));
#4532=DIRECTION('',(0.,1.,0.));
#4533=DIRECTION('',(0.,1.,0.));
#4534=DIRECTION('',(0.,0.,1.));
#4535=DIRECTION('',(1.,0.,-1.07164384616328E-16));
#4536=DIRECTION('',(-1.,0.,0.));
#4537=DIRECTION('',(0.,0.,-1.));
#4538=DIRECTION('',(1.,0.,-1.47636040508664E-16));
#4539=DIRECTION('',(1.,0.,-7.38180202543323E-17));
#4540=DIRECTION('',(0.,0.,-1.));
#4541=DIRECTION('',(-1.,0.,0.));
#4542=DIRECTION('',(0.,0.,-1.));
#4543=DIRECTION('',(1.,0.,0.));
#4544=DIRECTION('',(0.,1.,0.));
#4545=DIRECTION('',(0.,-0.89914555315704,-0.437649716369063));
#4546=DIRECTION('',(0.,0.,-1.));
#4547=DIRECTION('',(0.,-1.,0.));
#4548=DIRECTION('',(0.,0.,-1.));
#4549=DIRECTION('',(0.,-1.,0.));
#4550=DIRECTION('',(0.,0.,-1.));
#4551=DIRECTION('',(1.,0.,0.));
#4552=DIRECTION('',(0.,0.,-1.));
#4553=DIRECTION('',(1.,0.,0.));
#4554=DIRECTION('',(0.,0.,-1.));
#4555=DIRECTION('',(1.,0.,0.));
#4556=DIRECTION('',(1.,0.,0.));
#4557=DIRECTION('',(0.,0.,-1.));
#4558=DIRECTION('',(1.,0.,0.));
#4559=DIRECTION('',(1.,0.,0.));
#4560=DIRECTION('',(0.,0.,-1.));
#4561=DIRECTION('',(1.,0.,0.));
#4562=DIRECTION('',(1.,0.,0.));
#4563=DIRECTION('',(0.,0.,-1.));
#4564=DIRECTION('',(1.,0.,0.));
#4565=DIRECTION('',(1.,0.,0.));
#4566=DIRECTION('',(0.,0.,-1.));
#4567=DIRECTION('',(0.,1.,0.));
#4568=DIRECTION('',(0.,0.,-1.));
#4569=DIRECTION('',(0.,1.,0.));
#4570=DIRECTION('',(0.,0.,-1.));
#4571=DIRECTION('',(0.,0.,-1.));
#4572=DIRECTION('',(-1.,0.,0.));
#4573=DIRECTION('',(0.,-1.,0.));
#4574=DIRECTION('',(-1.,0.,0.));
#4575=DIRECTION('',(-1.,0.,0.));
#4576=DIRECTION('',(0.,1.,0.));
#4577=DIRECTION('',(1.,0.,0.));
#4578=DIRECTION('',(0.,0.,-1.));
#4579=DIRECTION('',(-1.,0.,0.));
#4580=DIRECTION('',(-1.,0.,0.));
#4581=DIRECTION('',(0.,-1.,0.));
#4582=DIRECTION('',(1.,0.,0.));
#4583=DIRECTION('',(0.,1.,0.));
#4584=DIRECTION('',(-1.,0.,0.));
#4585=DIRECTION('',(1.,0.,0.));
#4586=DIRECTION('',(0.,0.,-1.));
#4587=DIRECTION('',(0.,0.,1.));
#4588=DIRECTION('',(0.,1.,0.));
#4589=DIRECTION('',(0.,1.,0.));
#4590=DIRECTION('',(0.,0.,1.));
#4591=DIRECTION('',(1.,0.,0.));
#4592=DIRECTION('',(-1.,0.,0.));
#4593=DIRECTION('',(0.,-1.,0.));
#4594=DIRECTION('',(0.,0.,1.));
#4595=DIRECTION('',(1.,0.,0.));
#4596=DIRECTION('',(-1.,0.,0.));
#4597=DIRECTION('',(0.,-1.,0.));
#4598=DIRECTION('',(0.,-1.,0.));
#4599=DIRECTION('',(1.,0.,0.));
#4600=DIRECTION('',(-1.,0.,0.));
#4601=DIRECTION('',(0.,0.,-1.));
#4602=DIRECTION('',(1.,0.,0.));
#4603=DIRECTION('',(0.,0.,-1.));
#4604=DIRECTION('',(0.,0.,1.));
#4605=DIRECTION('',(0.,0.,-1.));
#4606=DIRECTION('',(1.,0.,0.));
#4607=DIRECTION('',(0.,0.,-1.));
#4608=DIRECTION('',(1.,0.,0.));
#4609=DIRECTION('',(0.,0.,-1.));
#4610=DIRECTION('',(1.,0.,0.));
#4611=DIRECTION('',(0.,0.,-1.));
#4612=DIRECTION('',(-1.,0.,0.));
#4613=DIRECTION('',(0.,0.,1.));
#4614=DIRECTION('',(1.,0.,0.));
#4615=DIRECTION('',(0.,1.,0.));
#4616=DIRECTION('',(0.,-1.,0.));
#4617=DIRECTION('',(0.,-1.,0.));
#4618=DIRECTION('',(-1.,0.,0.));
#4619=DIRECTION('',(0.,0.,1.));
#4620=DIRECTION('',(-1.,0.,0.));
#4621=DIRECTION('',(-1.,0.,0.));
#4622=DIRECTION('',(0.,0.,1.));
#4623=DIRECTION('',(1.,0.,0.));
#4624=DIRECTION('',(-1.,0.,0.));
#4625=DIRECTION('',(0.,0.,1.));
#4626=DIRECTION('',(1.,0.,0.));
#4627=DIRECTION('',(-1.,0.,0.));
#4628=DIRECTION('',(0.,0.,1.));
#4629=DIRECTION('',(-1.,0.,0.));
#4630=DIRECTION('',(1.,0.,0.));
#4631=DIRECTION('',(0.,0.,-1.));
#4632=DIRECTION('',(-1.,0.,0.));
#4633=DIRECTION('',(0.,-1.,0.));
#4634=DIRECTION('',(0.,1.,0.));
#4635=DIRECTION('',(0.,-1.,0.));
#4636=DIRECTION('',(0.,-1.,0.));
#4637=DIRECTION('',(0.,0.,1.));
#4638=DIRECTION('',(1.,0.,0.));
#4639=DIRECTION('',(0.,1.,0.));
#4640=DIRECTION('',(0.,1.,0.));
#4641=DIRECTION('',(1.,0.,0.));
#4642=DIRECTION('',(0.,-1.,0.));
#4643=DIRECTION('',(1.,0.,0.));
#4644=DIRECTION('',(0.,0.,-1.));
#4645=DIRECTION('',(1.,0.,0.));
#4646=DIRECTION('',(0.,0.,-1.));
#4647=DIRECTION('',(1.,0.,0.));
#4648=DIRECTION('',(0.,0.,-1.));
#4649=DIRECTION('',(0.,0.,1.));
#4650=DIRECTION('',(0.,0.,-1.));
#4651=DIRECTION('',(1.,0.,0.));
#4652=DIRECTION('',(0.,0.,-1.));
#4653=DIRECTION('',(1.,0.,0.));
#4654=DIRECTION('',(0.,0.,-1.));
#4655=DIRECTION('',(1.,0.,0.));
#4656=DIRECTION('',(0.,0.,1.));
#4657=DIRECTION('',(-1.,0.,0.));
#4658=DIRECTION('',(0.,0.,1.));
#4659=DIRECTION('',(1.,0.,0.));
#4660=DIRECTION('',(0.,1.,0.));
#4661=DIRECTION('',(1.,0.,0.));
#4662=DIRECTION('',(0.,-1.,0.));
#4663=DIRECTION('',(1.,0.,0.));
#4664=DIRECTION('',(1.,0.,0.));
#4665=DIRECTION('',(0.,0.,-1.));
#4666=DIRECTION('',(1.,0.,0.));
#4667=DIRECTION('',(0.,0.,-1.));
#4668=DIRECTION('',(-1.,0.,0.));
#4669=DIRECTION('',(-1.,0.,0.));
#4670=DIRECTION('',(0.,0.,-1.));
#4671=DIRECTION('',(1.,0.,0.));
#4672=DIRECTION('',(0.,0.,-1.));
#4673=DIRECTION('',(1.,0.,0.));
#4674=DIRECTION('',(0.,0.,-1.));
#4675=DIRECTION('',(0.,0.,1.));
#4676=DIRECTION('',(1.,0.,0.));
#4677=DIRECTION('',(0.,1.,0.));
#4678=DIRECTION('',(0.,0.,1.));
#4679=DIRECTION('',(1.,0.,0.));
#4680=DIRECTION('',(0.,0.,1.));
#4681=DIRECTION('',(1.,0.,0.));
#4682=DIRECTION('',(0.,0.,1.));
#4683=DIRECTION('',(1.,0.,0.));
#4684=DIRECTION('',(0.,0.,1.));
#4685=DIRECTION('',(1.,0.,0.));
#4686=DIRECTION('',(0.,0.,1.));
#4687=DIRECTION('',(1.,0.,0.));
#4688=DIRECTION('',(0.,-1.,0.));
#4689=DIRECTION('',(0.,1.,0.));
#4690=DIRECTION('',(1.,0.,0.));
#4691=DIRECTION('',(0.,1.,0.));
#4692=DIRECTION('',(1.,0.,0.));
#4693=DIRECTION('',(0.,1.,0.));
#4694=DIRECTION('',(0.,1.,0.));
#4695=DIRECTION('',(-1.,0.,0.));
#4696=DIRECTION('',(-1.,0.,0.));
#4697=DIRECTION('',(0.,1.,0.));
#4698=DIRECTION('',(-1.,0.,0.));
#4699=DIRECTION('',(1.,0.,0.));
#4700=DIRECTION('',(0.,0.,-1.));
#4701=DIRECTION('',(0.,0.,-1.));
#4702=DIRECTION('',(0.,-1.,0.));
#4703=DIRECTION('',(0.,1.,0.));
#4704=DIRECTION('',(0.,0.,-1.));
#4705=DIRECTION('',(1.,0.,0.));
#4706=DIRECTION('',(0.,0.,-1.));
#4707=DIRECTION('',(0.,0.,-1.));
#4708=DIRECTION('',(0.,1.,0.));
#4709=DIRECTION('',(0.,-0.462384693202331,-0.886679420925165));
#4710=DIRECTION('',(0.,-0.89914555315704,-0.437649716369063));
#4711=DIRECTION('',(1.,0.,0.));
#4712=DIRECTION('',(0.,1.,0.));
#4713=DIRECTION('',(0.,-1.,0.));
#4714=DIRECTION('',(0.,-1.,0.));
#4715=DIRECTION('',(-1.,0.,0.));
#4716=DIRECTION('',(0.,-1.,0.));
#4717=DIRECTION('',(0.,-1.,0.));
#4718=DIRECTION('',(0.,-1.,0.));
#4719=DIRECTION('',(-1.,0.,0.));
#4720=DIRECTION('',(0.,0.,1.));
#4721=DIRECTION('',(0.,1.,0.));
#4722=DIRECTION('',(0.,0.,-1.));
#4723=DIRECTION('',(-1.,0.,0.));
#4724=DIRECTION('',(0.,1.,0.));
#4725=DIRECTION('',(-1.,0.,0.));
#4726=DIRECTION('',(0.,0.,1.));
#4727=DIRECTION('',(1.,0.,0.));
#4728=DIRECTION('',(0.,0.,-1.));
#4729=DIRECTION('',(0.,0.,-1.));
#4730=DIRECTION('',(0.,1.,0.));
#4731=DIRECTION('',(0.,1.,0.));
#4732=DIRECTION('',(1.,0.,0.));
#4733=DIRECTION('',(0.,0.,-1.));
#4734=DIRECTION('',(0.,0.,-1.));
#4735=DIRECTION('',(-1.,0.,0.));
#4736=DIRECTION('',(-1.,0.,0.));
#4737=DIRECTION('',(0.,0.,-1.));
#4738=DIRECTION('',(-1.,0.,0.));
#4739=DIRECTION('',(-1.,0.,0.));
#4740=DIRECTION('',(1.,0.,0.));
#4741=DIRECTION('',(0.,0.,-1.));
#4742=DIRECTION('',(0.,1.,0.));
#4743=DIRECTION('',(0.,0.,1.));
#4744=DIRECTION('',(0.,1.,0.));
#4745=DIRECTION('',(0.,0.,1.));
#4746=DIRECTION('',(1.,0.,0.));
#4747=DIRECTION('',(-1.,0.,0.));
#4748=DIRECTION('',(0.,1.,0.));
#4749=DIRECTION('',(1.,0.,0.));
#4750=DIRECTION('',(0.,0.,-1.));
#4751=DIRECTION('',(0.,1.,0.));
#4752=DIRECTION('',(0.,0.,1.));
#4753=DIRECTION('',(1.,0.,0.));
#4754=DIRECTION('',(-1.,0.,0.));
#4755=DIRECTION('',(0.,0.,1.));
#4756=DIRECTION('',(1.,0.,0.));
#4757=DIRECTION('',(-1.,0.,0.));
#4758=DIRECTION('',(-1.,0.,0.));
#4759=DIRECTION('',(0.,0.,1.));
#4760=DIRECTION('',(1.,0.,0.));
#4761=DIRECTION('',(-1.,0.,0.));
#4762=DIRECTION('',(-1.,0.,0.));
#4763=DIRECTION('',(0.,1.,0.));
#4764=DIRECTION('',(0.,0.,1.));
#4765=DIRECTION('',(0.,1.,0.));
#4766=DIRECTION('',(0.,0.,1.));
#4767=DIRECTION('',(0.,0.,1.));
#4768=DIRECTION('',(1.,0.,0.));
#4769=DIRECTION('',(-1.,0.,0.));
#4770=DIRECTION('',(0.,1.,0.));
#4771=DIRECTION('',(0.,0.,1.));
#4772=DIRECTION('',(-1.,0.,0.));
#4773=DIRECTION('',(0.,0.,-1.));
#4774=DIRECTION('',(-1.,0.,0.));
#4775=DIRECTION('',(-1.,0.,0.));
#4776=DIRECTION('',(1.,0.,0.));
#4777=DIRECTION('',(0.,1.,0.));
#4778=DIRECTION('',(0.,-0.89914555315704,-0.437649716369063));
#4779=DIRECTION('',(0.,-0.462384693202331,-0.886679420925165));
#4780=DIRECTION('',(0.,-0.437649716369063,0.89914555315704));
#4781=DIRECTION('',(0.,-0.89914555315704,-0.437649716369063));
#4782=DIRECTION('',(1.,0.,0.));
#4783=DIRECTION('',(0.,-0.886679420925165,0.462384693202331));
#4784=DIRECTION('',(0.,-0.462384693202331,-0.886679420925165));
#4785=DIRECTION('',(-1.,0.,0.));
#4786=DIRECTION('',(0.,0.,1.));
#4787=DIRECTION('',(0.,0.,-1.));
#4788=DIRECTION('',(0.,-1.,0.));
#4789=DIRECTION('',(-1.07164384616328E-16,0.,-1.));
#4790=DIRECTION('',(-1.,0.,1.07164384616328E-16));
#4791=DIRECTION('',(1.,0.,-1.07164384616328E-16));
#4792=DIRECTION('',(0.,1.,0.));
#4793=DIRECTION('',(-1.,0.,0.));
#4794=DIRECTION('',(0.,1.,0.));
#4795=DIRECTION('',(0.,0.,1.));
#4796=DIRECTION('',(0.,1.,0.));
#4797=DIRECTION('',(0.,0.,1.));
#4798=DIRECTION('',(1.,2.92694520423592E-32,-1.47636040508664E-16));
#4799=DIRECTION('',(1.,1.46347260211796E-32,-7.38180202543323E-17));
#4800=DIRECTION('',(0.,1.,0.));
#4801=DIRECTION('',(0.,0.,1.));
#4802=DIRECTION('',(-4.33680868994202E-16,1.98254111540206E-16,-1.));
#4803=DIRECTION('',(0.,-1.98254111540206E-16,1.));
#4804=DIRECTION('',(-1.,0.,0.));
#4805=DIRECTION('',(-1.,0.,0.));
#4806=DIRECTION('',(0.,0.,-1.));
#4807=DIRECTION('',(0.,-1.,-1.98254111540206E-16));
#4808=DIRECTION('',(0.,1.98254111540206E-16,-1.));
#4809=DIRECTION('',(1.,2.92694520423592E-32,-1.47636040508664E-16));
#4810=DIRECTION('',(-4.33680868994202E-16,1.98254111540206E-16,-1.));
#4811=DIRECTION('',(1.,1.46347260211796E-32,-7.38180202543323E-17));
#4812=DIRECTION('',(-1.47636040508664E-16,1.98254111540206E-16,-1.));
#4813=DIRECTION('',(0.,1.,1.98254111540206E-16));
#4814=DIRECTION('',(1.,0.,-1.47636040508664E-16));
#4815=DIRECTION('',(0.,1.,0.));
#4816=DIRECTION('',(1.,0.,-1.47636040508664E-16));
#4817=DIRECTION('',(0.,-1.,-1.98254111540206E-16));
#4818=DIRECTION('',(0.,1.,1.98254111540206E-16));
#4819=DIRECTION('',(-7.38180202543323E-17,1.98254111540206E-16,-1.));
#4820=DIRECTION('',(0.,1.,1.98254111540206E-16));
#4821=DIRECTION('',(1.,0.,-7.38180202543323E-17));
#4822=DIRECTION('',(0.,1.,1.98254111540206E-16));
#4823=DIRECTION('',(0.,-1.,-1.98254111540206E-16));
#4824=DIRECTION('',(1.,0.,-7.38180202543323E-17));
#4825=DIRECTION('',(0.,1.,0.));
#4826=DIRECTION('',(-1.,-8.59790153744302E-32,4.33680868994202E-16));
#4827=DIRECTION('',(4.33680868994202E-16,0.,1.));
#4828=DIRECTION('',(0.,1.,0.));
#4829=DIRECTION('',(0.,1.,0.));
#4830=DIRECTION('',(-4.33680868994202E-16,0.,-1.));
#4831=DIRECTION('',(-4.33680868994202E-16,0.,-1.));
#4832=DIRECTION('',(0.,1.,0.));
#4833=DIRECTION('',(0.,0.,1.));
#4834=DIRECTION('',(0.,1.,0.));
#4835=DIRECTION('',(0.,0.,1.));
#4836=DIRECTION('',(0.,1.,0.));
#4837=DIRECTION('',(-1.,0.,0.));
#4838=DIRECTION('',(0.,1.,0.));
#4839=DIRECTION('',(0.,0.,1.));
#4840=DIRECTION('',(0.,1.,0.));
#4841=DIRECTION('',(0.,0.,1.));
#4842=DIRECTION('',(0.,1.,0.));
#4843=DIRECTION('',(-1.,0.,0.));
#4844=DIRECTION('',(0.,1.,0.));
#4845=DIRECTION('',(0.,0.,1.));
#4846=DIRECTION('',(0.,1.,0.));
#4847=DIRECTION('',(0.,0.,1.));
#4848=DIRECTION('',(0.,0.,-1.));
#4849=DIRECTION('',(1.,0.,0.));
#4850=DIRECTION('',(1.,0.,0.));
#4851=DIRECTION('',(0.,0.,-1.));
#4852=DIRECTION('',(0.,-1.,0.));
#4853=DIRECTION('',(0.,0.,1.));
#4854=DIRECTION('',(1.,0.,0.));
#4855=DIRECTION('',(0.,1.,0.));
#4856=DIRECTION('',(0.,0.,1.));
#4857=DIRECTION('',(0.,0.,-1.));
#4858=DIRECTION('',(-1.,0.,0.));
#4859=DIRECTION('',(0.,0.,-1.));
#4860=DIRECTION('',(-1.,0.,0.));
#4861=DIRECTION('',(0.,1.,0.));
#4862=DIRECTION('',(1.,0.,0.));
#4863=DIRECTION('',(0.,-1.,0.));
#4864=DIRECTION('',(0.,0.,-1.));
#4865=DIRECTION('',(0.,0.,-1.));
#4866=DIRECTION('',(-1.,0.,0.));
#4867=DIRECTION('',(0.,-1.,0.));
#4868=DIRECTION('',(0.,0.,1.));
#4869=DIRECTION('',(1.,0.,0.));
#4870=DIRECTION('',(0.,0.,-1.));
#4871=DIRECTION('',(-1.,0.,0.));
#4872=DIRECTION('',(1.,0.,0.));
#4873=DIRECTION('',(0.,-1.,0.));
#4874=DIRECTION('',(0.,-1.,0.));
#4875=DIRECTION('',(0.,0.,-1.));
#4876=DIRECTION('',(0.,0.,-1.));
#4877=DIRECTION('',(-1.,0.,0.));
#4878=DIRECTION('',(0.,-1.,0.));
#4879=DIRECTION('',(0.,0.,1.));
#4880=DIRECTION('',(1.,0.,0.));
#4881=DIRECTION('',(0.,0.,-1.));
#4882=DIRECTION('',(-1.,0.,0.));
#4883=DIRECTION('',(-1.,0.,0.));
#4884=DIRECTION('',(0.,1.,0.));
#4885=DIRECTION('',(0.,1.,0.));
#4886=DIRECTION('',(0.,0.,1.));
#4887=DIRECTION('',(0.,0.,-1.));
#4888=DIRECTION('',(1.,0.,0.));
#4889=DIRECTION('',(0.,1.,0.));
#4890=DIRECTION('',(0.,0.,-1.));
#4891=DIRECTION('',(-1.,0.,0.));
#4892=DIRECTION('',(0.,0.,-1.));
#4893=DIRECTION('',(-1.,0.,0.));
#4894=DIRECTION('',(0.,-1.,0.));
#4895=DIRECTION('',(-1.,0.,0.));
#4896=DIRECTION('',(0.,1.,0.));
#4897=DIRECTION('',(0.,0.,1.));
#4898=DIRECTION('',(0.,0.,-1.));
#4899=DIRECTION('',(1.,0.,0.));
#4900=DIRECTION('',(0.,1.,0.));
#4901=DIRECTION('',(0.,0.,-1.));
#4902=DIRECTION('',(-1.,0.,0.));
#4903=DIRECTION('',(0.,0.,-1.));
#4904=DIRECTION('',(-1.,0.,0.));
#4905=DIRECTION('',(0.,0.,-1.));
#4906=DIRECTION('',(-1.,0.,0.));
#4907=DIRECTION('',(0.,0.,-1.));
#4908=DIRECTION('',(-1.,0.,0.));
#4909=DIRECTION('',(-1.,0.,0.));
#4910=DIRECTION('',(0.,-1.,0.));
#4911=DIRECTION('',(0.,0.,-1.));
#4912=DIRECTION('',(0.,-1.,1.75668200098917E-16));
#4913=DIRECTION('',(0.,-1.75668200098917E-16,-1.));
#4914=DIRECTION('',(0.,1.,-1.75668200098917E-16));
#4915=DIRECTION('',(-1.,0.,0.));
#4916=DIRECTION('',(0.,-1.,1.75668200098917E-16));
#4917=DIRECTION('',(0.,1.,0.));
#4918=DIRECTION('',(0.,0.,1.));
#4919=DIRECTION('',(0.,0.,-1.));
#4920=DIRECTION('',(-1.,0.,0.));
#4921=DIRECTION('',(0.,-1.75668200098917E-16,-1.));
#4922=DIRECTION('',(0.,1.,-1.75668200098917E-16));
#4923=DIRECTION('',(-1.,0.,0.));
#4924=DIRECTION('',(0.,-1.,0.));
#4925=DIRECTION('',(0.,0.,1.));
#4926=DIRECTION('',(1.,0.,0.));
#4927=CARTESIAN_POINT('',(0.,0.,0.));
#4928=CARTESIAN_POINT('',(0.,-0.002,4.28626379701574E-19));
#4929=CARTESIAN_POINT('',(0.,-0.002,4.28626379701574E-19));
#4930=CARTESIAN_POINT('',(0.,-0.002,-0.007));
#4931=CARTESIAN_POINT('',(0.,0.,4.28626379701574E-19));
#4932=CARTESIAN_POINT('',(0.,0.,-0.007));
#4933=CARTESIAN_POINT('',(0.,-0.002,0.));
#4934=CARTESIAN_POINT('',(0.,-0.002,1.53080849893419E-19));
#4935=CARTESIAN_POINT('',(0.,-0.002,-0.0025));
#4936=CARTESIAN_POINT('',(0.,0.,0.));
#4937=CARTESIAN_POINT('',(0.000567218848788752,0.,0.0058687231503427));
#4938=CARTESIAN_POINT('',(0.000461622839793563,0.,0.0058687231503427));
#4939=CARTESIAN_POINT('',(0.000672814857783941,0.,0.0058687231503427));
#4940=CARTESIAN_POINT('',(0.000672814857783941,0.,0.00571336527355015));
#4941=CARTESIAN_POINT('',(0.000672814857783941,0.,0.0055580073967576));
#4942=CARTESIAN_POINT('',(0.000272814857783941,0.,0.0055580073967576));
#4943=CARTESIAN_POINT('',(-0.000127185142216059,0.,0.0055580073967576));
#4944=CARTESIAN_POINT('',(-0.000127185142216059,0.,0.00570912659168243));
#4945=CARTESIAN_POINT('',(-0.000127185142216059,0.,0.00586024578660727));
#4946=CARTESIAN_POINT('',(-6.35925711080296E-5,0.,0.00586024578660727));
#4947=CARTESIAN_POINT('',(0.,0.,0.00586024578660727));
#4948=CARTESIAN_POINT('',(-6.35925711080296E-5,0.,0.00601283996365964));
#4949=CARTESIAN_POINT('',(-0.000127185142216059,0.,0.00616543414071202));
#4950=CARTESIAN_POINT('',(-0.000127185142216059,0.,0.00648192013384236));
#4951=CARTESIAN_POINT('',(-0.000127185142216059,0.,0.00649875556853768));
#4952=CARTESIAN_POINT('',(-9.30245463992563E-17,0.,-1.27025126528402E-15));
#4953=CARTESIAN_POINT('',(0.000672814857783941,0.,0.00646508469914704));
#4954=CARTESIAN_POINT('',(0.000672814857783941,0.,0.00631667246910587));
#4955=CARTESIAN_POINT('',(0.000672814857783941,0.,0.00616826023906469));
#4956=CARTESIAN_POINT('',(0.000567218848788752,0.,0.0060184916947037));
#4957=CARTESIAN_POINT('',(0.000672814857783941,0.001,0.00571336527355015));
#4958=CARTESIAN_POINT('',(0.000672814857783941,0.001,0.0058687231503427));
#4959=CARTESIAN_POINT('',(0.000672814857783941,0.001,0.0058687231503427));
#4960=CARTESIAN_POINT('',(0.000672814857783941,0.001,0.00571336527355015));
#4961=CARTESIAN_POINT('',(0.000672814857783941,0.001,0.0055580073967576));
#4962=CARTESIAN_POINT('',(0.000672814857783941,0.001,0.0055580073967576));
#4963=CARTESIAN_POINT('',(0.000567218848788752,0.001,0.0058687231503427));
#4964=CARTESIAN_POINT('',(0.000461622839793563,0.001,0.0058687231503427));
#4965=CARTESIAN_POINT('',(0.000461622839793563,0.001,0.0058687231503427));
#4966=CARTESIAN_POINT('',(0.000567218848788752,0.001,0.0058687231503427));
#4967=CARTESIAN_POINT('',(0.000567218848788752,0.001,0.0060184916947037));
#4968=CARTESIAN_POINT('',(0.000672814857783941,0.001,0.00616826023906469));
#4969=CARTESIAN_POINT('',(0.000672814857783941,0.001,0.00616826023906469));
#4970=CARTESIAN_POINT('',(0.000567218848788752,0.001,0.0060184916947037));
#4971=CARTESIAN_POINT('',(0.000672814857783941,0.001,0.00631667246910587));
#4972=CARTESIAN_POINT('',(0.000672814857783941,0.001,0.00646508469914704));
#4973=CARTESIAN_POINT('',(0.000672814857783941,0.001,0.00646508469914704));
#4974=CARTESIAN_POINT('',(0.000672814857783941,0.001,0.00631667246910587));
#4975=CARTESIAN_POINT('',(-9.30245463992563E-17,0.001,-1.27025126528402E-15));
#4976=CARTESIAN_POINT('',(-0.000127185142216059,0.001,0.00649875556853768));
#4977=CARTESIAN_POINT('',(-0.000127185142216059,0.001,0.00649875556853768));
#4978=CARTESIAN_POINT('',(-9.30245463992563E-17,0.001,-1.27025126528402E-15));
#4979=CARTESIAN_POINT('',(-0.000127185142216059,0.001,0.00648192013384236));
#4980=CARTESIAN_POINT('',(-0.000127185142216059,0.001,0.00616543414071202));
#4981=CARTESIAN_POINT('',(-0.000127185142216059,0.001,0.00616543414071202));
#4982=CARTESIAN_POINT('',(-0.000127185142216059,0.001,0.00648192013384236));
#4983=CARTESIAN_POINT('',(-6.35925711080296E-5,0.001,0.00601283996365964));
#4984=CARTESIAN_POINT('',(0.,0.001,0.00586024578660727));
#4985=CARTESIAN_POINT('',(0.,0.001,0.00586024578660727));
#4986=CARTESIAN_POINT('',(-6.35925711080296E-5,0.001,0.00601283996365964));
#4987=CARTESIAN_POINT('',(-6.35925711080296E-5,0.001,0.00586024578660727));
#4988=CARTESIAN_POINT('',(-0.000127185142216059,0.001,0.00586024578660727));
#4989=CARTESIAN_POINT('',(-0.000127185142216059,0.001,0.00586024578660727));
#4990=CARTESIAN_POINT('',(-6.35925711080296E-5,0.001,0.00586024578660727));
#4991=CARTESIAN_POINT('',(-0.000127185142216059,0.001,0.00570912659168243));
#4992=CARTESIAN_POINT('',(-0.000127185142216059,0.001,0.0055580073967576));
#4993=CARTESIAN_POINT('',(-0.000127185142216059,0.001,0.0055580073967576));
#4994=CARTESIAN_POINT('',(-0.000127185142216059,0.001,0.00570912659168243));
#4995=CARTESIAN_POINT('',(0.000272814857783941,0.001,0.0055580073967576));
#4996=CARTESIAN_POINT('',(0.000272814857783941,0.001,0.0055580073967576));
#4997=CARTESIAN_POINT('',(-9.28077059647592E-17,0.003,-1.26982263890431E-15));
#4998=CARTESIAN_POINT('',(-9.28077059647592E-17,0.003,-1.26982263890431E-15));
#4999=CARTESIAN_POINT('',(-9.28077059647592E-17,0.003,0.00699999999999873));
#5000=CARTESIAN_POINT('',(-9.28077059647592E-17,0.001,-1.26982263890431E-15));
#5001=CARTESIAN_POINT('',(-9.28077059647592E-17,0.001,0.00699999999999873));
#5002=CARTESIAN_POINT('',(-9.36750677027476E-17,0.003,-1.26981758441502E-15));
#5003=CARTESIAN_POINT('',(0.,0.003,1.53080849893419E-19));
#5004=CARTESIAN_POINT('',(0.,0.003,0.0025));
#5005=CARTESIAN_POINT('',(-9.36750677027476E-17,0.001,-1.26981758441502E-15));
#5006=CARTESIAN_POINT('',(0.,-0.009,1.53080849893419E-19));
#5007=CARTESIAN_POINT('',(0.,-0.009,1.53080849893419E-19));
#5008=CARTESIAN_POINT('',(0.,-0.009,-0.0025));
#5009=CARTESIAN_POINT('',(0.,-0.009,0.));
#5010=CARTESIAN_POINT('',(0.,0.01,1.53080849893419E-19));
#5011=CARTESIAN_POINT('',(0.,0.01,1.53080849893419E-19));
#5012=CARTESIAN_POINT('',(0.,0.01,-0.0025));
#5013=CARTESIAN_POINT('',(0.,0.01,0.));
#5014=CARTESIAN_POINT('',(-0.0238762213102564,0.00688238594823035,0.0179290080323507));
#5015=CARTESIAN_POINT('',(0.0153756365180016,-0.006,0.0110971990507096));
#5016=CARTESIAN_POINT('',(0.0153756365180016,0.,0.0110971990507096));
#5017=CARTESIAN_POINT('',(0.0153756365180016,0.,0.0124606499448419));
#5018=CARTESIAN_POINT('',(0.0153756365180016,0.,0.0100271198898554));
#5019=CARTESIAN_POINT('',(0.0153756365180016,-0.00100280647166073,0.0124606499448419));
#5020=CARTESIAN_POINT('',(0.0153756365180016,-0.00200561294332147,0.0124606499448419));
#5021=CARTESIAN_POINT('',(0.0153756365180016,-0.00200561294332147,0.0137175917625427));
#5022=CARTESIAN_POINT('',(0.0153756365180016,-0.00200561294332147,0.0149745335802436));
#5023=CARTESIAN_POINT('',(0.0153756365180016,-0.006,0.0149745335802436));
#5024=CARTESIAN_POINT('',(0.0153756365180016,-0.006,0.0149745335802436));
#5025=CARTESIAN_POINT('',(0.0153756365180016,-0.006,0.0110971990507096));
#5026=CARTESIAN_POINT('',(0.0153756365180016,-0.006,0.00721986452117562));
#5027=CARTESIAN_POINT('',(0.0153756365180016,-0.006,0.00721986452117562));
#5028=CARTESIAN_POINT('',(0.0153756365180016,-0.00200561294332147,0.00721986452117562));
#5029=CARTESIAN_POINT('',(0.0153756365180016,-0.00200561294332147,0.0086234922055155));
#5030=CARTESIAN_POINT('',(0.0153756365180016,-0.00200561294332147,0.0100271198898554));
#5031=CARTESIAN_POINT('',(0.0153756365180016,-0.00100280647166073,0.0100271198898554));
#5032=CARTESIAN_POINT('',(0.00147071247920394,-0.006,0.0149745335802436));
#5033=CARTESIAN_POINT('',(0.00147071247920394,0.,0.0149745335802436));
#5034=CARTESIAN_POINT('',(-0.0224342115595937,0.,0.0149745335802436));
#5035=CARTESIAN_POINT('',(0.0253756365180016,0.,0.0149745335802436));
#5036=CARTESIAN_POINT('',(-0.0224342115595937,-0.006,0.0149745335802436));
#5037=CARTESIAN_POINT('',(-0.0224342115595937,-0.00267509184777737,0.0149745335802436));
#5038=CARTESIAN_POINT('',(-0.0224342115595937,-0.00267509184777737,0.0149745335802436));
#5039=CARTESIAN_POINT('',(-0.0124342115595937,-0.00267509184777737,0.0149745335802436));
#5040=CARTESIAN_POINT('',(-0.0124342115595937,-0.006,0.0149745335802436));
#5041=CARTESIAN_POINT('',(-0.0124342115595937,-0.006,0.0149745335802436));
#5042=CARTESIAN_POINT('',(0.00147071247920394,-0.006,0.0149745335802436));
#5043=CARTESIAN_POINT('',(0.0253756365180016,-0.00200561294332147,0.0149745335802436));
#5044=CARTESIAN_POINT('',(0.0253756365180016,-0.00200561294332147,0.0149745335802436));
#5045=CARTESIAN_POINT('',(0.0253756365180016,-0.006,0.0149745335802436));
#5046=CARTESIAN_POINT('',(-0.0124342115595937,-0.006,0.0110971990507096));
#5047=CARTESIAN_POINT('',(-0.0124342115595937,-0.00267509184777737,0.0137879457324743));
#5048=CARTESIAN_POINT('',(-0.0124342115595937,-0.00267509184777737,0.0126013578847051));
#5049=CARTESIAN_POINT('',(-0.0124342115595937,-0.00133754592388868,0.0126013578847051));
#5050=CARTESIAN_POINT('',(-0.0124342115595937,0.,0.0126013578847051));
#5051=CARTESIAN_POINT('',(-0.0124342115595937,0.,0.0110971990507096));
#5052=CARTESIAN_POINT('',(-0.0124342115595937,0.,0.00981380324810743));
#5053=CARTESIAN_POINT('',(-0.0124342115595937,-0.00133754592388868,0.00981380324810743));
#5054=CARTESIAN_POINT('',(-0.0124342115595937,-0.00267509184777737,0.00981380324810743));
#5055=CARTESIAN_POINT('',(-0.0124342115595937,-0.00267509184777737,0.00851683388464153));
#5056=CARTESIAN_POINT('',(-0.0124342115595937,-0.00267509184777737,0.00721986452117562));
#5057=CARTESIAN_POINT('',(-0.0124342115595937,-0.006,0.00721986452117562));
#5058=CARTESIAN_POINT('',(-0.0124342115595937,-0.006,0.00721986452117562));
#5059=CARTESIAN_POINT('',(-0.0124342115595937,-0.006,0.0110971990507096));
#5060=CARTESIAN_POINT('',(0.00147071247920394,-0.006,0.00721986452117562));
#5061=CARTESIAN_POINT('',(0.00147071247920394,0.,0.00721986452117562));
#5062=CARTESIAN_POINT('',(-0.0224342115595937,0.,0.00721986452117562));
#5063=CARTESIAN_POINT('',(0.0253756365180016,0.,0.00721986452117562));
#5064=CARTESIAN_POINT('',(0.0253756365180016,-0.006,0.00721986452117562));
#5065=CARTESIAN_POINT('',(0.0253756365180016,-0.00200561294332147,0.00721986452117562));
#5066=CARTESIAN_POINT('',(0.0253756365180016,-0.00200561294332147,0.00721986452117562));
#5067=CARTESIAN_POINT('',(0.00147071247920394,-0.006,0.00721986452117562));
#5068=CARTESIAN_POINT('',(-0.0224342115595937,-0.00267509184777737,0.00721986452117562));
#5069=CARTESIAN_POINT('',(-0.0224342115595937,-0.00267509184777737,0.00721986452117562));
#5070=CARTESIAN_POINT('',(-0.0224342115595937,-0.006,0.00721986452117562));
#5071=CARTESIAN_POINT('',(0.00147071247920394,-0.006,0.0110971990507096));
#5072=CARTESIAN_POINT('',(0.,-0.006,0.0111174937337637));
#5073=CARTESIAN_POINT('',(0.,-0.006,0.00877212632692904));
#5074=CARTESIAN_POINT('',(0.00147071247920394,0.,0.0110971990507096));
#5075=CARTESIAN_POINT('',(-0.0201102010637188,0.,0.0137513578847051));
#5076=CARTESIAN_POINT('',(-0.0201102010637188,0.,0.0127013578847051));
#5077=CARTESIAN_POINT('',(0.0198211837559939,0.,0.00836986452117562));
#5078=CARTESIAN_POINT('',(0.0198211837559939,0.,0.00731986452117562));
#5079=CARTESIAN_POINT('',(0.0205049235373735,0.,0.0136106499448419));
#5080=CARTESIAN_POINT('',(0.0205049235373735,0.,0.0125606499448419));
#5081=CARTESIAN_POINT('',(-0.0182163835936415,0.,0.00866380324810743));
#5082=CARTESIAN_POINT('',(-0.0182163835936415,0.,0.00761380324810743));
#5083=CARTESIAN_POINT('',(0.0253756365180016,0.,0.0110971990507096));
#5084=CARTESIAN_POINT('',(0.0253756365180016,0.,0.0124606499448419));
#5085=CARTESIAN_POINT('',(0.0253756365180016,0.,0.0124606499448419));
#5086=CARTESIAN_POINT('',(0.0253756365180016,0.,0.0100271198898554));
#5087=CARTESIAN_POINT('',(0.0253756365180016,0.,0.0100271198898554));
#5088=CARTESIAN_POINT('',(0.0253756365180016,0.,0.0110971990507096));
#5089=CARTESIAN_POINT('',(-0.0224342115595937,0.,0.0110971990507096));
#5090=CARTESIAN_POINT('',(-0.0224342115595937,0.,0.00981380324810743));
#5091=CARTESIAN_POINT('',(-0.0224342115595937,0.,0.00981380324810743));
#5092=CARTESIAN_POINT('',(-0.0224342115595937,0.,0.0126013578847051));
#5093=CARTESIAN_POINT('',(-0.0224342115595937,0.,0.0126013578847051));
#5094=CARTESIAN_POINT('',(-0.0224342115595937,0.,0.0110971990507096));
#5095=CARTESIAN_POINT('',(0.,-0.006,0.0149745335802436));
#5096=CARTESIAN_POINT('',(0.,-0.00979844274449042,0.0156443015207736));
#5097=CARTESIAN_POINT('',(0.,-0.0121081787504033,0.0160515702969298));
#5098=CARTESIAN_POINT('',(0.00147071247920394,-0.00981842910570701,0.0156478256555023));
#5099=CARTESIAN_POINT('',(0.,-0.00979844274449042,0.0156443015207736));
#5100=CARTESIAN_POINT('',(0.,-0.0119968043641919,0.0160319319876809));
#5101=CARTESIAN_POINT('',(0.,-0.00806196096782111,0.0254923790508956));
#5102=CARTESIAN_POINT('',(0.,-0.00806196096782111,0.0254923790508956));
#5103=CARTESIAN_POINT('',(0.,-0.0102603225875226,0.025880009517803));
#5104=CARTESIAN_POINT('',(-0.00228087090434306,-0.00719556214131965,0.030416742621158));
#5105=CARTESIAN_POINT('',(-0.00228087090434305,-0.00942494842455932,0.0308098435733145));
#5106=CARTESIAN_POINT('',(-0.00228087090434305,-0.00959859660222625,0.0298250358203023));
#5107=CARTESIAN_POINT('',(-0.00228087090434305,-0.010293189312894,0.0258858048082535));
#5108=CARTESIAN_POINT('',(-0.00228087090434306,-0.00736921031898658,0.0294319348681458));
#5109=CARTESIAN_POINT('',(-0.00228087090434306,-0.00513982403574692,0.0290388339159893));
#5110=CARTESIAN_POINT('',(-0.00228087090434306,-0.00496617585807999,0.0300236416690015));
#5111=CARTESIAN_POINT('',(-0.00228087090434306,-0.00583441674641464,0.0250996029039404));
#5112=CARTESIAN_POINT('',(-0.00228087090434306,-0.00806380302965431,0.0254927038560969));
#5113=CARTESIAN_POINT('',(5.09884320060291E-6,-0.00942494842455932,0.0308098435733145));
#5114=CARTESIAN_POINT('',(0.00229106859074426,-0.00942494842455932,0.0308098435733145));
#5115=CARTESIAN_POINT('',(0.00229106859074426,-0.00959859660222625,0.0298250358203023));
#5116=CARTESIAN_POINT('',(0.00229106859074426,-0.010293189312894,0.0258858048082535));
#5117=CARTESIAN_POINT('',(-0.00228087090434305,-0.00959859660222625,0.0298250358203023));
#5118=CARTESIAN_POINT('',(5.09884320060291E-6,-0.010293189312894,0.0258858048082535));
#5119=CARTESIAN_POINT('',(0.00229106859074426,-0.00719556214131965,0.030416742621158));
#5120=CARTESIAN_POINT('',(0.00229106859074426,-0.0059509836110922,0.0301972898466684));
#5121=CARTESIAN_POINT('',(0.00229106859074426,-0.00681922449942685,0.0252732510816074));
#5122=CARTESIAN_POINT('',(0.00229106859074426,-0.00612463178875913,0.0292124820936562));
#5123=CARTESIAN_POINT('',(0.00229106859074426,-0.00959859660222625,0.0298250358203023));
#5124=CARTESIAN_POINT('',(0.00229106859074426,-0.00806380302965431,0.0254927038560969));
#5125=CARTESIAN_POINT('',(5.09884320060204E-6,-0.00496617585807999,0.0300236416690015));
#5126=CARTESIAN_POINT('',(5.09884320060204E-6,-0.00513982403574692,0.0290388339159893));
#5127=CARTESIAN_POINT('',(0.00129106859074426,-0.00513982403574692,0.0290388339159893));
#5128=CARTESIAN_POINT('',(0.00129106859074426,-0.00583441674641464,0.0250996029039404));
#5129=CARTESIAN_POINT('',(0.00129106859074426,-0.00583441674641464,0.0250996029039404));
#5130=CARTESIAN_POINT('',(5.09884320060204E-6,-0.00583441674641464,0.0250996029039404));
#5131=CARTESIAN_POINT('',(5.09884320060248E-6,-0.00719556214131965,0.030416742621158));
#5132=CARTESIAN_POINT('',(-0.00128087090434306,-0.00719556214131965,0.030416742621158));
#5133=CARTESIAN_POINT('',(-0.00128087090434306,-0.0059509836110922,0.0301972898466684));
#5134=CARTESIAN_POINT('',(-0.00128087090434306,-0.00844014067154711,0.0306361953956476));
#5135=CARTESIAN_POINT('',(0.00229106859074426,-0.00844014067154711,0.0306361953956476));
#5136=CARTESIAN_POINT('',(0.00129106859074426,-0.00844014067154711,0.0306361953956476));
#5137=CARTESIAN_POINT('',(0.00129106859074426,-0.00496617585807999,0.0300236416690015));
#5138=CARTESIAN_POINT('',(0.00129106859074426,-0.0059509836110922,0.0301972898466684));
#5139=CARTESIAN_POINT('',(5.09884320060248E-6,-0.0059509836110922,0.0301972898466684));
#5140=CARTESIAN_POINT('',(5.09884320060248E-6,-0.00806380302965431,0.0254927038560969));
#5141=CARTESIAN_POINT('',(0.00129106859074426,-0.00681922449942685,0.0252732510816074));
#5142=CARTESIAN_POINT('',(0.00129106859074426,-0.0059509836110922,0.0301972898466684));
#5143=CARTESIAN_POINT('',(0.00129106859074426,-0.00612463178875913,0.0292124820936562));
#5144=CARTESIAN_POINT('',(5.09884320060204E-6,-0.00612463178875913,0.0292124820936562));
#5145=CARTESIAN_POINT('',(0.00129106859074426,-0.00612463178875913,0.0292124820936562));
#5146=CARTESIAN_POINT('',(-0.00128087090434306,-0.00612463178875913,0.0292124820936562));
#5147=CARTESIAN_POINT('',(0.00129106859074426,-0.00612463178875913,0.0292124820936562));
#5148=CARTESIAN_POINT('',(0.00129106859074426,-0.00612463178875913,0.0292124820936562));
#5149=CARTESIAN_POINT('',(-0.00128087090434306,-0.00736921031898658,0.0294319348681458));
#5150=CARTESIAN_POINT('',(-0.00128087090434306,-0.00861378884921404,0.0296513876426354));
#5151=CARTESIAN_POINT('',(0.00129106859074426,-0.00736921031898658,0.0294319348681458));
#5152=CARTESIAN_POINT('',(0.00129106859074426,-0.00861378884921404,0.0296513876426354));
#5153=CARTESIAN_POINT('',(5.09884320060248E-6,-0.00861378884921404,0.0296513876426354));
#5154=CARTESIAN_POINT('',(0.0253756365180016,-0.00100280647166073,0.0100271198898554));
#5155=CARTESIAN_POINT('',(0.0253756365180016,-0.00200561294332147,0.0100271198898554));
#5156=CARTESIAN_POINT('',(0.0253756365180016,-0.00200561294332147,0.0100271198898554));
#5157=CARTESIAN_POINT('',(0.0253756365180016,-0.00100280647166073,0.0100271198898554));
#5158=CARTESIAN_POINT('',(0.0253756365180016,-0.00200561294332147,0.0086234922055155));
#5159=CARTESIAN_POINT('',(0.0198211837559939,-0.00200561294332147,0.00836986452117562));
#5160=CARTESIAN_POINT('',(0.0198211837559939,-0.00200561294332147,0.00731986452117562));
#5161=CARTESIAN_POINT('',(0.0253756365180016,-0.00200561294332147,0.0086234922055155));
#5162=CARTESIAN_POINT('',(0.0253756365180016,-0.003,0.0110971990507096));
#5163=CARTESIAN_POINT('',(0.0253756365180016,-0.00100280647166073,0.0124606499448419));
#5164=CARTESIAN_POINT('',(0.0253756365180016,-0.00100280647166073,0.0124606499448419));
#5165=CARTESIAN_POINT('',(0.0253756365180016,-0.00200561294332147,0.0124606499448419));
#5166=CARTESIAN_POINT('',(0.0253756365180016,-0.00200561294332147,0.0124606499448419));
#5167=CARTESIAN_POINT('',(0.0253756365180016,-0.00200561294332147,0.0137175917625427));
#5168=CARTESIAN_POINT('',(0.0205049235373735,-0.00200561294332147,0.0136106499448419));
#5169=CARTESIAN_POINT('',(0.0205049235373735,-0.00200561294332147,0.0146606499448419));
#5170=CARTESIAN_POINT('',(0.0253756365180016,-0.00200561294332147,0.0137175917625427));
#5171=CARTESIAN_POINT('',(0.0253756365180016,-0.003,0.0110971990507096));
#5172=CARTESIAN_POINT('',(-0.0224342115595937,-0.00133754592388868,0.00981380324810743));
#5173=CARTESIAN_POINT('',(-0.0224342115595937,-0.00133754592388868,0.00981380324810743));
#5174=CARTESIAN_POINT('',(-0.0224342115595937,-0.00267509184777737,0.00981380324810743));
#5175=CARTESIAN_POINT('',(-0.0224342115595937,-0.00267509184777737,0.00981380324810743));
#5176=CARTESIAN_POINT('',(-0.0224342115595937,-0.00267509184777737,0.00851683388464153));
#5177=CARTESIAN_POINT('',(-0.0182163835936415,-0.00267509184777737,0.00866380324810743));
#5178=CARTESIAN_POINT('',(-0.0182163835936415,-0.00267509184777737,0.00761380324810743));
#5179=CARTESIAN_POINT('',(-0.0224342115595937,-0.00267509184777737,0.00851683388464153));
#5180=CARTESIAN_POINT('',(-0.0224342115595937,-0.003,0.0110971990507096));
#5181=CARTESIAN_POINT('',(-0.0224342115595937,-0.00133754592388868,0.0126013578847051));
#5182=CARTESIAN_POINT('',(-0.0224342115595937,-0.00267509184777737,0.0126013578847051));
#5183=CARTESIAN_POINT('',(-0.0224342115595937,-0.00267509184777737,0.0126013578847051));
#5184=CARTESIAN_POINT('',(-0.0224342115595937,-0.00133754592388868,0.0126013578847051));
#5185=CARTESIAN_POINT('',(-0.0224342115595937,-0.00267509184777737,0.0137879457324743));
#5186=CARTESIAN_POINT('',(-0.0201102010637188,-0.00267509184777737,0.0137513578847051));
#5187=CARTESIAN_POINT('',(-0.0201102010637188,-0.00267509184777737,0.0127013578847051));
#5188=CARTESIAN_POINT('',(-0.0224342115595937,-0.00267509184777737,0.0137879457324743));
#5189=CARTESIAN_POINT('',(-0.0224342115595937,-0.003,0.0110971990507096));
#5190=CARTESIAN_POINT('',(-0.0201102010637188,0.0223249081522226,0.0137513578847051));
#5191=CARTESIAN_POINT('',(-0.0182163835936415,0.0223249081522226,0.00866380324810743));
#5192=CARTESIAN_POINT('',(0.0205049235373735,0.0223249081522226,0.0136106499448419));
#5193=CARTESIAN_POINT('',(0.0198211837559939,0.0223249081522226,0.00836986452117562));
#5194=CARTESIAN_POINT('',(-0.0908508838522726,0.0891733086819941,0.029344653776917));
#5195=CARTESIAN_POINT('',(-0.0496617369353771,-0.0135,-0.021131869405508));
#5196=CARTESIAN_POINT('',(-0.0496617369353771,-0.0135,-0.021131869405508));
#5197=CARTESIAN_POINT('',(-0.0522073213476487,-0.0135,-0.017981869405508));
#5198=CARTESIAN_POINT('',(-0.0471161525231056,-0.0135,-0.017981869405508));
#5199=CARTESIAN_POINT('',(-0.0471161525231056,-0.0135,-0.017981869405508));
#5200=CARTESIAN_POINT('',(-0.0471161525231056,-0.0085,-0.017981869405508));
#5201=CARTESIAN_POINT('',(-0.0496617369353771,-0.0085,-0.021131869405508));
#5202=CARTESIAN_POINT('',(-0.0467882171820372,-0.0085,-0.018277857452631));
#5203=CARTESIAN_POINT('',(-0.0496617369353771,-0.0085,-0.021131869405508));
#5204=CARTESIAN_POINT('',(-0.0477672945228046,-0.0085,-0.0247114766389132));
#5205=CARTESIAN_POINT('',(-0.0496617369353771,-0.0085,-0.021131869405508));
#5206=CARTESIAN_POINT('',(-0.0515561793479497,-0.0085,-0.0247114766389132));
#5207=CARTESIAN_POINT('',(-0.0496617369353771,-0.0085,-0.021131869405508));
#5208=CARTESIAN_POINT('',(-0.0536444522440434,-0.0085,-0.021867042017971));
#5209=CARTESIAN_POINT('',(-0.0496617369353771,-0.0085,-0.021131869405508));
#5210=CARTESIAN_POINT('',(-0.0536444522440434,-0.0085,-0.020396696793045));
#5211=CARTESIAN_POINT('',(-0.0496617369353771,-0.0085,-0.021131869405508));
#5212=CARTESIAN_POINT('',(-0.0525352566887171,-0.0085,-0.018277857452631));
#5213=CARTESIAN_POINT('',(-0.0496617369353771,-0.0085,-0.021131869405508));
#5214=CARTESIAN_POINT('',(-0.0522073213476487,-0.0085,-0.017981869405508));
#5215=CARTESIAN_POINT('',(-0.0522073213476487,-0.0135,-0.017981869405508));
#5216=CARTESIAN_POINT('',(-0.0494279321283102,-0.0085,-0.0214946670457721));
#5217=CARTESIAN_POINT('',(-0.0496617369353771,-0.0085,-0.021131869405508));
#5218=CARTESIAN_POINT('',(-0.0466937557941712,-0.0085,-0.0247114766389132));
#5219=CARTESIAN_POINT('',(-0.0452114120125771,-0.0085,-0.0224798709194184));
#5220=CARTESIAN_POINT('',(-0.0494279321283102,-0.0085,-0.0247114766389132));
#5221=CARTESIAN_POINT('',(-0.0452114120125771,-0.0085,-0.0247114766389132));
#5222=CARTESIAN_POINT('',(-0.0452114120125771,-0.0085,-0.0214946670457721));
#5223=CARTESIAN_POINT('',(-0.0494279321283102,-0.0085,-0.0214946670457721));
#5224=CARTESIAN_POINT('',(-0.0494279321283102,-0.0085,-0.0247114766389132));
#5225=CARTESIAN_POINT('',(-0.0494279321283102,-0.0085,-0.018277857452631));
#5226=CARTESIAN_POINT('',(-0.0536444522440434,-0.0085,-0.0214946670457721));
#5227=CARTESIAN_POINT('',(-0.0494279321283102,-0.0085,-0.0214946670457721));
#5228=CARTESIAN_POINT('',(-0.0496617369353771,-0.0085,-0.021131869405508));
#5229=CARTESIAN_POINT('',(-0.0452114120125771,-0.0085,-0.0197838678915977));
#5230=CARTESIAN_POINT('',(-0.0459906177909152,-0.0085,-0.018277857452631));
#5231=CARTESIAN_POINT('',(-0.0452114120125771,-0.0085,-0.0214946670457721));
#5232=CARTESIAN_POINT('',(-0.0452114120125771,-0.0085,-0.018277857452631));
#5233=CARTESIAN_POINT('',(-0.0494279321283102,-0.0085,-0.018277857452631));
#5234=CARTESIAN_POINT('',(-0.0494279321283102,-0.0085,-0.0214946670457721));
#5235=CARTESIAN_POINT('',(-0.0496617369353771,-0.0085,-0.021131869405508));
#5236=CARTESIAN_POINT('',(-0.0533328560798391,-0.0085,-0.018277857452631));
#5237=CARTESIAN_POINT('',(-0.0536444522440434,-0.0085,-0.0187317696638066));
#5238=CARTESIAN_POINT('',(-0.0494279321283102,-0.0085,-0.018277857452631));
#5239=CARTESIAN_POINT('',(-0.0536444522440434,-0.0085,-0.018277857452631));
#5240=CARTESIAN_POINT('',(-0.0536444522440434,-0.0085,-0.0214946670457721));
#5241=CARTESIAN_POINT('',(-0.0500934049487114,-0.008,-0.0215853359550237));
#5242=CARTESIAN_POINT('',(-0.0500934049487114,-0.008,-0.0215853359550237));
#5243=CARTESIAN_POINT('',(-0.0500934049487114,-0.008,-0.0241353359550237));
#5244=CARTESIAN_POINT('',(-0.0500934049487114,0.,-0.0215853359550237));
#5245=CARTESIAN_POINT('',(-0.0500934049487114,0.,-0.0241353359550237));
#5246=CARTESIAN_POINT('',(-0.0500934049487114,-0.008,-0.0215853359550237));
#5247=CARTESIAN_POINT('',(-0.0500934049487114,-0.008,-0.0215853359550237));
#5248=CARTESIAN_POINT('',(-0.0500934049487114,-0.008,-0.0246353359550237));
#5249=CARTESIAN_POINT('',(-0.0500934049487114,0.,-0.0215853359550237));
#5250=CARTESIAN_POINT('',(-0.0500934049487114,0.,-0.0246353359550237));
#5251=CARTESIAN_POINT('',(-0.0500934049487114,0.,-0.0215853359550237));
#5252=CARTESIAN_POINT('',(-0.0494279321283102,-0.008,-0.0214946670457721));
#5253=CARTESIAN_POINT('',(-0.0494279321283102,-0.008,-0.018277857452631));
#5254=CARTESIAN_POINT('',(-0.0536444522440434,-0.008,-0.018277857452631));
#5255=CARTESIAN_POINT('',(-0.0452114120125771,-0.008,-0.018277857452631));
#5256=CARTESIAN_POINT('',(-0.0452114120125771,-0.008,-0.0214946670457721));
#5257=CARTESIAN_POINT('',(-0.0452114120125771,-0.008,-0.0247114766389132));
#5258=CARTESIAN_POINT('',(-0.0494279321283102,-0.008,-0.0247114766389132));
#5259=CARTESIAN_POINT('',(-0.0536444522440434,-0.008,-0.0247114766389132));
#5260=CARTESIAN_POINT('',(-0.0536444522440434,-0.008,-0.0214946670457721));
#5261=CARTESIAN_POINT('',(-0.0494279321283102,-0.0085,-0.0214946670457721));
#5262=CARTESIAN_POINT('',(-0.0496617369353771,-0.0085,-0.021131869405508));
#5263=CARTESIAN_POINT('',(-0.0536444522440434,-0.0085,-0.0235319691472095));
#5264=CARTESIAN_POINT('',(-0.052629718076583,-0.0085,-0.0247114766389132));
#5265=CARTESIAN_POINT('',(-0.0536444522440434,-0.0085,-0.0214946670457721));
#5266=CARTESIAN_POINT('',(-0.0536444522440434,-0.0085,-0.0247114766389132));
#5267=CARTESIAN_POINT('',(-0.0494279321283102,-0.0085,-0.0247114766389132));
#5268=CARTESIAN_POINT('',(-0.0452114120125771,-0.0085,-0.0214946670457721));
#5269=CARTESIAN_POINT('',(-0.0452114120125771,-0.0085,-0.018277857452631));
#5270=CARTESIAN_POINT('',(-0.0452114120125771,-0.0085,-0.0214946670457721));
#5271=CARTESIAN_POINT('',(-0.0452114120125771,-0.0085,-0.0247114766389132));
#5272=CARTESIAN_POINT('',(-0.0494279321283102,-0.0085,-0.0247114766389132));
#5273=CARTESIAN_POINT('',(-0.0494279321283102,-0.0085,-0.0247114766389132));
#5274=CARTESIAN_POINT('',(-0.0494279321283102,-0.0085,-0.0247114766389132));
#5275=CARTESIAN_POINT('',(-0.0536444522440434,-0.0085,-0.0247114766389132));
#5276=CARTESIAN_POINT('',(-0.0536444522440434,-0.0085,-0.0214946670457721));
#5277=CARTESIAN_POINT('',(-0.0536444522440434,-0.0085,-0.0214946670457721));
#5278=CARTESIAN_POINT('',(-0.0536444522440434,-0.0085,-0.0214946670457721));
#5279=CARTESIAN_POINT('',(-0.0536444522440434,-0.0085,-0.018277857452631));
#5280=CARTESIAN_POINT('',(-0.0494279321283102,-0.0085,-0.018277857452631));
#5281=CARTESIAN_POINT('',(-0.0494279321283102,-0.0085,-0.018277857452631));
#5282=CARTESIAN_POINT('',(-0.0494279321283102,-0.0085,-0.018277857452631));
#5283=CARTESIAN_POINT('',(-0.0494279321283102,-0.008,-0.0214946670457721));
#5284=CARTESIAN_POINT('',(-0.0496617369353771,-0.0085,-0.021131869405508));
#5285=CARTESIAN_POINT('',(-0.0496617369353771,-0.0085,-0.021131869405508));
#5286=CARTESIAN_POINT('',(-0.0496617369353771,-0.0085,-0.021131869405508));
#5287=CARTESIAN_POINT('',(-0.0496617369353771,-0.0085,-0.017981869405508));
#5288=CARTESIAN_POINT('',(-0.0496617369353771,-0.0085,-0.021131869405508));
#5289=CARTESIAN_POINT('',(-0.0496617369353771,-0.0085,-0.021131869405508));
#5290=CARTESIAN_POINT('',(-0.0496617369353771,-0.0085,-0.021131869405508));
#5291=CARTESIAN_POINT('',(-0.0496617369353771,-0.0135,-0.021131869405508));
#5292=CARTESIAN_POINT('',(-0.0496617369353771,-0.0135,-0.021131869405508));
#5293=CARTESIAN_POINT('',(-0.0496617369353771,-0.0135,-0.025781869405508));
#5294=CARTESIAN_POINT('',(-0.0496617369353771,-0.0085,-0.021131869405508));
#5295=CARTESIAN_POINT('',(-0.0496617369353771,-0.0135,-0.021131869405508));
#5296=CARTESIAN_POINT('',(-0.0496617369353771,-0.0135,-0.017981869405508));
#5297=CARTESIAN_POINT('',(-0.0496617369353771,-0.0085,-0.021131869405508));
#5298=CARTESIAN_POINT('',(-0.0496617369353771,-0.0135,-0.017981869405508));
#5299=CARTESIAN_POINT('',(-0.010930282311137,-0.0151669171854178,0.0678633992428563));
#5300=CARTESIAN_POINT('',(0.00295,-0.003,0.));
#5301=CARTESIAN_POINT('',(0.00295,0.,0.));
#5302=CARTESIAN_POINT('',(0.,0.,0.));
#5303=CARTESIAN_POINT('',(0.0059,0.,0.));
#5304=CARTESIAN_POINT('',(0.,-0.003,0.));
#5305=CARTESIAN_POINT('',(0.,-0.003,0.));
#5306=CARTESIAN_POINT('',(0.00295,-0.003,0.));
#5307=CARTESIAN_POINT('',(0.0059,-0.003,0.));
#5308=CARTESIAN_POINT('',(0.0059,-0.003,0.));
#5309=CARTESIAN_POINT('',(0.,-0.003,-0.0085));
#5310=CARTESIAN_POINT('',(0.,0.,-0.0085));
#5311=CARTESIAN_POINT('',(8.67361737988404E-19,0.,-0.017));
#5312=CARTESIAN_POINT('',(8.67361737988404E-19,-0.003,-0.017));
#5313=CARTESIAN_POINT('',(8.67361737988404E-19,-0.003,-0.017));
#5314=CARTESIAN_POINT('',(0.,-0.003,-0.0085));
#5315=CARTESIAN_POINT('',(0.00295,-0.003,-0.017));
#5316=CARTESIAN_POINT('',(0.00295,0.,-0.017));
#5317=CARTESIAN_POINT('',(0.0059,0.,-0.017));
#5318=CARTESIAN_POINT('',(0.0059,-0.003,-0.017));
#5319=CARTESIAN_POINT('',(0.0059,-0.003,-0.017));
#5320=CARTESIAN_POINT('',(0.00295,-0.003,-0.017));
#5321=CARTESIAN_POINT('',(0.0059,-0.003,-0.0085));
#5322=CARTESIAN_POINT('',(0.0059,0.,-0.0085));
#5323=CARTESIAN_POINT('',(0.0059,-0.003,-0.0085));
#5324=CARTESIAN_POINT('',(0.00295,-0.003,-0.0085));
#5325=CARTESIAN_POINT('',(0.00295,-0.003,-0.00305));
#5326=CARTESIAN_POINT('',(0.00295,-0.003,-0.0059));
#5327=CARTESIAN_POINT('',(0.00295,0.,-0.0085));
#5328=CARTESIAN_POINT('',(0.00295,0.,-0.00305));
#5329=CARTESIAN_POINT('',(0.00295,0.,-0.0002));
#5330=CARTESIAN_POINT('',(0.00295,-0.014,-0.00305));
#5331=CARTESIAN_POINT('',(-0.0188581143053275,0.0100316761112269,0.0208595506350246));
#5332=CARTESIAN_POINT('',(0.0847856534272432,0.0285,-0.0320288610458375));
#5333=CARTESIAN_POINT('',(0.0847856534272432,0.0275,-0.0320288610458375));
#5334=CARTESIAN_POINT('',(-0.00521434657275677,0.0275,-0.0320288610458374));
#5335=CARTESIAN_POINT('',(0.174785653427243,0.0275,-0.0320288610458375));
#5336=CARTESIAN_POINT('',(-0.00521434657275677,0.0285,-0.0320288610458374));
#5337=CARTESIAN_POINT('',(-0.00521434657275677,0.0285,-0.0320288610458374));
#5338=CARTESIAN_POINT('',(0.0847856534272432,0.0285,-0.0320288610458375));
#5339=CARTESIAN_POINT('',(0.174785653427243,0.0285,-0.0320288610458375));
#5340=CARTESIAN_POINT('',(0.174785653427243,0.0285,-0.0320288610458375));
#5341=CARTESIAN_POINT('',(-0.00521434657275677,0.0285,0.0029711389541626));
#5342=CARTESIAN_POINT('',(-0.00521434657275677,0.0275,0.0029711389541626));
#5343=CARTESIAN_POINT('',(-0.00521434657275677,0.0275,0.0379711389541626));
#5344=CARTESIAN_POINT('',(-0.00521434657275677,0.0285,0.0379711389541626));
#5345=CARTESIAN_POINT('',(-0.00521434657275677,0.0285,0.0379711389541626));
#5346=CARTESIAN_POINT('',(-0.00521434657275677,0.0285,0.0029711389541626));
#5347=CARTESIAN_POINT('',(0.0847856534272432,0.0285,0.0379711389541626));
#5348=CARTESIAN_POINT('',(0.0847856534272432,0.0275,0.0379711389541626));
#5349=CARTESIAN_POINT('',(0.174785653427243,0.0275,0.0379711389541626));
#5350=CARTESIAN_POINT('',(0.174785653427243,0.0285,0.0379711389541626));
#5351=CARTESIAN_POINT('',(0.174785653427243,0.0285,0.0379711389541626));
#5352=CARTESIAN_POINT('',(0.0847856534272432,0.0285,0.0379711389541626));
#5353=CARTESIAN_POINT('',(0.174785653427243,0.0285,0.00297113895416257));
#5354=CARTESIAN_POINT('',(0.174785653427243,0.0275,0.00297113895416257));
#5355=CARTESIAN_POINT('',(0.174785653427243,0.0285,0.00297113895416257));
#5356=CARTESIAN_POINT('',(0.0847856534272432,0.0285,0.00297113895416258));
#5357=CARTESIAN_POINT('',(0.171785653427243,0.0285,0.0349711389541626));
#5358=CARTESIAN_POINT('',(0.171785653427243,0.0285,0.0359711389541626));
#5359=CARTESIAN_POINT('',(0.171785653427243,0.0285,-0.0290288610458374));
#5360=CARTESIAN_POINT('',(0.171785653427243,0.0285,-0.0280288610458374));
#5361=CARTESIAN_POINT('',(-0.00221434657275677,0.0285,-0.0290288610458374));
#5362=CARTESIAN_POINT('',(-0.00221434657275677,0.0285,-0.0280288610458374));
#5363=CARTESIAN_POINT('',(0.0847856534272432,0.0275,0.00297113895416258));
#5364=CARTESIAN_POINT('',(0.171785653427243,0.0275,0.0349711389541626));
#5365=CARTESIAN_POINT('',(0.171785653427243,0.0275,0.0359711389541626));
#5366=CARTESIAN_POINT('',(0.171785653427243,0.0275,-0.0290288610458374));
#5367=CARTESIAN_POINT('',(0.171785653427243,0.0275,-0.0280288610458374));
#5368=CARTESIAN_POINT('',(-0.00221434657275677,0.0275,-0.0290288610458374));
#5369=CARTESIAN_POINT('',(-0.00221434657275677,0.0275,-0.0280288610458374));
#5370=CARTESIAN_POINT('',(-0.00221434657275677,0.0035,-0.0290288610458374));
#5371=CARTESIAN_POINT('',(0.171785653427243,0.0035,-0.0290288610458374));
#5372=CARTESIAN_POINT('',(0.171785653427243,0.0035,0.0349711389541626));
#5373=CARTESIAN_POINT('',(-9.40114989876201E-5,0.00181236760104453,0.000675494626164449));
#5374=CARTESIAN_POINT('',(0.082,0.,1.10218211923262E-18));
#5375=CARTESIAN_POINT('',(0.082,0.,1.10218211923262E-18));
#5376=CARTESIAN_POINT('',(0.082,0.,-0.018));
#5377=CARTESIAN_POINT('',(0.,0.,1.10218211923262E-18));
#5378=CARTESIAN_POINT('',(0.,0.,-0.018));
#5379=CARTESIAN_POINT('',(0.082,0.,0.));
#5380=CARTESIAN_POINT('',(0.082,0.,1.34711147906209E-18));
#5381=CARTESIAN_POINT('',(0.082,0.,-0.004));
#5382=CARTESIAN_POINT('',(0.,0.,0.));
#5383=CARTESIAN_POINT('',(0.099,0.,1.34711147906209E-18));
#5384=CARTESIAN_POINT('',(0.084,0.,1.34711147906209E-18));
#5385=CARTESIAN_POINT('',(0.084,0.00264575131106459,0.003));
#5386=CARTESIAN_POINT('',(0.084,-0.00264575131106459,0.003));
#5387=CARTESIAN_POINT('',(0.084,0.00264575131106459,0.003));
#5388=CARTESIAN_POINT('',(0.099,0.00264575131106459,0.003));
#5389=CARTESIAN_POINT('',(0.099,0.,1.34711147906209E-18));
#5390=CARTESIAN_POINT('',(0.099,-0.00264575131106459,0.003));
#5391=CARTESIAN_POINT('',(0.084,-0.00264575131106459,0.003));
#5392=CARTESIAN_POINT('',(0.099,0.,0.));
#5393=CARTESIAN_POINT('',(0.099,0.,0.003));
#5394=CARTESIAN_POINT('',(0.084,0.,0.003));
#5395=CARTESIAN_POINT('',(0.084,0.,0.003));
#5396=CARTESIAN_POINT('',(0.084,0.,1.7347234759768E-18));
#5397=CARTESIAN_POINT('',(0.0950893090128899,0.0059003889143467,0.0166816616535186));
#5398=CARTESIAN_POINT('',(0.003,-0.0451595082163811,0.0292420543241645));
#5399=CARTESIAN_POINT('',(0.,-0.0451595082163811,0.0292420543241645));
#5400=CARTESIAN_POINT('',(0.,-0.0481095082163811,0.0292420543241645));
#5401=CARTESIAN_POINT('',(0.,-0.0422095082163811,0.0292420543241645));
#5402=CARTESIAN_POINT('',(0.003,-0.0481095082163811,0.0292420543241645));
#5403=CARTESIAN_POINT('',(0.003,-0.0481095082163811,0.0292420543241645));
#5404=CARTESIAN_POINT('',(0.003,-0.0451595082163811,0.0292420543241645));
#5405=CARTESIAN_POINT('',(0.003,-0.0422095082163811,0.0292420543241645));
#5406=CARTESIAN_POINT('',(0.003,-0.0422095082163811,0.0292420543241645));
#5407=CARTESIAN_POINT('',(0.003,-0.0481095082163811,0.0207420543241645));
#5408=CARTESIAN_POINT('',(0.,-0.0481095082163811,0.0207420543241645));
#5409=CARTESIAN_POINT('',(0.,-0.0481095082163811,0.0122420543241644));
#5410=CARTESIAN_POINT('',(0.003,-0.0481095082163811,0.0122420543241644));
#5411=CARTESIAN_POINT('',(0.003,-0.0481095082163811,0.0122420543241644));
#5412=CARTESIAN_POINT('',(0.003,-0.0481095082163811,0.0207420543241645));
#5413=CARTESIAN_POINT('',(0.003,-0.0451595082163811,0.0122420543241644));
#5414=CARTESIAN_POINT('',(0.,-0.0451595082163811,0.0122420543241644));
#5415=CARTESIAN_POINT('',(0.,-0.0422095082163811,0.0122420543241644));
#5416=CARTESIAN_POINT('',(0.003,-0.0422095082163811,0.0122420543241644));
#5417=CARTESIAN_POINT('',(0.003,-0.0422095082163811,0.0122420543241644));
#5418=CARTESIAN_POINT('',(0.003,-0.0451595082163811,0.0122420543241644));
#5419=CARTESIAN_POINT('',(0.003,-0.0422095082163811,0.0207420543241645));
#5420=CARTESIAN_POINT('',(0.,-0.0422095082163811,0.0207420543241645));
#5421=CARTESIAN_POINT('',(0.003,-0.0422095082163811,0.0207420543241645));
#5422=CARTESIAN_POINT('',(0.003,-0.0451595082163811,0.0207420543241645));
#5423=CARTESIAN_POINT('',(0.003,-0.0451595082163811,0.0261920543241645));
#5424=CARTESIAN_POINT('',(0.003,-0.0451595082163811,0.0233420543241645));
#5425=CARTESIAN_POINT('',(0.,-0.0451595082163811,0.0207420543241645));
#5426=CARTESIAN_POINT('',(0.,-0.0451595082163811,0.0261920543241645));
#5427=CARTESIAN_POINT('',(0.,-0.0451595082163811,0.0233420543241645));
#5428=CARTESIAN_POINT('',(-0.022,-0.0451595082163811,0.0261920543241645));
#5429=CARTESIAN_POINT('',(-0.030094617683239,-0.0188693746919965,-0.0274152063214277));
#5430=CARTESIAN_POINT('',(0.124785653427243,-0.015,0.0029711389541626));
#5431=CARTESIAN_POINT('',(0.124785653427243,0.0275,-0.0290288610458374));
#5432=CARTESIAN_POINT('',(0.124785653427243,-0.0125,-0.0290288610458374));
#5433=CARTESIAN_POINT('',(0.124785653427243,-0.0135,-0.0290288610458374));
#5434=CARTESIAN_POINT('',(0.124785653427243,-0.0125,0.0029711389541626));
#5435=CARTESIAN_POINT('',(0.124785653427243,-0.0125,0.0349711389541626));
#5436=CARTESIAN_POINT('',(0.124785653427243,0.0275,0.0349711389541626));
#5437=CARTESIAN_POINT('',(0.124785653427243,-0.0135,0.0349711389541626));
#5438=CARTESIAN_POINT('',(0.124785653427243,-0.0135,0.0029711389541626));
#5439=CARTESIAN_POINT('',(0.124285653427243,0.0275,0.00297113895416259));
#5440=CARTESIAN_POINT('',(0.124285653427243,0.027,0.00311359398812055));
#5441=CARTESIAN_POINT('',(0.124285653427243,0.027,0.0369711389541626));
#5442=CARTESIAN_POINT('',(0.124285653427243,0.027,-0.0307439509779215));
#5443=CARTESIAN_POINT('',(0.124285653427243,0.00725,0.0369711389541626));
#5444=CARTESIAN_POINT('',(0.124285653427243,-0.0125,0.0369711389541626));
#5445=CARTESIAN_POINT('',(0.124285653427243,-0.0125,0.00297113895416259));
#5446=CARTESIAN_POINT('',(0.124285653427243,-0.0125,0.0374711389541626));
#5447=CARTESIAN_POINT('',(0.124285653427243,0.0275,0.0374711389541626));
#5448=CARTESIAN_POINT('',(0.124285653427243,0.0275,0.0374711389541626));
#5449=CARTESIAN_POINT('',(0.124285653427243,0.0275,0.00297113895416259));
#5450=CARTESIAN_POINT('',(0.124285653427243,0.0275,-0.0315288610458374));
#5451=CARTESIAN_POINT('',(0.124285653427243,0.0275,-0.0315288610458374));
#5452=CARTESIAN_POINT('',(0.124285653427243,-0.0125,-0.0315288610458374));
#5453=CARTESIAN_POINT('',(0.124285653427243,-0.0125,0.00297113895416259));
#5454=CARTESIAN_POINT('',(0.124285653427243,-0.0125,-0.0307439509779215));
#5455=CARTESIAN_POINT('',(0.124285653427243,0.00725,-0.0307439509779215));
#5456=CARTESIAN_POINT('',(0.174785653427243,-0.00125,0.0029711389541626));
#5457=CARTESIAN_POINT('',(0.174785653427243,0.0275,0.00297113895416261));
#5458=CARTESIAN_POINT('',(0.174785653427243,0.0275,-0.0320288610458374));
#5459=CARTESIAN_POINT('',(0.174785653427243,0.0275,0.0364711389541626));
#5460=CARTESIAN_POINT('',(0.174785653427243,0.025,0.0364711389541626));
#5461=CARTESIAN_POINT('',(0.174785653427243,0.0225,0.0364711389541626));
#5462=CARTESIAN_POINT('',(0.174785653427243,0.0225,0.0372211389541626));
#5463=CARTESIAN_POINT('',(0.174785653427243,0.0225,0.0379711389541626));
#5464=CARTESIAN_POINT('',(0.174785653427243,-0.005,0.0379711389541626));
#5465=CARTESIAN_POINT('',(0.174785653427243,-0.025,0.0379711389541626));
#5466=CARTESIAN_POINT('',(0.174785653427243,-0.025,0.0372211389541626));
#5467=CARTESIAN_POINT('',(0.174785653427243,-0.025,0.0364711389541626));
#5468=CARTESIAN_POINT('',(0.174785653427243,-0.0275,0.0364711389541626));
#5469=CARTESIAN_POINT('',(0.174785653427243,-0.03,0.0364711389541626));
#5470=CARTESIAN_POINT('',(0.174785653427243,-0.03,0.0227292028721422));
#5471=CARTESIAN_POINT('',(0.174785653427243,-0.03,0.0312379623420708));
#5472=CARTESIAN_POINT('',(0.174785653427243,-0.03,0.0312379623420708));
#5473=CARTESIAN_POINT('',(0.174785653427243,-0.014,0.0312379623420708));
#5474=CARTESIAN_POINT('',(0.174785653427243,-0.014,0.0029711389541626));
#5475=CARTESIAN_POINT('',(0.174785653427243,-0.014,-0.0320288610458374));
#5476=CARTESIAN_POINT('',(0.174785653427243,-0.01325,-0.0320288610458374));
#5477=CARTESIAN_POINT('',(0.0595356534272432,0.0275,-0.0315288610458374));
#5478=CARTESIAN_POINT('',(0.0595356534272432,0.0275,-0.0315288610458374));
#5479=CARTESIAN_POINT('',(0.00210453942418098,0.0275,-0.0315288610458374));
#5480=CARTESIAN_POINT('',(0.00210453942418098,0.0243623831272125,-0.0315288610458374));
#5481=CARTESIAN_POINT('',(0.00210453942418098,0.021224766254425,-0.0315288610458374));
#5482=CARTESIAN_POINT('',(-0.00155490357428789,0.021224766254425,-0.0315288610458374));
#5483=CARTESIAN_POINT('',(-0.00521434657275677,0.021224766254425,-0.0315288610458374));
#5484=CARTESIAN_POINT('',(-0.00521434657275677,0.0275,-0.0315288610458374));
#5485=CARTESIAN_POINT('',(-0.00521434657275677,-0.0125,-0.0315288610458374));
#5486=CARTESIAN_POINT('',(0.0595356534272432,-0.0125,-0.0315288610458374));
#5487=CARTESIAN_POINT('',(0.124785653427243,-0.015,0.0029711389541626));
#5488=CARTESIAN_POINT('',(0.124785653427243,0.027,0.0029711389541626));
#5489=CARTESIAN_POINT('',(0.124785653427243,0.027,-0.0290288610458374));
#5490=CARTESIAN_POINT('',(0.124785653427243,0.027,0.0349711389541626));
#5491=CARTESIAN_POINT('',(0.124785653427243,0.0275,-0.0290288610458374));
#5492=CARTESIAN_POINT('',(0.124785653427243,0.0275,-0.0290288610458374));
#5493=CARTESIAN_POINT('',(0.124785653427243,0.0275,0.0029711389541626));
#5494=CARTESIAN_POINT('',(0.124785653427243,0.0275,0.0349711389541626));
#5495=CARTESIAN_POINT('',(0.124785653427243,0.0275,0.0349711389541626));
#5496=CARTESIAN_POINT('',(-0.00521434657275677,-0.005,0.0227292028721422));
#5497=CARTESIAN_POINT('',(-0.00521434657275677,0.,0.0227292028721422));
#5498=CARTESIAN_POINT('',(-0.00521434657275677,0.,0.0374711389541626));
#5499=CARTESIAN_POINT('',(-0.00521434657275677,0.,0.00748726679012179));
#5500=CARTESIAN_POINT('',(-0.00521434657275677,0.0275,0.0374711389541626));
#5501=CARTESIAN_POINT('',(-0.00521434657275677,-0.0125,0.0374711389541626));
#5502=CARTESIAN_POINT('',(-0.00521434657275677,-0.0125,0.0029711389541626));
#5503=CARTESIAN_POINT('',(-0.00521434657275677,-0.0125,0.00383672004466656));
#5504=CARTESIAN_POINT('',(-0.00521434657275677,-0.0217520902582482,-0.00066663835278757));
#5505=CARTESIAN_POINT('',(-0.00521434657275677,-0.005,0.00748726679012179));
#5506=CARTESIAN_POINT('',(-0.00521434657275677,-0.005,0.00748726679012179));
#5507=CARTESIAN_POINT('',(0.124785653427243,-0.0125,0.0029711389541626));
#5508=CARTESIAN_POINT('',(0.0595356534272432,-0.0125,0.0374711389541626));
#5509=CARTESIAN_POINT('',(0.149285653427243,-0.0125,0.0369711389541626));
#5510=CARTESIAN_POINT('',(0.149285653427243,-0.0125,0.0369711389541626));
#5511=CARTESIAN_POINT('',(0.149285653427243,-0.0125,0.00297113895416259));
#5512=CARTESIAN_POINT('',(0.149285653427243,-0.0125,0.0349711389541626));
#5513=CARTESIAN_POINT('',(0.148285653427243,-0.0125,0.0349711389541626));
#5514=CARTESIAN_POINT('',(0.148285653427243,-0.0125,-0.0290288610458374));
#5515=CARTESIAN_POINT('',(0.149285653427243,-0.0125,-0.0290288610458374));
#5516=CARTESIAN_POINT('',(0.149285653427243,-0.0125,0.00297113895416259));
#5517=CARTESIAN_POINT('',(0.149285653427243,-0.0125,-0.0307439509779215));
#5518=CARTESIAN_POINT('',(0.149285653427243,-0.0125,-0.0307439509779215));
#5519=CARTESIAN_POINT('',(-0.00521434657275677,-0.0125,0.0029711389541626));
#5520=CARTESIAN_POINT('',(-0.00521434657275677,-0.015,0.0029711389541626));
#5521=CARTESIAN_POINT('',(-0.00521434657275677,-0.0217520902582482,-0.00066663835278757));
#5522=CARTESIAN_POINT('',(-0.00521434657275677,-0.014,0.00310661069557552));
#5523=CARTESIAN_POINT('',(-0.00521434657275677,0.021224766254425,-0.0265288610458374));
#5524=CARTESIAN_POINT('',(-0.00521434657275677,0.021224766254425,-0.0265288610458374));
#5525=CARTESIAN_POINT('',(-0.00521434657275677,0.0275,-0.0265288610458374));
#5526=CARTESIAN_POINT('',(-0.00521434657275677,0.0275,-0.0265288610458374));
#5527=CARTESIAN_POINT('',(-0.00521434657275677,0.0275,0.0029711389541626));
#5528=CARTESIAN_POINT('',(-0.00521434657275677,0.0275,-0.0320288610458374));
#5529=CARTESIAN_POINT('',(-0.00521434657275677,-0.01325,-0.0320288610458374));
#5530=CARTESIAN_POINT('',(-0.00521434657275677,-0.014,-0.0320288610458374));
#5531=CARTESIAN_POINT('',(-0.00521434657275677,-0.014,0.0029711389541626));
#5532=CARTESIAN_POINT('',(-0.0302143465727567,-0.0414891208368047,-0.00588835206805373));
#5533=CARTESIAN_POINT('',(-0.00621434657275677,-0.0414891208368047,-0.00588835206805373));
#5534=CARTESIAN_POINT('',(-0.00621434657275677,-0.03,0.0312379623420708));
#5535=CARTESIAN_POINT('',(-0.00621434657275677,-0.005,0.00748726679012179));
#5536=CARTESIAN_POINT('',(-0.0302143465727567,-0.03,0.0312379623420708));
#5537=CARTESIAN_POINT('',(-0.0162143465727567,-0.03,0.0312379623420708));
#5538=CARTESIAN_POINT('',(-0.0162143465727567,-0.0414891208368047,-0.00588835206805373));
#5539=CARTESIAN_POINT('',(-0.0162143465727567,-0.0131131293889177,0.0206666141083803));
#5540=CARTESIAN_POINT('',(-0.0302143465727567,-0.0131131293889177,0.0206666141083803));
#5541=CARTESIAN_POINT('',(-0.0157750892937183,-0.0131131293889177,0.0206666141083803));
#5542=CARTESIAN_POINT('',(-0.0157750892937183,-0.0414891208368047,-0.00588835206805373));
#5543=CARTESIAN_POINT('',(-0.0157750892937183,-0.00856898275185008,0.0147666141083804));
#5544=CARTESIAN_POINT('',(-0.0302143465727567,-0.00856898275185008,0.0147666141083804));
#5545=CARTESIAN_POINT('',(-0.0162143465727567,-0.00856898275185008,0.0147666141083804));
#5546=CARTESIAN_POINT('',(-0.0162143465727567,-0.0414891208368047,-0.00588835206805373));
#5547=CARTESIAN_POINT('',(-0.0162143465727567,-0.005,0.00748726679012179));
#5548=CARTESIAN_POINT('',(-0.0302143465727567,-0.005,0.00748726679012179));
#5549=CARTESIAN_POINT('',(-0.0297750892937183,-0.025,0.0177166141083803));
#5550=CARTESIAN_POINT('',(-0.0297750892937183,-0.025,0.0206666141083803));
#5551=CARTESIAN_POINT('',(-0.0297750892937183,-0.00661018370748286,0.0206666141083803));
#5552=CARTESIAN_POINT('',(-0.0297750892937183,0.,0.0206666141083803));
#5553=CARTESIAN_POINT('',(-0.0297750892937183,-0.00661018370748286,0.0177166141083803));
#5554=CARTESIAN_POINT('',(-0.0297750892937183,-0.00661018370748286,0.0147666141083804));
#5555=CARTESIAN_POINT('',(-0.0297750892937183,-0.025,0.0147666141083804));
#5556=CARTESIAN_POINT('',(-0.0297750892937183,0.,0.0147666141083804));
#5557=CARTESIAN_POINT('',(-0.0297750892937183,0.,0.0177166141083803));
#5558=CARTESIAN_POINT('',(-0.0282750892937183,-0.025,0.0206666141083803));
#5559=CARTESIAN_POINT('',(-0.0292440577745437,-0.015,0.0206666141083803));
#5560=CARTESIAN_POINT('',(-0.0292440577745437,-0.005,0.0206666141083803));
#5561=CARTESIAN_POINT('',(-0.0292440577745437,-0.00661018370748286,0.0206666141083803));
#5562=CARTESIAN_POINT('',(-0.0147750892937183,-0.00661018370748286,0.0206666141083803));
#5563=CARTESIAN_POINT('',(-0.0282750892937183,0.,0.0206666141083803));
#5564=CARTESIAN_POINT('',(-0.0267750892937184,0.,0.0206666141083803));
#5565=CARTESIAN_POINT('',(-0.0267750892937184,-0.025,0.0206666141083803));
#5566=CARTESIAN_POINT('',(-0.0267750892937184,-0.005,0.0206666141083803));
#5567=CARTESIAN_POINT('',(-0.0227292021736502,-0.005,0.0206666141083803));
#5568=CARTESIAN_POINT('',(-0.0282750892937183,-0.025,0.0147666141083804));
#5569=CARTESIAN_POINT('',(-0.0147750892937183,-0.00661018370748286,0.0147666141083804));
#5570=CARTESIAN_POINT('',(-0.0292440577745437,-0.00661018370748286,0.0147666141083804));
#5571=CARTESIAN_POINT('',(-0.0292440577745437,-0.015,0.0147666141083804));
#5572=CARTESIAN_POINT('',(-0.0292440577745437,-0.005,0.0147666141083804));
#5573=CARTESIAN_POINT('',(-0.0227292021736502,-0.005,0.0147666141083804));
#5574=CARTESIAN_POINT('',(-0.0267750892937184,-0.005,0.0147666141083804));
#5575=CARTESIAN_POINT('',(-0.0267750892937184,-0.025,0.0147666141083804));
#5576=CARTESIAN_POINT('',(-0.0267750892937184,0.,0.0147666141083804));
#5577=CARTESIAN_POINT('',(-0.0282750892937183,0.,0.0147666141083804));
#5578=CARTESIAN_POINT('',(-0.0157750892937183,-0.025,0.0177166141083803));
#5579=CARTESIAN_POINT('',(-0.0157750892937183,-0.00844717833143015,0.0177166141083803));
#5580=CARTESIAN_POINT('',(-0.0157750892937183,-0.00844717833143015,0.0147666141083804));
#5581=CARTESIAN_POINT('',(-0.0157750892937183,-0.00844717833143015,0.0206666141083803));
#5582=CARTESIAN_POINT('',(-0.0157750892937183,-0.025,0.0147666141083804));
#5583=CARTESIAN_POINT('',(-0.0157750892937183,-0.025,0.0206666141083803));
#5584=CARTESIAN_POINT('',(-0.0172750892937183,-0.025,0.0206666141083803));
#5585=CARTESIAN_POINT('',(-0.0147750892937183,-0.00844717833143015,0.0206666141083803));
#5586=CARTESIAN_POINT('',(-0.0162143465727567,-0.00844717833143015,0.0206666141083803));
#5587=CARTESIAN_POINT('',(-0.0162143465727567,-0.0175,0.0206666141083803));
#5588=CARTESIAN_POINT('',(-0.0172750892937183,-0.025,0.0147666141083804));
#5589=CARTESIAN_POINT('',(-0.0147750892937183,-0.00844717833143015,0.0147666141083804));
#5590=CARTESIAN_POINT('',(-0.0162143465727567,-0.00844717833143015,0.0147666141083804));
#5591=CARTESIAN_POINT('',(-0.0162143465727567,-0.0175,0.0147666141083804));
#5592=CARTESIAN_POINT('',(-0.0227292021736502,-0.005,0.0227292028721422));
#5593=CARTESIAN_POINT('',(-0.0227292021736502,-0.005,0.0206666141083803));
#5594=CARTESIAN_POINT('',(-0.0162143465727567,-0.005,0.0206666141083803));
#5595=CARTESIAN_POINT('',(-0.0187750892937184,-0.005,0.0206666141083803));
#5596=CARTESIAN_POINT('',(-0.0162143465727567,-0.005,0.0227292028721422));
#5597=CARTESIAN_POINT('',(-0.0162143465727567,-0.005,0.0312379623420708));
#5598=CARTESIAN_POINT('',(-0.0227292021736502,-0.005,0.0312379623420708));
#5599=CARTESIAN_POINT('',(-0.0292440577745437,-0.005,0.0312379623420708));
#5600=CARTESIAN_POINT('',(-0.0292440577745437,-0.005,0.0227292028721422));
#5601=CARTESIAN_POINT('',(-0.0267750892937184,-0.005,0.0227292028721422));
#5602=CARTESIAN_POINT('',(-0.0292440577745437,-0.005,0.0227292028721422));
#5603=CARTESIAN_POINT('',(-0.0292440577745437,-0.005,0.00748726679012179));
#5604=CARTESIAN_POINT('',(-0.0227292021736502,-0.005,0.00748726679012179));
#5605=CARTESIAN_POINT('',(-0.0262143465727567,-0.005,0.00748726679012179));
#5606=CARTESIAN_POINT('',(-0.0262143465727567,-0.005,0.0227292028721422));
#5607=CARTESIAN_POINT('',(-0.0262143465727567,-0.005,0.0234872667901218));
#5608=CARTESIAN_POINT('',(-0.0227292021736502,-0.005,0.0234872667901218));
#5609=CARTESIAN_POINT('',(-0.0192143465727567,-0.005,0.0234872667901218));
#5610=CARTESIAN_POINT('',(-0.0192143465727567,-0.005,0.0227292028721422));
#5611=CARTESIAN_POINT('',(-0.0192143465727567,-0.005,0.00748726679012179));
#5612=CARTESIAN_POINT('',(-0.0227292021736502,-0.005,0.00748726679012179));
#5613=CARTESIAN_POINT('',(-0.0162143465727567,-0.005,0.0227292028721422));
#5614=CARTESIAN_POINT('',(-0.0162143465727567,-0.005,0.0147666141083804));
#5615=CARTESIAN_POINT('',(-0.0227292021736502,-0.005,0.0147666141083804));
#5616=CARTESIAN_POINT('',(-0.0187750892937184,-0.005,0.0147666141083804));
#5617=CARTESIAN_POINT('',(-0.0187750892937184,-0.005,0.0227292028721422));
#5618=CARTESIAN_POINT('',(-0.0162143465727567,-0.0175,0.0193626145660962));
#5619=CARTESIAN_POINT('',(-0.0162143465727567,-0.0175,0.0147666141083804));
#5620=CARTESIAN_POINT('',(-0.0162143465727567,-0.00661018370748286,0.0147666141083804));
#5621=CARTESIAN_POINT('',(-0.0162143465727567,-0.0175,0.0147666141083804));
#5622=CARTESIAN_POINT('',(-0.0292440577745437,-0.042380627369424,-0.00682675251475785));
#5623=CARTESIAN_POINT('',(-0.0292440577745437,-0.0132890952179902,0.0206666141083803));
#5624=CARTESIAN_POINT('',(-0.0292440577745437,-0.0132890952179902,0.0206666141083803));
#5625=CARTESIAN_POINT('',(-0.0297750892937183,-0.0132890952179902,0.0206666141083803));
#5626=CARTESIAN_POINT('',(-0.0292440577745437,-0.042380627369424,-0.00682675251475785));
#5627=CARTESIAN_POINT('',(-0.0292440577745437,-0.03,0.0312379623420708));
#5628=CARTESIAN_POINT('',(-0.0227292021736502,-0.03,0.0312379623420708));
#5629=CARTESIAN_POINT('',(-0.0402440577745438,-0.03,0.0312379623420708));
#5630=CARTESIAN_POINT('',(-0.0402440577745438,-0.042380627369424,-0.00682675251475785));
#5631=CARTESIAN_POINT('',(-0.0402440577745438,-0.005,0.00748726679012179));
#5632=CARTESIAN_POINT('',(-0.0227292021736502,-0.005,0.00748726679012179));
#5633=CARTESIAN_POINT('',(-0.0292440577745437,-0.042380627369424,-0.00682675251475785));
#5634=CARTESIAN_POINT('',(-0.0292440577745437,-0.00867708202073792,0.0147666141083804));
#5635=CARTESIAN_POINT('',(-0.0292440577745437,-0.00867708202073792,0.0147666141083804));
#5636=CARTESIAN_POINT('',(-0.0297750892937183,-0.00867708202073792,0.0147666141083804));
#5637=CARTESIAN_POINT('',(-0.0297750892937183,-0.042380627369424,-0.00682675251475785));
#5638=CARTESIAN_POINT('',(-0.0292440577745437,-0.015,0.0227292028721422));
#5639=CARTESIAN_POINT('',(-0.0292440577745437,-0.03,0.0312379623420708));
#5640=CARTESIAN_POINT('',(-0.0292440577745437,-0.015,0.0206666141083803));
#5641=CARTESIAN_POINT('',(-0.0292440577745437,-0.00844717833143015,0.0206666141083803));
#5642=CARTESIAN_POINT('',(-0.0292440577745437,-0.015,0.0206666141083803));
#5643=CARTESIAN_POINT('',(-0.0227292021736502,-0.005,0.00748726679012179));
#5644=CARTESIAN_POINT('',(-0.0262143465727567,-0.025,0.00748726679012179));
#5645=CARTESIAN_POINT('',(-0.0262143465727567,0.,0.00748726679012179));
#5646=CARTESIAN_POINT('',(-0.0402440577745438,-0.005,0.00748726679012179));
#5647=CARTESIAN_POINT('',(-0.0402440577745438,0.,0.00748726679012179));
#5648=CARTESIAN_POINT('',(-0.0227292021736502,0.,0.00748726679012179));
#5649=CARTESIAN_POINT('',(-0.0227292021736502,0.,0.0227292028721422));
#5650=CARTESIAN_POINT('',(-0.0157750892937183,0.,0.0177166141083803));
#5651=CARTESIAN_POINT('',(-0.0157750892937183,0.,0.0206666141083803));
#5652=CARTESIAN_POINT('',(-0.0157750892937183,0.,0.0147666141083804));
#5653=CARTESIAN_POINT('',(-0.0172750892937183,0.,0.0206666141083803));
#5654=CARTESIAN_POINT('',(-0.0187750892937184,0.,0.0206666141083803));
#5655=CARTESIAN_POINT('',(-0.0187750892937184,0.,0.0177166141083803));
#5656=CARTESIAN_POINT('',(-0.0187750892937184,0.,0.0147666141083804));
#5657=CARTESIAN_POINT('',(-0.0172750892937183,0.,0.0147666141083804));
#5658=CARTESIAN_POINT('',(-0.0267750892937184,0.,0.0177166141083803));
#5659=CARTESIAN_POINT('',(-0.0262143465727567,0.,0.0154872667901218));
#5660=CARTESIAN_POINT('',(-0.0262143465727567,0.,0.0234872667901218));
#5661=CARTESIAN_POINT('',(-0.0402440577745438,0.,0.0227292028721422));
#5662=CARTESIAN_POINT('',(-0.0402440577745438,0.,0.0364711389541626));
#5663=CARTESIAN_POINT('',(-0.0552440577745438,0.,0.0364711389541626));
#5664=CARTESIAN_POINT('',(-0.0552440577745438,0.,0.0364711389541626));
#5665=CARTESIAN_POINT('',(-0.0552440577745438,0.,0.0227292028721422));
#5666=CARTESIAN_POINT('',(-0.0552440577745438,0.,0.0379711389541626));
#5667=CARTESIAN_POINT('',(-0.0227292021736502,0.,0.0379711389541626));
#5668=CARTESIAN_POINT('',(-0.00521434657275677,0.,0.0379711389541626));
#5669=CARTESIAN_POINT('',(-0.00521434657275677,0.,0.0227292028721422));
#5670=CARTESIAN_POINT('',(-0.0227292021736502,0.,0.00748726679012179));
#5671=CARTESIAN_POINT('',(-0.0192143465727567,0.,0.00748726679012179));
#5672=CARTESIAN_POINT('',(-0.0192143465727567,0.,0.0154872667901218));
#5673=CARTESIAN_POINT('',(-0.0192143465727567,0.,0.0234872667901218));
#5674=CARTESIAN_POINT('',(-0.0227143465727567,0.,0.0234872667901218));
#5675=CARTESIAN_POINT('',(-0.0227292021736502,-0.005,0.00748726679012179));
#5676=CARTESIAN_POINT('',(-0.0192143465727567,-0.025,0.00748726679012179));
#5677=CARTESIAN_POINT('',(-0.00621434657275677,-0.005,0.00748726679012179));
#5678=CARTESIAN_POINT('',(-0.0227292021736502,-0.03,0.0227292028721422));
#5679=CARTESIAN_POINT('',(-0.0227292021736502,-0.03,0.0312379623420708));
#5680=CARTESIAN_POINT('',(-0.00621434657275677,-0.03,0.0193626145660962));
#5681=CARTESIAN_POINT('',(-0.00621434657275677,-0.03,0.00748726679012179));
#5682=CARTESIAN_POINT('',(-0.00621434657275677,-0.03,0.00748726679012179));
#5683=CARTESIAN_POINT('',(-0.00521434657275677,-0.03,0.00748726679012179));
#5684=CARTESIAN_POINT('',(-0.00521434657275677,-0.03,0.0193626145660962));
#5685=CARTESIAN_POINT('',(-0.00521434657275677,-0.03,0.0312379623420708));
#5686=CARTESIAN_POINT('',(0.124785653427243,-0.03,0.0312379623420708));
#5687=CARTESIAN_POINT('',(0.189785653427244,-0.03,0.0364711389541626));
#5688=CARTESIAN_POINT('',(0.189785653427244,-0.03,0.0364711389541626));
#5689=CARTESIAN_POINT('',(0.189785653427244,-0.03,0.0227292028721422));
#5690=CARTESIAN_POINT('',(0.189785653427244,-0.03,0.0379711389541626));
#5691=CARTESIAN_POINT('',(-0.0227292021736502,-0.03,0.0379711389541626));
#5692=CARTESIAN_POINT('',(-0.0552440577745438,-0.03,0.0379711389541626));
#5693=CARTESIAN_POINT('',(-0.0552440577745438,-0.03,0.0227292028721422));
#5694=CARTESIAN_POINT('',(-0.0552440577745438,-0.03,0.0364711389541626));
#5695=CARTESIAN_POINT('',(-0.0552440577745438,-0.03,0.0364711389541626));
#5696=CARTESIAN_POINT('',(-0.0402440577745438,-0.03,0.0364711389541626));
#5697=CARTESIAN_POINT('',(-0.0402440577745438,-0.03,0.0227292028721422));
#5698=CARTESIAN_POINT('',(-0.0227292021736502,-0.03,0.0312379623420708));
#5699=CARTESIAN_POINT('',(-0.0162143465727567,-0.03,0.0312379623420708));
#5700=CARTESIAN_POINT('',(-0.0227292021736502,-0.005,0.0379711389541626));
#5701=CARTESIAN_POINT('',(0.181910932064057,0.0247402712702751,0.0379711389541626));
#5702=CARTESIAN_POINT('',(0.182960932064057,0.0247402712702751,0.0379711389541626));
#5703=CARTESIAN_POINT('',(-0.0507083127764182,-0.0275,0.0379711389541626));
#5704=CARTESIAN_POINT('',(-0.0496583127764182,-0.0275,0.0379711389541626));
#5705=CARTESIAN_POINT('',(-0.0510113575462977,-0.00265683350153268,0.0379711389541626));
#5706=CARTESIAN_POINT('',(-0.0499613575462977,-0.00265683350153268,0.0379711389541626));
#5707=CARTESIAN_POINT('',(0.182285653427243,-0.0280940718948841,0.0379711389541626));
#5708=CARTESIAN_POINT('',(0.183335653427243,-0.0280940718948841,0.0379711389541626));
#5709=CARTESIAN_POINT('',(-0.00521434657275677,0.0275,0.0379711389541626));
#5710=CARTESIAN_POINT('',(-0.00521434657275677,0.0275,0.0379711389541626));
#5711=CARTESIAN_POINT('',(-0.0552440577745438,-0.005,0.0379711389541626));
#5712=CARTESIAN_POINT('',(-0.0552440577745438,-0.005,0.0379711389541626));
#5713=CARTESIAN_POINT('',(-0.0552440577745438,-0.005,0.0379711389541626));
#5714=CARTESIAN_POINT('',(-0.0402440577745438,-0.005,0.0379711389541626));
#5715=CARTESIAN_POINT('',(-0.0402440577745438,-0.005,0.0379711389541626));
#5716=CARTESIAN_POINT('',(-0.0402440577745438,-0.025,0.0379711389541626));
#5717=CARTESIAN_POINT('',(-0.0552440577745438,-0.025,0.0379711389541626));
#5718=CARTESIAN_POINT('',(-0.0552440577745438,-0.025,0.0379711389541626));
#5719=CARTESIAN_POINT('',(-0.0552440577745438,-0.005,0.0379711389541626));
#5720=CARTESIAN_POINT('',(0.189785653427244,-0.005,0.0379711389541626));
#5721=CARTESIAN_POINT('',(0.189785653427244,-0.025,0.0379711389541626));
#5722=CARTESIAN_POINT('',(0.189785653427244,-0.025,0.0379711389541626));
#5723=CARTESIAN_POINT('',(0.189785653427244,0.0225,0.0379711389541626));
#5724=CARTESIAN_POINT('',(0.189785653427244,0.0225,0.0379711389541626));
#5725=CARTESIAN_POINT('',(0.189785653427244,-0.005,0.0379711389541626));
#5726=CARTESIAN_POINT('',(0.189785653427244,0.0275,0.0379711389541626));
#5727=CARTESIAN_POINT('',(0.124785653427243,0.0275,0.0379711389541626));
#5728=CARTESIAN_POINT('',(-0.0402440577745438,-0.005,0.0227292028721422));
#5729=CARTESIAN_POINT('',(-0.0402440577745438,-0.005,0.0372211389541626));
#5730=CARTESIAN_POINT('',(-0.0402440577745438,-0.005,0.0364711389541626));
#5731=CARTESIAN_POINT('',(-0.0402440577745438,-0.0025,0.0364711389541626));
#5732=CARTESIAN_POINT('',(-0.0402440577745438,-0.0275,0.0364711389541626));
#5733=CARTESIAN_POINT('',(-0.0402440577745438,-0.025,0.0364711389541626));
#5734=CARTESIAN_POINT('',(-0.0402440577745438,-0.025,0.0372211389541626));
#5735=CARTESIAN_POINT('',(-0.00521434657275677,-0.005,0.0227292028721422));
#5736=CARTESIAN_POINT('',(-0.00521434657275677,-0.014,0.0029711389541626));
#5737=CARTESIAN_POINT('',(-0.00521434657275677,-0.014,0.0312379623420708));
#5738=CARTESIAN_POINT('',(-0.00521434657275677,-0.03,0.0312379623420708));
#5739=CARTESIAN_POINT('',(-0.00521434657275677,-0.0342520902582482,-0.000666638352787546));
#5740=CARTESIAN_POINT('',(-0.00521434657275677,-0.0385041805164964,-0.00882054349569693));
#5741=CARTESIAN_POINT('',(-0.00521434657275677,-0.0217520902582482,-0.00066663835278757));
#5742=CARTESIAN_POINT('',(-0.0162143465727567,-0.0175,0.0193626145660962));
#5743=CARTESIAN_POINT('',(-0.0162143465727567,-0.0175,0.0206666141083803));
#5744=CARTESIAN_POINT('',(-0.0162143465727567,-0.00661018370748286,0.0206666141083803));
#5745=CARTESIAN_POINT('',(-0.0162143465727567,-0.0175,0.0206666141083803));
#5746=CARTESIAN_POINT('',(-0.0292440577745437,-0.015,0.0227292028721422));
#5747=CARTESIAN_POINT('',(-0.0292440577745437,-0.015,0.0147666141083804));
#5748=CARTESIAN_POINT('',(-0.0292440577745437,-0.00844717833143015,0.0147666141083804));
#5749=CARTESIAN_POINT('',(-0.0292440577745437,-0.015,0.0147666141083804));
#5750=CARTESIAN_POINT('',(-0.0192143465727567,-0.025,0.0154872667901218));
#5751=CARTESIAN_POINT('',(-0.0192143465727567,-0.025,0.0234872667901218));
#5752=CARTESIAN_POINT('',(-0.0227143465727567,-0.025,0.0234872667901218));
#5753=CARTESIAN_POINT('',(-0.0262143465727567,-0.025,0.0234872667901218));
#5754=CARTESIAN_POINT('',(-0.0262143465727567,-0.025,0.0154872667901218));
#5755=CARTESIAN_POINT('',(-0.0297750892937183,-0.025,0.0177166141083803));
#5756=CARTESIAN_POINT('',(-0.0297750892937183,-0.00844717833143015,0.0177166141083803));
#5757=CARTESIAN_POINT('',(-0.0297750892937183,-0.00844717833143015,0.0206666141083803));
#5758=CARTESIAN_POINT('',(-0.0297750892937183,-0.00844717833143015,0.0147666141083804));
#5759=CARTESIAN_POINT('',(-0.0297750892937183,-0.025,0.0206666141083803));
#5760=CARTESIAN_POINT('',(-0.0297750892937183,-0.025,0.0147666141083804));
#5761=CARTESIAN_POINT('',(-0.0267750892937184,-0.025,0.0177166141083803));
#5762=CARTESIAN_POINT('',(-0.0282750892937183,-0.025,0.0206666141083803));
#5763=CARTESIAN_POINT('',(-0.0147750892937183,-0.00844717833143015,0.0206666141083803));
#5764=CARTESIAN_POINT('',(-0.0282750892937183,-0.025,0.0147666141083804));
#5765=CARTESIAN_POINT('',(-0.0147750892937183,-0.00844717833143015,0.0147666141083804));
#5766=CARTESIAN_POINT('',(-0.0157750892937183,-0.025,0.0177166141083803));
#5767=CARTESIAN_POINT('',(-0.0157750892937183,-0.025,0.0147666141083804));
#5768=CARTESIAN_POINT('',(-0.0157750892937183,-0.00661018370748286,0.0147666141083804));
#5769=CARTESIAN_POINT('',(-0.0157750892937183,-0.00661018370748286,0.0177166141083803));
#5770=CARTESIAN_POINT('',(-0.0157750892937183,-0.00661018370748286,0.0206666141083803));
#5771=CARTESIAN_POINT('',(-0.0157750892937183,-0.025,0.0206666141083803));
#5772=CARTESIAN_POINT('',(-0.0172750892937183,-0.025,0.0206666141083803));
#5773=CARTESIAN_POINT('',(-0.0147750892937183,-0.00661018370748286,0.0206666141083803));
#5774=CARTESIAN_POINT('',(-0.0187750892937184,-0.025,0.0206666141083803));
#5775=CARTESIAN_POINT('',(-0.0187750892937184,-0.025,0.0177166141083803));
#5776=CARTESIAN_POINT('',(-0.0187750892937184,-0.025,0.0147666141083804));
#5777=CARTESIAN_POINT('',(-0.0172750892937183,-0.025,0.0147666141083804));
#5778=CARTESIAN_POINT('',(-0.0147750892937183,-0.00661018370748286,0.0147666141083804));
#5779=CARTESIAN_POINT('',(-0.0147750892937183,-0.025,0.0206666141083803));
#5780=CARTESIAN_POINT('',(-0.0147750892937183,-0.00661018370748286,0.0206666141083803));
#5781=CARTESIAN_POINT('',(-0.0147750892937183,-0.00844717833143015,0.0206666141083803));
#5782=CARTESIAN_POINT('',(-0.0147750892937183,-0.025,0.0147666141083804));
#5783=CARTESIAN_POINT('',(-0.0147750892937183,-0.00661018370748286,0.0147666141083804));
#5784=CARTESIAN_POINT('',(-0.0147750892937183,-0.00844717833143015,0.0147666141083804));
#5785=CARTESIAN_POINT('',(-0.0147750892937183,-0.00844717833143015,0.0177166141083803));
#5786=CARTESIAN_POINT('',(-0.0147750892937183,-0.00661018370748286,0.0177166141083803));
#5787=CARTESIAN_POINT('',(0.124785653427243,-0.03,0.0312379623420708));
#5788=CARTESIAN_POINT('',(0.124785653427243,-0.014,0.0312379623420708));
#5789=CARTESIAN_POINT('',(0.124785653427243,-0.014,0.0029711389541626));
#5790=CARTESIAN_POINT('',(0.124785653427243,-0.014,-0.0320288610458374));
#5791=CARTESIAN_POINT('',(0.124785653427243,-0.01325,-0.0320288610458374));
#5792=CARTESIAN_POINT('',(0.124785653427243,0.0275,-0.0320288610458374));
#5793=CARTESIAN_POINT('',(-0.00621434657275677,-0.015,0.0227292028721422));
#5794=CARTESIAN_POINT('',(-0.00621434657275677,-0.0217520902582482,-0.00066663835278757));
#5795=CARTESIAN_POINT('',(-0.00621434657275677,-0.0385041805164964,-0.00882054349569693));
#5796=CARTESIAN_POINT('',(-0.00621434657275677,-0.0342520902582482,-0.000666638352787546));
#5797=CARTESIAN_POINT('',(-0.00621434657275677,-0.0217520902582482,-0.00066663835278757));
#5798=CARTESIAN_POINT('',(-0.00621434657275677,-0.0385041805164964,-0.00882054349569693));
#5799=CARTESIAN_POINT('',(-0.00621434657275677,-0.0342520902582482,-0.000666638352787546));
#5800=CARTESIAN_POINT('',(-0.00521434657275677,0.0275,0.0029711389541626));
#5801=CARTESIAN_POINT('',(-0.00521434657275677,0.0275,0.0029711389541626));
#5802=CARTESIAN_POINT('',(-0.00521434657275677,0.0275,0.0374711389541626));
#5803=CARTESIAN_POINT('',(-0.00521434657275677,0.0275,0.0374711389541626));
#5804=CARTESIAN_POINT('',(0.0595356534272432,0.0275,0.0374711389541626));
#5805=CARTESIAN_POINT('',(0.0595356534272432,0.0275,0.0374711389541626));
#5806=CARTESIAN_POINT('',(0.0597856534272432,0.0275,0.0029711389541626));
#5807=CARTESIAN_POINT('',(-0.00221434657275677,0.0275,-0.0290288610458374));
#5808=CARTESIAN_POINT('',(-0.00221434657275677,0.0275,-0.0280288610458374));
#5809=CARTESIAN_POINT('',(0.171785653427243,0.0275,0.0349711389541626));
#5810=CARTESIAN_POINT('',(0.170785653427243,0.0275,0.0349711389541626));
#5811=CARTESIAN_POINT('',(0.171785653427243,0.0275,0.0339711389541626));
#5812=CARTESIAN_POINT('',(0.148285653427243,0.0275,0.0349711389541626));
#5813=CARTESIAN_POINT('',(0.148285653427243,0.0275,-0.0290288610458374));
#5814=CARTESIAN_POINT('',(0.170785653427243,0.0275,-0.0290288610458374));
#5815=CARTESIAN_POINT('',(0.171785653427243,0.0275,-0.0290288610458374));
#5816=CARTESIAN_POINT('',(0.171785653427243,0.0275,-0.0280288610458374));
#5817=CARTESIAN_POINT('',(0.171785653427243,0.0275,0.00297113895416261));
#5818=CARTESIAN_POINT('',(0.189785653427244,0.0275,0.00297113895416261));
#5819=CARTESIAN_POINT('',(0.189785653427244,0.0275,0.0364711389541626));
#5820=CARTESIAN_POINT('',(0.189785653427244,0.0275,0.0364711389541626));
#5821=CARTESIAN_POINT('',(0.0595356534272432,0.0275,-0.0265288610458374));
#5822=CARTESIAN_POINT('',(0.00210453942418098,0.0275,-0.0265288610458374));
#5823=CARTESIAN_POINT('',(0.00210453942418098,0.0275,-0.0265288610458374));
#5824=CARTESIAN_POINT('',(0.174785653427243,-0.0135,0.0029711389541626));
#5825=CARTESIAN_POINT('',(0.148285653427243,-0.0135,0.0349711389541626));
#5826=CARTESIAN_POINT('',(0.171785653427243,-0.0135,0.0349711389541626));
#5827=CARTESIAN_POINT('',(0.171785653427243,-0.0135,0.0029711389541626));
#5828=CARTESIAN_POINT('',(0.171785653427243,-0.0135,-0.0290288610458374));
#5829=CARTESIAN_POINT('',(0.148285653427243,-0.0135,-0.0290288610458374));
#5830=CARTESIAN_POINT('',(0.148285653427243,0.0275,0.0349711389541626));
#5831=CARTESIAN_POINT('',(0.148285653427243,0.027,0.0349711389541626));
#5832=CARTESIAN_POINT('',(0.149285653427243,0.027,0.0349711389541626));
#5833=CARTESIAN_POINT('',(0.170785653427243,0.0175,0.0349711389541626));
#5834=CARTESIAN_POINT('',(0.170785653427243,0.0175,0.0349711389541626));
#5835=CARTESIAN_POINT('',(0.148285653427243,0.0175,0.0349711389541626));
#5836=CARTESIAN_POINT('',(0.171785653427243,0.0175,0.0349711389541626));
#5837=CARTESIAN_POINT('',(0.171785653427243,0.0275,0.0349711389541626));
#5838=CARTESIAN_POINT('',(0.149285653427243,0.0275,0.0349711389541626));
#5839=CARTESIAN_POINT('',(0.148285653427243,0.0275,-0.0290288610458374));
#5840=CARTESIAN_POINT('',(0.148285653427243,0.027,-0.0290288610458374));
#5841=CARTESIAN_POINT('',(0.149285653427243,0.027,-0.0290288610458374));
#5842=CARTESIAN_POINT('',(0.149285653427243,0.0275,-0.0290288610458374));
#5843=CARTESIAN_POINT('',(0.171785653427243,0.0275,-0.0290288610458374));
#5844=CARTESIAN_POINT('',(0.171785653427243,0.0175,-0.0290288610458374));
#5845=CARTESIAN_POINT('',(0.148285653427243,0.0175,-0.0290288610458374));
#5846=CARTESIAN_POINT('',(0.170785653427243,0.0175,-0.0290288610458374));
#5847=CARTESIAN_POINT('',(0.170785653427243,0.0175,-0.0290288610458374));
#5848=CARTESIAN_POINT('',(0.171785653427243,0.0275,0.00297113895416261));
#5849=CARTESIAN_POINT('',(0.171785653427243,0.0175,0.0339711389541626));
#5850=CARTESIAN_POINT('',(0.171785653427243,0.0175,0.0339711389541626));
#5851=CARTESIAN_POINT('',(0.171785653427243,0.0175,-0.0280288610458374));
#5852=CARTESIAN_POINT('',(0.171785653427243,0.0175,-0.0280288610458374));
#5853=CARTESIAN_POINT('',(0.171785653427243,0.0175,0.00297113895416261));
#5854=CARTESIAN_POINT('',(0.171785653427243,0.0175,0.00297113895416261));
#5855=CARTESIAN_POINT('',(0.171785653427243,0.0175,-0.0290288610458374));
#5856=CARTESIAN_POINT('',(0.171785653427243,0.0175,-0.0290288610458374));
#5857=CARTESIAN_POINT('',(0.0847856534272432,0.0175,0.0029711389541626));
#5858=CARTESIAN_POINT('',(0.171785653427243,0.0175,0.0349711389541626));
#5859=CARTESIAN_POINT('',(0.171785653427243,0.0175,0.0349711389541626));
#5860=CARTESIAN_POINT('',(0.0847856534272432,0.0175,0.0029711389541626));
#5861=CARTESIAN_POINT('',(-0.00155490357428789,0.021224766254425,-0.0265288610458374));
#5862=CARTESIAN_POINT('',(-0.00221434657275677,0.021224766254425,-0.0290288610458374));
#5863=CARTESIAN_POINT('',(-0.00221434657275677,0.021224766254425,-0.0280288610458374));
#5864=CARTESIAN_POINT('',(0.00210453942418098,0.021224766254425,-0.0265288610458374));
#5865=CARTESIAN_POINT('',(0.00210453942418098,0.021224766254425,-0.0265288610458374));
#5866=CARTESIAN_POINT('',(-0.00155490357428789,0.021224766254425,-0.0265288610458374));
#5867=CARTESIAN_POINT('',(0.00210453942418098,0.0243623831272125,-0.0265288610458374));
#5868=CARTESIAN_POINT('',(0.00210453942418098,0.0243623831272125,-0.0265288610458374));
#5869=CARTESIAN_POINT('',(0.0595356534272432,0.0075,-0.0265288610458374));
#5870=CARTESIAN_POINT('',(-0.00221434657275677,0.0175,-0.0290288610458374));
#5871=CARTESIAN_POINT('',(-0.0552440577745438,-0.0275,0.0364711389541626));
#5872=CARTESIAN_POINT('',(-0.0507083127764182,-0.0275,0.0364711389541626));
#5873=CARTESIAN_POINT('',(-0.0517583127764182,-0.0275,0.0364711389541626));
#5874=CARTESIAN_POINT('',(-0.0552440577745438,-0.0275,0.0364711389541626));
#5875=CARTESIAN_POINT('',(-0.0552440577745438,-0.025,0.0364711389541626));
#5876=CARTESIAN_POINT('',(-0.0552440577745438,-0.025,0.0364711389541626));
#5877=CARTESIAN_POINT('',(-0.0552440577745438,-0.025,0.0372211389541626));
#5878=CARTESIAN_POINT('',(-0.0552440577745438,-0.025,0.0372211389541626));
#5879=CARTESIAN_POINT('',(-0.0552440577745438,-0.015,0.0227292028721422));
#5880=CARTESIAN_POINT('',(-0.0552440577745438,-0.0025,0.0364711389541626));
#5881=CARTESIAN_POINT('',(-0.0510113575462977,-0.00265683350153268,0.0364711389541626));
#5882=CARTESIAN_POINT('',(-0.0520613575462977,-0.00265683350153268,0.0364711389541626));
#5883=CARTESIAN_POINT('',(-0.0552440577745438,-0.005,0.0364711389541626));
#5884=CARTESIAN_POINT('',(-0.0552440577745438,-0.005,0.0364711389541626));
#5885=CARTESIAN_POINT('',(-0.0552440577745438,-0.0025,0.0364711389541626));
#5886=CARTESIAN_POINT('',(-0.0552440577745438,-0.005,0.0372211389541626));
#5887=CARTESIAN_POINT('',(-0.0552440577745438,-0.005,0.0372211389541626));
#5888=CARTESIAN_POINT('',(-0.0552440577745438,-0.015,0.0227292028721422));
#5889=CARTESIAN_POINT('',(0.189785653427244,-0.0275,0.0364711389541626));
#5890=CARTESIAN_POINT('',(0.182285653427243,-0.0280940718948841,0.0364711389541626));
#5891=CARTESIAN_POINT('',(0.181235653427243,-0.0280940718948841,0.0364711389541626));
#5892=CARTESIAN_POINT('',(0.189785653427244,-0.025,0.0364711389541626));
#5893=CARTESIAN_POINT('',(0.189785653427244,-0.025,0.0364711389541626));
#5894=CARTESIAN_POINT('',(0.189785653427244,-0.0275,0.0364711389541626));
#5895=CARTESIAN_POINT('',(0.189785653427244,-0.025,0.0372211389541626));
#5896=CARTESIAN_POINT('',(0.189785653427244,-0.025,0.0372211389541626));
#5897=CARTESIAN_POINT('',(0.189785653427244,-0.00125,0.0029711389541626));
#5898=CARTESIAN_POINT('',(0.189785653427244,0.025,0.0364711389541626));
#5899=CARTESIAN_POINT('',(0.181910932064057,0.0247402712702751,0.0364711389541626));
#5900=CARTESIAN_POINT('',(0.180860932064057,0.0247402712702751,0.0364711389541626));
#5901=CARTESIAN_POINT('',(0.189785653427244,0.025,0.0364711389541626));
#5902=CARTESIAN_POINT('',(0.189785653427244,0.0225,0.0364711389541626));
#5903=CARTESIAN_POINT('',(0.189785653427244,0.0225,0.0364711389541626));
#5904=CARTESIAN_POINT('',(0.189785653427244,0.0225,0.0372211389541626));
#5905=CARTESIAN_POINT('',(0.189785653427244,0.0225,0.0372211389541626));
#5906=CARTESIAN_POINT('',(0.189785653427244,-0.00125,0.0029711389541626));
#5907=CARTESIAN_POINT('',(0.181910932064057,0.0247402712702751,0.0614711389541626));
#5908=CARTESIAN_POINT('',(0.182285653427243,-0.0280940718948841,0.0614711389541626));
#5909=CARTESIAN_POINT('',(-0.0510113575462977,-0.00265683350153268,0.0614711389541626));
#5910=CARTESIAN_POINT('',(-0.0507083127764182,-0.0275,0.0614711389541626));
#5911=CARTESIAN_POINT('',(0.149285653427243,0.0075,0.00297113895416259));
#5912=CARTESIAN_POINT('',(0.149285653427243,0.027,0.00311359398812055));
#5913=CARTESIAN_POINT('',(0.149285653427243,0.027,-0.0307439509779215));
#5914=CARTESIAN_POINT('',(0.149285653427243,0.00725,-0.0307439509779215));
#5915=CARTESIAN_POINT('',(0.149285653427243,0.00725,0.0369711389541626));
#5916=CARTESIAN_POINT('',(0.149285653427243,0.027,0.0369711389541626));
#5917=CARTESIAN_POINT('',(0.149285653427243,0.027,0.0369711389541626));
#5918=CARTESIAN_POINT('',(0.149285653427243,0.00725,0.0369711389541626));
#5919=CARTESIAN_POINT('',(0.149285653427243,0.027,0.00311359398812055));
#5920=CARTESIAN_POINT('',(0.149285653427243,0.027,0.00311359398812055));
#5921=CARTESIAN_POINT('',(0.149285653427243,0.027,-0.0307439509779215));
#5922=CARTESIAN_POINT('',(0.149285653427243,0.00725,-0.0307439509779215));
#5923=CARTESIAN_POINT('',(0.149285653427243,0.0075,0.00297113895416259));
#5924=CARTESIAN_POINT('',(-0.000326172663634748,8.93824628172071E-6,6.39026411226283E-5));
#5925=MECHANICAL_DESIGN_GEOMETRIC_PRESENTATION_REPRESENTATION('',(#3583,
#3584,#3585,#3586,#3587,#3588,#3589,#3590),#5926);
#5926=(
GEOMETRIC_REPRESENTATION_CONTEXT(3)
GLOBAL_UNCERTAINTY_ASSIGNED_CONTEXT((#5935))
GLOBAL_UNIT_ASSIGNED_CONTEXT((#5946,#5945,#5944))
REPRESENTATION_CONTEXT('Assembly 1','TOP_LEVEL_ASSEMBLY_PART')
);
#5927=(
GEOMETRIC_REPRESENTATION_CONTEXT(3)
GLOBAL_UNCERTAINTY_ASSIGNED_CONTEXT((#5936))
GLOBAL_UNIT_ASSIGNED_CONTEXT((#5946,#5945,#5944))
REPRESENTATION_CONTEXT('pulley','COMPONENT_PART')
);
#5928=(
GEOMETRIC_REPRESENTATION_CONTEXT(3)
GLOBAL_UNCERTAINTY_ASSIGNED_CONTEXT((#5937))
GLOBAL_UNIT_ASSIGNED_CONTEXT((#5946,#5945,#5944))
REPRESENTATION_CONTEXT('Part 1','COMPONENT_PART')
);
#5929=(
GEOMETRIC_REPRESENTATION_CONTEXT(3)
GLOBAL_UNCERTAINTY_ASSIGNED_CONTEXT((#5938))
GLOBAL_UNIT_ASSIGNED_CONTEXT((#5946,#5945,#5944))
REPRESENTATION_CONTEXT('Part 2','COMPONENT_PART')
);
#5930=(
GEOMETRIC_REPRESENTATION_CONTEXT(3)
GLOBAL_UNCERTAINTY_ASSIGNED_CONTEXT((#5939))
GLOBAL_UNIT_ASSIGNED_CONTEXT((#5946,#5945,#5944))
REPRESENTATION_CONTEXT('Part 1','COMPONENT_PART')
);
#5931=(
GEOMETRIC_REPRESENTATION_CONTEXT(3)
GLOBAL_UNCERTAINTY_ASSIGNED_CONTEXT((#5940))
GLOBAL_UNIT_ASSIGNED_CONTEXT((#5946,#5945,#5944))
REPRESENTATION_CONTEXT('Part 2','COMPONENT_PART')
);
#5932=(
GEOMETRIC_REPRESENTATION_CONTEXT(3)
GLOBAL_UNCERTAINTY_ASSIGNED_CONTEXT((#5941))
GLOBAL_UNIT_ASSIGNED_CONTEXT((#5946,#5945,#5944))
REPRESENTATION_CONTEXT('motor','COMPONENT_PART')
);
#5933=(
GEOMETRIC_REPRESENTATION_CONTEXT(3)
GLOBAL_UNCERTAINTY_ASSIGNED_CONTEXT((#5942))
GLOBAL_UNIT_ASSIGNED_CONTEXT((#5946,#5945,#5944))
REPRESENTATION_CONTEXT('Part 2','COMPONENT_PART')
);
#5934=(
GEOMETRIC_REPRESENTATION_CONTEXT(3)
GLOBAL_UNCERTAINTY_ASSIGNED_CONTEXT((#5943))
GLOBAL_UNIT_ASSIGNED_CONTEXT((#5946,#5945,#5944))
REPRESENTATION_CONTEXT('Part 1','COMPONENT_PART')
);
#5935=UNCERTAINTY_MEASURE_WITH_UNIT(LENGTH_MEASURE(1.E-8),#5946,
'DISTANCE_ACCURACY_VALUE','Maximum Tolerance applied to model');
#5936=UNCERTAINTY_MEASURE_WITH_UNIT(LENGTH_MEASURE(1.E-8),#5946,
'DISTANCE_ACCURACY_VALUE','Maximum Tolerance applied to model');
#5937=UNCERTAINTY_MEASURE_WITH_UNIT(LENGTH_MEASURE(1.E-8),#5946,
'DISTANCE_ACCURACY_VALUE','Maximum Tolerance applied to model');
#5938=UNCERTAINTY_MEASURE_WITH_UNIT(LENGTH_MEASURE(1.E-8),#5946,
'DISTANCE_ACCURACY_VALUE','Maximum Tolerance applied to model');
#5939=UNCERTAINTY_MEASURE_WITH_UNIT(LENGTH_MEASURE(1.E-8),#5946,
'DISTANCE_ACCURACY_VALUE','Maximum Tolerance applied to model');
#5940=UNCERTAINTY_MEASURE_WITH_UNIT(LENGTH_MEASURE(1.E-8),#5946,
'DISTANCE_ACCURACY_VALUE','Maximum Tolerance applied to model');
#5941=UNCERTAINTY_MEASURE_WITH_UNIT(LENGTH_MEASURE(1.E-8),#5946,
'DISTANCE_ACCURACY_VALUE','Maximum Tolerance applied to model');
#5942=UNCERTAINTY_MEASURE_WITH_UNIT(LENGTH_MEASURE(1.E-8),#5946,
'DISTANCE_ACCURACY_VALUE','Maximum Tolerance applied to model');
#5943=UNCERTAINTY_MEASURE_WITH_UNIT(LENGTH_MEASURE(1.E-8),#5946,
'DISTANCE_ACCURACY_VALUE','Maximum Tolerance applied to model');
#5944=(
NAMED_UNIT(*)
SI_UNIT($,.STERADIAN.)
SOLID_ANGLE_UNIT()
);
#5945=(
NAMED_UNIT(*)
PLANE_ANGLE_UNIT()
SI_UNIT($,.RADIAN.)
);
#5946=(
LENGTH_UNIT()
NAMED_UNIT(*)
SI_UNIT($,.METRE.)
);
#5947=PRODUCT_DEFINITION_SHAPE('','',#5964);
#5948=PRODUCT_DEFINITION_SHAPE('','',#5965);
#5949=PRODUCT_DEFINITION_SHAPE(' ','NAUO PRDDFN',#23);
#5950=PRODUCT_DEFINITION_SHAPE('','',#5966);
#5951=PRODUCT_DEFINITION_SHAPE(' ','NAUO PRDDFN',#24);
#5952=PRODUCT_DEFINITION_SHAPE('','',#5967);
#5953=PRODUCT_DEFINITION_SHAPE(' ','NAUO PRDDFN',#25);
#5954=PRODUCT_DEFINITION_SHAPE('','',#5968);
#5955=PRODUCT_DEFINITION_SHAPE(' ','NAUO PRDDFN',#26);
#5956=PRODUCT_DEFINITION_SHAPE('','',#5969);
#5957=PRODUCT_DEFINITION_SHAPE(' ','NAUO PRDDFN',#27);
#5958=PRODUCT_DEFINITION_SHAPE('','',#5970);
#5959=PRODUCT_DEFINITION_SHAPE(' ','NAUO PRDDFN',#28);
#5960=PRODUCT_DEFINITION_SHAPE('','',#5971);
#5961=PRODUCT_DEFINITION_SHAPE(' ','NAUO PRDDFN',#29);
#5962=PRODUCT_DEFINITION_SHAPE('','',#5972);
#5963=PRODUCT_DEFINITION_SHAPE(' ','NAUO PRDDFN',#30);
#5964=PRODUCT_DEFINITION('','',#5982,#5973);
#5965=PRODUCT_DEFINITION('','',#5983,#5974);
#5966=PRODUCT_DEFINITION('','',#5984,#5975);
#5967=PRODUCT_DEFINITION('','',#5985,#5976);
#5968=PRODUCT_DEFINITION('','',#5986,#5977);
#5969=PRODUCT_DEFINITION('','',#5987,#5978);
#5970=PRODUCT_DEFINITION('','',#5988,#5979);
#5971=PRODUCT_DEFINITION('','',#5989,#5980);
#5972=PRODUCT_DEFINITION('','',#5990,#5981);
#5973=PRODUCT_DEFINITION_CONTEXT('',#6028,'design');
#5974=PRODUCT_DEFINITION_CONTEXT('',#6028,'design');
#5975=PRODUCT_DEFINITION_CONTEXT('',#6028,'design');
#5976=PRODUCT_DEFINITION_CONTEXT('',#6028,'design');
#5977=PRODUCT_DEFINITION_CONTEXT('',#6028,'design');
#5978=PRODUCT_DEFINITION_CONTEXT('',#6028,'design');
#5979=PRODUCT_DEFINITION_CONTEXT('',#6028,'design');
#5980=PRODUCT_DEFINITION_CONTEXT('',#6028,'design');
#5981=PRODUCT_DEFINITION_CONTEXT('',#6028,'design');
#5982=PRODUCT_DEFINITION_FORMATION_WITH_SPECIFIED_SOURCE('','',#6000,
 .NOT_KNOWN.);
#5983=PRODUCT_DEFINITION_FORMATION_WITH_SPECIFIED_SOURCE('','',#6001,
 .NOT_KNOWN.);
#5984=PRODUCT_DEFINITION_FORMATION_WITH_SPECIFIED_SOURCE('','',#6002,
 .NOT_KNOWN.);
#5985=PRODUCT_DEFINITION_FORMATION_WITH_SPECIFIED_SOURCE('','',#6003,
 .NOT_KNOWN.);
#5986=PRODUCT_DEFINITION_FORMATION_WITH_SPECIFIED_SOURCE('','',#6004,
 .NOT_KNOWN.);
#5987=PRODUCT_DEFINITION_FORMATION_WITH_SPECIFIED_SOURCE('','',#6005,
 .NOT_KNOWN.);
#5988=PRODUCT_DEFINITION_FORMATION_WITH_SPECIFIED_SOURCE('','',#6006,
 .NOT_KNOWN.);
#5989=PRODUCT_DEFINITION_FORMATION_WITH_SPECIFIED_SOURCE('','',#6007,
 .NOT_KNOWN.);
#5990=PRODUCT_DEFINITION_FORMATION_WITH_SPECIFIED_SOURCE('','',#6008,
 .NOT_KNOWN.);
#5991=PRODUCT_RELATED_PRODUCT_CATEGORY('','',(#6000));
#5992=PRODUCT_RELATED_PRODUCT_CATEGORY('','',(#6001));
#5993=PRODUCT_RELATED_PRODUCT_CATEGORY('','',(#6002));
#5994=PRODUCT_RELATED_PRODUCT_CATEGORY('','',(#6003));
#5995=PRODUCT_RELATED_PRODUCT_CATEGORY('','',(#6004));
#5996=PRODUCT_RELATED_PRODUCT_CATEGORY('','',(#6005));
#5997=PRODUCT_RELATED_PRODUCT_CATEGORY('','',(#6006));
#5998=PRODUCT_RELATED_PRODUCT_CATEGORY('','',(#6007));
#5999=PRODUCT_RELATED_PRODUCT_CATEGORY('','',(#6008));
#6000=PRODUCT('Assembly 1','Assembly 1','Assembly 1',(#6018));
#6001=PRODUCT('pulley','pulley','pulley',(#6019));
#6002=PRODUCT('Part 1','Part 1','Part 1',(#6020));
#6003=PRODUCT('Part 2','Part 2','Part 2',(#6021));
#6004=PRODUCT('Part 1','Part 1','Part 1',(#6022));
#6005=PRODUCT('Part 2','Part 2','Part 2',(#6023));
#6006=PRODUCT('motor','motor','motor',(#6024));
#6007=PRODUCT('Part 2','Part 2','Part 2',(#6025));
#6008=PRODUCT('Part 1','Part 1','Part 1',(#6026));
#6009=PRODUCT_CATEGORY('','');
#6010=PRODUCT_CATEGORY('','');
#6011=PRODUCT_CATEGORY('','');
#6012=PRODUCT_CATEGORY('','');
#6013=PRODUCT_CATEGORY('','');
#6014=PRODUCT_CATEGORY('','');
#6015=PRODUCT_CATEGORY('','');
#6016=PRODUCT_CATEGORY('','');
#6017=PRODUCT_CATEGORY('','');
#6018=PRODUCT_CONTEXT('',#6028,'mechanical');
#6019=PRODUCT_CONTEXT('',#6028,'mechanical');
#6020=PRODUCT_CONTEXT('',#6028,'mechanical');
#6021=PRODUCT_CONTEXT('',#6028,'mechanical');
#6022=PRODUCT_CONTEXT('',#6028,'mechanical');
#6023=PRODUCT_CONTEXT('',#6028,'mechanical');
#6024=PRODUCT_CONTEXT('',#6028,'mechanical');
#6025=PRODUCT_CONTEXT('',#6028,'mechanical');
#6026=PRODUCT_CONTEXT('',#6028,'mechanical');
#6027=APPLICATION_PROTOCOL_DEFINITION('international standard',
'ap242_managed_model_based_3d_engineering',2020,#6028);
#6028=APPLICATION_CONTEXT('managed model based 3d engineering');
ENDSEC;
END-ISO-10303-21;
