ISO-10303-21;
HEADER;
/* Generated by software containing ST-Developer
 * from STEP Tools, Inc. (www.steptools.com) 
 */
/* OPTION: using custom renumber hook */

FILE_DESCRIPTION(
/* description */ ('STEP AP242 Edition 2',
'CAx-IF Rec.Pracs.---Representation and Presentation of Product Manufa
cturing Information (PMI)---4.0---2014-10-13',
'CAx-IF Rec.Pracs.---3D Tessellated Geometry---0.4---2014-09-14','2;1',
'CAx-IF Rec.Pracs.---User Defined Attributes---1.5---2016-08-15'),
/* implementation_level */ '2;1');

FILE_NAME(
/* name */ 'frame',
/* time_stamp */ '2026-05-14T21:51:13Z',
/* author */ (''),
/* organization */ (''),
/* preprocessor_version */ 'ST-DEVELOPER v20',
/* originating_system */ 'ONSHAPE BY PTC INC, 1.214',
/* authorisation */ '  ');

FILE_SCHEMA (('AP242_MANAGED_MODEL_BASED_3D_ENGINEERING_MIM_LF { 1 0 10303 442 3 1 4 }'));
ENDSEC;

DATA;
#10=SHAPE_REPRESENTATION_RELATIONSHIP('','',#1938,#12);
#11=SHAPE_REPRESENTATION_RELATIONSHIP('','',#1939,#13);
#12=ADVANCED_BREP_SHAPE_REPRESENTATION('',(#1934),#3090);
#13=ADVANCED_BREP_SHAPE_REPRESENTATION('',(#1935),#3091);
#14=CIRCLE('',#1950,0.038863390475898);
#15=CIRCLE('',#1951,0.038863390475898);
#16=CIRCLE('',#1952,0.038863390475898);
#17=CIRCLE('',#1953,0.038863390475898);
#18=CIRCLE('',#1963,0.040027521172216);
#19=CIRCLE('',#1964,0.040027521172216);
#20=CIRCLE('',#1965,0.040027521172216);
#21=CIRCLE('',#1966,0.040027521172216);
#22=CIRCLE('',#1974,0.00105);
#23=CIRCLE('',#1975,0.00105);
#24=CIRCLE('',#1976,0.00105);
#25=CIRCLE('',#1977,0.00105);
#26=CIRCLE('',#2006,0.001);
#27=CIRCLE('',#2007,0.001);
#28=CIRCLE('',#2008,0.001);
#29=CIRCLE('',#2014,0.001);
#30=CIRCLE('',#2017,0.001);
#31=CIRCLE('',#2020,0.001);
#32=CIRCLE('',#2025,0.00105);
#33=CIRCLE('',#2029,0.00105);
#34=CIRCLE('',#2033,0.00105);
#35=CIRCLE('',#2037,0.00105);
#36=CIRCLE('',#2055,0.001);
#37=CIRCLE('',#2056,0.001);
#38=CIRCLE('',#2057,0.001);
#39=CIRCLE('',#2059,0.001);
#40=CIRCLE('',#2060,0.001);
#41=CIRCLE('',#2061,0.001);
#42=CYLINDRICAL_SURFACE('',#1949,0.038863390475898);
#43=CYLINDRICAL_SURFACE('',#1962,0.040027521172216);
#44=CYLINDRICAL_SURFACE('',#2013,0.001);
#45=CYLINDRICAL_SURFACE('',#2016,0.001);
#46=CYLINDRICAL_SURFACE('',#2023,0.001);
#47=CYLINDRICAL_SURFACE('',#2040,0.00105);
#48=CYLINDRICAL_SURFACE('',#2041,0.00105);
#49=CYLINDRICAL_SURFACE('',#2042,0.00105);
#50=CYLINDRICAL_SURFACE('',#2043,0.00105);
#51=CYLINDRICAL_SURFACE('',#2062,0.001);
#52=CYLINDRICAL_SURFACE('',#2063,0.001);
#53=CYLINDRICAL_SURFACE('',#2064,0.001);
#54=ORIENTED_EDGE('',*,*,#582,.F.);
#55=ORIENTED_EDGE('',*,*,#583,.T.);
#56=ORIENTED_EDGE('',*,*,#584,.T.);
#57=ORIENTED_EDGE('',*,*,#585,.F.);
#58=ORIENTED_EDGE('',*,*,#586,.F.);
#59=ORIENTED_EDGE('',*,*,#587,.T.);
#60=ORIENTED_EDGE('',*,*,#588,.F.);
#61=ORIENTED_EDGE('',*,*,#589,.F.);
#62=ORIENTED_EDGE('',*,*,#590,.T.);
#63=ORIENTED_EDGE('',*,*,#591,.T.);
#64=ORIENTED_EDGE('',*,*,#592,.F.);
#65=ORIENTED_EDGE('',*,*,#593,.F.);
#66=ORIENTED_EDGE('',*,*,#594,.T.);
#67=ORIENTED_EDGE('',*,*,#595,.T.);
#68=ORIENTED_EDGE('',*,*,#596,.F.);
#69=ORIENTED_EDGE('',*,*,#597,.F.);
#70=ORIENTED_EDGE('',*,*,#598,.T.);
#71=ORIENTED_EDGE('',*,*,#599,.F.);
#72=ORIENTED_EDGE('',*,*,#600,.T.);
#73=ORIENTED_EDGE('',*,*,#601,.T.);
#74=ORIENTED_EDGE('',*,*,#602,.F.);
#75=ORIENTED_EDGE('',*,*,#603,.F.);
#76=ORIENTED_EDGE('',*,*,#604,.T.);
#77=ORIENTED_EDGE('',*,*,#605,.T.);
#78=ORIENTED_EDGE('',*,*,#606,.F.);
#79=ORIENTED_EDGE('',*,*,#607,.T.);
#80=ORIENTED_EDGE('',*,*,#608,.F.);
#81=ORIENTED_EDGE('',*,*,#591,.F.);
#82=ORIENTED_EDGE('',*,*,#609,.F.);
#83=ORIENTED_EDGE('',*,*,#610,.F.);
#84=ORIENTED_EDGE('',*,*,#611,.F.);
#85=ORIENTED_EDGE('',*,*,#612,.T.);
#86=ORIENTED_EDGE('',*,*,#613,.F.);
#87=ORIENTED_EDGE('',*,*,#614,.T.);
#88=ORIENTED_EDGE('',*,*,#615,.T.);
#89=ORIENTED_EDGE('',*,*,#616,.F.);
#90=ORIENTED_EDGE('',*,*,#617,.T.);
#91=ORIENTED_EDGE('',*,*,#615,.F.);
#92=ORIENTED_EDGE('',*,*,#618,.T.);
#93=ORIENTED_EDGE('',*,*,#588,.T.);
#94=ORIENTED_EDGE('',*,*,#619,.F.);
#95=ORIENTED_EDGE('',*,*,#620,.T.);
#96=ORIENTED_EDGE('',*,*,#621,.F.);
#97=ORIENTED_EDGE('',*,*,#583,.F.);
#98=ORIENTED_EDGE('',*,*,#622,.T.);
#99=ORIENTED_EDGE('',*,*,#623,.T.);
#100=ORIENTED_EDGE('',*,*,#624,.T.);
#101=ORIENTED_EDGE('',*,*,#592,.T.);
#102=ORIENTED_EDGE('',*,*,#608,.T.);
#103=ORIENTED_EDGE('',*,*,#625,.F.);
#104=ORIENTED_EDGE('',*,*,#626,.F.);
#105=ORIENTED_EDGE('',*,*,#625,.T.);
#106=ORIENTED_EDGE('',*,*,#607,.F.);
#107=ORIENTED_EDGE('',*,*,#627,.F.);
#108=ORIENTED_EDGE('',*,*,#628,.F.);
#109=ORIENTED_EDGE('',*,*,#629,.T.);
#110=ORIENTED_EDGE('',*,*,#630,.T.);
#111=ORIENTED_EDGE('',*,*,#631,.F.);
#112=ORIENTED_EDGE('',*,*,#632,.F.);
#113=ORIENTED_EDGE('',*,*,#633,.F.);
#114=ORIENTED_EDGE('',*,*,#634,.F.);
#115=ORIENTED_EDGE('',*,*,#635,.T.);
#116=ORIENTED_EDGE('',*,*,#636,.T.);
#117=ORIENTED_EDGE('',*,*,#637,.F.);
#118=ORIENTED_EDGE('',*,*,#638,.F.);
#119=ORIENTED_EDGE('',*,*,#639,.T.);
#120=ORIENTED_EDGE('',*,*,#640,.F.);
#121=ORIENTED_EDGE('',*,*,#641,.T.);
#122=ORIENTED_EDGE('',*,*,#642,.T.);
#123=ORIENTED_EDGE('',*,*,#643,.F.);
#124=ORIENTED_EDGE('',*,*,#644,.T.);
#125=ORIENTED_EDGE('',*,*,#645,.T.);
#126=ORIENTED_EDGE('',*,*,#640,.T.);
#127=ORIENTED_EDGE('',*,*,#646,.F.);
#128=ORIENTED_EDGE('',*,*,#647,.F.);
#129=ORIENTED_EDGE('',*,*,#648,.F.);
#130=ORIENTED_EDGE('',*,*,#649,.F.);
#131=ORIENTED_EDGE('',*,*,#650,.F.);
#132=ORIENTED_EDGE('',*,*,#651,.T.);
#133=ORIENTED_EDGE('',*,*,#652,.T.);
#134=ORIENTED_EDGE('',*,*,#653,.T.);
#135=ORIENTED_EDGE('',*,*,#642,.F.);
#136=ORIENTED_EDGE('',*,*,#654,.F.);
#137=ORIENTED_EDGE('',*,*,#655,.F.);
#138=ORIENTED_EDGE('',*,*,#636,.F.);
#139=ORIENTED_EDGE('',*,*,#656,.T.);
#140=ORIENTED_EDGE('',*,*,#657,.F.);
#141=ORIENTED_EDGE('',*,*,#656,.F.);
#142=ORIENTED_EDGE('',*,*,#635,.F.);
#143=ORIENTED_EDGE('',*,*,#658,.F.);
#144=ORIENTED_EDGE('',*,*,#655,.T.);
#145=ORIENTED_EDGE('',*,*,#659,.T.);
#146=ORIENTED_EDGE('',*,*,#660,.T.);
#147=ORIENTED_EDGE('',*,*,#637,.T.);
#148=ORIENTED_EDGE('',*,*,#661,.F.);
#149=ORIENTED_EDGE('',*,*,#662,.F.);
#150=ORIENTED_EDGE('',*,*,#663,.F.);
#151=ORIENTED_EDGE('',*,*,#664,.T.);
#152=ORIENTED_EDGE('',*,*,#648,.T.);
#153=ORIENTED_EDGE('',*,*,#665,.F.);
#154=ORIENTED_EDGE('',*,*,#651,.F.);
#155=ORIENTED_EDGE('',*,*,#666,.T.);
#156=ORIENTED_EDGE('',*,*,#667,.T.);
#157=ORIENTED_EDGE('',*,*,#668,.F.);
#158=ORIENTED_EDGE('',*,*,#669,.T.);
#159=ORIENTED_EDGE('',*,*,#670,.T.);
#160=ORIENTED_EDGE('',*,*,#671,.T.);
#161=ORIENTED_EDGE('',*,*,#672,.F.);
#162=ORIENTED_EDGE('',*,*,#673,.T.);
#163=ORIENTED_EDGE('',*,*,#674,.T.);
#164=ORIENTED_EDGE('',*,*,#675,.F.);
#165=ORIENTED_EDGE('',*,*,#672,.T.);
#166=ORIENTED_EDGE('',*,*,#638,.T.);
#167=ORIENTED_EDGE('',*,*,#660,.F.);
#168=ORIENTED_EDGE('',*,*,#676,.F.);
#169=ORIENTED_EDGE('',*,*,#677,.F.);
#170=ORIENTED_EDGE('',*,*,#678,.F.);
#171=ORIENTED_EDGE('',*,*,#679,.F.);
#172=ORIENTED_EDGE('',*,*,#680,.T.);
#173=ORIENTED_EDGE('',*,*,#681,.T.);
#174=ORIENTED_EDGE('',*,*,#682,.F.);
#175=ORIENTED_EDGE('',*,*,#683,.T.);
#176=ORIENTED_EDGE('',*,*,#684,.F.);
#177=ORIENTED_EDGE('',*,*,#644,.F.);
#178=ORIENTED_EDGE('',*,*,#664,.F.);
#179=ORIENTED_EDGE('',*,*,#685,.F.);
#180=ORIENTED_EDGE('',*,*,#678,.T.);
#181=ORIENTED_EDGE('',*,*,#686,.F.);
#182=ORIENTED_EDGE('',*,*,#687,.F.);
#183=ORIENTED_EDGE('',*,*,#688,.F.);
#184=ORIENTED_EDGE('',*,*,#667,.F.);
#185=ORIENTED_EDGE('',*,*,#681,.F.);
#186=ORIENTED_EDGE('',*,*,#689,.T.);
#187=ORIENTED_EDGE('',*,*,#690,.T.);
#188=ORIENTED_EDGE('',*,*,#691,.F.);
#189=ORIENTED_EDGE('',*,*,#692,.F.);
#190=ORIENTED_EDGE('',*,*,#693,.T.);
#191=ORIENTED_EDGE('',*,*,#694,.T.);
#192=ORIENTED_EDGE('',*,*,#653,.F.);
#193=ORIENTED_EDGE('',*,*,#695,.F.);
#194=ORIENTED_EDGE('',*,*,#646,.T.);
#195=ORIENTED_EDGE('',*,*,#643,.T.);
#196=ORIENTED_EDGE('',*,*,#696,.F.);
#197=ORIENTED_EDGE('',*,*,#690,.F.);
#198=ORIENTED_EDGE('',*,*,#697,.F.);
#199=ORIENTED_EDGE('',*,*,#698,.F.);
#200=ORIENTED_EDGE('',*,*,#699,.F.);
#201=ORIENTED_EDGE('',*,*,#700,.T.);
#202=ORIENTED_EDGE('',*,*,#701,.T.);
#203=ORIENTED_EDGE('',*,*,#613,.T.);
#204=ORIENTED_EDGE('',*,*,#702,.F.);
#205=ORIENTED_EDGE('',*,*,#703,.T.);
#206=ORIENTED_EDGE('',*,*,#704,.T.);
#207=ORIENTED_EDGE('',*,*,#671,.F.);
#208=ORIENTED_EDGE('',*,*,#705,.T.);
#209=ORIENTED_EDGE('',*,*,#702,.T.);
#210=ORIENTED_EDGE('',*,*,#617,.F.);
#211=ORIENTED_EDGE('',*,*,#706,.F.);
#212=ORIENTED_EDGE('',*,*,#639,.F.);
#213=ORIENTED_EDGE('',*,*,#679,.T.);
#214=ORIENTED_EDGE('',*,*,#707,.T.);
#215=ORIENTED_EDGE('',*,*,#633,.T.);
#216=ORIENTED_EDGE('',*,*,#708,.T.);
#217=ORIENTED_EDGE('',*,*,#709,.T.);
#218=ORIENTED_EDGE('',*,*,#710,.F.);
#219=ORIENTED_EDGE('',*,*,#711,.F.);
#220=ORIENTED_EDGE('',*,*,#600,.F.);
#221=ORIENTED_EDGE('',*,*,#712,.F.);
#222=ORIENTED_EDGE('',*,*,#713,.F.);
#223=ORIENTED_EDGE('',*,*,#714,.F.);
#224=ORIENTED_EDGE('',*,*,#715,.T.);
#225=ORIENTED_EDGE('',*,*,#716,.T.);
#226=ORIENTED_EDGE('',*,*,#717,.T.);
#227=ORIENTED_EDGE('',*,*,#707,.F.);
#228=ORIENTED_EDGE('',*,*,#685,.T.);
#229=ORIENTED_EDGE('',*,*,#663,.T.);
#230=ORIENTED_EDGE('',*,*,#718,.F.);
#231=ORIENTED_EDGE('',*,*,#719,.F.);
#232=ORIENTED_EDGE('',*,*,#720,.F.);
#233=ORIENTED_EDGE('',*,*,#721,.F.);
#234=ORIENTED_EDGE('',*,*,#722,.F.);
#235=ORIENTED_EDGE('',*,*,#723,.T.);
#236=ORIENTED_EDGE('',*,*,#700,.F.);
#237=ORIENTED_EDGE('',*,*,#724,.F.);
#238=ORIENTED_EDGE('',*,*,#725,.T.);
#239=ORIENTED_EDGE('',*,*,#726,.F.);
#240=ORIENTED_EDGE('',*,*,#727,.F.);
#241=ORIENTED_EDGE('',*,*,#728,.F.);
#242=ORIENTED_EDGE('',*,*,#714,.T.);
#243=ORIENTED_EDGE('',*,*,#729,.T.);
#244=ORIENTED_EDGE('',*,*,#730,.T.);
#245=ORIENTED_EDGE('',*,*,#597,.T.);
#246=ORIENTED_EDGE('',*,*,#731,.F.);
#247=ORIENTED_EDGE('',*,*,#732,.T.);
#248=ORIENTED_EDGE('',*,*,#733,.T.);
#249=ORIENTED_EDGE('',*,*,#726,.T.);
#250=ORIENTED_EDGE('',*,*,#734,.T.);
#251=ORIENTED_EDGE('',*,*,#735,.F.);
#252=ORIENTED_EDGE('',*,*,#697,.T.);
#253=ORIENTED_EDGE('',*,*,#689,.F.);
#254=ORIENTED_EDGE('',*,*,#680,.F.);
#255=ORIENTED_EDGE('',*,*,#717,.F.);
#256=ORIENTED_EDGE('',*,*,#736,.T.);
#257=ORIENTED_EDGE('',*,*,#737,.F.);
#258=ORIENTED_EDGE('',*,*,#738,.F.);
#259=ORIENTED_EDGE('',*,*,#739,.F.);
#260=ORIENTED_EDGE('',*,*,#710,.T.);
#261=ORIENTED_EDGE('',*,*,#740,.T.);
#262=ORIENTED_EDGE('',*,*,#741,.F.);
#263=ORIENTED_EDGE('',*,*,#662,.T.);
#264=ORIENTED_EDGE('',*,*,#742,.T.);
#265=ORIENTED_EDGE('',*,*,#743,.T.);
#266=ORIENTED_EDGE('',*,*,#658,.T.);
#267=ORIENTED_EDGE('',*,*,#634,.T.);
#268=ORIENTED_EDGE('',*,*,#718,.T.);
#269=ORIENTED_EDGE('',*,*,#666,.F.);
#270=ORIENTED_EDGE('',*,*,#650,.T.);
#271=ORIENTED_EDGE('',*,*,#744,.T.);
#272=ORIENTED_EDGE('',*,*,#745,.T.);
#273=ORIENTED_EDGE('',*,*,#682,.T.);
#274=ORIENTED_EDGE('',*,*,#746,.T.);
#275=ORIENTED_EDGE('',*,*,#703,.F.);
#276=ORIENTED_EDGE('',*,*,#705,.F.);
#277=ORIENTED_EDGE('',*,*,#670,.F.);
#278=ORIENTED_EDGE('',*,*,#747,.T.);
#279=ORIENTED_EDGE('',*,*,#704,.F.);
#280=ORIENTED_EDGE('',*,*,#746,.F.);
#281=ORIENTED_EDGE('',*,*,#669,.F.);
#282=ORIENTED_EDGE('',*,*,#668,.T.);
#283=ORIENTED_EDGE('',*,*,#688,.T.);
#284=ORIENTED_EDGE('',*,*,#696,.T.);
#285=ORIENTED_EDGE('',*,*,#747,.F.);
#286=ORIENTED_EDGE('',*,*,#748,.F.);
#287=ORIENTED_EDGE('',*,*,#749,.F.);
#288=ORIENTED_EDGE('',*,*,#684,.T.);
#289=ORIENTED_EDGE('',*,*,#750,.T.);
#290=ORIENTED_EDGE('',*,*,#665,.T.);
#291=ORIENTED_EDGE('',*,*,#647,.T.);
#292=ORIENTED_EDGE('',*,*,#695,.T.);
#293=ORIENTED_EDGE('',*,*,#652,.F.);
#294=ORIENTED_EDGE('',*,*,#751,.F.);
#295=ORIENTED_EDGE('',*,*,#686,.T.);
#296=ORIENTED_EDGE('',*,*,#677,.T.);
#297=ORIENTED_EDGE('',*,*,#749,.T.);
#298=ORIENTED_EDGE('',*,*,#745,.F.);
#299=ORIENTED_EDGE('',*,*,#752,.T.);
#300=ORIENTED_EDGE('',*,*,#750,.F.);
#301=ORIENTED_EDGE('',*,*,#683,.F.);
#302=ORIENTED_EDGE('',*,*,#753,.F.);
#303=ORIENTED_EDGE('',*,*,#754,.T.);
#304=ORIENTED_EDGE('',*,*,#755,.T.);
#305=ORIENTED_EDGE('',*,*,#691,.T.);
#306=ORIENTED_EDGE('',*,*,#755,.F.);
#307=ORIENTED_EDGE('',*,*,#756,.T.);
#308=ORIENTED_EDGE('',*,*,#742,.F.);
#309=ORIENTED_EDGE('',*,*,#661,.T.);
#310=ORIENTED_EDGE('',*,*,#757,.T.);
#311=ORIENTED_EDGE('',*,*,#692,.T.);
#312=ORIENTED_EDGE('',*,*,#758,.T.);
#313=ORIENTED_EDGE('',*,*,#693,.F.);
#314=ORIENTED_EDGE('',*,*,#757,.F.);
#315=ORIENTED_EDGE('',*,*,#674,.F.);
#316=ORIENTED_EDGE('',*,*,#759,.F.);
#317=ORIENTED_EDGE('',*,*,#753,.T.);
#318=ORIENTED_EDGE('',*,*,#694,.F.);
#319=ORIENTED_EDGE('',*,*,#758,.F.);
#320=ORIENTED_EDGE('',*,*,#673,.F.);
#321=ORIENTED_EDGE('',*,*,#675,.T.);
#322=ORIENTED_EDGE('',*,*,#760,.T.);
#323=ORIENTED_EDGE('',*,*,#687,.T.);
#324=ORIENTED_EDGE('',*,*,#761,.F.);
#325=ORIENTED_EDGE('',*,*,#743,.F.);
#326=ORIENTED_EDGE('',*,*,#744,.F.);
#327=ORIENTED_EDGE('',*,*,#762,.F.);
#328=ORIENTED_EDGE('',*,*,#676,.T.);
#329=ORIENTED_EDGE('',*,*,#763,.T.);
#330=ORIENTED_EDGE('',*,*,#659,.F.);
#331=ORIENTED_EDGE('',*,*,#654,.T.);
#332=ORIENTED_EDGE('',*,*,#657,.T.);
#333=ORIENTED_EDGE('',*,*,#761,.T.);
#334=ORIENTED_EDGE('',*,*,#751,.T.);
#335=ORIENTED_EDGE('',*,*,#748,.T.);
#336=ORIENTED_EDGE('',*,*,#752,.F.);
#337=ORIENTED_EDGE('',*,*,#763,.F.);
#338=ORIENTED_EDGE('',*,*,#754,.F.);
#339=ORIENTED_EDGE('',*,*,#759,.T.);
#340=ORIENTED_EDGE('',*,*,#762,.T.);
#341=ORIENTED_EDGE('',*,*,#649,.T.);
#342=ORIENTED_EDGE('',*,*,#641,.F.);
#343=ORIENTED_EDGE('',*,*,#645,.F.);
#344=ORIENTED_EDGE('',*,*,#760,.F.);
#345=ORIENTED_EDGE('',*,*,#756,.F.);
#346=ORIENTED_EDGE('',*,*,#739,.T.);
#347=ORIENTED_EDGE('',*,*,#764,.F.);
#348=ORIENTED_EDGE('',*,*,#601,.F.);
#349=ORIENTED_EDGE('',*,*,#711,.T.);
#350=ORIENTED_EDGE('',*,*,#602,.T.);
#351=ORIENTED_EDGE('',*,*,#764,.T.);
#352=ORIENTED_EDGE('',*,*,#738,.T.);
#353=ORIENTED_EDGE('',*,*,#631,.T.);
#354=ORIENTED_EDGE('',*,*,#765,.F.);
#355=ORIENTED_EDGE('',*,*,#630,.F.);
#356=ORIENTED_EDGE('',*,*,#766,.F.);
#357=ORIENTED_EDGE('',*,*,#603,.T.);
#358=ORIENTED_EDGE('',*,*,#765,.T.);
#359=ORIENTED_EDGE('',*,*,#708,.F.);
#360=ORIENTED_EDGE('',*,*,#632,.T.);
#361=ORIENTED_EDGE('',*,*,#767,.T.);
#362=ORIENTED_EDGE('',*,*,#768,.F.);
#363=ORIENTED_EDGE('',*,*,#616,.T.);
#364=ORIENTED_EDGE('',*,*,#626,.T.);
#365=ORIENTED_EDGE('',*,*,#741,.T.);
#366=ORIENTED_EDGE('',*,*,#769,.F.);
#367=ORIENTED_EDGE('',*,*,#767,.F.);
#368=ORIENTED_EDGE('',*,*,#706,.T.);
#369=ORIENTED_EDGE('',*,*,#740,.F.);
#370=ORIENTED_EDGE('',*,*,#709,.F.);
#371=ORIENTED_EDGE('',*,*,#768,.T.);
#372=ORIENTED_EDGE('',*,*,#769,.T.);
#373=ORIENTED_EDGE('',*,*,#701,.F.);
#374=ORIENTED_EDGE('',*,*,#723,.F.);
#375=ORIENTED_EDGE('',*,*,#770,.T.);
#376=ORIENTED_EDGE('',*,*,#771,.T.);
#377=ORIENTED_EDGE('',*,*,#618,.F.);
#378=ORIENTED_EDGE('',*,*,#614,.F.);
#379=ORIENTED_EDGE('',*,*,#771,.F.);
#380=ORIENTED_EDGE('',*,*,#772,.T.);
#381=ORIENTED_EDGE('',*,*,#589,.T.);
#382=ORIENTED_EDGE('',*,*,#773,.F.);
#383=ORIENTED_EDGE('',*,*,#774,.F.);
#384=ORIENTED_EDGE('',*,*,#775,.F.);
#385=ORIENTED_EDGE('',*,*,#611,.T.);
#386=ORIENTED_EDGE('',*,*,#776,.T.);
#387=ORIENTED_EDGE('',*,*,#777,.F.);
#388=ORIENTED_EDGE('',*,*,#778,.F.);
#389=ORIENTED_EDGE('',*,*,#733,.F.);
#390=ORIENTED_EDGE('',*,*,#779,.F.);
#391=ORIENTED_EDGE('',*,*,#780,.T.);
#392=ORIENTED_EDGE('',*,*,#594,.F.);
#393=ORIENTED_EDGE('',*,*,#766,.T.);
#394=ORIENTED_EDGE('',*,*,#629,.F.);
#395=ORIENTED_EDGE('',*,*,#781,.F.);
#396=ORIENTED_EDGE('',*,*,#782,.T.);
#397=ORIENTED_EDGE('',*,*,#604,.F.);
#398=ORIENTED_EDGE('',*,*,#590,.F.);
#399=ORIENTED_EDGE('',*,*,#772,.F.);
#400=ORIENTED_EDGE('',*,*,#770,.F.);
#401=ORIENTED_EDGE('',*,*,#585,.T.);
#402=ORIENTED_EDGE('',*,*,#783,.T.);
#403=ORIENTED_EDGE('',*,*,#784,.T.);
#404=ORIENTED_EDGE('',*,*,#785,.F.);
#405=ORIENTED_EDGE('',*,*,#786,.F.);
#406=ORIENTED_EDGE('',*,*,#612,.F.);
#407=ORIENTED_EDGE('',*,*,#775,.T.);
#408=ORIENTED_EDGE('',*,*,#787,.F.);
#409=ORIENTED_EDGE('',*,*,#788,.T.);
#410=ORIENTED_EDGE('',*,*,#789,.T.);
#411=ORIENTED_EDGE('',*,*,#783,.F.);
#412=ORIENTED_EDGE('',*,*,#584,.F.);
#413=ORIENTED_EDGE('',*,*,#621,.T.);
#414=ORIENTED_EDGE('',*,*,#790,.T.);
#415=ORIENTED_EDGE('',*,*,#610,.T.);
#416=ORIENTED_EDGE('',*,*,#791,.T.);
#417=ORIENTED_EDGE('',*,*,#792,.F.);
#418=ORIENTED_EDGE('',*,*,#622,.F.);
#419=ORIENTED_EDGE('',*,*,#582,.T.);
#420=ORIENTED_EDGE('',*,*,#785,.T.);
#421=ORIENTED_EDGE('',*,*,#793,.F.);
#422=ORIENTED_EDGE('',*,*,#794,.F.);
#423=ORIENTED_EDGE('',*,*,#795,.T.);
#424=ORIENTED_EDGE('',*,*,#776,.F.);
#425=ORIENTED_EDGE('',*,*,#796,.F.);
#426=ORIENTED_EDGE('',*,*,#778,.T.);
#427=ORIENTED_EDGE('',*,*,#797,.F.);
#428=ORIENTED_EDGE('',*,*,#798,.T.);
#429=ORIENTED_EDGE('',*,*,#793,.T.);
#430=ORIENTED_EDGE('',*,*,#784,.F.);
#431=ORIENTED_EDGE('',*,*,#789,.F.);
#432=ORIENTED_EDGE('',*,*,#799,.T.);
#433=ORIENTED_EDGE('',*,*,#800,.F.);
#434=ORIENTED_EDGE('',*,*,#797,.T.);
#435=ORIENTED_EDGE('',*,*,#777,.T.);
#436=ORIENTED_EDGE('',*,*,#795,.F.);
#437=ORIENTED_EDGE('',*,*,#794,.T.);
#438=ORIENTED_EDGE('',*,*,#798,.F.);
#439=ORIENTED_EDGE('',*,*,#800,.T.);
#440=ORIENTED_EDGE('',*,*,#787,.T.);
#441=ORIENTED_EDGE('',*,*,#774,.T.);
#442=ORIENTED_EDGE('',*,*,#796,.T.);
#443=ORIENTED_EDGE('',*,*,#801,.F.);
#444=ORIENTED_EDGE('',*,*,#801,.T.);
#445=ORIENTED_EDGE('',*,*,#799,.F.);
#446=ORIENTED_EDGE('',*,*,#788,.F.);
#447=ORIENTED_EDGE('',*,*,#802,.T.);
#448=ORIENTED_EDGE('',*,*,#606,.T.);
#449=ORIENTED_EDGE('',*,*,#803,.F.);
#450=ORIENTED_EDGE('',*,*,#804,.F.);
#451=ORIENTED_EDGE('',*,*,#627,.T.);
#452=ORIENTED_EDGE('',*,*,#605,.F.);
#453=ORIENTED_EDGE('',*,*,#782,.F.);
#454=ORIENTED_EDGE('',*,*,#805,.T.);
#455=ORIENTED_EDGE('',*,*,#803,.T.);
#456=ORIENTED_EDGE('',*,*,#628,.T.);
#457=ORIENTED_EDGE('',*,*,#804,.T.);
#458=ORIENTED_EDGE('',*,*,#805,.F.);
#459=ORIENTED_EDGE('',*,*,#781,.T.);
#460=ORIENTED_EDGE('',*,*,#773,.T.);
#461=ORIENTED_EDGE('',*,*,#802,.F.);
#462=ORIENTED_EDGE('',*,*,#806,.F.);
#463=ORIENTED_EDGE('',*,*,#736,.F.);
#464=ORIENTED_EDGE('',*,*,#716,.F.);
#465=ORIENTED_EDGE('',*,*,#807,.T.);
#466=ORIENTED_EDGE('',*,*,#808,.T.);
#467=ORIENTED_EDGE('',*,*,#737,.T.);
#468=ORIENTED_EDGE('',*,*,#808,.F.);
#469=ORIENTED_EDGE('',*,*,#809,.F.);
#470=ORIENTED_EDGE('',*,*,#727,.T.);
#471=ORIENTED_EDGE('',*,*,#807,.F.);
#472=ORIENTED_EDGE('',*,*,#715,.F.);
#473=ORIENTED_EDGE('',*,*,#728,.T.);
#474=ORIENTED_EDGE('',*,*,#809,.T.);
#475=ORIENTED_EDGE('',*,*,#810,.F.);
#476=ORIENTED_EDGE('',*,*,#735,.T.);
#477=ORIENTED_EDGE('',*,*,#811,.F.);
#478=ORIENTED_EDGE('',*,*,#812,.F.);
#479=ORIENTED_EDGE('',*,*,#698,.T.);
#480=ORIENTED_EDGE('',*,*,#734,.F.);
#481=ORIENTED_EDGE('',*,*,#725,.F.);
#482=ORIENTED_EDGE('',*,*,#813,.T.);
#483=ORIENTED_EDGE('',*,*,#811,.T.);
#484=ORIENTED_EDGE('',*,*,#699,.T.);
#485=ORIENTED_EDGE('',*,*,#812,.T.);
#486=ORIENTED_EDGE('',*,*,#813,.F.);
#487=ORIENTED_EDGE('',*,*,#724,.T.);
#488=ORIENTED_EDGE('',*,*,#814,.F.);
#489=ORIENTED_EDGE('',*,*,#599,.T.);
#490=ORIENTED_EDGE('',*,*,#815,.F.);
#491=ORIENTED_EDGE('',*,*,#816,.F.);
#492=ORIENTED_EDGE('',*,*,#712,.T.);
#493=ORIENTED_EDGE('',*,*,#598,.F.);
#494=ORIENTED_EDGE('',*,*,#730,.F.);
#495=ORIENTED_EDGE('',*,*,#817,.T.);
#496=ORIENTED_EDGE('',*,*,#815,.T.);
#497=ORIENTED_EDGE('',*,*,#713,.T.);
#498=ORIENTED_EDGE('',*,*,#816,.T.);
#499=ORIENTED_EDGE('',*,*,#817,.F.);
#500=ORIENTED_EDGE('',*,*,#729,.F.);
#501=ORIENTED_EDGE('',*,*,#818,.F.);
#502=ORIENTED_EDGE('',*,*,#595,.F.);
#503=ORIENTED_EDGE('',*,*,#780,.F.);
#504=ORIENTED_EDGE('',*,*,#819,.T.);
#505=ORIENTED_EDGE('',*,*,#820,.T.);
#506=ORIENTED_EDGE('',*,*,#596,.T.);
#507=ORIENTED_EDGE('',*,*,#820,.F.);
#508=ORIENTED_EDGE('',*,*,#821,.F.);
#509=ORIENTED_EDGE('',*,*,#731,.T.);
#510=ORIENTED_EDGE('',*,*,#819,.F.);
#511=ORIENTED_EDGE('',*,*,#779,.T.);
#512=ORIENTED_EDGE('',*,*,#732,.F.);
#513=ORIENTED_EDGE('',*,*,#821,.T.);
#514=ORIENTED_EDGE('',*,*,#719,.T.);
#515=ORIENTED_EDGE('',*,*,#818,.T.);
#516=ORIENTED_EDGE('',*,*,#722,.T.);
#517=ORIENTED_EDGE('',*,*,#814,.T.);
#518=ORIENTED_EDGE('',*,*,#721,.T.);
#519=ORIENTED_EDGE('',*,*,#810,.T.);
#520=ORIENTED_EDGE('',*,*,#720,.T.);
#521=ORIENTED_EDGE('',*,*,#806,.T.);
#522=ORIENTED_EDGE('',*,*,#792,.T.);
#523=ORIENTED_EDGE('',*,*,#822,.T.);
#524=ORIENTED_EDGE('',*,*,#823,.T.);
#525=ORIENTED_EDGE('',*,*,#623,.F.);
#526=ORIENTED_EDGE('',*,*,#587,.F.);
#527=ORIENTED_EDGE('',*,*,#824,.F.);
#528=ORIENTED_EDGE('',*,*,#825,.T.);
#529=ORIENTED_EDGE('',*,*,#619,.T.);
#530=ORIENTED_EDGE('',*,*,#786,.T.);
#531=ORIENTED_EDGE('',*,*,#826,.F.);
#532=ORIENTED_EDGE('',*,*,#824,.T.);
#533=ORIENTED_EDGE('',*,*,#586,.T.);
#534=ORIENTED_EDGE('',*,*,#827,.F.);
#535=ORIENTED_EDGE('',*,*,#822,.F.);
#536=ORIENTED_EDGE('',*,*,#791,.F.);
#537=ORIENTED_EDGE('',*,*,#609,.T.);
#538=ORIENTED_EDGE('',*,*,#593,.T.);
#539=ORIENTED_EDGE('',*,*,#624,.F.);
#540=ORIENTED_EDGE('',*,*,#823,.F.);
#541=ORIENTED_EDGE('',*,*,#827,.T.);
#542=ORIENTED_EDGE('',*,*,#620,.F.);
#543=ORIENTED_EDGE('',*,*,#825,.F.);
#544=ORIENTED_EDGE('',*,*,#826,.T.);
#545=ORIENTED_EDGE('',*,*,#790,.F.);
#546=ORIENTED_EDGE('',*,*,#828,.F.);
#547=ORIENTED_EDGE('',*,*,#829,.F.);
#548=ORIENTED_EDGE('',*,*,#830,.T.);
#549=ORIENTED_EDGE('',*,*,#831,.T.);
#550=ORIENTED_EDGE('',*,*,#832,.F.);
#551=ORIENTED_EDGE('',*,*,#833,.F.);
#552=ORIENTED_EDGE('',*,*,#834,.T.);
#553=ORIENTED_EDGE('',*,*,#829,.T.);
#554=ORIENTED_EDGE('',*,*,#835,.T.);
#555=ORIENTED_EDGE('',*,*,#836,.F.);
#556=ORIENTED_EDGE('',*,*,#837,.F.);
#557=ORIENTED_EDGE('',*,*,#833,.T.);
#558=ORIENTED_EDGE('',*,*,#838,.T.);
#559=ORIENTED_EDGE('',*,*,#831,.F.);
#560=ORIENTED_EDGE('',*,*,#839,.F.);
#561=ORIENTED_EDGE('',*,*,#836,.T.);
#562=ORIENTED_EDGE('',*,*,#840,.F.);
#563=ORIENTED_EDGE('',*,*,#841,.F.);
#564=ORIENTED_EDGE('',*,*,#842,.F.);
#565=ORIENTED_EDGE('',*,*,#830,.F.);
#566=ORIENTED_EDGE('',*,*,#834,.F.);
#567=ORIENTED_EDGE('',*,*,#837,.T.);
#568=ORIENTED_EDGE('',*,*,#839,.T.);
#569=ORIENTED_EDGE('',*,*,#843,.T.);
#570=ORIENTED_EDGE('',*,*,#844,.T.);
#571=ORIENTED_EDGE('',*,*,#845,.T.);
#572=ORIENTED_EDGE('',*,*,#828,.T.);
#573=ORIENTED_EDGE('',*,*,#838,.F.);
#574=ORIENTED_EDGE('',*,*,#835,.F.);
#575=ORIENTED_EDGE('',*,*,#832,.T.);
#576=ORIENTED_EDGE('',*,*,#842,.T.);
#577=ORIENTED_EDGE('',*,*,#845,.F.);
#578=ORIENTED_EDGE('',*,*,#841,.T.);
#579=ORIENTED_EDGE('',*,*,#844,.F.);
#580=ORIENTED_EDGE('',*,*,#840,.T.);
#581=ORIENTED_EDGE('',*,*,#843,.F.);
#582=EDGE_CURVE('',#846,#847,#1022,.T.);
#583=EDGE_CURVE('',#846,#848,#1023,.T.);
#584=EDGE_CURVE('',#848,#849,#1024,.T.);
#585=EDGE_CURVE('',#847,#849,#1025,.T.);
#586=EDGE_CURVE('',#850,#851,#1026,.T.);
#587=EDGE_CURVE('',#850,#852,#1027,.T.);
#588=EDGE_CURVE('',#853,#852,#1028,.T.);
#589=EDGE_CURVE('',#854,#853,#1029,.T.);
#590=EDGE_CURVE('',#854,#855,#1030,.T.);
#591=EDGE_CURVE('',#855,#856,#1031,.T.);
#592=EDGE_CURVE('',#857,#856,#1032,.T.);
#593=EDGE_CURVE('',#851,#857,#1033,.T.);
#594=EDGE_CURVE('',#858,#859,#1034,.T.);
#595=EDGE_CURVE('',#859,#860,#1035,.T.);
#596=EDGE_CURVE('',#861,#860,#1036,.T.);
#597=EDGE_CURVE('',#862,#861,#1037,.T.);
#598=EDGE_CURVE('',#862,#863,#1038,.T.);
#599=EDGE_CURVE('',#864,#863,#1039,.T.);
#600=EDGE_CURVE('',#864,#865,#1040,.T.);
#601=EDGE_CURVE('',#865,#866,#1041,.T.);
#602=EDGE_CURVE('',#867,#866,#1042,.T.);
#603=EDGE_CURVE('',#858,#867,#1043,.T.);
#604=EDGE_CURVE('',#855,#868,#1044,.T.);
#605=EDGE_CURVE('',#868,#869,#1045,.T.);
#606=EDGE_CURVE('',#870,#869,#1046,.T.);
#607=EDGE_CURVE('',#870,#871,#1047,.T.);
#608=EDGE_CURVE('',#856,#871,#1048,.T.);
#609=EDGE_CURVE('',#872,#873,#1049,.T.);
#610=EDGE_CURVE('',#874,#872,#1050,.T.);
#611=EDGE_CURVE('',#875,#874,#1051,.T.);
#612=EDGE_CURVE('',#875,#873,#1052,.T.);
#613=EDGE_CURVE('',#876,#877,#1053,.T.);
#614=EDGE_CURVE('',#876,#878,#1054,.T.);
#615=EDGE_CURVE('',#878,#879,#1055,.T.);
#616=EDGE_CURVE('',#880,#879,#1056,.T.);
#617=EDGE_CURVE('',#880,#877,#1057,.T.);
#618=EDGE_CURVE('',#878,#853,#1058,.T.);
#619=EDGE_CURVE('',#881,#852,#1059,.T.);
#620=EDGE_CURVE('',#881,#882,#1060,.T.);
#621=EDGE_CURVE('',#848,#882,#1061,.T.);
#622=EDGE_CURVE('',#846,#883,#1062,.T.);
#623=EDGE_CURVE('',#883,#884,#1063,.T.);
#624=EDGE_CURVE('',#884,#857,#1064,.T.);
#625=EDGE_CURVE('',#879,#871,#1065,.T.);
#626=EDGE_CURVE('',#879,#885,#1066,.T.);
#627=EDGE_CURVE('',#886,#870,#1067,.T.);
#628=EDGE_CURVE('',#887,#886,#1068,.T.);
#629=EDGE_CURVE('',#887,#888,#1069,.T.);
#630=EDGE_CURVE('',#888,#889,#1070,.T.);
#631=EDGE_CURVE('',#885,#889,#1071,.T.);
#632=EDGE_CURVE('',#890,#891,#14,.F.);
#633=EDGE_CURVE('',#892,#890,#1072,.T.);
#634=EDGE_CURVE('',#893,#892,#15,.T.);
#635=EDGE_CURVE('',#893,#894,#1073,.T.);
#636=EDGE_CURVE('',#894,#895,#16,.F.);
#637=EDGE_CURVE('',#896,#895,#1074,.T.);
#638=EDGE_CURVE('',#897,#896,#17,.T.);
#639=EDGE_CURVE('',#897,#891,#1075,.T.);
#640=EDGE_CURVE('',#898,#899,#1076,.T.);
#641=EDGE_CURVE('',#898,#900,#1077,.T.);
#642=EDGE_CURVE('',#900,#901,#1078,.T.);
#643=EDGE_CURVE('',#899,#901,#1079,.T.);
#644=EDGE_CURVE('',#902,#903,#1080,.T.);
#645=EDGE_CURVE('',#903,#898,#1081,.T.);
#646=EDGE_CURVE('',#904,#899,#1082,.T.);
#647=EDGE_CURVE('',#905,#904,#1083,.T.);
#648=EDGE_CURVE('',#902,#905,#1084,.T.);
#649=EDGE_CURVE('',#906,#900,#1085,.T.);
#650=EDGE_CURVE('',#907,#906,#1086,.T.);
#651=EDGE_CURVE('',#907,#908,#1087,.T.);
#652=EDGE_CURVE('',#908,#909,#1088,.T.);
#653=EDGE_CURVE('',#909,#901,#1089,.T.);
#654=EDGE_CURVE('',#910,#911,#1090,.T.);
#655=EDGE_CURVE('',#895,#910,#1091,.T.);
#656=EDGE_CURVE('',#894,#911,#1092,.T.);
#657=EDGE_CURVE('',#911,#912,#1093,.T.);
#658=EDGE_CURVE('',#912,#893,#1094,.T.);
#659=EDGE_CURVE('',#910,#913,#1095,.T.);
#660=EDGE_CURVE('',#913,#896,#1096,.T.);
#661=EDGE_CURVE('',#914,#915,#1097,.T.);
#662=EDGE_CURVE('',#916,#914,#1098,.T.);
#663=EDGE_CURVE('',#917,#916,#1099,.T.);
#664=EDGE_CURVE('',#917,#902,#1100,.T.);
#665=EDGE_CURVE('',#908,#905,#1101,.T.);
#666=EDGE_CURVE('',#907,#918,#1102,.T.);
#667=EDGE_CURVE('',#918,#919,#1103,.T.);
#668=EDGE_CURVE('',#920,#919,#1104,.T.);
#669=EDGE_CURVE('',#920,#921,#1105,.T.);
#670=EDGE_CURVE('',#921,#922,#1106,.T.);
#671=EDGE_CURVE('',#922,#897,#1107,.T.);
#672=EDGE_CURVE('',#923,#897,#1108,.T.);
#673=EDGE_CURVE('',#923,#924,#1109,.T.);
#674=EDGE_CURVE('',#924,#915,#1110,.T.);
#675=EDGE_CURVE('',#923,#925,#1111,.T.);
#676=EDGE_CURVE('',#925,#913,#1112,.T.);
#677=EDGE_CURVE('',#926,#927,#1113,.T.);
#678=EDGE_CURVE('',#928,#926,#18,.T.);
#679=EDGE_CURVE('',#929,#928,#1114,.T.);
#680=EDGE_CURVE('',#929,#930,#19,.T.);
#681=EDGE_CURVE('',#930,#918,#1115,.T.);
#682=EDGE_CURVE('',#931,#918,#20,.T.);
#683=EDGE_CURVE('',#931,#932,#1116,.T.);
#684=EDGE_CURVE('',#927,#932,#21,.F.);
#685=EDGE_CURVE('',#928,#917,#1117,.T.);
#686=EDGE_CURVE('',#933,#926,#1118,.T.);
#687=EDGE_CURVE('',#903,#933,#1119,.T.);
#688=EDGE_CURVE('',#919,#934,#1120,.T.);
#689=EDGE_CURVE('',#930,#935,#1121,.T.);
#690=EDGE_CURVE('',#935,#934,#1122,.T.);
#691=EDGE_CURVE('',#936,#937,#1123,.T.);
#692=EDGE_CURVE('',#938,#936,#1124,.T.);
#693=EDGE_CURVE('',#938,#939,#1125,.T.);
#694=EDGE_CURVE('',#939,#937,#1126,.T.);
#695=EDGE_CURVE('',#904,#909,#1127,.T.);
#696=EDGE_CURVE('',#934,#940,#1128,.T.);
#697=EDGE_CURVE('',#941,#935,#1129,.T.);
#698=EDGE_CURVE('',#942,#941,#1130,.T.);
#699=EDGE_CURVE('',#943,#942,#1131,.T.);
#700=EDGE_CURVE('',#943,#944,#1132,.T.);
#701=EDGE_CURVE('',#944,#876,#1133,.T.);
#702=EDGE_CURVE('',#945,#877,#1134,.T.);
#703=EDGE_CURVE('',#945,#946,#1135,.T.);
#704=EDGE_CURVE('',#946,#940,#1136,.T.);
#705=EDGE_CURVE('',#922,#945,#1137,.T.);
#706=EDGE_CURVE('',#891,#880,#1138,.T.);
#707=EDGE_CURVE('',#928,#892,#1139,.T.);
#708=EDGE_CURVE('',#890,#947,#1140,.T.);
#709=EDGE_CURVE('',#947,#948,#1141,.T.);
#710=EDGE_CURVE('',#949,#948,#1142,.T.);
#711=EDGE_CURVE('',#865,#949,#1143,.T.);
#712=EDGE_CURVE('',#950,#864,#1144,.T.);
#713=EDGE_CURVE('',#951,#950,#1145,.T.);
#714=EDGE_CURVE('',#952,#951,#1146,.T.);
#715=EDGE_CURVE('',#952,#953,#1147,.T.);
#716=EDGE_CURVE('',#953,#954,#1148,.T.);
#717=EDGE_CURVE('',#954,#929,#1149,.T.);
#718=EDGE_CURVE('',#892,#916,#1150,.T.);
#719=EDGE_CURVE('',#955,#955,#22,.T.);
#720=EDGE_CURVE('',#956,#956,#23,.T.);
#721=EDGE_CURVE('',#957,#957,#24,.T.);
#722=EDGE_CURVE('',#958,#958,#25,.T.);
#723=EDGE_CURVE('',#959,#944,#1151,.T.);
#724=EDGE_CURVE('',#960,#943,#1152,.T.);
#725=EDGE_CURVE('',#960,#961,#1153,.T.);
#726=EDGE_CURVE('',#962,#961,#1154,.T.);
#727=EDGE_CURVE('',#963,#962,#1155,.T.);
#728=EDGE_CURVE('',#952,#963,#1156,.T.);
#729=EDGE_CURVE('',#951,#964,#1157,.T.);
#730=EDGE_CURVE('',#964,#862,#1158,.T.);
#731=EDGE_CURVE('',#965,#861,#1159,.T.);
#732=EDGE_CURVE('',#965,#966,#1160,.T.);
#733=EDGE_CURVE('',#966,#959,#1161,.T.);
#734=EDGE_CURVE('',#961,#967,#1162,.T.);
#735=EDGE_CURVE('',#941,#967,#1163,.T.);
#736=EDGE_CURVE('',#954,#968,#1164,.T.);
#737=EDGE_CURVE('',#962,#968,#1165,.T.);
#738=EDGE_CURVE('',#969,#885,#1166,.T.);
#739=EDGE_CURVE('',#949,#969,#1167,.T.);
#740=EDGE_CURVE('',#948,#970,#1168,.T.);
#741=EDGE_CURVE('',#885,#970,#1169,.T.);
#742=EDGE_CURVE('',#914,#971,#1170,.T.);
#743=EDGE_CURVE('',#971,#912,#1171,.T.);
#744=EDGE_CURVE('',#906,#972,#1172,.T.);
#745=EDGE_CURVE('',#972,#931,#1173,.T.);
#746=EDGE_CURVE('',#921,#946,#1174,.T.);
#747=EDGE_CURVE('',#920,#940,#1175,.T.);
#748=EDGE_CURVE('',#973,#974,#1176,.T.);
#749=EDGE_CURVE('',#927,#973,#1177,.T.);
#750=EDGE_CURVE('',#932,#974,#1178,.T.);
#751=EDGE_CURVE('',#933,#973,#1179,.T.);
#752=EDGE_CURVE('',#972,#974,#1180,.T.);
#753=EDGE_CURVE('',#975,#937,#1181,.T.);
#754=EDGE_CURVE('',#975,#976,#1182,.T.);
#755=EDGE_CURVE('',#976,#936,#1183,.T.);
#756=EDGE_CURVE('',#976,#971,#1184,.T.);
#757=EDGE_CURVE('',#915,#938,#1185,.T.);
#758=EDGE_CURVE('',#924,#939,#1186,.T.);
#759=EDGE_CURVE('',#975,#925,#1187,.T.);
#760=EDGE_CURVE('',#971,#903,#1188,.T.);
#761=EDGE_CURVE('',#912,#933,#1189,.T.);
#762=EDGE_CURVE('',#925,#906,#1190,.T.);
#763=EDGE_CURVE('',#913,#972,#1191,.T.);
#764=EDGE_CURVE('',#866,#969,#1192,.T.);
#765=EDGE_CURVE('',#867,#889,#1193,.T.);
#766=EDGE_CURVE('',#858,#888,#1194,.T.);
#767=EDGE_CURVE('',#891,#977,#1195,.T.);
#768=EDGE_CURVE('',#947,#977,#1196,.T.);
#769=EDGE_CURVE('',#977,#970,#1197,.T.);
#770=EDGE_CURVE('',#959,#978,#1198,.T.);
#771=EDGE_CURVE('',#978,#876,#1199,.T.);
#772=EDGE_CURVE('',#978,#854,#1200,.T.);
#773=EDGE_CURVE('',#979,#979,#26,.T.);
#774=EDGE_CURVE('',#980,#981,#27,.T.);
#775=EDGE_CURVE('',#875,#980,#1201,.T.);
#776=EDGE_CURVE('',#874,#982,#1202,.T.);
#777=EDGE_CURVE('',#983,#982,#28,.T.);
#778=EDGE_CURVE('',#981,#983,#1203,.T.);
#779=EDGE_CURVE('',#984,#966,#1204,.T.);
#780=EDGE_CURVE('',#984,#859,#1205,.T.);
#781=EDGE_CURVE('',#985,#887,#1206,.T.);
#782=EDGE_CURVE('',#985,#868,#1207,.T.);
#783=EDGE_CURVE('',#849,#986,#1208,.T.);
#784=EDGE_CURVE('',#986,#987,#1209,.T.);
#785=EDGE_CURVE('',#847,#987,#1210,.T.);
#786=EDGE_CURVE('',#873,#988,#1211,.T.);
#787=EDGE_CURVE('',#989,#980,#1212,.T.);
#788=EDGE_CURVE('',#989,#990,#1213,.T.);
#789=EDGE_CURVE('',#990,#986,#1214,.T.);
#790=EDGE_CURVE('',#882,#988,#1215,.T.);
#791=EDGE_CURVE('',#872,#991,#1216,.T.);
#792=EDGE_CURVE('',#883,#991,#1217,.T.);
#793=EDGE_CURVE('',#992,#987,#1218,.T.);
#794=EDGE_CURVE('',#993,#992,#1219,.T.);
#795=EDGE_CURVE('',#993,#982,#1220,.T.);
#796=EDGE_CURVE('',#981,#994,#1221,.F.);
#797=EDGE_CURVE('',#995,#983,#1222,.T.);
#798=EDGE_CURVE('',#995,#992,#1223,.T.);
#799=EDGE_CURVE('',#990,#994,#1224,.T.);
#800=EDGE_CURVE('',#995,#993,#29,.T.);
#801=EDGE_CURVE('',#989,#994,#30,.T.);
#802=EDGE_CURVE('',#996,#996,#31,.T.);
#803=EDGE_CURVE('',#997,#869,#1225,.T.);
#804=EDGE_CURVE('',#886,#997,#1226,.T.);
#805=EDGE_CURVE('',#985,#997,#1227,.T.);
#806=EDGE_CURVE('',#998,#998,#32,.T.);
#807=EDGE_CURVE('',#953,#999,#1228,.T.);
#808=EDGE_CURVE('',#999,#968,#1229,.T.);
#809=EDGE_CURVE('',#963,#999,#1230,.T.);
#810=EDGE_CURVE('',#1000,#1000,#33,.T.);
#811=EDGE_CURVE('',#1001,#967,#1231,.T.);
#812=EDGE_CURVE('',#942,#1001,#1232,.T.);
#813=EDGE_CURVE('',#960,#1001,#1233,.T.);
#814=EDGE_CURVE('',#1002,#1002,#34,.T.);
#815=EDGE_CURVE('',#1003,#863,#1234,.T.);
#816=EDGE_CURVE('',#950,#1003,#1235,.T.);
#817=EDGE_CURVE('',#964,#1003,#1236,.T.);
#818=EDGE_CURVE('',#1004,#1004,#35,.T.);
#819=EDGE_CURVE('',#984,#1005,#1237,.T.);
#820=EDGE_CURVE('',#1005,#860,#1238,.T.);
#821=EDGE_CURVE('',#965,#1005,#1239,.T.);
#822=EDGE_CURVE('',#991,#1006,#1240,.T.);
#823=EDGE_CURVE('',#1006,#884,#1241,.T.);
#824=EDGE_CURVE('',#1007,#850,#1242,.T.);
#825=EDGE_CURVE('',#1007,#881,#1243,.T.);
#826=EDGE_CURVE('',#1007,#988,#1244,.T.);
#827=EDGE_CURVE('',#1006,#851,#1245,.T.);
#828=EDGE_CURVE('',#1008,#1009,#1246,.T.);
#829=EDGE_CURVE('',#1010,#1008,#1247,.T.);
#830=EDGE_CURVE('',#1010,#1011,#1248,.T.);
#831=EDGE_CURVE('',#1011,#1009,#1249,.T.);
#832=EDGE_CURVE('',#1012,#1008,#1250,.T.);
#833=EDGE_CURVE('',#1013,#1012,#1251,.T.);
#834=EDGE_CURVE('',#1013,#1010,#1252,.T.);
#835=EDGE_CURVE('',#1012,#1014,#1253,.T.);
#836=EDGE_CURVE('',#1015,#1014,#1254,.T.);
#837=EDGE_CURVE('',#1013,#1015,#1255,.T.);
#838=EDGE_CURVE('',#1014,#1009,#1256,.T.);
#839=EDGE_CURVE('',#1015,#1011,#1257,.T.);
#840=EDGE_CURVE('',#1016,#1016,#36,.T.);
#841=EDGE_CURVE('',#1017,#1017,#37,.T.);
#842=EDGE_CURVE('',#1018,#1018,#38,.T.);
#843=EDGE_CURVE('',#1019,#1019,#39,.T.);
#844=EDGE_CURVE('',#1020,#1020,#40,.T.);
#845=EDGE_CURVE('',#1021,#1021,#41,.T.);
#846=VERTEX_POINT('',#2554);
#847=VERTEX_POINT('',#2555);
#848=VERTEX_POINT('',#2557);
#849=VERTEX_POINT('',#2559);
#850=VERTEX_POINT('',#2563);
#851=VERTEX_POINT('',#2564);
#852=VERTEX_POINT('',#2566);
#853=VERTEX_POINT('',#2568);
#854=VERTEX_POINT('',#2570);
#855=VERTEX_POINT('',#2572);
#856=VERTEX_POINT('',#2574);
#857=VERTEX_POINT('',#2576);
#858=VERTEX_POINT('',#2580);
#859=VERTEX_POINT('',#2581);
#860=VERTEX_POINT('',#2583);
#861=VERTEX_POINT('',#2585);
#862=VERTEX_POINT('',#2587);
#863=VERTEX_POINT('',#2589);
#864=VERTEX_POINT('',#2591);
#865=VERTEX_POINT('',#2593);
#866=VERTEX_POINT('',#2595);
#867=VERTEX_POINT('',#2597);
#868=VERTEX_POINT('',#2601);
#869=VERTEX_POINT('',#2603);
#870=VERTEX_POINT('',#2605);
#871=VERTEX_POINT('',#2607);
#872=VERTEX_POINT('',#2611);
#873=VERTEX_POINT('',#2612);
#874=VERTEX_POINT('',#2614);
#875=VERTEX_POINT('',#2616);
#876=VERTEX_POINT('',#2620);
#877=VERTEX_POINT('',#2621);
#878=VERTEX_POINT('',#2623);
#879=VERTEX_POINT('',#2625);
#880=VERTEX_POINT('',#2627);
#881=VERTEX_POINT('',#2632);
#882=VERTEX_POINT('',#2634);
#883=VERTEX_POINT('',#2637);
#884=VERTEX_POINT('',#2639);
#885=VERTEX_POINT('',#2644);
#886=VERTEX_POINT('',#2646);
#887=VERTEX_POINT('',#2648);
#888=VERTEX_POINT('',#2650);
#889=VERTEX_POINT('',#2652);
#890=VERTEX_POINT('',#2656);
#891=VERTEX_POINT('',#2657);
#892=VERTEX_POINT('',#2659);
#893=VERTEX_POINT('',#2661);
#894=VERTEX_POINT('',#2663);
#895=VERTEX_POINT('',#2665);
#896=VERTEX_POINT('',#2667);
#897=VERTEX_POINT('',#2669);
#898=VERTEX_POINT('',#2673);
#899=VERTEX_POINT('',#2674);
#900=VERTEX_POINT('',#2676);
#901=VERTEX_POINT('',#2678);
#902=VERTEX_POINT('',#2682);
#903=VERTEX_POINT('',#2683);
#904=VERTEX_POINT('',#2686);
#905=VERTEX_POINT('',#2688);
#906=VERTEX_POINT('',#2692);
#907=VERTEX_POINT('',#2694);
#908=VERTEX_POINT('',#2696);
#909=VERTEX_POINT('',#2698);
#910=VERTEX_POINT('',#2702);
#911=VERTEX_POINT('',#2703);
#912=VERTEX_POINT('',#2708);
#913=VERTEX_POINT('',#2712);
#914=VERTEX_POINT('',#2716);
#915=VERTEX_POINT('',#2717);
#916=VERTEX_POINT('',#2719);
#917=VERTEX_POINT('',#2721);
#918=VERTEX_POINT('',#2725);
#919=VERTEX_POINT('',#2727);
#920=VERTEX_POINT('',#2729);
#921=VERTEX_POINT('',#2731);
#922=VERTEX_POINT('',#2733);
#923=VERTEX_POINT('',#2736);
#924=VERTEX_POINT('',#2738);
#925=VERTEX_POINT('',#2742);
#926=VERTEX_POINT('',#2746);
#927=VERTEX_POINT('',#2747);
#928=VERTEX_POINT('',#2749);
#929=VERTEX_POINT('',#2751);
#930=VERTEX_POINT('',#2753);
#931=VERTEX_POINT('',#2756);
#932=VERTEX_POINT('',#2758);
#933=VERTEX_POINT('',#2763);
#934=VERTEX_POINT('',#2767);
#935=VERTEX_POINT('',#2769);
#936=VERTEX_POINT('',#2773);
#937=VERTEX_POINT('',#2774);
#938=VERTEX_POINT('',#2776);
#939=VERTEX_POINT('',#2778);
#940=VERTEX_POINT('',#2782);
#941=VERTEX_POINT('',#2784);
#942=VERTEX_POINT('',#2786);
#943=VERTEX_POINT('',#2788);
#944=VERTEX_POINT('',#2790);
#945=VERTEX_POINT('',#2793);
#946=VERTEX_POINT('',#2795);
#947=VERTEX_POINT('',#2803);
#948=VERTEX_POINT('',#2805);
#949=VERTEX_POINT('',#2807);
#950=VERTEX_POINT('',#2810);
#951=VERTEX_POINT('',#2812);
#952=VERTEX_POINT('',#2814);
#953=VERTEX_POINT('',#2816);
#954=VERTEX_POINT('',#2818);
#955=VERTEX_POINT('',#2824);
#956=VERTEX_POINT('',#2826);
#957=VERTEX_POINT('',#2828);
#958=VERTEX_POINT('',#2830);
#959=VERTEX_POINT('',#2832);
#960=VERTEX_POINT('',#2834);
#961=VERTEX_POINT('',#2836);
#962=VERTEX_POINT('',#2838);
#963=VERTEX_POINT('',#2840);
#964=VERTEX_POINT('',#2843);
#965=VERTEX_POINT('',#2846);
#966=VERTEX_POINT('',#2848);
#967=VERTEX_POINT('',#2852);
#968=VERTEX_POINT('',#2855);
#969=VERTEX_POINT('',#2859);
#970=VERTEX_POINT('',#2862);
#971=VERTEX_POINT('',#2866);
#972=VERTEX_POINT('',#2870);
#973=VERTEX_POINT('',#2879);
#974=VERTEX_POINT('',#2880);
#975=VERTEX_POINT('',#2890);
#976=VERTEX_POINT('',#2892);
#977=VERTEX_POINT('',#2917);
#978=VERTEX_POINT('',#2924);
#979=VERTEX_POINT('',#2930);
#980=VERTEX_POINT('',#2932);
#981=VERTEX_POINT('',#2933);
#982=VERTEX_POINT('',#2936);
#983=VERTEX_POINT('',#2938);
#984=VERTEX_POINT('',#2941);
#985=VERTEX_POINT('',#2944);
#986=VERTEX_POINT('',#2948);
#987=VERTEX_POINT('',#2950);
#988=VERTEX_POINT('',#2954);
#989=VERTEX_POINT('',#2956);
#990=VERTEX_POINT('',#2958);
#991=VERTEX_POINT('',#2963);
#992=VERTEX_POINT('',#2966);
#993=VERTEX_POINT('',#2968);
#994=VERTEX_POINT('',#2972);
#995=VERTEX_POINT('',#2974);
#996=VERTEX_POINT('',#2985);
#997=VERTEX_POINT('',#2987);
#998=VERTEX_POINT('',#2995);
#999=VERTEX_POINT('',#2997);
#1000=VERTEX_POINT('',#3004);
#1001=VERTEX_POINT('',#3006);
#1002=VERTEX_POINT('',#3013);
#1003=VERTEX_POINT('',#3015);
#1004=VERTEX_POINT('',#3022);
#1005=VERTEX_POINT('',#3024);
#1006=VERTEX_POINT('',#3035);
#1007=VERTEX_POINT('',#3039);
#1008=VERTEX_POINT('',#3049);
#1009=VERTEX_POINT('',#3050);
#1010=VERTEX_POINT('',#3052);
#1011=VERTEX_POINT('',#3054);
#1012=VERTEX_POINT('',#3058);
#1013=VERTEX_POINT('',#3060);
#1014=VERTEX_POINT('',#3064);
#1015=VERTEX_POINT('',#3066);
#1016=VERTEX_POINT('',#3073);
#1017=VERTEX_POINT('',#3075);
#1018=VERTEX_POINT('',#3077);
#1019=VERTEX_POINT('',#3080);
#1020=VERTEX_POINT('',#3082);
#1021=VERTEX_POINT('',#3084);
#1022=LINE('',#2553,#1258);
#1023=LINE('',#2556,#1259);
#1024=LINE('',#2558,#1260);
#1025=LINE('',#2560,#1261);
#1026=LINE('',#2562,#1262);
#1027=LINE('',#2565,#1263);
#1028=LINE('',#2567,#1264);
#1029=LINE('',#2569,#1265);
#1030=LINE('',#2571,#1266);
#1031=LINE('',#2573,#1267);
#1032=LINE('',#2575,#1268);
#1033=LINE('',#2577,#1269);
#1034=LINE('',#2579,#1270);
#1035=LINE('',#2582,#1271);
#1036=LINE('',#2584,#1272);
#1037=LINE('',#2586,#1273);
#1038=LINE('',#2588,#1274);
#1039=LINE('',#2590,#1275);
#1040=LINE('',#2592,#1276);
#1041=LINE('',#2594,#1277);
#1042=LINE('',#2596,#1278);
#1043=LINE('',#2598,#1279);
#1044=LINE('',#2600,#1280);
#1045=LINE('',#2602,#1281);
#1046=LINE('',#2604,#1282);
#1047=LINE('',#2606,#1283);
#1048=LINE('',#2608,#1284);
#1049=LINE('',#2610,#1285);
#1050=LINE('',#2613,#1286);
#1051=LINE('',#2615,#1287);
#1052=LINE('',#2617,#1288);
#1053=LINE('',#2619,#1289);
#1054=LINE('',#2622,#1290);
#1055=LINE('',#2624,#1291);
#1056=LINE('',#2626,#1292);
#1057=LINE('',#2628,#1293);
#1058=LINE('',#2630,#1294);
#1059=LINE('',#2631,#1295);
#1060=LINE('',#2633,#1296);
#1061=LINE('',#2635,#1297);
#1062=LINE('',#2636,#1298);
#1063=LINE('',#2638,#1299);
#1064=LINE('',#2640,#1300);
#1065=LINE('',#2641,#1301);
#1066=LINE('',#2643,#1302);
#1067=LINE('',#2645,#1303);
#1068=LINE('',#2647,#1304);
#1069=LINE('',#2649,#1305);
#1070=LINE('',#2651,#1306);
#1071=LINE('',#2653,#1307);
#1072=LINE('',#2658,#1308);
#1073=LINE('',#2662,#1309);
#1074=LINE('',#2666,#1310);
#1075=LINE('',#2670,#1311);
#1076=LINE('',#2672,#1312);
#1077=LINE('',#2675,#1313);
#1078=LINE('',#2677,#1314);
#1079=LINE('',#2679,#1315);
#1080=LINE('',#2681,#1316);
#1081=LINE('',#2684,#1317);
#1082=LINE('',#2685,#1318);
#1083=LINE('',#2687,#1319);
#1084=LINE('',#2689,#1320);
#1085=LINE('',#2691,#1321);
#1086=LINE('',#2693,#1322);
#1087=LINE('',#2695,#1323);
#1088=LINE('',#2697,#1324);
#1089=LINE('',#2699,#1325);
#1090=LINE('',#2701,#1326);
#1091=LINE('',#2704,#1327);
#1092=LINE('',#2705,#1328);
#1093=LINE('',#2707,#1329);
#1094=LINE('',#2709,#1330);
#1095=LINE('',#2711,#1331);
#1096=LINE('',#2713,#1332);
#1097=LINE('',#2715,#1333);
#1098=LINE('',#2718,#1334);
#1099=LINE('',#2720,#1335);
#1100=LINE('',#2722,#1336);
#1101=LINE('',#2723,#1337);
#1102=LINE('',#2724,#1338);
#1103=LINE('',#2726,#1339);
#1104=LINE('',#2728,#1340);
#1105=LINE('',#2730,#1341);
#1106=LINE('',#2732,#1342);
#1107=LINE('',#2734,#1343);
#1108=LINE('',#2735,#1344);
#1109=LINE('',#2737,#1345);
#1110=LINE('',#2739,#1346);
#1111=LINE('',#2741,#1347);
#1112=LINE('',#2743,#1348);
#1113=LINE('',#2745,#1349);
#1114=LINE('',#2750,#1350);
#1115=LINE('',#2754,#1351);
#1116=LINE('',#2757,#1352);
#1117=LINE('',#2761,#1353);
#1118=LINE('',#2762,#1354);
#1119=LINE('',#2764,#1355);
#1120=LINE('',#2766,#1356);
#1121=LINE('',#2768,#1357);
#1122=LINE('',#2770,#1358);
#1123=LINE('',#2772,#1359);
#1124=LINE('',#2775,#1360);
#1125=LINE('',#2777,#1361);
#1126=LINE('',#2779,#1362);
#1127=LINE('',#2780,#1363);
#1128=LINE('',#2781,#1364);
#1129=LINE('',#2783,#1365);
#1130=LINE('',#2785,#1366);
#1131=LINE('',#2787,#1367);
#1132=LINE('',#2789,#1368);
#1133=LINE('',#2791,#1369);
#1134=LINE('',#2792,#1370);
#1135=LINE('',#2794,#1371);
#1136=LINE('',#2796,#1372);
#1137=LINE('',#2798,#1373);
#1138=LINE('',#2799,#1374);
#1139=LINE('',#2801,#1375);
#1140=LINE('',#2802,#1376);
#1141=LINE('',#2804,#1377);
#1142=LINE('',#2806,#1378);
#1143=LINE('',#2808,#1379);
#1144=LINE('',#2809,#1380);
#1145=LINE('',#2811,#1381);
#1146=LINE('',#2813,#1382);
#1147=LINE('',#2815,#1383);
#1148=LINE('',#2817,#1384);
#1149=LINE('',#2819,#1385);
#1150=LINE('',#2821,#1386);
#1151=LINE('',#2831,#1387);
#1152=LINE('',#2833,#1388);
#1153=LINE('',#2835,#1389);
#1154=LINE('',#2837,#1390);
#1155=LINE('',#2839,#1391);
#1156=LINE('',#2841,#1392);
#1157=LINE('',#2842,#1393);
#1158=LINE('',#2844,#1394);
#1159=LINE('',#2845,#1395);
#1160=LINE('',#2847,#1396);
#1161=LINE('',#2849,#1397);
#1162=LINE('',#2851,#1398);
#1163=LINE('',#2853,#1399);
#1164=LINE('',#2854,#1400);
#1165=LINE('',#2856,#1401);
#1166=LINE('',#2858,#1402);
#1167=LINE('',#2860,#1403);
#1168=LINE('',#2861,#1404);
#1169=LINE('',#2863,#1405);
#1170=LINE('',#2865,#1406);
#1171=LINE('',#2867,#1407);
#1172=LINE('',#2869,#1408);
#1173=LINE('',#2871,#1409);
#1174=LINE('',#2873,#1410);
#1175=LINE('',#2875,#1411);
#1176=LINE('',#2878,#1412);
#1177=LINE('',#2881,#1413);
#1178=LINE('',#2882,#1414);
#1179=LINE('',#2885,#1415);
#1180=LINE('',#2887,#1416);
#1181=LINE('',#2889,#1417);
#1182=LINE('',#2891,#1418);
#1183=LINE('',#2893,#1419);
#1184=LINE('',#2895,#1420);
#1185=LINE('',#2896,#1421);
#1186=LINE('',#2898,#1422);
#1187=LINE('',#2900,#1423);
#1188=LINE('',#2902,#1424);
#1189=LINE('',#2903,#1425);
#1190=LINE('',#2905,#1426);
#1191=LINE('',#2906,#1427);
#1192=LINE('',#2910,#1428);
#1193=LINE('',#2912,#1429);
#1194=LINE('',#2914,#1430);
#1195=LINE('',#2916,#1431);
#1196=LINE('',#2918,#1432);
#1197=LINE('',#2920,#1433);
#1198=LINE('',#2923,#1434);
#1199=LINE('',#2925,#1435);
#1200=LINE('',#2927,#1436);
#1201=LINE('',#2934,#1437);
#1202=LINE('',#2935,#1438);
#1203=LINE('',#2939,#1439);
#1204=LINE('',#2940,#1440);
#1205=LINE('',#2942,#1441);
#1206=LINE('',#2943,#1442);
#1207=LINE('',#2945,#1443);
#1208=LINE('',#2947,#1444);
#1209=LINE('',#2949,#1445);
#1210=LINE('',#2951,#1446);
#1211=LINE('',#2953,#1447);
#1212=LINE('',#2955,#1448);
#1213=LINE('',#2957,#1449);
#1214=LINE('',#2959,#1450);
#1215=LINE('',#2960,#1451);
#1216=LINE('',#2962,#1452);
#1217=LINE('',#2964,#1453);
#1218=LINE('',#2965,#1454);
#1219=LINE('',#2967,#1455);
#1220=LINE('',#2969,#1456);
#1221=LINE('',#2971,#1457);
#1222=LINE('',#2973,#1458);
#1223=LINE('',#2975,#1459);
#1224=LINE('',#2976,#1460);
#1225=LINE('',#2986,#1461);
#1226=LINE('',#2988,#1462);
#1227=LINE('',#2990,#1463);
#1228=LINE('',#2996,#1464);
#1229=LINE('',#2998,#1465);
#1230=LINE('',#3000,#1466);
#1231=LINE('',#3005,#1467);
#1232=LINE('',#3007,#1468);
#1233=LINE('',#3009,#1469);
#1234=LINE('',#3014,#1470);
#1235=LINE('',#3016,#1471);
#1236=LINE('',#3018,#1472);
#1237=LINE('',#3023,#1473);
#1238=LINE('',#3025,#1474);
#1239=LINE('',#3027,#1475);
#1240=LINE('',#3034,#1476);
#1241=LINE('',#3036,#1477);
#1242=LINE('',#3038,#1478);
#1243=LINE('',#3040,#1479);
#1244=LINE('',#3042,#1480);
#1245=LINE('',#3043,#1481);
#1246=LINE('',#3048,#1482);
#1247=LINE('',#3051,#1483);
#1248=LINE('',#3053,#1484);
#1249=LINE('',#3055,#1485);
#1250=LINE('',#3057,#1486);
#1251=LINE('',#3059,#1487);
#1252=LINE('',#3061,#1488);
#1253=LINE('',#3063,#1489);
#1254=LINE('',#3065,#1490);
#1255=LINE('',#3067,#1491);
#1256=LINE('',#3069,#1492);
#1257=LINE('',#3070,#1493);
#1258=VECTOR('',#2069,1.);
#1259=VECTOR('',#2070,1.);
#1260=VECTOR('',#2071,1.);
#1261=VECTOR('',#2072,1.);
#1262=VECTOR('',#2075,1.);
#1263=VECTOR('',#2076,1.);
#1264=VECTOR('',#2077,1.);
#1265=VECTOR('',#2078,1.);
#1266=VECTOR('',#2079,1.);
#1267=VECTOR('',#2080,1.);
#1268=VECTOR('',#2081,1.);
#1269=VECTOR('',#2082,1.);
#1270=VECTOR('',#2085,1.);
#1271=VECTOR('',#2086,1.);
#1272=VECTOR('',#2087,1.);
#1273=VECTOR('',#2088,1.);
#1274=VECTOR('',#2089,1.);
#1275=VECTOR('',#2090,1.);
#1276=VECTOR('',#2091,1.);
#1277=VECTOR('',#2092,1.);
#1278=VECTOR('',#2093,1.);
#1279=VECTOR('',#2094,1.);
#1280=VECTOR('',#2097,1.);
#1281=VECTOR('',#2098,1.);
#1282=VECTOR('',#2099,1.);
#1283=VECTOR('',#2100,1.);
#1284=VECTOR('',#2101,1.);
#1285=VECTOR('',#2104,1.);
#1286=VECTOR('',#2105,1.);
#1287=VECTOR('',#2106,1.);
#1288=VECTOR('',#2107,1.);
#1289=VECTOR('',#2110,1.);
#1290=VECTOR('',#2111,1.);
#1291=VECTOR('',#2112,1.);
#1292=VECTOR('',#2113,1.);
#1293=VECTOR('',#2114,1.);
#1294=VECTOR('',#2117,1.);
#1295=VECTOR('',#2118,1.);
#1296=VECTOR('',#2119,1.);
#1297=VECTOR('',#2120,1.);
#1298=VECTOR('',#2121,1.);
#1299=VECTOR('',#2122,1.);
#1300=VECTOR('',#2123,1.);
#1301=VECTOR('',#2124,1.);
#1302=VECTOR('',#2127,1.);
#1303=VECTOR('',#2128,1.);
#1304=VECTOR('',#2129,1.);
#1305=VECTOR('',#2130,1.);
#1306=VECTOR('',#2131,1.);
#1307=VECTOR('',#2132,1.);
#1308=VECTOR('',#2137,1.);
#1309=VECTOR('',#2140,1.);
#1310=VECTOR('',#2143,1.);
#1311=VECTOR('',#2146,1.);
#1312=VECTOR('',#2149,1.);
#1313=VECTOR('',#2150,1.);
#1314=VECTOR('',#2151,1.);
#1315=VECTOR('',#2152,1.);
#1316=VECTOR('',#2155,1.);
#1317=VECTOR('',#2156,1.);
#1318=VECTOR('',#2157,1.);
#1319=VECTOR('',#2158,1.);
#1320=VECTOR('',#2159,1.);
#1321=VECTOR('',#2162,1.);
#1322=VECTOR('',#2163,1.);
#1323=VECTOR('',#2164,1.);
#1324=VECTOR('',#2165,1.);
#1325=VECTOR('',#2166,1.);
#1326=VECTOR('',#2169,1.);
#1327=VECTOR('',#2170,1.);
#1328=VECTOR('',#2171,1.);
#1329=VECTOR('',#2174,1.);
#1330=VECTOR('',#2175,1.);
#1331=VECTOR('',#2178,1.);
#1332=VECTOR('',#2179,1.);
#1333=VECTOR('',#2182,1.);
#1334=VECTOR('',#2183,1.);
#1335=VECTOR('',#2184,1.);
#1336=VECTOR('',#2185,1.);
#1337=VECTOR('',#2186,1.);
#1338=VECTOR('',#2187,1.);
#1339=VECTOR('',#2188,1.);
#1340=VECTOR('',#2189,1.);
#1341=VECTOR('',#2190,1.);
#1342=VECTOR('',#2191,1.);
#1343=VECTOR('',#2192,1.);
#1344=VECTOR('',#2193,1.);
#1345=VECTOR('',#2194,1.);
#1346=VECTOR('',#2195,1.);
#1347=VECTOR('',#2198,1.);
#1348=VECTOR('',#2199,1.);
#1349=VECTOR('',#2202,1.);
#1350=VECTOR('',#2205,1.);
#1351=VECTOR('',#2208,1.);
#1352=VECTOR('',#2211,1.);
#1353=VECTOR('',#2216,1.);
#1354=VECTOR('',#2217,1.);
#1355=VECTOR('',#2218,1.);
#1356=VECTOR('',#2221,1.);
#1357=VECTOR('',#2222,1.);
#1358=VECTOR('',#2223,1.);
#1359=VECTOR('',#2226,1.);
#1360=VECTOR('',#2227,1.);
#1361=VECTOR('',#2228,1.);
#1362=VECTOR('',#2229,1.);
#1363=VECTOR('',#2230,1.);
#1364=VECTOR('',#2231,1.);
#1365=VECTOR('',#2232,1.);
#1366=VECTOR('',#2233,1.);
#1367=VECTOR('',#2234,1.);
#1368=VECTOR('',#2235,1.);
#1369=VECTOR('',#2236,1.);
#1370=VECTOR('',#2237,1.);
#1371=VECTOR('',#2238,1.);
#1372=VECTOR('',#2239,1.);
#1373=VECTOR('',#2242,1.);
#1374=VECTOR('',#2243,1.);
#1375=VECTOR('',#2246,1.);
#1376=VECTOR('',#2247,1.);
#1377=VECTOR('',#2248,1.);
#1378=VECTOR('',#2249,1.);
#1379=VECTOR('',#2250,1.);
#1380=VECTOR('',#2251,1.);
#1381=VECTOR('',#2252,1.);
#1382=VECTOR('',#2253,1.);
#1383=VECTOR('',#2254,1.);
#1384=VECTOR('',#2255,1.);
#1385=VECTOR('',#2256,1.);
#1386=VECTOR('',#2259,1.);
#1387=VECTOR('',#2270,1.);
#1388=VECTOR('',#2271,1.);
#1389=VECTOR('',#2272,1.);
#1390=VECTOR('',#2273,1.);
#1391=VECTOR('',#2274,1.);
#1392=VECTOR('',#2275,1.);
#1393=VECTOR('',#2276,1.);
#1394=VECTOR('',#2277,1.);
#1395=VECTOR('',#2278,1.);
#1396=VECTOR('',#2279,1.);
#1397=VECTOR('',#2280,1.);
#1398=VECTOR('',#2283,1.);
#1399=VECTOR('',#2284,1.);
#1400=VECTOR('',#2285,1.);
#1401=VECTOR('',#2286,1.);
#1402=VECTOR('',#2289,1.);
#1403=VECTOR('',#2290,1.);
#1404=VECTOR('',#2291,1.);
#1405=VECTOR('',#2292,1.);
#1406=VECTOR('',#2295,1.);
#1407=VECTOR('',#2296,1.);
#1408=VECTOR('',#2299,1.);
#1409=VECTOR('',#2300,1.);
#1410=VECTOR('',#2303,1.);
#1411=VECTOR('',#2306,1.);
#1412=VECTOR('',#2311,1.);
#1413=VECTOR('',#2312,1.);
#1414=VECTOR('',#2313,1.);
#1415=VECTOR('',#2318,1.);
#1416=VECTOR('',#2321,1.);
#1417=VECTOR('',#2324,1.);
#1418=VECTOR('',#2325,1.);
#1419=VECTOR('',#2326,1.);
#1420=VECTOR('',#2329,1.);
#1421=VECTOR('',#2330,1.);
#1422=VECTOR('',#2333,1.);
#1423=VECTOR('',#2336,1.);
#1424=VECTOR('',#2339,1.);
#1425=VECTOR('',#2340,1.);
#1426=VECTOR('',#2343,1.);
#1427=VECTOR('',#2344,1.);
#1428=VECTOR('',#2351,1.);
#1429=VECTOR('',#2354,1.);
#1430=VECTOR('',#2357,1.);
#1431=VECTOR('',#2360,1.);
#1432=VECTOR('',#2361,1.);
#1433=VECTOR('',#2364,1.);
#1434=VECTOR('',#2369,1.);
#1435=VECTOR('',#2370,1.);
#1436=VECTOR('',#2373,1.);
#1437=VECTOR('',#2380,1.);
#1438=VECTOR('',#2381,1.);
#1439=VECTOR('',#2384,1.);
#1440=VECTOR('',#2385,1.);
#1441=VECTOR('',#2386,1.);
#1442=VECTOR('',#2387,1.);
#1443=VECTOR('',#2388,1.);
#1444=VECTOR('',#2391,1.);
#1445=VECTOR('',#2392,1.);
#1446=VECTOR('',#2393,1.);
#1447=VECTOR('',#2396,1.);
#1448=VECTOR('',#2397,1.);
#1449=VECTOR('',#2398,1.);
#1450=VECTOR('',#2399,1.);
#1451=VECTOR('',#2400,1.);
#1452=VECTOR('',#2403,1.);
#1453=VECTOR('',#2404,1.);
#1454=VECTOR('',#2405,1.);
#1455=VECTOR('',#2406,1.);
#1456=VECTOR('',#2407,1.);
#1457=VECTOR('',#2410,1.);
#1458=VECTOR('',#2411,1.);
#1459=VECTOR('',#2412,1.);
#1460=VECTOR('',#2413,1.);
#1461=VECTOR('',#2430,1.);
#1462=VECTOR('',#2431,1.);
#1463=VECTOR('',#2434,1.);
#1464=VECTOR('',#2443,1.);
#1465=VECTOR('',#2444,1.);
#1466=VECTOR('',#2447,1.);
#1467=VECTOR('',#2454,1.);
#1468=VECTOR('',#2455,1.);
#1469=VECTOR('',#2458,1.);
#1470=VECTOR('',#2465,1.);
#1471=VECTOR('',#2466,1.);
#1472=VECTOR('',#2469,1.);
#1473=VECTOR('',#2476,1.);
#1474=VECTOR('',#2477,1.);
#1475=VECTOR('',#2480,1.);
#1476=VECTOR('',#2493,1.);
#1477=VECTOR('',#2494,1.);
#1478=VECTOR('',#2497,1.);
#1479=VECTOR('',#2498,1.);
#1480=VECTOR('',#2501,1.);
#1481=VECTOR('',#2502,1.);
#1482=VECTOR('',#2511,1.);
#1483=VECTOR('',#2512,1.);
#1484=VECTOR('',#2513,1.);
#1485=VECTOR('',#2514,1.);
#1486=VECTOR('',#2517,1.);
#1487=VECTOR('',#2518,1.);
#1488=VECTOR('',#2519,1.);
#1489=VECTOR('',#2522,1.);
#1490=VECTOR('',#2523,1.);
#1491=VECTOR('',#2524,1.);
#1492=VECTOR('',#2527,1.);
#1493=VECTOR('',#2528,1.);
#1494=EDGE_LOOP('',(#54,#55,#56,#57));
#1495=EDGE_LOOP('',(#58,#59,#60,#61,#62,#63,#64,#65));
#1496=EDGE_LOOP('',(#66,#67,#68,#69,#70,#71,#72,#73,#74,#75));
#1497=EDGE_LOOP('',(#76,#77,#78,#79,#80,#81));
#1498=EDGE_LOOP('',(#82,#83,#84,#85));
#1499=EDGE_LOOP('',(#86,#87,#88,#89,#90));
#1500=EDGE_LOOP('',(#91,#92,#93,#94,#95,#96,#97,#98,#99,#100,#101,#102,
#103));
#1501=EDGE_LOOP('',(#104,#105,#106,#107,#108,#109,#110,#111));
#1502=EDGE_LOOP('',(#112,#113,#114,#115,#116,#117,#118,#119));
#1503=EDGE_LOOP('',(#120,#121,#122,#123));
#1504=EDGE_LOOP('',(#124,#125,#126,#127,#128,#129));
#1505=EDGE_LOOP('',(#130,#131,#132,#133,#134,#135));
#1506=EDGE_LOOP('',(#136,#137,#138,#139));
#1507=EDGE_LOOP('',(#140,#141,#142,#143));
#1508=EDGE_LOOP('',(#144,#145,#146,#147));
#1509=EDGE_LOOP('',(#148,#149,#150,#151,#152,#153,#154,#155,#156,#157,#158,
#159,#160,#161,#162,#163));
#1510=EDGE_LOOP('',(#164,#165,#166,#167,#168));
#1511=EDGE_LOOP('',(#169,#170,#171,#172,#173,#174,#175,#176));
#1512=EDGE_LOOP('',(#177,#178,#179,#180,#181,#182));
#1513=EDGE_LOOP('',(#183,#184,#185,#186,#187));
#1514=EDGE_LOOP('',(#188,#189,#190,#191));
#1515=EDGE_LOOP('',(#192,#193,#194,#195));
#1516=EDGE_LOOP('',(#196,#197,#198,#199,#200,#201,#202,#203,#204,#205,#206));
#1517=EDGE_LOOP('',(#207,#208,#209,#210,#211,#212));
#1518=EDGE_LOOP('',(#213,#214,#215,#216,#217,#218,#219,#220,#221,#222,#223,
#224,#225,#226));
#1519=EDGE_LOOP('',(#227,#228,#229,#230));
#1520=EDGE_LOOP('',(#231));
#1521=EDGE_LOOP('',(#232));
#1522=EDGE_LOOP('',(#233));
#1523=EDGE_LOOP('',(#234));
#1524=EDGE_LOOP('',(#235,#236,#237,#238,#239,#240,#241,#242,#243,#244,#245,
#246,#247,#248));
#1525=EDGE_LOOP('',(#249,#250,#251,#252,#253,#254,#255,#256,#257));
#1526=EDGE_LOOP('',(#258,#259,#260,#261,#262));
#1527=EDGE_LOOP('',(#263,#264,#265,#266,#267,#268));
#1528=EDGE_LOOP('',(#269,#270,#271,#272,#273));
#1529=EDGE_LOOP('',(#274,#275,#276,#277));
#1530=EDGE_LOOP('',(#278,#279,#280,#281));
#1531=EDGE_LOOP('',(#282,#283,#284,#285));
#1532=EDGE_LOOP('',(#286,#287,#288,#289));
#1533=EDGE_LOOP('',(#290,#291,#292,#293));
#1534=EDGE_LOOP('',(#294,#295,#296,#297));
#1535=EDGE_LOOP('',(#298,#299,#300,#301));
#1536=EDGE_LOOP('',(#302,#303,#304,#305));
#1537=EDGE_LOOP('',(#306,#307,#308,#309,#310,#311));
#1538=EDGE_LOOP('',(#312,#313,#314,#315));
#1539=EDGE_LOOP('',(#316,#317,#318,#319,#320,#321));
#1540=EDGE_LOOP('',(#322,#323,#324,#325));
#1541=EDGE_LOOP('',(#326,#327,#328,#329));
#1542=EDGE_LOOP('',(#330,#331,#332,#333,#334,#335,#336,#337));
#1543=EDGE_LOOP('',(#338,#339,#340,#341,#342,#343,#344,#345));
#1544=EDGE_LOOP('',(#346,#347,#348,#349));
#1545=EDGE_LOOP('',(#350,#351,#352,#353,#354));
#1546=EDGE_LOOP('',(#355,#356,#357,#358));
#1547=EDGE_LOOP('',(#359,#360,#361,#362));
#1548=EDGE_LOOP('',(#363,#364,#365,#366,#367,#368));
#1549=EDGE_LOOP('',(#369,#370,#371,#372));
#1550=EDGE_LOOP('',(#373,#374,#375,#376));
#1551=EDGE_LOOP('',(#377,#378,#379,#380,#381));
#1552=EDGE_LOOP('',(#382));
#1553=EDGE_LOOP('',(#383,#384,#385,#386,#387,#388));
#1554=EDGE_LOOP('',(#389,#390,#391,#392,#393,#394,#395,#396,#397,#398,#399,
#400));
#1555=EDGE_LOOP('',(#401,#402,#403,#404));
#1556=EDGE_LOOP('',(#405,#406,#407,#408,#409,#410,#411,#412,#413,#414));
#1557=EDGE_LOOP('',(#415,#416,#417,#418,#419,#420,#421,#422,#423,#424));
#1558=EDGE_LOOP('',(#425,#426,#427,#428,#429,#430,#431,#432));
#1559=EDGE_LOOP('',(#433,#434,#435,#436));
#1560=EDGE_LOOP('',(#437,#438,#439));
#1561=EDGE_LOOP('',(#440,#441,#442,#443));
#1562=EDGE_LOOP('',(#444,#445,#446));
#1563=EDGE_LOOP('',(#447));
#1564=EDGE_LOOP('',(#448,#449,#450,#451));
#1565=EDGE_LOOP('',(#452,#453,#454,#455));
#1566=EDGE_LOOP('',(#456,#457,#458,#459));
#1567=EDGE_LOOP('',(#460));
#1568=EDGE_LOOP('',(#461));
#1569=EDGE_LOOP('',(#462));
#1570=EDGE_LOOP('',(#463,#464,#465,#466));
#1571=EDGE_LOOP('',(#467,#468,#469,#470));
#1572=EDGE_LOOP('',(#471,#472,#473,#474));
#1573=EDGE_LOOP('',(#475));
#1574=EDGE_LOOP('',(#476,#477,#478,#479));
#1575=EDGE_LOOP('',(#480,#481,#482,#483));
#1576=EDGE_LOOP('',(#484,#485,#486,#487));
#1577=EDGE_LOOP('',(#488));
#1578=EDGE_LOOP('',(#489,#490,#491,#492));
#1579=EDGE_LOOP('',(#493,#494,#495,#496));
#1580=EDGE_LOOP('',(#497,#498,#499,#500));
#1581=EDGE_LOOP('',(#501));
#1582=EDGE_LOOP('',(#502,#503,#504,#505));
#1583=EDGE_LOOP('',(#506,#507,#508,#509));
#1584=EDGE_LOOP('',(#510,#511,#512,#513));
#1585=EDGE_LOOP('',(#514));
#1586=EDGE_LOOP('',(#515));
#1587=EDGE_LOOP('',(#516));
#1588=EDGE_LOOP('',(#517));
#1589=EDGE_LOOP('',(#518));
#1590=EDGE_LOOP('',(#519));
#1591=EDGE_LOOP('',(#520));
#1592=EDGE_LOOP('',(#521));
#1593=EDGE_LOOP('',(#522,#523,#524,#525));
#1594=EDGE_LOOP('',(#526,#527,#528,#529));
#1595=EDGE_LOOP('',(#530,#531,#532,#533,#534,#535,#536,#537));
#1596=EDGE_LOOP('',(#538,#539,#540,#541));
#1597=EDGE_LOOP('',(#542,#543,#544,#545));
#1598=EDGE_LOOP('',(#546,#547,#548,#549));
#1599=EDGE_LOOP('',(#550,#551,#552,#553));
#1600=EDGE_LOOP('',(#554,#555,#556,#557));
#1601=EDGE_LOOP('',(#558,#559,#560,#561));
#1602=EDGE_LOOP('',(#562));
#1603=EDGE_LOOP('',(#563));
#1604=EDGE_LOOP('',(#564));
#1605=EDGE_LOOP('',(#565,#566,#567,#568));
#1606=EDGE_LOOP('',(#569));
#1607=EDGE_LOOP('',(#570));
#1608=EDGE_LOOP('',(#571));
#1609=EDGE_LOOP('',(#572,#573,#574,#575));
#1610=EDGE_LOOP('',(#576));
#1611=EDGE_LOOP('',(#577));
#1612=EDGE_LOOP('',(#578));
#1613=EDGE_LOOP('',(#579));
#1614=EDGE_LOOP('',(#580));
#1615=EDGE_LOOP('',(#581));
#1616=FACE_BOUND('',#1494,.T.);
#1617=FACE_BOUND('',#1495,.T.);
#1618=FACE_BOUND('',#1496,.T.);
#1619=FACE_BOUND('',#1497,.T.);
#1620=FACE_BOUND('',#1498,.T.);
#1621=FACE_BOUND('',#1499,.T.);
#1622=FACE_BOUND('',#1500,.T.);
#1623=FACE_BOUND('',#1501,.T.);
#1624=FACE_BOUND('',#1502,.T.);
#1625=FACE_BOUND('',#1503,.T.);
#1626=FACE_BOUND('',#1504,.T.);
#1627=FACE_BOUND('',#1505,.T.);
#1628=FACE_BOUND('',#1506,.T.);
#1629=FACE_BOUND('',#1507,.T.);
#1630=FACE_BOUND('',#1508,.T.);
#1631=FACE_BOUND('',#1509,.T.);
#1632=FACE_BOUND('',#1510,.T.);
#1633=FACE_BOUND('',#1511,.T.);
#1634=FACE_BOUND('',#1512,.T.);
#1635=FACE_BOUND('',#1513,.T.);
#1636=FACE_BOUND('',#1514,.T.);
#1637=FACE_BOUND('',#1515,.T.);
#1638=FACE_BOUND('',#1516,.T.);
#1639=FACE_BOUND('',#1517,.T.);
#1640=FACE_BOUND('',#1518,.T.);
#1641=FACE_BOUND('',#1519,.T.);
#1642=FACE_BOUND('',#1520,.T.);
#1643=FACE_BOUND('',#1521,.T.);
#1644=FACE_BOUND('',#1522,.T.);
#1645=FACE_BOUND('',#1523,.T.);
#1646=FACE_BOUND('',#1524,.T.);
#1647=FACE_BOUND('',#1525,.T.);
#1648=FACE_BOUND('',#1526,.T.);
#1649=FACE_BOUND('',#1527,.T.);
#1650=FACE_BOUND('',#1528,.T.);
#1651=FACE_BOUND('',#1529,.T.);
#1652=FACE_BOUND('',#1530,.T.);
#1653=FACE_BOUND('',#1531,.T.);
#1654=FACE_BOUND('',#1532,.T.);
#1655=FACE_BOUND('',#1533,.T.);
#1656=FACE_BOUND('',#1534,.T.);
#1657=FACE_BOUND('',#1535,.T.);
#1658=FACE_BOUND('',#1536,.T.);
#1659=FACE_BOUND('',#1537,.T.);
#1660=FACE_BOUND('',#1538,.T.);
#1661=FACE_BOUND('',#1539,.T.);
#1662=FACE_BOUND('',#1540,.T.);
#1663=FACE_BOUND('',#1541,.T.);
#1664=FACE_BOUND('',#1542,.T.);
#1665=FACE_BOUND('',#1543,.T.);
#1666=FACE_BOUND('',#1544,.T.);
#1667=FACE_BOUND('',#1545,.T.);
#1668=FACE_BOUND('',#1546,.T.);
#1669=FACE_BOUND('',#1547,.T.);
#1670=FACE_BOUND('',#1548,.T.);
#1671=FACE_BOUND('',#1549,.T.);
#1672=FACE_BOUND('',#1550,.T.);
#1673=FACE_BOUND('',#1551,.T.);
#1674=FACE_BOUND('',#1552,.T.);
#1675=FACE_BOUND('',#1553,.T.);
#1676=FACE_BOUND('',#1554,.T.);
#1677=FACE_BOUND('',#1555,.T.);
#1678=FACE_BOUND('',#1556,.T.);
#1679=FACE_BOUND('',#1557,.T.);
#1680=FACE_BOUND('',#1558,.T.);
#1681=FACE_BOUND('',#1559,.T.);
#1682=FACE_BOUND('',#1560,.T.);
#1683=FACE_BOUND('',#1561,.T.);
#1684=FACE_BOUND('',#1562,.T.);
#1685=FACE_BOUND('',#1563,.T.);
#1686=FACE_BOUND('',#1564,.T.);
#1687=FACE_BOUND('',#1565,.T.);
#1688=FACE_BOUND('',#1566,.T.);
#1689=FACE_BOUND('',#1567,.T.);
#1690=FACE_BOUND('',#1568,.T.);
#1691=FACE_BOUND('',#1569,.T.);
#1692=FACE_BOUND('',#1570,.T.);
#1693=FACE_BOUND('',#1571,.T.);
#1694=FACE_BOUND('',#1572,.T.);
#1695=FACE_BOUND('',#1573,.T.);
#1696=FACE_BOUND('',#1574,.T.);
#1697=FACE_BOUND('',#1575,.T.);
#1698=FACE_BOUND('',#1576,.T.);
#1699=FACE_BOUND('',#1577,.T.);
#1700=FACE_BOUND('',#1578,.T.);
#1701=FACE_BOUND('',#1579,.T.);
#1702=FACE_BOUND('',#1580,.T.);
#1703=FACE_BOUND('',#1581,.T.);
#1704=FACE_BOUND('',#1582,.T.);
#1705=FACE_BOUND('',#1583,.T.);
#1706=FACE_BOUND('',#1584,.T.);
#1707=FACE_BOUND('',#1585,.T.);
#1708=FACE_BOUND('',#1586,.T.);
#1709=FACE_BOUND('',#1587,.T.);
#1710=FACE_BOUND('',#1588,.T.);
#1711=FACE_BOUND('',#1589,.T.);
#1712=FACE_BOUND('',#1590,.T.);
#1713=FACE_BOUND('',#1591,.T.);
#1714=FACE_BOUND('',#1592,.T.);
#1715=FACE_BOUND('',#1593,.T.);
#1716=FACE_BOUND('',#1594,.T.);
#1717=FACE_BOUND('',#1595,.T.);
#1718=FACE_BOUND('',#1596,.T.);
#1719=FACE_BOUND('',#1597,.T.);
#1720=FACE_BOUND('',#1598,.T.);
#1721=FACE_BOUND('',#1599,.T.);
#1722=FACE_BOUND('',#1600,.T.);
#1723=FACE_BOUND('',#1601,.T.);
#1724=FACE_BOUND('',#1602,.T.);
#1725=FACE_BOUND('',#1603,.T.);
#1726=FACE_BOUND('',#1604,.T.);
#1727=FACE_BOUND('',#1605,.T.);
#1728=FACE_BOUND('',#1606,.T.);
#1729=FACE_BOUND('',#1607,.T.);
#1730=FACE_BOUND('',#1608,.T.);
#1731=FACE_BOUND('',#1609,.T.);
#1732=FACE_BOUND('',#1610,.T.);
#1733=FACE_BOUND('',#1611,.T.);
#1734=FACE_BOUND('',#1612,.T.);
#1735=FACE_BOUND('',#1613,.T.);
#1736=FACE_BOUND('',#1614,.T.);
#1737=FACE_BOUND('',#1615,.T.);
#1738=PLANE('',#1941);
#1739=PLANE('',#1942);
#1740=PLANE('',#1943);
#1741=PLANE('',#1944);
#1742=PLANE('',#1945);
#1743=PLANE('',#1946);
#1744=PLANE('',#1947);
#1745=PLANE('',#1948);
#1746=PLANE('',#1954);
#1747=PLANE('',#1955);
#1748=PLANE('',#1956);
#1749=PLANE('',#1957);
#1750=PLANE('',#1958);
#1751=PLANE('',#1959);
#1752=PLANE('',#1960);
#1753=PLANE('',#1961);
#1754=PLANE('',#1967);
#1755=PLANE('',#1968);
#1756=PLANE('',#1969);
#1757=PLANE('',#1970);
#1758=PLANE('',#1971);
#1759=PLANE('',#1972);
#1760=PLANE('',#1973);
#1761=PLANE('',#1978);
#1762=PLANE('',#1979);
#1763=PLANE('',#1980);
#1764=PLANE('',#1981);
#1765=PLANE('',#1982);
#1766=PLANE('',#1983);
#1767=PLANE('',#1984);
#1768=PLANE('',#1985);
#1769=PLANE('',#1986);
#1770=PLANE('',#1987);
#1771=PLANE('',#1988);
#1772=PLANE('',#1989);
#1773=PLANE('',#1990);
#1774=PLANE('',#1991);
#1775=PLANE('',#1992);
#1776=PLANE('',#1993);
#1777=PLANE('',#1994);
#1778=PLANE('',#1995);
#1779=PLANE('',#1996);
#1780=PLANE('',#1997);
#1781=PLANE('',#1998);
#1782=PLANE('',#1999);
#1783=PLANE('',#2000);
#1784=PLANE('',#2001);
#1785=PLANE('',#2002);
#1786=PLANE('',#2003);
#1787=PLANE('',#2004);
#1788=PLANE('',#2005);
#1789=PLANE('',#2009);
#1790=PLANE('',#2010);
#1791=PLANE('',#2011);
#1792=PLANE('',#2012);
#1793=PLANE('',#2015);
#1794=PLANE('',#2018);
#1795=PLANE('',#2019);
#1796=PLANE('',#2021);
#1797=PLANE('',#2022);
#1798=PLANE('',#2024);
#1799=PLANE('',#2026);
#1800=PLANE('',#2027);
#1801=PLANE('',#2028);
#1802=PLANE('',#2030);
#1803=PLANE('',#2031);
#1804=PLANE('',#2032);
#1805=PLANE('',#2034);
#1806=PLANE('',#2035);
#1807=PLANE('',#2036);
#1808=PLANE('',#2038);
#1809=PLANE('',#2039);
#1810=PLANE('',#2044);
#1811=PLANE('',#2045);
#1812=PLANE('',#2046);
#1813=PLANE('',#2047);
#1814=PLANE('',#2048);
#1815=PLANE('',#2050);
#1816=PLANE('',#2051);
#1817=PLANE('',#2052);
#1818=PLANE('',#2053);
#1819=PLANE('',#2054);
#1820=PLANE('',#2058);
#1821=ADVANCED_FACE('',(#1616),#1738,.T.);
#1822=ADVANCED_FACE('',(#1617),#1739,.T.);
#1823=ADVANCED_FACE('',(#1618),#1740,.T.);
#1824=ADVANCED_FACE('',(#1619),#1741,.T.);
#1825=ADVANCED_FACE('',(#1620),#1742,.T.);
#1826=ADVANCED_FACE('',(#1621),#1743,.T.);
#1827=ADVANCED_FACE('',(#1622),#1744,.T.);
#1828=ADVANCED_FACE('',(#1623),#1745,.F.);
#1829=ADVANCED_FACE('',(#1624),#42,.F.);
#1830=ADVANCED_FACE('',(#1625),#1746,.T.);
#1831=ADVANCED_FACE('',(#1626),#1747,.T.);
#1832=ADVANCED_FACE('',(#1627),#1748,.F.);
#1833=ADVANCED_FACE('',(#1628),#1749,.F.);
#1834=ADVANCED_FACE('',(#1629),#1750,.F.);
#1835=ADVANCED_FACE('',(#1630),#1751,.T.);
#1836=ADVANCED_FACE('',(#1631),#1752,.T.);
#1837=ADVANCED_FACE('',(#1632),#1753,.F.);
#1838=ADVANCED_FACE('',(#1633),#43,.F.);
#1839=ADVANCED_FACE('',(#1634),#1754,.F.);
#1840=ADVANCED_FACE('',(#1635),#1755,.F.);
#1841=ADVANCED_FACE('',(#1636,#1637,#1638),#1756,.F.);
#1842=ADVANCED_FACE('',(#1639),#1757,.F.);
#1843=ADVANCED_FACE('',(#1640),#1758,.T.);
#1844=ADVANCED_FACE('',(#1641),#1759,.F.);
#1845=ADVANCED_FACE('',(#1642,#1643,#1644,#1645,#1646),#1760,.T.);
#1846=ADVANCED_FACE('',(#1647),#1761,.F.);
#1847=ADVANCED_FACE('',(#1648),#1762,.T.);
#1848=ADVANCED_FACE('',(#1649),#1763,.F.);
#1849=ADVANCED_FACE('',(#1650),#1764,.F.);
#1850=ADVANCED_FACE('',(#1651),#1765,.T.);
#1851=ADVANCED_FACE('',(#1652),#1766,.T.);
#1852=ADVANCED_FACE('',(#1653),#1767,.F.);
#1853=ADVANCED_FACE('',(#1654),#1768,.T.);
#1854=ADVANCED_FACE('',(#1655),#1769,.F.);
#1855=ADVANCED_FACE('',(#1656),#1770,.T.);
#1856=ADVANCED_FACE('',(#1657),#1771,.F.);
#1857=ADVANCED_FACE('',(#1658),#1772,.F.);
#1858=ADVANCED_FACE('',(#1659),#1773,.F.);
#1859=ADVANCED_FACE('',(#1660),#1774,.T.);
#1860=ADVANCED_FACE('',(#1661),#1775,.T.);
#1861=ADVANCED_FACE('',(#1662),#1776,.T.);
#1862=ADVANCED_FACE('',(#1663),#1777,.F.);
#1863=ADVANCED_FACE('',(#1664),#1778,.F.);
#1864=ADVANCED_FACE('',(#1665),#1779,.T.);
#1865=ADVANCED_FACE('',(#1666),#1780,.F.);
#1866=ADVANCED_FACE('',(#1667),#1781,.F.);
#1867=ADVANCED_FACE('',(#1668),#1782,.T.);
#1868=ADVANCED_FACE('',(#1669),#1783,.F.);
#1869=ADVANCED_FACE('',(#1670),#1784,.F.);
#1870=ADVANCED_FACE('',(#1671),#1785,.T.);
#1871=ADVANCED_FACE('',(#1672),#1786,.T.);
#1872=ADVANCED_FACE('',(#1673),#1787,.T.);
#1873=ADVANCED_FACE('',(#1674,#1675,#1676),#1788,.T.);
#1874=ADVANCED_FACE('',(#1677),#1789,.F.);
#1875=ADVANCED_FACE('',(#1678),#1790,.T.);
#1876=ADVANCED_FACE('',(#1679),#1791,.F.);
#1877=ADVANCED_FACE('',(#1680),#1792,.T.);
#1878=ADVANCED_FACE('',(#1681),#44,.F.);
#1879=ADVANCED_FACE('',(#1682),#1793,.T.);
#1880=ADVANCED_FACE('',(#1683),#45,.F.);
#1881=ADVANCED_FACE('',(#1684),#1794,.T.);
#1882=ADVANCED_FACE('',(#1685,#1686),#1795,.F.);
#1883=ADVANCED_FACE('',(#1687),#1796,.T.);
#1884=ADVANCED_FACE('',(#1688),#1797,.T.);
#1885=ADVANCED_FACE('',(#1689,#1690),#46,.F.);
#1886=ADVANCED_FACE('',(#1691,#1692),#1798,.T.);
#1887=ADVANCED_FACE('',(#1693),#1799,.F.);
#1888=ADVANCED_FACE('',(#1694),#1800,.T.);
#1889=ADVANCED_FACE('',(#1695,#1696),#1801,.F.);
#1890=ADVANCED_FACE('',(#1697),#1802,.T.);
#1891=ADVANCED_FACE('',(#1698),#1803,.T.);
#1892=ADVANCED_FACE('',(#1699,#1700),#1804,.F.);
#1893=ADVANCED_FACE('',(#1701),#1805,.T.);
#1894=ADVANCED_FACE('',(#1702),#1806,.T.);
#1895=ADVANCED_FACE('',(#1703,#1704),#1807,.T.);
#1896=ADVANCED_FACE('',(#1705),#1808,.F.);
#1897=ADVANCED_FACE('',(#1706),#1809,.T.);
#1898=ADVANCED_FACE('',(#1707,#1708),#47,.F.);
#1899=ADVANCED_FACE('',(#1709,#1710),#48,.F.);
#1900=ADVANCED_FACE('',(#1711,#1712),#49,.F.);
#1901=ADVANCED_FACE('',(#1713,#1714),#50,.F.);
#1902=ADVANCED_FACE('',(#1715),#1810,.T.);
#1903=ADVANCED_FACE('',(#1716),#1811,.T.);
#1904=ADVANCED_FACE('',(#1717),#1812,.F.);
#1905=ADVANCED_FACE('',(#1718),#1813,.F.);
#1906=ADVANCED_FACE('',(#1719),#1814,.T.);
#1907=ADVANCED_FACE('',(#1720),#1815,.T.);
#1908=ADVANCED_FACE('',(#1721),#1816,.T.);
#1909=ADVANCED_FACE('',(#1722),#1817,.F.);
#1910=ADVANCED_FACE('',(#1723),#1818,.F.);
#1911=ADVANCED_FACE('',(#1724,#1725,#1726,#1727),#1819,.T.);
#1912=ADVANCED_FACE('',(#1728,#1729,#1730,#1731),#1820,.F.);
#1913=ADVANCED_FACE('',(#1732,#1733),#51,.F.);
#1914=ADVANCED_FACE('',(#1734,#1735),#52,.F.);
#1915=ADVANCED_FACE('',(#1736,#1737),#53,.F.);
#1916=CLOSED_SHELL('',(#1821,#1822,#1823,#1824,#1825,#1826,#1827,#1828,
#1829,#1830,#1831,#1832,#1833,#1834,#1835,#1836,#1837,#1838,#1839,#1840,
#1841,#1842,#1843,#1844,#1845,#1846,#1847,#1848,#1849,#1850,#1851,#1852,
#1853,#1854,#1855,#1856,#1857,#1858,#1859,#1860,#1861,#1862,#1863,#1864,
#1865,#1866,#1867,#1868,#1869,#1870,#1871,#1872,#1873,#1874,#1875,#1876,
#1877,#1878,#1879,#1880,#1881,#1882,#1883,#1884,#1885,#1886,#1887,#1888,
#1889,#1890,#1891,#1892,#1893,#1894,#1895,#1896,#1897,#1898,#1899,#1900,
#1901,#1902,#1903,#1904,#1905,#1906));
#1917=CLOSED_SHELL('',(#1907,#1908,#1909,#1910,#1911,#1912,#1913,#1914,
#1915));
#1918=STYLED_ITEM('',(#1920),#1934);
#1919=STYLED_ITEM('',(#1921),#1935);
#1920=PRESENTATION_STYLE_ASSIGNMENT((#1922));
#1921=PRESENTATION_STYLE_ASSIGNMENT((#1923));
#1922=SURFACE_STYLE_USAGE(.BOTH.,#1924);
#1923=SURFACE_STYLE_USAGE(.BOTH.,#1925);
#1924=SURFACE_SIDE_STYLE('',(#1926));
#1925=SURFACE_SIDE_STYLE('',(#1927));
#1926=SURFACE_STYLE_FILL_AREA(#1928);
#1927=SURFACE_STYLE_FILL_AREA(#1929);
#1928=FILL_AREA_STYLE('',(#1930));
#1929=FILL_AREA_STYLE('',(#1931));
#1930=FILL_AREA_STYLE_COLOUR('',#1932);
#1931=FILL_AREA_STYLE_COLOUR('',#1933);
#1932=COLOUR_RGB('',0.615686274509804,0.811764705882353,0.929411764705882);
#1933=COLOUR_RGB('',0.647058823529412,0.647058823529412,0.647058823529412);
#1934=MANIFOLD_SOLID_BREP('Part 1',#1916);
#1935=MANIFOLD_SOLID_BREP('Part 2',#1917);
#1936=SHAPE_DEFINITION_REPRESENTATION(#3100,#1938);
#1937=SHAPE_DEFINITION_REPRESENTATION(#3101,#1939);
#1938=SHAPE_REPRESENTATION('Part 1',(#1940),#3090);
#1939=SHAPE_REPRESENTATION('Part 2',(#2049),#3091);
#1940=AXIS2_PLACEMENT_3D('',#2551,#2065,#2066);
#1941=AXIS2_PLACEMENT_3D('',#2552,#2067,#2068);
#1942=AXIS2_PLACEMENT_3D('',#2561,#2073,#2074);
#1943=AXIS2_PLACEMENT_3D('',#2578,#2083,#2084);
#1944=AXIS2_PLACEMENT_3D('',#2599,#2095,#2096);
#1945=AXIS2_PLACEMENT_3D('',#2609,#2102,#2103);
#1946=AXIS2_PLACEMENT_3D('',#2618,#2108,#2109);
#1947=AXIS2_PLACEMENT_3D('',#2629,#2115,#2116);
#1948=AXIS2_PLACEMENT_3D('',#2642,#2125,#2126);
#1949=AXIS2_PLACEMENT_3D('',#2654,#2133,#2134);
#1950=AXIS2_PLACEMENT_3D('',#2655,#2135,#2136);
#1951=AXIS2_PLACEMENT_3D('',#2660,#2138,#2139);
#1952=AXIS2_PLACEMENT_3D('',#2664,#2141,#2142);
#1953=AXIS2_PLACEMENT_3D('',#2668,#2144,#2145);
#1954=AXIS2_PLACEMENT_3D('',#2671,#2147,#2148);
#1955=AXIS2_PLACEMENT_3D('',#2680,#2153,#2154);
#1956=AXIS2_PLACEMENT_3D('',#2690,#2160,#2161);
#1957=AXIS2_PLACEMENT_3D('',#2700,#2167,#2168);
#1958=AXIS2_PLACEMENT_3D('',#2706,#2172,#2173);
#1959=AXIS2_PLACEMENT_3D('',#2710,#2176,#2177);
#1960=AXIS2_PLACEMENT_3D('',#2714,#2180,#2181);
#1961=AXIS2_PLACEMENT_3D('',#2740,#2196,#2197);
#1962=AXIS2_PLACEMENT_3D('',#2744,#2200,#2201);
#1963=AXIS2_PLACEMENT_3D('',#2748,#2203,#2204);
#1964=AXIS2_PLACEMENT_3D('',#2752,#2206,#2207);
#1965=AXIS2_PLACEMENT_3D('',#2755,#2209,#2210);
#1966=AXIS2_PLACEMENT_3D('',#2759,#2212,#2213);
#1967=AXIS2_PLACEMENT_3D('',#2760,#2214,#2215);
#1968=AXIS2_PLACEMENT_3D('',#2765,#2219,#2220);
#1969=AXIS2_PLACEMENT_3D('',#2771,#2224,#2225);
#1970=AXIS2_PLACEMENT_3D('',#2797,#2240,#2241);
#1971=AXIS2_PLACEMENT_3D('',#2800,#2244,#2245);
#1972=AXIS2_PLACEMENT_3D('',#2820,#2257,#2258);
#1973=AXIS2_PLACEMENT_3D('',#2822,#2260,#2261);
#1974=AXIS2_PLACEMENT_3D('',#2823,#2262,#2263);
#1975=AXIS2_PLACEMENT_3D('',#2825,#2264,#2265);
#1976=AXIS2_PLACEMENT_3D('',#2827,#2266,#2267);
#1977=AXIS2_PLACEMENT_3D('',#2829,#2268,#2269);
#1978=AXIS2_PLACEMENT_3D('',#2850,#2281,#2282);
#1979=AXIS2_PLACEMENT_3D('',#2857,#2287,#2288);
#1980=AXIS2_PLACEMENT_3D('',#2864,#2293,#2294);
#1981=AXIS2_PLACEMENT_3D('',#2868,#2297,#2298);
#1982=AXIS2_PLACEMENT_3D('',#2872,#2301,#2302);
#1983=AXIS2_PLACEMENT_3D('',#2874,#2304,#2305);
#1984=AXIS2_PLACEMENT_3D('',#2876,#2307,#2308);
#1985=AXIS2_PLACEMENT_3D('',#2877,#2309,#2310);
#1986=AXIS2_PLACEMENT_3D('',#2883,#2314,#2315);
#1987=AXIS2_PLACEMENT_3D('',#2884,#2316,#2317);
#1988=AXIS2_PLACEMENT_3D('',#2886,#2319,#2320);
#1989=AXIS2_PLACEMENT_3D('',#2888,#2322,#2323);
#1990=AXIS2_PLACEMENT_3D('',#2894,#2327,#2328);
#1991=AXIS2_PLACEMENT_3D('',#2897,#2331,#2332);
#1992=AXIS2_PLACEMENT_3D('',#2899,#2334,#2335);
#1993=AXIS2_PLACEMENT_3D('',#2901,#2337,#2338);
#1994=AXIS2_PLACEMENT_3D('',#2904,#2341,#2342);
#1995=AXIS2_PLACEMENT_3D('',#2907,#2345,#2346);
#1996=AXIS2_PLACEMENT_3D('',#2908,#2347,#2348);
#1997=AXIS2_PLACEMENT_3D('',#2909,#2349,#2350);
#1998=AXIS2_PLACEMENT_3D('',#2911,#2352,#2353);
#1999=AXIS2_PLACEMENT_3D('',#2913,#2355,#2356);
#2000=AXIS2_PLACEMENT_3D('',#2915,#2358,#2359);
#2001=AXIS2_PLACEMENT_3D('',#2919,#2362,#2363);
#2002=AXIS2_PLACEMENT_3D('',#2921,#2365,#2366);
#2003=AXIS2_PLACEMENT_3D('',#2922,#2367,#2368);
#2004=AXIS2_PLACEMENT_3D('',#2926,#2371,#2372);
#2005=AXIS2_PLACEMENT_3D('',#2928,#2374,#2375);
#2006=AXIS2_PLACEMENT_3D('',#2929,#2376,#2377);
#2007=AXIS2_PLACEMENT_3D('',#2931,#2378,#2379);
#2008=AXIS2_PLACEMENT_3D('',#2937,#2382,#2383);
#2009=AXIS2_PLACEMENT_3D('',#2946,#2389,#2390);
#2010=AXIS2_PLACEMENT_3D('',#2952,#2394,#2395);
#2011=AXIS2_PLACEMENT_3D('',#2961,#2401,#2402);
#2012=AXIS2_PLACEMENT_3D('',#2970,#2408,#2409);
#2013=AXIS2_PLACEMENT_3D('',#2977,#2414,#2415);
#2014=AXIS2_PLACEMENT_3D('',#2978,#2416,#2417);
#2015=AXIS2_PLACEMENT_3D('',#2979,#2418,#2419);
#2016=AXIS2_PLACEMENT_3D('',#2980,#2420,#2421);
#2017=AXIS2_PLACEMENT_3D('',#2981,#2422,#2423);
#2018=AXIS2_PLACEMENT_3D('',#2982,#2424,#2425);
#2019=AXIS2_PLACEMENT_3D('',#2983,#2426,#2427);
#2020=AXIS2_PLACEMENT_3D('',#2984,#2428,#2429);
#2021=AXIS2_PLACEMENT_3D('',#2989,#2432,#2433);
#2022=AXIS2_PLACEMENT_3D('',#2991,#2435,#2436);
#2023=AXIS2_PLACEMENT_3D('',#2992,#2437,#2438);
#2024=AXIS2_PLACEMENT_3D('',#2993,#2439,#2440);
#2025=AXIS2_PLACEMENT_3D('',#2994,#2441,#2442);
#2026=AXIS2_PLACEMENT_3D('',#2999,#2445,#2446);
#2027=AXIS2_PLACEMENT_3D('',#3001,#2448,#2449);
#2028=AXIS2_PLACEMENT_3D('',#3002,#2450,#2451);
#2029=AXIS2_PLACEMENT_3D('',#3003,#2452,#2453);
#2030=AXIS2_PLACEMENT_3D('',#3008,#2456,#2457);
#2031=AXIS2_PLACEMENT_3D('',#3010,#2459,#2460);
#2032=AXIS2_PLACEMENT_3D('',#3011,#2461,#2462);
#2033=AXIS2_PLACEMENT_3D('',#3012,#2463,#2464);
#2034=AXIS2_PLACEMENT_3D('',#3017,#2467,#2468);
#2035=AXIS2_PLACEMENT_3D('',#3019,#2470,#2471);
#2036=AXIS2_PLACEMENT_3D('',#3020,#2472,#2473);
#2037=AXIS2_PLACEMENT_3D('',#3021,#2474,#2475);
#2038=AXIS2_PLACEMENT_3D('',#3026,#2478,#2479);
#2039=AXIS2_PLACEMENT_3D('',#3028,#2481,#2482);
#2040=AXIS2_PLACEMENT_3D('',#3029,#2483,#2484);
#2041=AXIS2_PLACEMENT_3D('',#3030,#2485,#2486);
#2042=AXIS2_PLACEMENT_3D('',#3031,#2487,#2488);
#2043=AXIS2_PLACEMENT_3D('',#3032,#2489,#2490);
#2044=AXIS2_PLACEMENT_3D('',#3033,#2491,#2492);
#2045=AXIS2_PLACEMENT_3D('',#3037,#2495,#2496);
#2046=AXIS2_PLACEMENT_3D('',#3041,#2499,#2500);
#2047=AXIS2_PLACEMENT_3D('',#3044,#2503,#2504);
#2048=AXIS2_PLACEMENT_3D('',#3045,#2505,#2506);
#2049=AXIS2_PLACEMENT_3D('',#3046,#2507,#2508);
#2050=AXIS2_PLACEMENT_3D('',#3047,#2509,#2510);
#2051=AXIS2_PLACEMENT_3D('',#3056,#2515,#2516);
#2052=AXIS2_PLACEMENT_3D('',#3062,#2520,#2521);
#2053=AXIS2_PLACEMENT_3D('',#3068,#2525,#2526);
#2054=AXIS2_PLACEMENT_3D('',#3071,#2529,#2530);
#2055=AXIS2_PLACEMENT_3D('',#3072,#2531,#2532);
#2056=AXIS2_PLACEMENT_3D('',#3074,#2533,#2534);
#2057=AXIS2_PLACEMENT_3D('',#3076,#2535,#2536);
#2058=AXIS2_PLACEMENT_3D('',#3078,#2537,#2538);
#2059=AXIS2_PLACEMENT_3D('',#3079,#2539,#2540);
#2060=AXIS2_PLACEMENT_3D('',#3081,#2541,#2542);
#2061=AXIS2_PLACEMENT_3D('',#3083,#2543,#2544);
#2062=AXIS2_PLACEMENT_3D('',#3085,#2545,#2546);
#2063=AXIS2_PLACEMENT_3D('',#3086,#2547,#2548);
#2064=AXIS2_PLACEMENT_3D('',#3087,#2549,#2550);
#2065=DIRECTION('',(0.,0.,1.));
#2066=DIRECTION('',(1.,0.,0.));
#2067=DIRECTION('',(1.,0.,0.));
#2068=DIRECTION('',(0.,1.,0.));
#2069=DIRECTION('',(0.,-1.,-1.98254111540206E-16));
#2070=DIRECTION('',(0.,0.,1.));
#2071=DIRECTION('',(0.,-1.,-1.98254111540206E-16));
#2072=DIRECTION('',(0.,-1.98254111540206E-16,1.));
#2073=DIRECTION('',(-1.,0.,0.));
#2074=DIRECTION('',(0.,0.,1.));
#2075=DIRECTION('',(0.,0.,-1.));
#2076=DIRECTION('',(0.,-1.,1.75668200098917E-16));
#2077=DIRECTION('',(0.,0.,-1.));
#2078=DIRECTION('',(0.,-1.,0.));
#2079=DIRECTION('',(0.,0.,-1.));
#2080=DIRECTION('',(0.,-1.,0.));
#2081=DIRECTION('',(0.,0.,-1.));
#2082=DIRECTION('',(0.,-1.,1.75668200098917E-16));
#2083=DIRECTION('',(1.,0.,0.));
#2084=DIRECTION('',(0.,1.,0.));
#2085=DIRECTION('',(0.,-1.98254111540206E-16,1.));
#2086=DIRECTION('',(0.,-1.,0.));
#2087=DIRECTION('',(0.,0.,-1.));
#2088=DIRECTION('',(0.,1.,0.));
#2089=DIRECTION('',(0.,0.,-1.));
#2090=DIRECTION('',(0.,1.,0.));
#2091=DIRECTION('',(0.,0.,-1.));
#2092=DIRECTION('',(0.,1.,0.));
#2093=DIRECTION('',(0.,0.,1.));
#2094=DIRECTION('',(0.,-1.,0.));
#2095=DIRECTION('',(0.,0.,1.));
#2096=DIRECTION('',(1.,0.,0.));
#2097=DIRECTION('',(-1.,0.,0.));
#2098=DIRECTION('',(0.,-1.,0.));
#2099=DIRECTION('',(1.,0.,0.));
#2100=DIRECTION('',(0.,-1.,0.));
#2101=DIRECTION('',(-1.,0.,0.));
#2102=DIRECTION('',(1.,0.,0.));
#2103=DIRECTION('',(0.,1.,0.));
#2104=DIRECTION('',(0.,0.,1.));
#2105=DIRECTION('',(0.,-1.,-1.98254111540206E-16));
#2106=DIRECTION('',(0.,0.,-1.));
#2107=DIRECTION('',(0.,-1.,-1.98254111540206E-16));
#2108=DIRECTION('',(1.,0.,0.));
#2109=DIRECTION('',(0.,0.,-1.));
#2110=DIRECTION('',(0.,0.,-1.));
#2111=DIRECTION('',(0.,-1.,0.));
#2112=DIRECTION('',(0.,0.,-1.));
#2113=DIRECTION('',(0.,-0.89914555315704,-0.437649716369063));
#2114=DIRECTION('',(0.,1.,0.));
#2115=DIRECTION('',(0.,1.,0.));
#2116=DIRECTION('',(0.,0.,1.));
#2117=DIRECTION('',(1.,0.,-1.07164384616328E-16));
#2118=DIRECTION('',(-1.,0.,0.));
#2119=DIRECTION('',(0.,0.,-1.));
#2120=DIRECTION('',(1.,0.,-1.47636040508664E-16));
#2121=DIRECTION('',(1.,0.,-7.38180202543323E-17));
#2122=DIRECTION('',(0.,0.,-1.));
#2123=DIRECTION('',(-1.,0.,0.));
#2124=DIRECTION('',(0.,0.,-1.));
#2125=DIRECTION('',(1.,0.,0.));
#2126=DIRECTION('',(0.,1.,0.));
#2127=DIRECTION('',(0.,-0.89914555315704,-0.437649716369063));
#2128=DIRECTION('',(0.,0.,-1.));
#2129=DIRECTION('',(0.,-1.,0.));
#2130=DIRECTION('',(0.,0.,-1.));
#2131=DIRECTION('',(0.,-1.,0.));
#2132=DIRECTION('',(0.,0.,-1.));
#2133=DIRECTION('',(1.,0.,0.));
#2134=DIRECTION('',(0.,0.,-1.));
#2135=DIRECTION('',(1.,0.,0.));
#2136=DIRECTION('',(0.,0.,-1.));
#2137=DIRECTION('',(1.,0.,0.));
#2138=DIRECTION('',(1.,0.,0.));
#2139=DIRECTION('',(0.,0.,-1.));
#2140=DIRECTION('',(1.,0.,0.));
#2141=DIRECTION('',(1.,0.,0.));
#2142=DIRECTION('',(0.,0.,-1.));
#2143=DIRECTION('',(1.,0.,0.));
#2144=DIRECTION('',(1.,0.,0.));
#2145=DIRECTION('',(0.,0.,-1.));
#2146=DIRECTION('',(1.,0.,0.));
#2147=DIRECTION('',(1.,0.,0.));
#2148=DIRECTION('',(0.,0.,-1.));
#2149=DIRECTION('',(0.,1.,0.));
#2150=DIRECTION('',(0.,0.,-1.));
#2151=DIRECTION('',(0.,1.,0.));
#2152=DIRECTION('',(0.,0.,-1.));
#2153=DIRECTION('',(0.,0.,-1.));
#2154=DIRECTION('',(-1.,0.,0.));
#2155=DIRECTION('',(0.,-1.,0.));
#2156=DIRECTION('',(-1.,0.,0.));
#2157=DIRECTION('',(-1.,0.,0.));
#2158=DIRECTION('',(0.,1.,0.));
#2159=DIRECTION('',(1.,0.,0.));
#2160=DIRECTION('',(0.,0.,-1.));
#2161=DIRECTION('',(-1.,0.,0.));
#2162=DIRECTION('',(-1.,0.,0.));
#2163=DIRECTION('',(0.,-1.,0.));
#2164=DIRECTION('',(1.,0.,0.));
#2165=DIRECTION('',(0.,1.,0.));
#2166=DIRECTION('',(-1.,0.,0.));
#2167=DIRECTION('',(1.,0.,0.));
#2168=DIRECTION('',(0.,0.,-1.));
#2169=DIRECTION('',(0.,0.,1.));
#2170=DIRECTION('',(0.,1.,0.));
#2171=DIRECTION('',(0.,1.,0.));
#2172=DIRECTION('',(0.,0.,1.));
#2173=DIRECTION('',(1.,0.,0.));
#2174=DIRECTION('',(-1.,0.,0.));
#2175=DIRECTION('',(0.,-1.,0.));
#2176=DIRECTION('',(0.,0.,1.));
#2177=DIRECTION('',(1.,0.,0.));
#2178=DIRECTION('',(-1.,0.,0.));
#2179=DIRECTION('',(0.,-1.,0.));
#2180=DIRECTION('',(0.,-1.,0.));
#2181=DIRECTION('',(1.,0.,0.));
#2182=DIRECTION('',(-1.,0.,0.));
#2183=DIRECTION('',(0.,0.,-1.));
#2184=DIRECTION('',(1.,0.,0.));
#2185=DIRECTION('',(0.,0.,-1.));
#2186=DIRECTION('',(0.,0.,1.));
#2187=DIRECTION('',(0.,0.,-1.));
#2188=DIRECTION('',(1.,0.,0.));
#2189=DIRECTION('',(0.,0.,-1.));
#2190=DIRECTION('',(1.,0.,0.));
#2191=DIRECTION('',(0.,0.,-1.));
#2192=DIRECTION('',(1.,0.,0.));
#2193=DIRECTION('',(0.,0.,-1.));
#2194=DIRECTION('',(-1.,0.,0.));
#2195=DIRECTION('',(0.,0.,1.));
#2196=DIRECTION('',(1.,0.,0.));
#2197=DIRECTION('',(0.,1.,0.));
#2198=DIRECTION('',(0.,-1.,0.));
#2199=DIRECTION('',(0.,-1.,0.));
#2200=DIRECTION('',(-1.,0.,0.));
#2201=DIRECTION('',(0.,0.,1.));
#2202=DIRECTION('',(-1.,0.,0.));
#2203=DIRECTION('',(-1.,0.,0.));
#2204=DIRECTION('',(0.,0.,1.));
#2205=DIRECTION('',(1.,0.,0.));
#2206=DIRECTION('',(-1.,0.,0.));
#2207=DIRECTION('',(0.,0.,1.));
#2208=DIRECTION('',(1.,0.,0.));
#2209=DIRECTION('',(-1.,0.,0.));
#2210=DIRECTION('',(0.,0.,1.));
#2211=DIRECTION('',(-1.,0.,0.));
#2212=DIRECTION('',(1.,0.,0.));
#2213=DIRECTION('',(0.,0.,-1.));
#2214=DIRECTION('',(-1.,0.,0.));
#2215=DIRECTION('',(0.,-1.,0.));
#2216=DIRECTION('',(0.,1.,0.));
#2217=DIRECTION('',(0.,-1.,0.));
#2218=DIRECTION('',(0.,-1.,0.));
#2219=DIRECTION('',(0.,0.,1.));
#2220=DIRECTION('',(1.,0.,0.));
#2221=DIRECTION('',(0.,1.,0.));
#2222=DIRECTION('',(0.,1.,0.));
#2223=DIRECTION('',(1.,0.,0.));
#2224=DIRECTION('',(0.,-1.,0.));
#2225=DIRECTION('',(1.,0.,0.));
#2226=DIRECTION('',(0.,0.,-1.));
#2227=DIRECTION('',(1.,0.,0.));
#2228=DIRECTION('',(0.,0.,-1.));
#2229=DIRECTION('',(1.,0.,0.));
#2230=DIRECTION('',(0.,0.,-1.));
#2231=DIRECTION('',(0.,0.,1.));
#2232=DIRECTION('',(0.,0.,-1.));
#2233=DIRECTION('',(1.,0.,0.));
#2234=DIRECTION('',(0.,0.,-1.));
#2235=DIRECTION('',(1.,0.,0.));
#2236=DIRECTION('',(0.,0.,-1.));
#2237=DIRECTION('',(1.,0.,0.));
#2238=DIRECTION('',(0.,0.,1.));
#2239=DIRECTION('',(-1.,0.,0.));
#2240=DIRECTION('',(0.,0.,1.));
#2241=DIRECTION('',(1.,0.,0.));
#2242=DIRECTION('',(0.,1.,0.));
#2243=DIRECTION('',(1.,0.,0.));
#2244=DIRECTION('',(0.,-1.,0.));
#2245=DIRECTION('',(1.,0.,0.));
#2246=DIRECTION('',(1.,0.,0.));
#2247=DIRECTION('',(0.,0.,-1.));
#2248=DIRECTION('',(1.,0.,0.));
#2249=DIRECTION('',(0.,0.,-1.));
#2250=DIRECTION('',(-1.,0.,0.));
#2251=DIRECTION('',(-1.,0.,0.));
#2252=DIRECTION('',(0.,0.,-1.));
#2253=DIRECTION('',(1.,0.,0.));
#2254=DIRECTION('',(0.,0.,-1.));
#2255=DIRECTION('',(1.,0.,0.));
#2256=DIRECTION('',(0.,0.,-1.));
#2257=DIRECTION('',(0.,0.,1.));
#2258=DIRECTION('',(1.,0.,0.));
#2259=DIRECTION('',(0.,1.,0.));
#2260=DIRECTION('',(0.,0.,1.));
#2261=DIRECTION('',(1.,0.,0.));
#2262=DIRECTION('',(0.,0.,1.));
#2263=DIRECTION('',(1.,0.,0.));
#2264=DIRECTION('',(0.,0.,1.));
#2265=DIRECTION('',(1.,0.,0.));
#2266=DIRECTION('',(0.,0.,1.));
#2267=DIRECTION('',(1.,0.,0.));
#2268=DIRECTION('',(0.,0.,1.));
#2269=DIRECTION('',(1.,0.,0.));
#2270=DIRECTION('',(0.,-1.,0.));
#2271=DIRECTION('',(0.,1.,0.));
#2272=DIRECTION('',(1.,0.,0.));
#2273=DIRECTION('',(0.,1.,0.));
#2274=DIRECTION('',(1.,0.,0.));
#2275=DIRECTION('',(0.,1.,0.));
#2276=DIRECTION('',(0.,1.,0.));
#2277=DIRECTION('',(-1.,0.,0.));
#2278=DIRECTION('',(-1.,0.,0.));
#2279=DIRECTION('',(0.,1.,0.));
#2280=DIRECTION('',(-1.,0.,0.));
#2281=DIRECTION('',(1.,0.,0.));
#2282=DIRECTION('',(0.,0.,-1.));
#2283=DIRECTION('',(0.,0.,-1.));
#2284=DIRECTION('',(0.,-1.,0.));
#2285=DIRECTION('',(0.,1.,0.));
#2286=DIRECTION('',(0.,0.,-1.));
#2287=DIRECTION('',(1.,0.,0.));
#2288=DIRECTION('',(0.,0.,-1.));
#2289=DIRECTION('',(0.,0.,-1.));
#2290=DIRECTION('',(0.,1.,0.));
#2291=DIRECTION('',(0.,-0.462384693202331,-0.886679420925165));
#2292=DIRECTION('',(0.,-0.89914555315704,-0.437649716369063));
#2293=DIRECTION('',(1.,0.,0.));
#2294=DIRECTION('',(0.,1.,0.));
#2295=DIRECTION('',(0.,-1.,0.));
#2296=DIRECTION('',(0.,-1.,0.));
#2297=DIRECTION('',(-1.,0.,0.));
#2298=DIRECTION('',(0.,-1.,0.));
#2299=DIRECTION('',(0.,-1.,0.));
#2300=DIRECTION('',(0.,-1.,0.));
#2301=DIRECTION('',(-1.,0.,0.));
#2302=DIRECTION('',(0.,0.,1.));
#2303=DIRECTION('',(0.,1.,0.));
#2304=DIRECTION('',(0.,0.,-1.));
#2305=DIRECTION('',(-1.,0.,0.));
#2306=DIRECTION('',(0.,1.,0.));
#2307=DIRECTION('',(-1.,0.,0.));
#2308=DIRECTION('',(0.,0.,1.));
#2309=DIRECTION('',(1.,0.,0.));
#2310=DIRECTION('',(0.,0.,-1.));
#2311=DIRECTION('',(0.,0.,-1.));
#2312=DIRECTION('',(0.,1.,0.));
#2313=DIRECTION('',(0.,1.,0.));
#2314=DIRECTION('',(1.,0.,0.));
#2315=DIRECTION('',(0.,0.,-1.));
#2316=DIRECTION('',(0.,0.,-1.));
#2317=DIRECTION('',(-1.,0.,0.));
#2318=DIRECTION('',(-1.,0.,0.));
#2319=DIRECTION('',(0.,0.,-1.));
#2320=DIRECTION('',(-1.,0.,0.));
#2321=DIRECTION('',(-1.,0.,0.));
#2322=DIRECTION('',(1.,0.,0.));
#2323=DIRECTION('',(0.,0.,-1.));
#2324=DIRECTION('',(0.,1.,0.));
#2325=DIRECTION('',(0.,0.,1.));
#2326=DIRECTION('',(0.,1.,0.));
#2327=DIRECTION('',(0.,0.,1.));
#2328=DIRECTION('',(1.,0.,0.));
#2329=DIRECTION('',(-1.,0.,0.));
#2330=DIRECTION('',(0.,1.,0.));
#2331=DIRECTION('',(1.,0.,0.));
#2332=DIRECTION('',(0.,0.,-1.));
#2333=DIRECTION('',(0.,1.,0.));
#2334=DIRECTION('',(0.,0.,1.));
#2335=DIRECTION('',(1.,0.,0.));
#2336=DIRECTION('',(-1.,0.,0.));
#2337=DIRECTION('',(0.,0.,1.));
#2338=DIRECTION('',(1.,0.,0.));
#2339=DIRECTION('',(-1.,0.,0.));
#2340=DIRECTION('',(-1.,0.,0.));
#2341=DIRECTION('',(0.,0.,1.));
#2342=DIRECTION('',(1.,0.,0.));
#2343=DIRECTION('',(-1.,0.,0.));
#2344=DIRECTION('',(-1.,0.,0.));
#2345=DIRECTION('',(0.,1.,0.));
#2346=DIRECTION('',(0.,0.,1.));
#2347=DIRECTION('',(0.,1.,0.));
#2348=DIRECTION('',(0.,0.,1.));
#2349=DIRECTION('',(0.,0.,1.));
#2350=DIRECTION('',(1.,0.,0.));
#2351=DIRECTION('',(-1.,0.,0.));
#2352=DIRECTION('',(0.,1.,0.));
#2353=DIRECTION('',(0.,0.,1.));
#2354=DIRECTION('',(-1.,0.,0.));
#2355=DIRECTION('',(0.,0.,-1.));
#2356=DIRECTION('',(-1.,0.,0.));
#2357=DIRECTION('',(-1.,0.,0.));
#2358=DIRECTION('',(1.,0.,0.));
#2359=DIRECTION('',(0.,1.,0.));
#2360=DIRECTION('',(0.,-0.89914555315704,-0.437649716369063));
#2361=DIRECTION('',(0.,-0.462384693202331,-0.886679420925165));
#2362=DIRECTION('',(0.,-0.437649716369063,0.89914555315704));
#2363=DIRECTION('',(0.,-0.89914555315704,-0.437649716369063));
#2364=DIRECTION('',(1.,0.,0.));
#2365=DIRECTION('',(0.,-0.886679420925165,0.462384693202331));
#2366=DIRECTION('',(0.,-0.462384693202331,-0.886679420925165));
#2367=DIRECTION('',(-1.,0.,0.));
#2368=DIRECTION('',(0.,0.,1.));
#2369=DIRECTION('',(0.,0.,-1.));
#2370=DIRECTION('',(0.,-1.,0.));
#2371=DIRECTION('',(-1.07164384616328E-16,0.,-1.));
#2372=DIRECTION('',(-1.,0.,1.07164384616328E-16));
#2373=DIRECTION('',(1.,0.,-1.07164384616328E-16));
#2374=DIRECTION('',(0.,1.,0.));
#2375=DIRECTION('',(-1.,0.,0.));
#2376=DIRECTION('',(0.,1.,0.));
#2377=DIRECTION('',(0.,0.,1.));
#2378=DIRECTION('',(0.,1.,0.));
#2379=DIRECTION('',(0.,0.,1.));
#2380=DIRECTION('',(1.,2.92694520423592E-32,-1.47636040508664E-16));
#2381=DIRECTION('',(1.,1.46347260211796E-32,-7.38180202543323E-17));
#2382=DIRECTION('',(0.,1.,0.));
#2383=DIRECTION('',(0.,0.,1.));
#2384=DIRECTION('',(-4.33680868994202E-16,1.98254111540206E-16,-1.));
#2385=DIRECTION('',(0.,-1.98254111540206E-16,1.));
#2386=DIRECTION('',(-1.,0.,0.));
#2387=DIRECTION('',(-1.,0.,0.));
#2388=DIRECTION('',(0.,0.,-1.));
#2389=DIRECTION('',(0.,-1.,-1.98254111540206E-16));
#2390=DIRECTION('',(0.,1.98254111540206E-16,-1.));
#2391=DIRECTION('',(1.,2.92694520423592E-32,-1.47636040508664E-16));
#2392=DIRECTION('',(-4.33680868994202E-16,1.98254111540206E-16,-1.));
#2393=DIRECTION('',(1.,1.46347260211796E-32,-7.38180202543323E-17));
#2394=DIRECTION('',(-1.47636040508664E-16,1.98254111540206E-16,-1.));
#2395=DIRECTION('',(0.,1.,1.98254111540206E-16));
#2396=DIRECTION('',(1.,0.,-1.47636040508664E-16));
#2397=DIRECTION('',(0.,1.,0.));
#2398=DIRECTION('',(1.,0.,-1.47636040508664E-16));
#2399=DIRECTION('',(0.,-1.,-1.98254111540206E-16));
#2400=DIRECTION('',(0.,1.,1.98254111540206E-16));
#2401=DIRECTION('',(-7.38180202543323E-17,1.98254111540206E-16,-1.));
#2402=DIRECTION('',(0.,1.,1.98254111540206E-16));
#2403=DIRECTION('',(1.,0.,-7.38180202543323E-17));
#2404=DIRECTION('',(0.,1.,1.98254111540206E-16));
#2405=DIRECTION('',(0.,-1.,-1.98254111540206E-16));
#2406=DIRECTION('',(1.,0.,-7.38180202543323E-17));
#2407=DIRECTION('',(0.,1.,0.));
#2408=DIRECTION('',(-1.,-8.59790153744302E-32,4.33680868994202E-16));
#2409=DIRECTION('',(4.33680868994202E-16,0.,1.));
#2410=DIRECTION('',(0.,1.,0.));
#2411=DIRECTION('',(0.,1.,0.));
#2412=DIRECTION('',(-4.33680868994202E-16,0.,-1.));
#2413=DIRECTION('',(-4.33680868994202E-16,0.,-1.));
#2414=DIRECTION('',(0.,1.,0.));
#2415=DIRECTION('',(0.,0.,1.));
#2416=DIRECTION('',(0.,1.,0.));
#2417=DIRECTION('',(0.,0.,1.));
#2418=DIRECTION('',(0.,1.,0.));
#2419=DIRECTION('',(-1.,0.,0.));
#2420=DIRECTION('',(0.,1.,0.));
#2421=DIRECTION('',(0.,0.,1.));
#2422=DIRECTION('',(0.,1.,0.));
#2423=DIRECTION('',(0.,0.,1.));
#2424=DIRECTION('',(0.,1.,0.));
#2425=DIRECTION('',(-1.,0.,0.));
#2426=DIRECTION('',(0.,1.,0.));
#2427=DIRECTION('',(0.,0.,1.));
#2428=DIRECTION('',(0.,1.,0.));
#2429=DIRECTION('',(0.,0.,1.));
#2430=DIRECTION('',(0.,0.,-1.));
#2431=DIRECTION('',(1.,0.,0.));
#2432=DIRECTION('',(1.,0.,0.));
#2433=DIRECTION('',(0.,0.,-1.));
#2434=DIRECTION('',(0.,-1.,0.));
#2435=DIRECTION('',(0.,0.,1.));
#2436=DIRECTION('',(1.,0.,0.));
#2437=DIRECTION('',(0.,1.,0.));
#2438=DIRECTION('',(0.,0.,1.));
#2439=DIRECTION('',(0.,0.,-1.));
#2440=DIRECTION('',(-1.,0.,0.));
#2441=DIRECTION('',(0.,0.,-1.));
#2442=DIRECTION('',(-1.,0.,0.));
#2443=DIRECTION('',(0.,1.,0.));
#2444=DIRECTION('',(1.,0.,0.));
#2445=DIRECTION('',(0.,-1.,0.));
#2446=DIRECTION('',(0.,0.,-1.));
#2447=DIRECTION('',(0.,0.,-1.));
#2448=DIRECTION('',(-1.,0.,0.));
#2449=DIRECTION('',(0.,-1.,0.));
#2450=DIRECTION('',(0.,0.,1.));
#2451=DIRECTION('',(1.,0.,0.));
#2452=DIRECTION('',(0.,0.,-1.));
#2453=DIRECTION('',(-1.,0.,0.));
#2454=DIRECTION('',(1.,0.,0.));
#2455=DIRECTION('',(0.,-1.,0.));
#2456=DIRECTION('',(0.,-1.,0.));
#2457=DIRECTION('',(0.,0.,-1.));
#2458=DIRECTION('',(0.,0.,-1.));
#2459=DIRECTION('',(-1.,0.,0.));
#2460=DIRECTION('',(0.,-1.,0.));
#2461=DIRECTION('',(0.,0.,1.));
#2462=DIRECTION('',(1.,0.,0.));
#2463=DIRECTION('',(0.,0.,-1.));
#2464=DIRECTION('',(-1.,0.,0.));
#2465=DIRECTION('',(-1.,0.,0.));
#2466=DIRECTION('',(0.,1.,0.));
#2467=DIRECTION('',(0.,1.,0.));
#2468=DIRECTION('',(0.,0.,1.));
#2469=DIRECTION('',(0.,0.,-1.));
#2470=DIRECTION('',(1.,0.,0.));
#2471=DIRECTION('',(0.,1.,0.));
#2472=DIRECTION('',(0.,0.,-1.));
#2473=DIRECTION('',(-1.,0.,0.));
#2474=DIRECTION('',(0.,0.,-1.));
#2475=DIRECTION('',(-1.,0.,0.));
#2476=DIRECTION('',(0.,-1.,0.));
#2477=DIRECTION('',(-1.,0.,0.));
#2478=DIRECTION('',(0.,1.,0.));
#2479=DIRECTION('',(0.,0.,1.));
#2480=DIRECTION('',(0.,0.,-1.));
#2481=DIRECTION('',(1.,0.,0.));
#2482=DIRECTION('',(0.,1.,0.));
#2483=DIRECTION('',(0.,0.,-1.));
#2484=DIRECTION('',(-1.,0.,0.));
#2485=DIRECTION('',(0.,0.,-1.));
#2486=DIRECTION('',(-1.,0.,0.));
#2487=DIRECTION('',(0.,0.,-1.));
#2488=DIRECTION('',(-1.,0.,0.));
#2489=DIRECTION('',(0.,0.,-1.));
#2490=DIRECTION('',(-1.,0.,0.));
#2491=DIRECTION('',(-1.,0.,0.));
#2492=DIRECTION('',(0.,-1.,0.));
#2493=DIRECTION('',(0.,0.,-1.));
#2494=DIRECTION('',(0.,-1.,1.75668200098917E-16));
#2495=DIRECTION('',(0.,-1.75668200098917E-16,-1.));
#2496=DIRECTION('',(0.,1.,-1.75668200098917E-16));
#2497=DIRECTION('',(-1.,0.,0.));
#2498=DIRECTION('',(0.,-1.,1.75668200098917E-16));
#2499=DIRECTION('',(0.,1.,0.));
#2500=DIRECTION('',(0.,0.,1.));
#2501=DIRECTION('',(0.,0.,-1.));
#2502=DIRECTION('',(-1.,0.,0.));
#2503=DIRECTION('',(0.,-1.75668200098917E-16,-1.));
#2504=DIRECTION('',(0.,1.,-1.75668200098917E-16));
#2505=DIRECTION('',(-1.,0.,0.));
#2506=DIRECTION('',(0.,-1.,0.));
#2507=DIRECTION('',(0.,0.,1.));
#2508=DIRECTION('',(1.,0.,0.));
#2509=DIRECTION('',(-1.15648231731787E-16,0.,-1.));
#2510=DIRECTION('',(-1.,0.,1.15648231731787E-16));
#2511=DIRECTION('',(1.,0.,-1.15648231731787E-16));
#2512=DIRECTION('',(0.,-1.,0.));
#2513=DIRECTION('',(1.,0.,-1.15648231731787E-16));
#2514=DIRECTION('',(0.,-1.,0.));
#2515=DIRECTION('',(-1.,0.,0.));
#2516=DIRECTION('',(0.,0.,1.));
#2517=DIRECTION('',(0.,0.,-1.));
#2518=DIRECTION('',(0.,-1.,0.));
#2519=DIRECTION('',(0.,0.,-1.));
#2520=DIRECTION('',(0.,0.,-1.));
#2521=DIRECTION('',(-1.,0.,0.));
#2522=DIRECTION('',(1.,0.,0.));
#2523=DIRECTION('',(0.,-1.,0.));
#2524=DIRECTION('',(1.,0.,0.));
#2525=DIRECTION('',(-1.,0.,0.));
#2526=DIRECTION('',(0.,0.,1.));
#2527=DIRECTION('',(0.,0.,-1.));
#2528=DIRECTION('',(0.,0.,-1.));
#2529=DIRECTION('',(0.,1.,0.));
#2530=DIRECTION('',(-1.,0.,0.));
#2531=DIRECTION('',(0.,1.,0.));
#2532=DIRECTION('',(0.,0.,1.));
#2533=DIRECTION('',(0.,1.,0.));
#2534=DIRECTION('',(0.,0.,1.));
#2535=DIRECTION('',(0.,1.,0.));
#2536=DIRECTION('',(0.,0.,1.));
#2537=DIRECTION('',(0.,1.,0.));
#2538=DIRECTION('',(-1.,0.,0.));
#2539=DIRECTION('',(0.,1.,0.));
#2540=DIRECTION('',(0.,0.,1.));
#2541=DIRECTION('',(0.,1.,0.));
#2542=DIRECTION('',(0.,0.,1.));
#2543=DIRECTION('',(0.,1.,0.));
#2544=DIRECTION('',(0.,0.,1.));
#2545=DIRECTION('',(0.,1.,0.));
#2546=DIRECTION('',(0.,0.,1.));
#2547=DIRECTION('',(0.,1.,0.));
#2548=DIRECTION('',(0.,0.,1.));
#2549=DIRECTION('',(0.,1.,0.));
#2550=DIRECTION('',(0.,0.,1.));
#2551=CARTESIAN_POINT('',(0.,0.,0.));
#2552=CARTESIAN_POINT('',(0.124785653427243,-0.015,0.0029711389541626));
#2553=CARTESIAN_POINT('',(0.124785653427243,0.0275,-0.0290288610458374));
#2554=CARTESIAN_POINT('',(0.124785653427243,-0.0125,-0.0290288610458374));
#2555=CARTESIAN_POINT('',(0.124785653427243,-0.0135,-0.0290288610458374));
#2556=CARTESIAN_POINT('',(0.124785653427243,-0.0125,0.0029711389541626));
#2557=CARTESIAN_POINT('',(0.124785653427243,-0.0125,0.0349711389541626));
#2558=CARTESIAN_POINT('',(0.124785653427243,0.0275,0.0349711389541626));
#2559=CARTESIAN_POINT('',(0.124785653427243,-0.0135,0.0349711389541626));
#2560=CARTESIAN_POINT('',(0.124785653427243,-0.0135,0.0029711389541626));
#2561=CARTESIAN_POINT('',(0.124285653427243,0.0275,0.00297113895416259));
#2562=CARTESIAN_POINT('',(0.124285653427243,0.027,0.00311359398812055));
#2563=CARTESIAN_POINT('',(0.124285653427243,0.027,0.0369711389541626));
#2564=CARTESIAN_POINT('',(0.124285653427243,0.027,-0.0307439509779215));
#2565=CARTESIAN_POINT('',(0.124285653427243,0.00725,0.0369711389541626));
#2566=CARTESIAN_POINT('',(0.124285653427243,-0.0125,0.0369711389541626));
#2567=CARTESIAN_POINT('',(0.124285653427243,-0.0125,0.00297113895416259));
#2568=CARTESIAN_POINT('',(0.124285653427243,-0.0125,0.0374711389541626));
#2569=CARTESIAN_POINT('',(0.124285653427243,0.0275,0.0374711389541626));
#2570=CARTESIAN_POINT('',(0.124285653427243,0.0275,0.0374711389541626));
#2571=CARTESIAN_POINT('',(0.124285653427243,0.0275,0.00297113895416259));
#2572=CARTESIAN_POINT('',(0.124285653427243,0.0275,-0.0315288610458374));
#2573=CARTESIAN_POINT('',(0.124285653427243,0.0275,-0.0315288610458374));
#2574=CARTESIAN_POINT('',(0.124285653427243,-0.0125,-0.0315288610458374));
#2575=CARTESIAN_POINT('',(0.124285653427243,-0.0125,0.00297113895416259));
#2576=CARTESIAN_POINT('',(0.124285653427243,-0.0125,-0.0307439509779215));
#2577=CARTESIAN_POINT('',(0.124285653427243,0.00725,-0.0307439509779215));
#2578=CARTESIAN_POINT('',(0.174785653427243,-0.00125,0.0029711389541626));
#2579=CARTESIAN_POINT('',(0.174785653427243,0.0275,0.00297113895416261));
#2580=CARTESIAN_POINT('',(0.174785653427243,0.0275,-0.0320288610458374));
#2581=CARTESIAN_POINT('',(0.174785653427243,0.0275,0.0364711389541626));
#2582=CARTESIAN_POINT('',(0.174785653427243,0.025,0.0364711389541626));
#2583=CARTESIAN_POINT('',(0.174785653427243,0.0225,0.0364711389541626));
#2584=CARTESIAN_POINT('',(0.174785653427243,0.0225,0.0372211389541626));
#2585=CARTESIAN_POINT('',(0.174785653427243,0.0225,0.0379711389541626));
#2586=CARTESIAN_POINT('',(0.174785653427243,-0.005,0.0379711389541626));
#2587=CARTESIAN_POINT('',(0.174785653427243,-0.025,0.0379711389541626));
#2588=CARTESIAN_POINT('',(0.174785653427243,-0.025,0.0372211389541626));
#2589=CARTESIAN_POINT('',(0.174785653427243,-0.025,0.0364711389541626));
#2590=CARTESIAN_POINT('',(0.174785653427243,-0.0275,0.0364711389541626));
#2591=CARTESIAN_POINT('',(0.174785653427243,-0.03,0.0364711389541626));
#2592=CARTESIAN_POINT('',(0.174785653427243,-0.03,0.0227292028721422));
#2593=CARTESIAN_POINT('',(0.174785653427243,-0.03,0.0312379623420708));
#2594=CARTESIAN_POINT('',(0.174785653427243,-0.03,0.0312379623420708));
#2595=CARTESIAN_POINT('',(0.174785653427243,-0.014,0.0312379623420708));
#2596=CARTESIAN_POINT('',(0.174785653427243,-0.014,0.0029711389541626));
#2597=CARTESIAN_POINT('',(0.174785653427243,-0.014,-0.0320288610458374));
#2598=CARTESIAN_POINT('',(0.174785653427243,-0.01325,-0.0320288610458374));
#2599=CARTESIAN_POINT('',(0.0595356534272432,0.0275,-0.0315288610458374));
#2600=CARTESIAN_POINT('',(0.0595356534272432,0.0275,-0.0315288610458374));
#2601=CARTESIAN_POINT('',(0.00210453942418098,0.0275,-0.0315288610458374));
#2602=CARTESIAN_POINT('',(0.00210453942418098,0.0243623831272125,-0.0315288610458374));
#2603=CARTESIAN_POINT('',(0.00210453942418098,0.021224766254425,-0.0315288610458374));
#2604=CARTESIAN_POINT('',(-0.00155490357428789,0.021224766254425,-0.0315288610458374));
#2605=CARTESIAN_POINT('',(-0.00521434657275677,0.021224766254425,-0.0315288610458374));
#2606=CARTESIAN_POINT('',(-0.00521434657275677,0.0275,-0.0315288610458374));
#2607=CARTESIAN_POINT('',(-0.00521434657275677,-0.0125,-0.0315288610458374));
#2608=CARTESIAN_POINT('',(0.0595356534272432,-0.0125,-0.0315288610458374));
#2609=CARTESIAN_POINT('',(0.124785653427243,-0.015,0.0029711389541626));
#2610=CARTESIAN_POINT('',(0.124785653427243,0.027,0.0029711389541626));
#2611=CARTESIAN_POINT('',(0.124785653427243,0.027,-0.0290288610458374));
#2612=CARTESIAN_POINT('',(0.124785653427243,0.027,0.0349711389541626));
#2613=CARTESIAN_POINT('',(0.124785653427243,0.0275,-0.0290288610458374));
#2614=CARTESIAN_POINT('',(0.124785653427243,0.0275,-0.0290288610458374));
#2615=CARTESIAN_POINT('',(0.124785653427243,0.0275,0.0029711389541626));
#2616=CARTESIAN_POINT('',(0.124785653427243,0.0275,0.0349711389541626));
#2617=CARTESIAN_POINT('',(0.124785653427243,0.0275,0.0349711389541626));
#2618=CARTESIAN_POINT('',(-0.00521434657275677,-0.005,0.0227292028721422));
#2619=CARTESIAN_POINT('',(-0.00521434657275677,0.,0.0227292028721422));
#2620=CARTESIAN_POINT('',(-0.00521434657275677,0.,0.0374711389541626));
#2621=CARTESIAN_POINT('',(-0.00521434657275677,0.,0.00748726679012179));
#2622=CARTESIAN_POINT('',(-0.00521434657275677,0.0275,0.0374711389541626));
#2623=CARTESIAN_POINT('',(-0.00521434657275677,-0.0125,0.0374711389541626));
#2624=CARTESIAN_POINT('',(-0.00521434657275677,-0.0125,0.0029711389541626));
#2625=CARTESIAN_POINT('',(-0.00521434657275677,-0.0125,0.00383672004466656));
#2626=CARTESIAN_POINT('',(-0.00521434657275677,-0.0217520902582482,-0.00066663835278757));
#2627=CARTESIAN_POINT('',(-0.00521434657275677,-0.005,0.00748726679012179));
#2628=CARTESIAN_POINT('',(-0.00521434657275677,-0.005,0.00748726679012179));
#2629=CARTESIAN_POINT('',(0.124785653427243,-0.0125,0.0029711389541626));
#2630=CARTESIAN_POINT('',(0.0595356534272432,-0.0125,0.0374711389541626));
#2631=CARTESIAN_POINT('',(0.149285653427243,-0.0125,0.0369711389541626));
#2632=CARTESIAN_POINT('',(0.149285653427243,-0.0125,0.0369711389541626));
#2633=CARTESIAN_POINT('',(0.149285653427243,-0.0125,0.00297113895416259));
#2634=CARTESIAN_POINT('',(0.149285653427243,-0.0125,0.0349711389541626));
#2635=CARTESIAN_POINT('',(0.148285653427243,-0.0125,0.0349711389541626));
#2636=CARTESIAN_POINT('',(0.148285653427243,-0.0125,-0.0290288610458374));
#2637=CARTESIAN_POINT('',(0.149285653427243,-0.0125,-0.0290288610458374));
#2638=CARTESIAN_POINT('',(0.149285653427243,-0.0125,0.00297113895416259));
#2639=CARTESIAN_POINT('',(0.149285653427243,-0.0125,-0.0307439509779215));
#2640=CARTESIAN_POINT('',(0.149285653427243,-0.0125,-0.0307439509779215));
#2641=CARTESIAN_POINT('',(-0.00521434657275677,-0.0125,0.0029711389541626));
#2642=CARTESIAN_POINT('',(-0.00521434657275677,-0.015,0.0029711389541626));
#2643=CARTESIAN_POINT('',(-0.00521434657275677,-0.0217520902582482,-0.00066663835278757));
#2644=CARTESIAN_POINT('',(-0.00521434657275677,-0.014,0.00310661069557552));
#2645=CARTESIAN_POINT('',(-0.00521434657275677,0.021224766254425,-0.0265288610458374));
#2646=CARTESIAN_POINT('',(-0.00521434657275677,0.021224766254425,-0.0265288610458374));
#2647=CARTESIAN_POINT('',(-0.00521434657275677,0.0275,-0.0265288610458374));
#2648=CARTESIAN_POINT('',(-0.00521434657275677,0.0275,-0.0265288610458374));
#2649=CARTESIAN_POINT('',(-0.00521434657275677,0.0275,0.0029711389541626));
#2650=CARTESIAN_POINT('',(-0.00521434657275677,0.0275,-0.0320288610458374));
#2651=CARTESIAN_POINT('',(-0.00521434657275677,-0.01325,-0.0320288610458374));
#2652=CARTESIAN_POINT('',(-0.00521434657275677,-0.014,-0.0320288610458374));
#2653=CARTESIAN_POINT('',(-0.00521434657275677,-0.014,0.0029711389541626));
#2654=CARTESIAN_POINT('',(-0.0302143465727567,-0.0414891208368047,-0.00588835206805373));
#2655=CARTESIAN_POINT('',(-0.00621434657275677,-0.0414891208368047,-0.00588835206805373));
#2656=CARTESIAN_POINT('',(-0.00621434657275677,-0.03,0.0312379623420708));
#2657=CARTESIAN_POINT('',(-0.00621434657275677,-0.005,0.00748726679012179));
#2658=CARTESIAN_POINT('',(-0.0302143465727567,-0.03,0.0312379623420708));
#2659=CARTESIAN_POINT('',(-0.0162143465727567,-0.03,0.0312379623420708));
#2660=CARTESIAN_POINT('',(-0.0162143465727567,-0.0414891208368047,-0.00588835206805373));
#2661=CARTESIAN_POINT('',(-0.0162143465727567,-0.0131131293889177,0.0206666141083803));
#2662=CARTESIAN_POINT('',(-0.0302143465727567,-0.0131131293889177,0.0206666141083803));
#2663=CARTESIAN_POINT('',(-0.0157750892937183,-0.0131131293889177,0.0206666141083803));
#2664=CARTESIAN_POINT('',(-0.0157750892937183,-0.0414891208368047,-0.00588835206805373));
#2665=CARTESIAN_POINT('',(-0.0157750892937183,-0.00856898275185008,0.0147666141083804));
#2666=CARTESIAN_POINT('',(-0.0302143465727567,-0.00856898275185008,0.0147666141083804));
#2667=CARTESIAN_POINT('',(-0.0162143465727567,-0.00856898275185008,0.0147666141083804));
#2668=CARTESIAN_POINT('',(-0.0162143465727567,-0.0414891208368047,-0.00588835206805373));
#2669=CARTESIAN_POINT('',(-0.0162143465727567,-0.005,0.00748726679012179));
#2670=CARTESIAN_POINT('',(-0.0302143465727567,-0.005,0.00748726679012179));
#2671=CARTESIAN_POINT('',(-0.0297750892937183,-0.025,0.0177166141083803));
#2672=CARTESIAN_POINT('',(-0.0297750892937183,-0.025,0.0206666141083803));
#2673=CARTESIAN_POINT('',(-0.0297750892937183,-0.00661018370748286,0.0206666141083803));
#2674=CARTESIAN_POINT('',(-0.0297750892937183,0.,0.0206666141083803));
#2675=CARTESIAN_POINT('',(-0.0297750892937183,-0.00661018370748286,0.0177166141083803));
#2676=CARTESIAN_POINT('',(-0.0297750892937183,-0.00661018370748286,0.0147666141083804));
#2677=CARTESIAN_POINT('',(-0.0297750892937183,-0.025,0.0147666141083804));
#2678=CARTESIAN_POINT('',(-0.0297750892937183,0.,0.0147666141083804));
#2679=CARTESIAN_POINT('',(-0.0297750892937183,0.,0.0177166141083803));
#2680=CARTESIAN_POINT('',(-0.0282750892937183,-0.025,0.0206666141083803));
#2681=CARTESIAN_POINT('',(-0.0292440577745437,-0.015,0.0206666141083803));
#2682=CARTESIAN_POINT('',(-0.0292440577745437,-0.005,0.0206666141083803));
#2683=CARTESIAN_POINT('',(-0.0292440577745437,-0.00661018370748286,0.0206666141083803));
#2684=CARTESIAN_POINT('',(-0.0147750892937183,-0.00661018370748286,0.0206666141083803));
#2685=CARTESIAN_POINT('',(-0.0282750892937183,0.,0.0206666141083803));
#2686=CARTESIAN_POINT('',(-0.0267750892937184,0.,0.0206666141083803));
#2687=CARTESIAN_POINT('',(-0.0267750892937184,-0.025,0.0206666141083803));
#2688=CARTESIAN_POINT('',(-0.0267750892937184,-0.005,0.0206666141083803));
#2689=CARTESIAN_POINT('',(-0.0227292021736502,-0.005,0.0206666141083803));
#2690=CARTESIAN_POINT('',(-0.0282750892937183,-0.025,0.0147666141083804));
#2691=CARTESIAN_POINT('',(-0.0147750892937183,-0.00661018370748286,0.0147666141083804));
#2692=CARTESIAN_POINT('',(-0.0292440577745437,-0.00661018370748286,0.0147666141083804));
#2693=CARTESIAN_POINT('',(-0.0292440577745437,-0.015,0.0147666141083804));
#2694=CARTESIAN_POINT('',(-0.0292440577745437,-0.005,0.0147666141083804));
#2695=CARTESIAN_POINT('',(-0.0227292021736502,-0.005,0.0147666141083804));
#2696=CARTESIAN_POINT('',(-0.0267750892937184,-0.005,0.0147666141083804));
#2697=CARTESIAN_POINT('',(-0.0267750892937184,-0.025,0.0147666141083804));
#2698=CARTESIAN_POINT('',(-0.0267750892937184,0.,0.0147666141083804));
#2699=CARTESIAN_POINT('',(-0.0282750892937183,0.,0.0147666141083804));
#2700=CARTESIAN_POINT('',(-0.0157750892937183,-0.025,0.0177166141083803));
#2701=CARTESIAN_POINT('',(-0.0157750892937183,-0.00844717833143015,0.0177166141083803));
#2702=CARTESIAN_POINT('',(-0.0157750892937183,-0.00844717833143015,0.0147666141083804));
#2703=CARTESIAN_POINT('',(-0.0157750892937183,-0.00844717833143015,0.0206666141083803));
#2704=CARTESIAN_POINT('',(-0.0157750892937183,-0.025,0.0147666141083804));
#2705=CARTESIAN_POINT('',(-0.0157750892937183,-0.025,0.0206666141083803));
#2706=CARTESIAN_POINT('',(-0.0172750892937183,-0.025,0.0206666141083803));
#2707=CARTESIAN_POINT('',(-0.0147750892937183,-0.00844717833143015,0.0206666141083803));
#2708=CARTESIAN_POINT('',(-0.0162143465727567,-0.00844717833143015,0.0206666141083803));
#2709=CARTESIAN_POINT('',(-0.0162143465727567,-0.0175,0.0206666141083803));
#2710=CARTESIAN_POINT('',(-0.0172750892937183,-0.025,0.0147666141083804));
#2711=CARTESIAN_POINT('',(-0.0147750892937183,-0.00844717833143015,0.0147666141083804));
#2712=CARTESIAN_POINT('',(-0.0162143465727567,-0.00844717833143015,0.0147666141083804));
#2713=CARTESIAN_POINT('',(-0.0162143465727567,-0.0175,0.0147666141083804));
#2714=CARTESIAN_POINT('',(-0.0227292021736502,-0.005,0.0227292028721422));
#2715=CARTESIAN_POINT('',(-0.0227292021736502,-0.005,0.0206666141083803));
#2716=CARTESIAN_POINT('',(-0.0162143465727567,-0.005,0.0206666141083803));
#2717=CARTESIAN_POINT('',(-0.0187750892937184,-0.005,0.0206666141083803));
#2718=CARTESIAN_POINT('',(-0.0162143465727567,-0.005,0.0227292028721422));
#2719=CARTESIAN_POINT('',(-0.0162143465727567,-0.005,0.0312379623420708));
#2720=CARTESIAN_POINT('',(-0.0227292021736502,-0.005,0.0312379623420708));
#2721=CARTESIAN_POINT('',(-0.0292440577745437,-0.005,0.0312379623420708));
#2722=CARTESIAN_POINT('',(-0.0292440577745437,-0.005,0.0227292028721422));
#2723=CARTESIAN_POINT('',(-0.0267750892937184,-0.005,0.0227292028721422));
#2724=CARTESIAN_POINT('',(-0.0292440577745437,-0.005,0.0227292028721422));
#2725=CARTESIAN_POINT('',(-0.0292440577745437,-0.005,0.00748726679012179));
#2726=CARTESIAN_POINT('',(-0.0227292021736502,-0.005,0.00748726679012179));
#2727=CARTESIAN_POINT('',(-0.0262143465727567,-0.005,0.00748726679012179));
#2728=CARTESIAN_POINT('',(-0.0262143465727567,-0.005,0.0227292028721422));
#2729=CARTESIAN_POINT('',(-0.0262143465727567,-0.005,0.0234872667901218));
#2730=CARTESIAN_POINT('',(-0.0227292021736502,-0.005,0.0234872667901218));
#2731=CARTESIAN_POINT('',(-0.0192143465727567,-0.005,0.0234872667901218));
#2732=CARTESIAN_POINT('',(-0.0192143465727567,-0.005,0.0227292028721422));
#2733=CARTESIAN_POINT('',(-0.0192143465727567,-0.005,0.00748726679012179));
#2734=CARTESIAN_POINT('',(-0.0227292021736502,-0.005,0.00748726679012179));
#2735=CARTESIAN_POINT('',(-0.0162143465727567,-0.005,0.0227292028721422));
#2736=CARTESIAN_POINT('',(-0.0162143465727567,-0.005,0.0147666141083804));
#2737=CARTESIAN_POINT('',(-0.0227292021736502,-0.005,0.0147666141083804));
#2738=CARTESIAN_POINT('',(-0.0187750892937184,-0.005,0.0147666141083804));
#2739=CARTESIAN_POINT('',(-0.0187750892937184,-0.005,0.0227292028721422));
#2740=CARTESIAN_POINT('',(-0.0162143465727567,-0.0175,0.0193626145660962));
#2741=CARTESIAN_POINT('',(-0.0162143465727567,-0.0175,0.0147666141083804));
#2742=CARTESIAN_POINT('',(-0.0162143465727567,-0.00661018370748286,0.0147666141083804));
#2743=CARTESIAN_POINT('',(-0.0162143465727567,-0.0175,0.0147666141083804));
#2744=CARTESIAN_POINT('',(-0.0292440577745437,-0.042380627369424,-0.00682675251475785));
#2745=CARTESIAN_POINT('',(-0.0292440577745437,-0.0132890952179902,0.0206666141083803));
#2746=CARTESIAN_POINT('',(-0.0292440577745437,-0.0132890952179902,0.0206666141083803));
#2747=CARTESIAN_POINT('',(-0.0297750892937183,-0.0132890952179902,0.0206666141083803));
#2748=CARTESIAN_POINT('',(-0.0292440577745437,-0.042380627369424,-0.00682675251475785));
#2749=CARTESIAN_POINT('',(-0.0292440577745437,-0.03,0.0312379623420708));
#2750=CARTESIAN_POINT('',(-0.0227292021736502,-0.03,0.0312379623420708));
#2751=CARTESIAN_POINT('',(-0.0402440577745438,-0.03,0.0312379623420708));
#2752=CARTESIAN_POINT('',(-0.0402440577745438,-0.042380627369424,-0.00682675251475785));
#2753=CARTESIAN_POINT('',(-0.0402440577745438,-0.005,0.00748726679012179));
#2754=CARTESIAN_POINT('',(-0.0227292021736502,-0.005,0.00748726679012179));
#2755=CARTESIAN_POINT('',(-0.0292440577745437,-0.042380627369424,-0.00682675251475785));
#2756=CARTESIAN_POINT('',(-0.0292440577745437,-0.00867708202073792,0.0147666141083804));
#2757=CARTESIAN_POINT('',(-0.0292440577745437,-0.00867708202073792,0.0147666141083804));
#2758=CARTESIAN_POINT('',(-0.0297750892937183,-0.00867708202073792,0.0147666141083804));
#2759=CARTESIAN_POINT('',(-0.0297750892937183,-0.042380627369424,-0.00682675251475785));
#2760=CARTESIAN_POINT('',(-0.0292440577745437,-0.015,0.0227292028721422));
#2761=CARTESIAN_POINT('',(-0.0292440577745437,-0.03,0.0312379623420708));
#2762=CARTESIAN_POINT('',(-0.0292440577745437,-0.015,0.0206666141083803));
#2763=CARTESIAN_POINT('',(-0.0292440577745437,-0.00844717833143015,0.0206666141083803));
#2764=CARTESIAN_POINT('',(-0.0292440577745437,-0.015,0.0206666141083803));
#2765=CARTESIAN_POINT('',(-0.0227292021736502,-0.005,0.00748726679012179));
#2766=CARTESIAN_POINT('',(-0.0262143465727567,-0.025,0.00748726679012179));
#2767=CARTESIAN_POINT('',(-0.0262143465727567,0.,0.00748726679012179));
#2768=CARTESIAN_POINT('',(-0.0402440577745438,-0.005,0.00748726679012179));
#2769=CARTESIAN_POINT('',(-0.0402440577745438,0.,0.00748726679012179));
#2770=CARTESIAN_POINT('',(-0.0227292021736502,0.,0.00748726679012179));
#2771=CARTESIAN_POINT('',(-0.0227292021736502,0.,0.0227292028721422));
#2772=CARTESIAN_POINT('',(-0.0157750892937183,0.,0.0177166141083803));
#2773=CARTESIAN_POINT('',(-0.0157750892937183,0.,0.0206666141083803));
#2774=CARTESIAN_POINT('',(-0.0157750892937183,0.,0.0147666141083804));
#2775=CARTESIAN_POINT('',(-0.0172750892937183,0.,0.0206666141083803));
#2776=CARTESIAN_POINT('',(-0.0187750892937184,0.,0.0206666141083803));
#2777=CARTESIAN_POINT('',(-0.0187750892937184,0.,0.0177166141083803));
#2778=CARTESIAN_POINT('',(-0.0187750892937184,0.,0.0147666141083804));
#2779=CARTESIAN_POINT('',(-0.0172750892937183,0.,0.0147666141083804));
#2780=CARTESIAN_POINT('',(-0.0267750892937184,0.,0.0177166141083803));
#2781=CARTESIAN_POINT('',(-0.0262143465727567,0.,0.0154872667901218));
#2782=CARTESIAN_POINT('',(-0.0262143465727567,0.,0.0234872667901218));
#2783=CARTESIAN_POINT('',(-0.0402440577745438,0.,0.0227292028721422));
#2784=CARTESIAN_POINT('',(-0.0402440577745438,0.,0.0364711389541626));
#2785=CARTESIAN_POINT('',(-0.0552440577745438,0.,0.0364711389541626));
#2786=CARTESIAN_POINT('',(-0.0552440577745438,0.,0.0364711389541626));
#2787=CARTESIAN_POINT('',(-0.0552440577745438,0.,0.0227292028721422));
#2788=CARTESIAN_POINT('',(-0.0552440577745438,0.,0.0379711389541626));
#2789=CARTESIAN_POINT('',(-0.0227292021736502,0.,0.0379711389541626));
#2790=CARTESIAN_POINT('',(-0.00521434657275677,0.,0.0379711389541626));
#2791=CARTESIAN_POINT('',(-0.00521434657275677,0.,0.0227292028721422));
#2792=CARTESIAN_POINT('',(-0.0227292021736502,0.,0.00748726679012179));
#2793=CARTESIAN_POINT('',(-0.0192143465727567,0.,0.00748726679012179));
#2794=CARTESIAN_POINT('',(-0.0192143465727567,0.,0.0154872667901218));
#2795=CARTESIAN_POINT('',(-0.0192143465727567,0.,0.0234872667901218));
#2796=CARTESIAN_POINT('',(-0.0227143465727567,0.,0.0234872667901218));
#2797=CARTESIAN_POINT('',(-0.0227292021736502,-0.005,0.00748726679012179));
#2798=CARTESIAN_POINT('',(-0.0192143465727567,-0.025,0.00748726679012179));
#2799=CARTESIAN_POINT('',(-0.00621434657275677,-0.005,0.00748726679012179));
#2800=CARTESIAN_POINT('',(-0.0227292021736502,-0.03,0.0227292028721422));
#2801=CARTESIAN_POINT('',(-0.0227292021736502,-0.03,0.0312379623420708));
#2802=CARTESIAN_POINT('',(-0.00621434657275677,-0.03,0.0193626145660962));
#2803=CARTESIAN_POINT('',(-0.00621434657275677,-0.03,0.00748726679012179));
#2804=CARTESIAN_POINT('',(-0.00621434657275677,-0.03,0.00748726679012179));
#2805=CARTESIAN_POINT('',(-0.00521434657275677,-0.03,0.00748726679012179));
#2806=CARTESIAN_POINT('',(-0.00521434657275677,-0.03,0.0193626145660962));
#2807=CARTESIAN_POINT('',(-0.00521434657275677,-0.03,0.0312379623420708));
#2808=CARTESIAN_POINT('',(0.124785653427243,-0.03,0.0312379623420708));
#2809=CARTESIAN_POINT('',(0.189785653427244,-0.03,0.0364711389541626));
#2810=CARTESIAN_POINT('',(0.189785653427244,-0.03,0.0364711389541626));
#2811=CARTESIAN_POINT('',(0.189785653427244,-0.03,0.0227292028721422));
#2812=CARTESIAN_POINT('',(0.189785653427244,-0.03,0.0379711389541626));
#2813=CARTESIAN_POINT('',(-0.0227292021736502,-0.03,0.0379711389541626));
#2814=CARTESIAN_POINT('',(-0.0552440577745438,-0.03,0.0379711389541626));
#2815=CARTESIAN_POINT('',(-0.0552440577745438,-0.03,0.0227292028721422));
#2816=CARTESIAN_POINT('',(-0.0552440577745438,-0.03,0.0364711389541626));
#2817=CARTESIAN_POINT('',(-0.0552440577745438,-0.03,0.0364711389541626));
#2818=CARTESIAN_POINT('',(-0.0402440577745438,-0.03,0.0364711389541626));
#2819=CARTESIAN_POINT('',(-0.0402440577745438,-0.03,0.0227292028721422));
#2820=CARTESIAN_POINT('',(-0.0227292021736502,-0.03,0.0312379623420708));
#2821=CARTESIAN_POINT('',(-0.0162143465727567,-0.03,0.0312379623420708));
#2822=CARTESIAN_POINT('',(-0.0227292021736502,-0.005,0.0379711389541626));
#2823=CARTESIAN_POINT('',(0.181910932064057,0.0247402712702751,0.0379711389541626));
#2824=CARTESIAN_POINT('',(0.182960932064057,0.0247402712702751,0.0379711389541626));
#2825=CARTESIAN_POINT('',(-0.0507083127764182,-0.0275,0.0379711389541626));
#2826=CARTESIAN_POINT('',(-0.0496583127764182,-0.0275,0.0379711389541626));
#2827=CARTESIAN_POINT('',(-0.0510113575462977,-0.00265683350153268,0.0379711389541626));
#2828=CARTESIAN_POINT('',(-0.0499613575462977,-0.00265683350153268,0.0379711389541626));
#2829=CARTESIAN_POINT('',(0.182285653427243,-0.0280940718948841,0.0379711389541626));
#2830=CARTESIAN_POINT('',(0.183335653427243,-0.0280940718948841,0.0379711389541626));
#2831=CARTESIAN_POINT('',(-0.00521434657275677,0.0275,0.0379711389541626));
#2832=CARTESIAN_POINT('',(-0.00521434657275677,0.0275,0.0379711389541626));
#2833=CARTESIAN_POINT('',(-0.0552440577745438,-0.005,0.0379711389541626));
#2834=CARTESIAN_POINT('',(-0.0552440577745438,-0.005,0.0379711389541626));
#2835=CARTESIAN_POINT('',(-0.0552440577745438,-0.005,0.0379711389541626));
#2836=CARTESIAN_POINT('',(-0.0402440577745438,-0.005,0.0379711389541626));
#2837=CARTESIAN_POINT('',(-0.0402440577745438,-0.005,0.0379711389541626));
#2838=CARTESIAN_POINT('',(-0.0402440577745438,-0.025,0.0379711389541626));
#2839=CARTESIAN_POINT('',(-0.0552440577745438,-0.025,0.0379711389541626));
#2840=CARTESIAN_POINT('',(-0.0552440577745438,-0.025,0.0379711389541626));
#2841=CARTESIAN_POINT('',(-0.0552440577745438,-0.005,0.0379711389541626));
#2842=CARTESIAN_POINT('',(0.189785653427244,-0.005,0.0379711389541626));
#2843=CARTESIAN_POINT('',(0.189785653427244,-0.025,0.0379711389541626));
#2844=CARTESIAN_POINT('',(0.189785653427244,-0.025,0.0379711389541626));
#2845=CARTESIAN_POINT('',(0.189785653427244,0.0225,0.0379711389541626));
#2846=CARTESIAN_POINT('',(0.189785653427244,0.0225,0.0379711389541626));
#2847=CARTESIAN_POINT('',(0.189785653427244,-0.005,0.0379711389541626));
#2848=CARTESIAN_POINT('',(0.189785653427244,0.0275,0.0379711389541626));
#2849=CARTESIAN_POINT('',(0.124785653427243,0.0275,0.0379711389541626));
#2850=CARTESIAN_POINT('',(-0.0402440577745438,-0.005,0.0227292028721422));
#2851=CARTESIAN_POINT('',(-0.0402440577745438,-0.005,0.0372211389541626));
#2852=CARTESIAN_POINT('',(-0.0402440577745438,-0.005,0.0364711389541626));
#2853=CARTESIAN_POINT('',(-0.0402440577745438,-0.0025,0.0364711389541626));
#2854=CARTESIAN_POINT('',(-0.0402440577745438,-0.0275,0.0364711389541626));
#2855=CARTESIAN_POINT('',(-0.0402440577745438,-0.025,0.0364711389541626));
#2856=CARTESIAN_POINT('',(-0.0402440577745438,-0.025,0.0372211389541626));
#2857=CARTESIAN_POINT('',(-0.00521434657275677,-0.005,0.0227292028721422));
#2858=CARTESIAN_POINT('',(-0.00521434657275677,-0.014,0.0029711389541626));
#2859=CARTESIAN_POINT('',(-0.00521434657275677,-0.014,0.0312379623420708));
#2860=CARTESIAN_POINT('',(-0.00521434657275677,-0.03,0.0312379623420708));
#2861=CARTESIAN_POINT('',(-0.00521434657275677,-0.0342520902582482,-0.000666638352787546));
#2862=CARTESIAN_POINT('',(-0.00521434657275677,-0.0385041805164964,-0.00882054349569693));
#2863=CARTESIAN_POINT('',(-0.00521434657275677,-0.0217520902582482,-0.00066663835278757));
#2864=CARTESIAN_POINT('',(-0.0162143465727567,-0.0175,0.0193626145660962));
#2865=CARTESIAN_POINT('',(-0.0162143465727567,-0.0175,0.0206666141083803));
#2866=CARTESIAN_POINT('',(-0.0162143465727567,-0.00661018370748286,0.0206666141083803));
#2867=CARTESIAN_POINT('',(-0.0162143465727567,-0.0175,0.0206666141083803));
#2868=CARTESIAN_POINT('',(-0.0292440577745437,-0.015,0.0227292028721422));
#2869=CARTESIAN_POINT('',(-0.0292440577745437,-0.015,0.0147666141083804));
#2870=CARTESIAN_POINT('',(-0.0292440577745437,-0.00844717833143015,0.0147666141083804));
#2871=CARTESIAN_POINT('',(-0.0292440577745437,-0.015,0.0147666141083804));
#2872=CARTESIAN_POINT('',(-0.0192143465727567,-0.025,0.0154872667901218));
#2873=CARTESIAN_POINT('',(-0.0192143465727567,-0.025,0.0234872667901218));
#2874=CARTESIAN_POINT('',(-0.0227143465727567,-0.025,0.0234872667901218));
#2875=CARTESIAN_POINT('',(-0.0262143465727567,-0.025,0.0234872667901218));
#2876=CARTESIAN_POINT('',(-0.0262143465727567,-0.025,0.0154872667901218));
#2877=CARTESIAN_POINT('',(-0.0297750892937183,-0.025,0.0177166141083803));
#2878=CARTESIAN_POINT('',(-0.0297750892937183,-0.00844717833143015,0.0177166141083803));
#2879=CARTESIAN_POINT('',(-0.0297750892937183,-0.00844717833143015,0.0206666141083803));
#2880=CARTESIAN_POINT('',(-0.0297750892937183,-0.00844717833143015,0.0147666141083804));
#2881=CARTESIAN_POINT('',(-0.0297750892937183,-0.025,0.0206666141083803));
#2882=CARTESIAN_POINT('',(-0.0297750892937183,-0.025,0.0147666141083804));
#2883=CARTESIAN_POINT('',(-0.0267750892937184,-0.025,0.0177166141083803));
#2884=CARTESIAN_POINT('',(-0.0282750892937183,-0.025,0.0206666141083803));
#2885=CARTESIAN_POINT('',(-0.0147750892937183,-0.00844717833143015,0.0206666141083803));
#2886=CARTESIAN_POINT('',(-0.0282750892937183,-0.025,0.0147666141083804));
#2887=CARTESIAN_POINT('',(-0.0147750892937183,-0.00844717833143015,0.0147666141083804));
#2888=CARTESIAN_POINT('',(-0.0157750892937183,-0.025,0.0177166141083803));
#2889=CARTESIAN_POINT('',(-0.0157750892937183,-0.025,0.0147666141083804));
#2890=CARTESIAN_POINT('',(-0.0157750892937183,-0.00661018370748286,0.0147666141083804));
#2891=CARTESIAN_POINT('',(-0.0157750892937183,-0.00661018370748286,0.0177166141083803));
#2892=CARTESIAN_POINT('',(-0.0157750892937183,-0.00661018370748286,0.0206666141083803));
#2893=CARTESIAN_POINT('',(-0.0157750892937183,-0.025,0.0206666141083803));
#2894=CARTESIAN_POINT('',(-0.0172750892937183,-0.025,0.0206666141083803));
#2895=CARTESIAN_POINT('',(-0.0147750892937183,-0.00661018370748286,0.0206666141083803));
#2896=CARTESIAN_POINT('',(-0.0187750892937184,-0.025,0.0206666141083803));
#2897=CARTESIAN_POINT('',(-0.0187750892937184,-0.025,0.0177166141083803));
#2898=CARTESIAN_POINT('',(-0.0187750892937184,-0.025,0.0147666141083804));
#2899=CARTESIAN_POINT('',(-0.0172750892937183,-0.025,0.0147666141083804));
#2900=CARTESIAN_POINT('',(-0.0147750892937183,-0.00661018370748286,0.0147666141083804));
#2901=CARTESIAN_POINT('',(-0.0147750892937183,-0.025,0.0206666141083803));
#2902=CARTESIAN_POINT('',(-0.0147750892937183,-0.00661018370748286,0.0206666141083803));
#2903=CARTESIAN_POINT('',(-0.0147750892937183,-0.00844717833143015,0.0206666141083803));
#2904=CARTESIAN_POINT('',(-0.0147750892937183,-0.025,0.0147666141083804));
#2905=CARTESIAN_POINT('',(-0.0147750892937183,-0.00661018370748286,0.0147666141083804));
#2906=CARTESIAN_POINT('',(-0.0147750892937183,-0.00844717833143015,0.0147666141083804));
#2907=CARTESIAN_POINT('',(-0.0147750892937183,-0.00844717833143015,0.0177166141083803));
#2908=CARTESIAN_POINT('',(-0.0147750892937183,-0.00661018370748286,0.0177166141083803));
#2909=CARTESIAN_POINT('',(0.124785653427243,-0.03,0.0312379623420708));
#2910=CARTESIAN_POINT('',(0.124785653427243,-0.014,0.0312379623420708));
#2911=CARTESIAN_POINT('',(0.124785653427243,-0.014,0.0029711389541626));
#2912=CARTESIAN_POINT('',(0.124785653427243,-0.014,-0.0320288610458374));
#2913=CARTESIAN_POINT('',(0.124785653427243,-0.01325,-0.0320288610458374));
#2914=CARTESIAN_POINT('',(0.124785653427243,0.0275,-0.0320288610458374));
#2915=CARTESIAN_POINT('',(-0.00621434657275677,-0.015,0.0227292028721422));
#2916=CARTESIAN_POINT('',(-0.00621434657275677,-0.0217520902582482,-0.00066663835278757));
#2917=CARTESIAN_POINT('',(-0.00621434657275677,-0.0385041805164964,-0.00882054349569693));
#2918=CARTESIAN_POINT('',(-0.00621434657275677,-0.0342520902582482,-0.000666638352787546));
#2919=CARTESIAN_POINT('',(-0.00621434657275677,-0.0217520902582482,-0.00066663835278757));
#2920=CARTESIAN_POINT('',(-0.00621434657275677,-0.0385041805164964,-0.00882054349569693));
#2921=CARTESIAN_POINT('',(-0.00621434657275677,-0.0342520902582482,-0.000666638352787546));
#2922=CARTESIAN_POINT('',(-0.00521434657275677,0.0275,0.0029711389541626));
#2923=CARTESIAN_POINT('',(-0.00521434657275677,0.0275,0.0029711389541626));
#2924=CARTESIAN_POINT('',(-0.00521434657275677,0.0275,0.0374711389541626));
#2925=CARTESIAN_POINT('',(-0.00521434657275677,0.0275,0.0374711389541626));
#2926=CARTESIAN_POINT('',(0.0595356534272432,0.0275,0.0374711389541626));
#2927=CARTESIAN_POINT('',(0.0595356534272432,0.0275,0.0374711389541626));
#2928=CARTESIAN_POINT('',(0.0597856534272432,0.0275,0.0029711389541626));
#2929=CARTESIAN_POINT('',(-0.00221434657275677,0.0275,-0.0290288610458374));
#2930=CARTESIAN_POINT('',(-0.00221434657275677,0.0275,-0.0280288610458374));
#2931=CARTESIAN_POINT('',(0.171785653427243,0.0275,0.0349711389541626));
#2932=CARTESIAN_POINT('',(0.170785653427243,0.0275,0.0349711389541626));
#2933=CARTESIAN_POINT('',(0.171785653427243,0.0275,0.0339711389541626));
#2934=CARTESIAN_POINT('',(0.148285653427243,0.0275,0.0349711389541626));
#2935=CARTESIAN_POINT('',(0.148285653427243,0.0275,-0.0290288610458374));
#2936=CARTESIAN_POINT('',(0.170785653427243,0.0275,-0.0290288610458374));
#2937=CARTESIAN_POINT('',(0.171785653427243,0.0275,-0.0290288610458374));
#2938=CARTESIAN_POINT('',(0.171785653427243,0.0275,-0.0280288610458374));
#2939=CARTESIAN_POINT('',(0.171785653427243,0.0275,0.00297113895416261));
#2940=CARTESIAN_POINT('',(0.189785653427244,0.0275,0.00297113895416261));
#2941=CARTESIAN_POINT('',(0.189785653427244,0.0275,0.0364711389541626));
#2942=CARTESIAN_POINT('',(0.189785653427244,0.0275,0.0364711389541626));
#2943=CARTESIAN_POINT('',(0.0595356534272432,0.0275,-0.0265288610458374));
#2944=CARTESIAN_POINT('',(0.00210453942418098,0.0275,-0.0265288610458374));
#2945=CARTESIAN_POINT('',(0.00210453942418098,0.0275,-0.0265288610458374));
#2946=CARTESIAN_POINT('',(0.174785653427243,-0.0135,0.0029711389541626));
#2947=CARTESIAN_POINT('',(0.148285653427243,-0.0135,0.0349711389541626));
#2948=CARTESIAN_POINT('',(0.171785653427243,-0.0135,0.0349711389541626));
#2949=CARTESIAN_POINT('',(0.171785653427243,-0.0135,0.0029711389541626));
#2950=CARTESIAN_POINT('',(0.171785653427243,-0.0135,-0.0290288610458374));
#2951=CARTESIAN_POINT('',(0.148285653427243,-0.0135,-0.0290288610458374));
#2952=CARTESIAN_POINT('',(0.148285653427243,0.0275,0.0349711389541626));
#2953=CARTESIAN_POINT('',(0.148285653427243,0.027,0.0349711389541626));
#2954=CARTESIAN_POINT('',(0.149285653427243,0.027,0.0349711389541626));
#2955=CARTESIAN_POINT('',(0.170785653427243,0.0175,0.0349711389541626));
#2956=CARTESIAN_POINT('',(0.170785653427243,0.0175,0.0349711389541626));
#2957=CARTESIAN_POINT('',(0.148285653427243,0.0175,0.0349711389541626));
#2958=CARTESIAN_POINT('',(0.171785653427243,0.0175,0.0349711389541626));
#2959=CARTESIAN_POINT('',(0.171785653427243,0.0275,0.0349711389541626));
#2960=CARTESIAN_POINT('',(0.149285653427243,0.0275,0.0349711389541626));
#2961=CARTESIAN_POINT('',(0.148285653427243,0.0275,-0.0290288610458374));
#2962=CARTESIAN_POINT('',(0.148285653427243,0.027,-0.0290288610458374));
#2963=CARTESIAN_POINT('',(0.149285653427243,0.027,-0.0290288610458374));
#2964=CARTESIAN_POINT('',(0.149285653427243,0.0275,-0.0290288610458374));
#2965=CARTESIAN_POINT('',(0.171785653427243,0.0275,-0.0290288610458374));
#2966=CARTESIAN_POINT('',(0.171785653427243,0.0175,-0.0290288610458374));
#2967=CARTESIAN_POINT('',(0.148285653427243,0.0175,-0.0290288610458374));
#2968=CARTESIAN_POINT('',(0.170785653427243,0.0175,-0.0290288610458374));
#2969=CARTESIAN_POINT('',(0.170785653427243,0.0175,-0.0290288610458374));
#2970=CARTESIAN_POINT('',(0.171785653427243,0.0275,0.00297113895416261));
#2971=CARTESIAN_POINT('',(0.171785653427243,0.0175,0.0339711389541626));
#2972=CARTESIAN_POINT('',(0.171785653427243,0.0175,0.0339711389541626));
#2973=CARTESIAN_POINT('',(0.171785653427243,0.0175,-0.0280288610458374));
#2974=CARTESIAN_POINT('',(0.171785653427243,0.0175,-0.0280288610458374));
#2975=CARTESIAN_POINT('',(0.171785653427243,0.0175,0.00297113895416261));
#2976=CARTESIAN_POINT('',(0.171785653427243,0.0175,0.00297113895416261));
#2977=CARTESIAN_POINT('',(0.171785653427243,0.0175,-0.0290288610458374));
#2978=CARTESIAN_POINT('',(0.171785653427243,0.0175,-0.0290288610458374));
#2979=CARTESIAN_POINT('',(0.0847856534272432,0.0175,0.0029711389541626));
#2980=CARTESIAN_POINT('',(0.171785653427243,0.0175,0.0349711389541626));
#2981=CARTESIAN_POINT('',(0.171785653427243,0.0175,0.0349711389541626));
#2982=CARTESIAN_POINT('',(0.0847856534272432,0.0175,0.0029711389541626));
#2983=CARTESIAN_POINT('',(-0.00155490357428789,0.021224766254425,-0.0265288610458374));
#2984=CARTESIAN_POINT('',(-0.00221434657275677,0.021224766254425,-0.0290288610458374));
#2985=CARTESIAN_POINT('',(-0.00221434657275677,0.021224766254425,-0.0280288610458374));
#2986=CARTESIAN_POINT('',(0.00210453942418098,0.021224766254425,-0.0265288610458374));
#2987=CARTESIAN_POINT('',(0.00210453942418098,0.021224766254425,-0.0265288610458374));
#2988=CARTESIAN_POINT('',(-0.00155490357428789,0.021224766254425,-0.0265288610458374));
#2989=CARTESIAN_POINT('',(0.00210453942418098,0.0243623831272125,-0.0265288610458374));
#2990=CARTESIAN_POINT('',(0.00210453942418098,0.0243623831272125,-0.0265288610458374));
#2991=CARTESIAN_POINT('',(0.0595356534272432,0.0075,-0.0265288610458374));
#2992=CARTESIAN_POINT('',(-0.00221434657275677,0.0175,-0.0290288610458374));
#2993=CARTESIAN_POINT('',(-0.0552440577745438,-0.0275,0.0364711389541626));
#2994=CARTESIAN_POINT('',(-0.0507083127764182,-0.0275,0.0364711389541626));
#2995=CARTESIAN_POINT('',(-0.0517583127764182,-0.0275,0.0364711389541626));
#2996=CARTESIAN_POINT('',(-0.0552440577745438,-0.0275,0.0364711389541626));
#2997=CARTESIAN_POINT('',(-0.0552440577745438,-0.025,0.0364711389541626));
#2998=CARTESIAN_POINT('',(-0.0552440577745438,-0.025,0.0364711389541626));
#2999=CARTESIAN_POINT('',(-0.0552440577745438,-0.025,0.0372211389541626));
#3000=CARTESIAN_POINT('',(-0.0552440577745438,-0.025,0.0372211389541626));
#3001=CARTESIAN_POINT('',(-0.0552440577745438,-0.015,0.0227292028721422));
#3002=CARTESIAN_POINT('',(-0.0552440577745438,-0.0025,0.0364711389541626));
#3003=CARTESIAN_POINT('',(-0.0510113575462977,-0.00265683350153268,0.0364711389541626));
#3004=CARTESIAN_POINT('',(-0.0520613575462977,-0.00265683350153268,0.0364711389541626));
#3005=CARTESIAN_POINT('',(-0.0552440577745438,-0.005,0.0364711389541626));
#3006=CARTESIAN_POINT('',(-0.0552440577745438,-0.005,0.0364711389541626));
#3007=CARTESIAN_POINT('',(-0.0552440577745438,-0.0025,0.0364711389541626));
#3008=CARTESIAN_POINT('',(-0.0552440577745438,-0.005,0.0372211389541626));
#3009=CARTESIAN_POINT('',(-0.0552440577745438,-0.005,0.0372211389541626));
#3010=CARTESIAN_POINT('',(-0.0552440577745438,-0.015,0.0227292028721422));
#3011=CARTESIAN_POINT('',(0.189785653427244,-0.0275,0.0364711389541626));
#3012=CARTESIAN_POINT('',(0.182285653427243,-0.0280940718948841,0.0364711389541626));
#3013=CARTESIAN_POINT('',(0.181235653427243,-0.0280940718948841,0.0364711389541626));
#3014=CARTESIAN_POINT('',(0.189785653427244,-0.025,0.0364711389541626));
#3015=CARTESIAN_POINT('',(0.189785653427244,-0.025,0.0364711389541626));
#3016=CARTESIAN_POINT('',(0.189785653427244,-0.0275,0.0364711389541626));
#3017=CARTESIAN_POINT('',(0.189785653427244,-0.025,0.0372211389541626));
#3018=CARTESIAN_POINT('',(0.189785653427244,-0.025,0.0372211389541626));
#3019=CARTESIAN_POINT('',(0.189785653427244,-0.00125,0.0029711389541626));
#3020=CARTESIAN_POINT('',(0.189785653427244,0.025,0.0364711389541626));
#3021=CARTESIAN_POINT('',(0.181910932064057,0.0247402712702751,0.0364711389541626));
#3022=CARTESIAN_POINT('',(0.180860932064057,0.0247402712702751,0.0364711389541626));
#3023=CARTESIAN_POINT('',(0.189785653427244,0.025,0.0364711389541626));
#3024=CARTESIAN_POINT('',(0.189785653427244,0.0225,0.0364711389541626));
#3025=CARTESIAN_POINT('',(0.189785653427244,0.0225,0.0364711389541626));
#3026=CARTESIAN_POINT('',(0.189785653427244,0.0225,0.0372211389541626));
#3027=CARTESIAN_POINT('',(0.189785653427244,0.0225,0.0372211389541626));
#3028=CARTESIAN_POINT('',(0.189785653427244,-0.00125,0.0029711389541626));
#3029=CARTESIAN_POINT('',(0.181910932064057,0.0247402712702751,0.0614711389541626));
#3030=CARTESIAN_POINT('',(0.182285653427243,-0.0280940718948841,0.0614711389541626));
#3031=CARTESIAN_POINT('',(-0.0510113575462977,-0.00265683350153268,0.0614711389541626));
#3032=CARTESIAN_POINT('',(-0.0507083127764182,-0.0275,0.0614711389541626));
#3033=CARTESIAN_POINT('',(0.149285653427243,0.0075,0.00297113895416259));
#3034=CARTESIAN_POINT('',(0.149285653427243,0.027,0.00311359398812055));
#3035=CARTESIAN_POINT('',(0.149285653427243,0.027,-0.0307439509779215));
#3036=CARTESIAN_POINT('',(0.149285653427243,0.00725,-0.0307439509779215));
#3037=CARTESIAN_POINT('',(0.149285653427243,0.00725,0.0369711389541626));
#3038=CARTESIAN_POINT('',(0.149285653427243,0.027,0.0369711389541626));
#3039=CARTESIAN_POINT('',(0.149285653427243,0.027,0.0369711389541626));
#3040=CARTESIAN_POINT('',(0.149285653427243,0.00725,0.0369711389541626));
#3041=CARTESIAN_POINT('',(0.149285653427243,0.027,0.00311359398812055));
#3042=CARTESIAN_POINT('',(0.149285653427243,0.027,0.00311359398812055));
#3043=CARTESIAN_POINT('',(0.149285653427243,0.027,-0.0307439509779215));
#3044=CARTESIAN_POINT('',(0.149285653427243,0.00725,-0.0307439509779215));
#3045=CARTESIAN_POINT('',(0.149285653427243,0.0075,0.00297113895416259));
#3046=CARTESIAN_POINT('',(0.,0.,0.));
#3047=CARTESIAN_POINT('',(0.0847856534272432,0.0285,-0.0320288610458375));
#3048=CARTESIAN_POINT('',(0.0847856534272432,0.0275,-0.0320288610458375));
#3049=CARTESIAN_POINT('',(-0.00521434657275677,0.0275,-0.0320288610458374));
#3050=CARTESIAN_POINT('',(0.174785653427243,0.0275,-0.0320288610458375));
#3051=CARTESIAN_POINT('',(-0.00521434657275677,0.0285,-0.0320288610458374));
#3052=CARTESIAN_POINT('',(-0.00521434657275677,0.0285,-0.0320288610458374));
#3053=CARTESIAN_POINT('',(0.0847856534272432,0.0285,-0.0320288610458375));
#3054=CARTESIAN_POINT('',(0.174785653427243,0.0285,-0.0320288610458375));
#3055=CARTESIAN_POINT('',(0.174785653427243,0.0285,-0.0320288610458375));
#3056=CARTESIAN_POINT('',(-0.00521434657275677,0.0285,0.0029711389541626));
#3057=CARTESIAN_POINT('',(-0.00521434657275677,0.0275,0.0029711389541626));
#3058=CARTESIAN_POINT('',(-0.00521434657275677,0.0275,0.0379711389541626));
#3059=CARTESIAN_POINT('',(-0.00521434657275677,0.0285,0.0379711389541626));
#3060=CARTESIAN_POINT('',(-0.00521434657275677,0.0285,0.0379711389541626));
#3061=CARTESIAN_POINT('',(-0.00521434657275677,0.0285,0.0029711389541626));
#3062=CARTESIAN_POINT('',(0.0847856534272432,0.0285,0.0379711389541626));
#3063=CARTESIAN_POINT('',(0.0847856534272432,0.0275,0.0379711389541626));
#3064=CARTESIAN_POINT('',(0.174785653427243,0.0275,0.0379711389541626));
#3065=CARTESIAN_POINT('',(0.174785653427243,0.0285,0.0379711389541626));
#3066=CARTESIAN_POINT('',(0.174785653427243,0.0285,0.0379711389541626));
#3067=CARTESIAN_POINT('',(0.0847856534272432,0.0285,0.0379711389541626));
#3068=CARTESIAN_POINT('',(0.174785653427243,0.0285,0.00297113895416257));
#3069=CARTESIAN_POINT('',(0.174785653427243,0.0275,0.00297113895416257));
#3070=CARTESIAN_POINT('',(0.174785653427243,0.0285,0.00297113895416257));
#3071=CARTESIAN_POINT('',(0.0847856534272432,0.0285,0.00297113895416258));
#3072=CARTESIAN_POINT('',(0.171785653427243,0.0285,0.0349711389541626));
#3073=CARTESIAN_POINT('',(0.171785653427243,0.0285,0.0359711389541626));
#3074=CARTESIAN_POINT('',(0.171785653427243,0.0285,-0.0290288610458374));
#3075=CARTESIAN_POINT('',(0.171785653427243,0.0285,-0.0280288610458374));
#3076=CARTESIAN_POINT('',(-0.00221434657275677,0.0285,-0.0290288610458374));
#3077=CARTESIAN_POINT('',(-0.00221434657275677,0.0285,-0.0280288610458374));
#3078=CARTESIAN_POINT('',(0.0847856534272432,0.0275,0.00297113895416258));
#3079=CARTESIAN_POINT('',(0.171785653427243,0.0275,0.0349711389541626));
#3080=CARTESIAN_POINT('',(0.171785653427243,0.0275,0.0359711389541626));
#3081=CARTESIAN_POINT('',(0.171785653427243,0.0275,-0.0290288610458374));
#3082=CARTESIAN_POINT('',(0.171785653427243,0.0275,-0.0280288610458374));
#3083=CARTESIAN_POINT('',(-0.00221434657275677,0.0275,-0.0290288610458374));
#3084=CARTESIAN_POINT('',(-0.00221434657275677,0.0275,-0.0280288610458374));
#3085=CARTESIAN_POINT('',(-0.00221434657275677,0.0035,-0.0290288610458374));
#3086=CARTESIAN_POINT('',(0.171785653427243,0.0035,-0.0290288610458374));
#3087=CARTESIAN_POINT('',(0.171785653427243,0.0035,0.0349711389541626));
#3088=MECHANICAL_DESIGN_GEOMETRIC_PRESENTATION_REPRESENTATION('',(#1918),
#3090);
#3089=MECHANICAL_DESIGN_GEOMETRIC_PRESENTATION_REPRESENTATION('',(#1919),
#3091);
#3090=(
GEOMETRIC_REPRESENTATION_CONTEXT(3)
GLOBAL_UNCERTAINTY_ASSIGNED_CONTEXT((#3092))
GLOBAL_UNIT_ASSIGNED_CONTEXT((#3098,#3096,#3094))
REPRESENTATION_CONTEXT('Part 1','TOP_LEVEL_ASSEMBLY_PART')
);
#3091=(
GEOMETRIC_REPRESENTATION_CONTEXT(3)
GLOBAL_UNCERTAINTY_ASSIGNED_CONTEXT((#3093))
GLOBAL_UNIT_ASSIGNED_CONTEXT((#3099,#3097,#3095))
REPRESENTATION_CONTEXT('Part 2','TOP_LEVEL_ASSEMBLY_PART')
);
#3092=UNCERTAINTY_MEASURE_WITH_UNIT(LENGTH_MEASURE(1.E-8),#3098,
'DISTANCE_ACCURACY_VALUE','Maximum Tolerance applied to model');
#3093=UNCERTAINTY_MEASURE_WITH_UNIT(LENGTH_MEASURE(1.E-8),#3099,
'DISTANCE_ACCURACY_VALUE','Maximum Tolerance applied to model');
#3094=(
NAMED_UNIT(*)
SI_UNIT($,.STERADIAN.)
SOLID_ANGLE_UNIT()
);
#3095=(
NAMED_UNIT(*)
SI_UNIT($,.STERADIAN.)
SOLID_ANGLE_UNIT()
);
#3096=(
NAMED_UNIT(*)
PLANE_ANGLE_UNIT()
SI_UNIT($,.RADIAN.)
);
#3097=(
NAMED_UNIT(*)
PLANE_ANGLE_UNIT()
SI_UNIT($,.RADIAN.)
);
#3098=(
LENGTH_UNIT()
NAMED_UNIT(*)
SI_UNIT($,.METRE.)
);
#3099=(
LENGTH_UNIT()
NAMED_UNIT(*)
SI_UNIT($,.METRE.)
);
#3100=PRODUCT_DEFINITION_SHAPE('','',#3102);
#3101=PRODUCT_DEFINITION_SHAPE('','',#3103);
#3102=PRODUCT_DEFINITION('','',#3106,#3104);
#3103=PRODUCT_DEFINITION('','',#3107,#3105);
#3104=PRODUCT_DEFINITION_CONTEXT('',#3118,'design');
#3105=PRODUCT_DEFINITION_CONTEXT('',#3119,'design');
#3106=PRODUCT_DEFINITION_FORMATION_WITH_SPECIFIED_SOURCE('','',#3110,
 .NOT_KNOWN.);
#3107=PRODUCT_DEFINITION_FORMATION_WITH_SPECIFIED_SOURCE('','',#3111,
 .NOT_KNOWN.);
#3108=PRODUCT_RELATED_PRODUCT_CATEGORY('','',(#3110));
#3109=PRODUCT_RELATED_PRODUCT_CATEGORY('','',(#3111));
#3110=PRODUCT('Part 1','Part 1','Part 1',(#3114));
#3111=PRODUCT('Part 2','Part 2','Part 2',(#3115));
#3112=PRODUCT_CATEGORY('','');
#3113=PRODUCT_CATEGORY('','');
#3114=PRODUCT_CONTEXT('',#3118,'mechanical');
#3115=PRODUCT_CONTEXT('',#3119,'mechanical');
#3116=APPLICATION_PROTOCOL_DEFINITION('international standard',
'ap242_managed_model_based_3d_engineering',2020,#3118);
#3117=APPLICATION_PROTOCOL_DEFINITION('international standard',
'ap242_managed_model_based_3d_engineering',2020,#3119);
#3118=APPLICATION_CONTEXT('managed model based 3d engineering');
#3119=APPLICATION_CONTEXT('managed model based 3d engineering');
ENDSEC;
END-ISO-10303-21;
