ISO-10303-21;
HEADER;
/* Generated by software containing ST-Developer
 * from STEP Tools, Inc. (www.steptools.com) 
 */
/* OPTION: using custom renumber hook */

FILE_DESCRIPTION(
/* description */ ('STEP AP242 Edition 2',
'CAx-IF Rec.Pracs.---Representation and Presentation of Product Manufa
cturing Information (PMI)---4.0---2014-10-13',
'CAx-IF Rec.Pracs.---3D Tessellated Geometry---0.4---2014-09-14','2;1',
'CAx-IF Rec.Pracs.---User Defined Attributes---1.5---2016-08-15'),
/* implementation_level */ '2;1');

FILE_NAME(
/* name */ '69ff69c88df7ef2e2aaebdf3',
/* time_stamp */ '2026-05-09T17:07:21Z',
/* author */ (''),
/* organization */ (''),
/* preprocessor_version */ 'ST-DEVELOPER v20',
/* originating_system */ 'ONSHAPE BY PTC INC, 1.214',
/* authorisation */ '  ');

FILE_SCHEMA (('AP242_MANAGED_MODEL_BASED_3D_ENGINEERING_MIM_LF { 1 0 10303 442 3 1 4 }'));
ENDSEC;

DATA;
#10=OVER_RIDING_STYLED_ITEM('',(#8265),#8007,#8255);
#11=OVER_RIDING_STYLED_ITEM('',(#8266),#8008,#8255);
#12=OVER_RIDING_STYLED_ITEM('',(#8267),#8009,#8255);
#13=OVER_RIDING_STYLED_ITEM('',(#8268),#8010,#8255);
#14=OVER_RIDING_STYLED_ITEM('',(#8269),#8011,#8255);
#15=OVER_RIDING_STYLED_ITEM('',(#8270),#8012,#8255);
#16=OVER_RIDING_STYLED_ITEM('',(#8271),#8013,#8255);
#17=OVER_RIDING_STYLED_ITEM('',(#8272),#8014,#8255);
#18=OVER_RIDING_STYLED_ITEM('',(#8273),#8015,#8255);
#19=OVER_RIDING_STYLED_ITEM('',(#8274),#8016,#8255);
#20=OVER_RIDING_STYLED_ITEM('',(#8275),#8017,#8255);
#21=OVER_RIDING_STYLED_ITEM('',(#8276),#8018,#8255);
#22=OVER_RIDING_STYLED_ITEM('',(#8277),#8019,#8255);
#23=OVER_RIDING_STYLED_ITEM('',(#8278),#8020,#8255);
#24=OVER_RIDING_STYLED_ITEM('',(#8279),#8021,#8255);
#25=OVER_RIDING_STYLED_ITEM('',(#8280),#8022,#8255);
#26=OVER_RIDING_STYLED_ITEM('',(#8281),#8023,#8255);
#27=OVER_RIDING_STYLED_ITEM('',(#8282),#8024,#8255);
#28=OVER_RIDING_STYLED_ITEM('',(#8283),#8025,#8255);
#29=OVER_RIDING_STYLED_ITEM('',(#8284),#8026,#8255);
#30=OVER_RIDING_STYLED_ITEM('',(#8285),#8027,#8255);
#31=OVER_RIDING_STYLED_ITEM('',(#8286),#8028,#8255);
#32=OVER_RIDING_STYLED_ITEM('',(#8287),#8029,#8255);
#33=OVER_RIDING_STYLED_ITEM('',(#8288),#8030,#8255);
#34=OVER_RIDING_STYLED_ITEM('',(#8289),#8031,#8255);
#35=OVER_RIDING_STYLED_ITEM('',(#8290),#8032,#8255);
#36=OVER_RIDING_STYLED_ITEM('',(#8291),#8033,#8255);
#37=OVER_RIDING_STYLED_ITEM('',(#8292),#8034,#8255);
#38=OVER_RIDING_STYLED_ITEM('',(#8293),#8035,#8255);
#39=OVER_RIDING_STYLED_ITEM('',(#8294),#8036,#8255);
#40=OVER_RIDING_STYLED_ITEM('',(#8295),#8037,#8255);
#41=OVER_RIDING_STYLED_ITEM('',(#8296),#8038,#8255);
#42=OVER_RIDING_STYLED_ITEM('',(#8297),#8039,#8255);
#43=OVER_RIDING_STYLED_ITEM('',(#8298),#8040,#8255);
#44=OVER_RIDING_STYLED_ITEM('',(#8299),#8041,#8255);
#45=OVER_RIDING_STYLED_ITEM('',(#8300),#8042,#8255);
#46=OVER_RIDING_STYLED_ITEM('',(#8301),#8043,#8255);
#47=OVER_RIDING_STYLED_ITEM('',(#8302),#8044,#8255);
#48=OVER_RIDING_STYLED_ITEM('',(#8303),#8045,#8255);
#49=OVER_RIDING_STYLED_ITEM('',(#8304),#8046,#8255);
#50=OVER_RIDING_STYLED_ITEM('',(#8305),#8047,#8255);
#51=OVER_RIDING_STYLED_ITEM('',(#8306),#8048,#8255);
#52=OVER_RIDING_STYLED_ITEM('',(#8307),#8049,#8255);
#53=OVER_RIDING_STYLED_ITEM('',(#8308),#8050,#8255);
#54=OVER_RIDING_STYLED_ITEM('',(#8309),#8051,#8255);
#55=OVER_RIDING_STYLED_ITEM('',(#8310),#8052,#8255);
#56=OVER_RIDING_STYLED_ITEM('',(#8311),#8053,#8255);
#57=OVER_RIDING_STYLED_ITEM('',(#8312),#8054,#8255);
#58=OVER_RIDING_STYLED_ITEM('',(#8313),#8055,#8255);
#59=OVER_RIDING_STYLED_ITEM('',(#8314),#8056,#8255);
#60=OVER_RIDING_STYLED_ITEM('',(#8315),#8057,#8255);
#61=OVER_RIDING_STYLED_ITEM('',(#8316),#8058,#8255);
#62=OVER_RIDING_STYLED_ITEM('',(#8317),#8059,#8255);
#63=OVER_RIDING_STYLED_ITEM('',(#8318),#8060,#8255);
#64=OVER_RIDING_STYLED_ITEM('',(#8319),#8061,#8255);
#65=OVER_RIDING_STYLED_ITEM('',(#8320),#8062,#8255);
#66=OVER_RIDING_STYLED_ITEM('',(#8321),#8063,#8255);
#67=OVER_RIDING_STYLED_ITEM('',(#8322),#8064,#8255);
#68=OVER_RIDING_STYLED_ITEM('',(#8323),#8065,#8255);
#69=OVER_RIDING_STYLED_ITEM('',(#8324),#8066,#8255);
#70=OVER_RIDING_STYLED_ITEM('',(#8325),#8067,#8255);
#71=OVER_RIDING_STYLED_ITEM('',(#8326),#8068,#8255);
#72=OVER_RIDING_STYLED_ITEM('',(#8327),#8069,#8255);
#73=OVER_RIDING_STYLED_ITEM('',(#8328),#8070,#8255);
#74=OVER_RIDING_STYLED_ITEM('',(#8329),#8071,#8255);
#75=OVER_RIDING_STYLED_ITEM('',(#8330),#8072,#8255);
#76=OVER_RIDING_STYLED_ITEM('',(#8331),#8073,#8255);
#77=OVER_RIDING_STYLED_ITEM('',(#8332),#8074,#8255);
#78=OVER_RIDING_STYLED_ITEM('',(#8333),#8075,#8255);
#79=OVER_RIDING_STYLED_ITEM('',(#8334),#8076,#8255);
#80=OVER_RIDING_STYLED_ITEM('',(#8335),#8077,#8255);
#81=OVER_RIDING_STYLED_ITEM('',(#8336),#8078,#8255);
#82=OVER_RIDING_STYLED_ITEM('',(#8337),#8079,#8255);
#83=OVER_RIDING_STYLED_ITEM('',(#8338),#8080,#8255);
#84=OVER_RIDING_STYLED_ITEM('',(#8339),#8081,#8255);
#85=OVER_RIDING_STYLED_ITEM('',(#8340),#8082,#8255);
#86=OVER_RIDING_STYLED_ITEM('',(#8341),#8083,#8255);
#87=OVER_RIDING_STYLED_ITEM('',(#8342),#8084,#8255);
#88=OVER_RIDING_STYLED_ITEM('',(#8343),#8085,#8255);
#89=OVER_RIDING_STYLED_ITEM('',(#8344),#8086,#8255);
#90=OVER_RIDING_STYLED_ITEM('',(#8345),#8087,#8255);
#91=OVER_RIDING_STYLED_ITEM('',(#8346),#8088,#8255);
#92=OVER_RIDING_STYLED_ITEM('',(#8347),#8089,#8255);
#93=OVER_RIDING_STYLED_ITEM('',(#8348),#8090,#8255);
#94=OVER_RIDING_STYLED_ITEM('',(#8349),#8091,#8255);
#95=OVER_RIDING_STYLED_ITEM('',(#8350),#8092,#8255);
#96=OVER_RIDING_STYLED_ITEM('',(#8351),#8093,#8255);
#97=OVER_RIDING_STYLED_ITEM('',(#8352),#8094,#8255);
#98=OVER_RIDING_STYLED_ITEM('',(#8353),#8095,#8255);
#99=OVER_RIDING_STYLED_ITEM('',(#8354),#8096,#8255);
#100=OVER_RIDING_STYLED_ITEM('',(#8355),#8097,#8255);
#101=OVER_RIDING_STYLED_ITEM('',(#8356),#8098,#8255);
#102=OVER_RIDING_STYLED_ITEM('',(#8357),#8099,#8255);
#103=OVER_RIDING_STYLED_ITEM('',(#8358),#8100,#8255);
#104=OVER_RIDING_STYLED_ITEM('',(#8359),#8101,#8255);
#105=OVER_RIDING_STYLED_ITEM('',(#8360),#8102,#8255);
#106=OVER_RIDING_STYLED_ITEM('',(#8361),#8103,#8255);
#107=OVER_RIDING_STYLED_ITEM('',(#8362),#8104,#8255);
#108=OVER_RIDING_STYLED_ITEM('',(#8363),#8105,#8255);
#109=OVER_RIDING_STYLED_ITEM('',(#8364),#8106,#8255);
#110=OVER_RIDING_STYLED_ITEM('',(#8365),#8107,#8255);
#111=OVER_RIDING_STYLED_ITEM('',(#8366),#8108,#8255);
#112=OVER_RIDING_STYLED_ITEM('',(#8367),#8109,#8255);
#113=OVER_RIDING_STYLED_ITEM('',(#8368),#8110,#8255);
#114=OVER_RIDING_STYLED_ITEM('',(#8369),#8111,#8255);
#115=OVER_RIDING_STYLED_ITEM('',(#8370),#8112,#8255);
#116=OVER_RIDING_STYLED_ITEM('',(#8371),#8113,#8255);
#117=OVER_RIDING_STYLED_ITEM('',(#8372),#8114,#8255);
#118=OVER_RIDING_STYLED_ITEM('',(#8373),#8115,#8255);
#119=OVER_RIDING_STYLED_ITEM('',(#8374),#8116,#8255);
#120=OVER_RIDING_STYLED_ITEM('',(#8375),#8117,#8255);
#121=OVER_RIDING_STYLED_ITEM('',(#8376),#8118,#8255);
#122=OVER_RIDING_STYLED_ITEM('',(#8377),#8119,#8255);
#123=OVER_RIDING_STYLED_ITEM('',(#8378),#8120,#8255);
#124=OVER_RIDING_STYLED_ITEM('',(#8379),#8121,#8255);
#125=OVER_RIDING_STYLED_ITEM('',(#8380),#8122,#8255);
#126=OVER_RIDING_STYLED_ITEM('',(#8381),#8123,#8255);
#127=OVER_RIDING_STYLED_ITEM('',(#8382),#8124,#8255);
#128=OVER_RIDING_STYLED_ITEM('',(#8383),#8125,#8255);
#129=OVER_RIDING_STYLED_ITEM('',(#8384),#8126,#8255);
#130=OVER_RIDING_STYLED_ITEM('',(#8385),#8127,#8255);
#131=OVER_RIDING_STYLED_ITEM('',(#8386),#8138,#8255);
#132=OVER_RIDING_STYLED_ITEM('',(#8387),#8139,#8255);
#133=OVER_RIDING_STYLED_ITEM('',(#8388),#8140,#8255);
#134=OVER_RIDING_STYLED_ITEM('',(#8389),#8141,#8255);
#135=OVER_RIDING_STYLED_ITEM('',(#8390),#8142,#8255);
#136=OVER_RIDING_STYLED_ITEM('',(#8391),#8143,#8255);
#137=OVER_RIDING_STYLED_ITEM('',(#8392),#8144,#8255);
#138=OVER_RIDING_STYLED_ITEM('',(#8393),#8145,#8255);
#139=OVER_RIDING_STYLED_ITEM('',(#8394),#8146,#8255);
#140=OVER_RIDING_STYLED_ITEM('',(#8395),#8147,#8255);
#141=OVER_RIDING_STYLED_ITEM('',(#8396),#8148,#8255);
#142=OVER_RIDING_STYLED_ITEM('',(#8397),#8149,#8255);
#143=OVER_RIDING_STYLED_ITEM('',(#8398),#8150,#8255);
#144=OVER_RIDING_STYLED_ITEM('',(#8399),#8151,#8255);
#145=OVER_RIDING_STYLED_ITEM('',(#8400),#8152,#8255);
#146=OVER_RIDING_STYLED_ITEM('',(#8401),#8153,#8255);
#147=OVER_RIDING_STYLED_ITEM('',(#8402),#8154,#8255);
#148=OVER_RIDING_STYLED_ITEM('',(#8403),#8155,#8255);
#149=OVER_RIDING_STYLED_ITEM('',(#8404),#8156,#8255);
#150=OVER_RIDING_STYLED_ITEM('',(#8405),#8157,#8255);
#151=OVER_RIDING_STYLED_ITEM('',(#8406),#8158,#8255);
#152=OVER_RIDING_STYLED_ITEM('',(#8407),#8159,#8255);
#153=OVER_RIDING_STYLED_ITEM('',(#8408),#8160,#8255);
#154=OVER_RIDING_STYLED_ITEM('',(#8409),#8161,#8255);
#155=OVER_RIDING_STYLED_ITEM('',(#8410),#8162,#8255);
#156=OVER_RIDING_STYLED_ITEM('',(#8411),#8163,#8255);
#157=OVER_RIDING_STYLED_ITEM('',(#8412),#8164,#8255);
#158=OVER_RIDING_STYLED_ITEM('',(#8413),#8165,#8255);
#159=OVER_RIDING_STYLED_ITEM('',(#8414),#8166,#8255);
#160=SPHERICAL_SURFACE('',#9304,0.001);
#161=ELLIPSE('',#9303,0.00141421356237309,0.001);
#162=ELLIPSE('',#9307,0.00141421356237309,0.001);
#163=ELLIPSE('',#9309,0.00141421356237309,0.001);
#164=TOROIDAL_SURFACE('',#9286,0.0038570398464799,0.00234536740683466);
#165=CONTEXT_DEPENDENT_SHAPE_REPRESENTATION(#183,#14143);
#166=CONTEXT_DEPENDENT_SHAPE_REPRESENTATION(#184,#14145);
#167=CONTEXT_DEPENDENT_SHAPE_REPRESENTATION(#185,#14147);
#168=CONTEXT_DEPENDENT_SHAPE_REPRESENTATION(#186,#14149);
#169=CONTEXT_DEPENDENT_SHAPE_REPRESENTATION(#187,#14151);
#170=CONTEXT_DEPENDENT_SHAPE_REPRESENTATION(#188,#14153);
#171=CONTEXT_DEPENDENT_SHAPE_REPRESENTATION(#189,#14155);
#172=CONTEXT_DEPENDENT_SHAPE_REPRESENTATION(#190,#14157);
#173=CONTEXT_DEPENDENT_SHAPE_REPRESENTATION(#191,#14159);
#174=NEXT_ASSEMBLY_USAGE_OCCURRENCE('NAUO1','pulley','pulley',#14160,#14161,
'');
#175=NEXT_ASSEMBLY_USAGE_OCCURRENCE('NAUO2','Part 1','Part 1',#14160,#14162,
'');
#176=NEXT_ASSEMBLY_USAGE_OCCURRENCE('NAUO3','Part 2','Part 2',#14160,#14163,
'');
#177=NEXT_ASSEMBLY_USAGE_OCCURRENCE('NAUO4','Part 1','Part 1',#14160,#14164,
'');
#178=NEXT_ASSEMBLY_USAGE_OCCURRENCE('NAUO5','esp32_Wroom_30pins_C-Type',
'esp32_Wroom_30pins_C-Type',#14160,#14165,'');
#179=NEXT_ASSEMBLY_USAGE_OCCURRENCE('NAUO6','motor','motor',#14160,#14166,
'');
#180=NEXT_ASSEMBLY_USAGE_OCCURRENCE('NAUO7','Part 2','Part 2',#14160,#14167,
'');
#181=NEXT_ASSEMBLY_USAGE_OCCURRENCE('NAUO8','Part 2','Part 2',#14160,#14168,
'');
#182=NEXT_ASSEMBLY_USAGE_OCCURRENCE('NAUO9','Part 1','Part 1',#14160,#14169,
'');
#183=(
REPRESENTATION_RELATIONSHIP(' ',' ',#9238,#9237)
REPRESENTATION_RELATIONSHIP_WITH_TRANSFORMATION(#192)
SHAPE_REPRESENTATION_RELATIONSHIP()
);
#184=(
REPRESENTATION_RELATIONSHIP(' ',' ',#9239,#9237)
REPRESENTATION_RELATIONSHIP_WITH_TRANSFORMATION(#193)
SHAPE_REPRESENTATION_RELATIONSHIP()
);
#185=(
REPRESENTATION_RELATIONSHIP(' ',' ',#9240,#9237)
REPRESENTATION_RELATIONSHIP_WITH_TRANSFORMATION(#194)
SHAPE_REPRESENTATION_RELATIONSHIP()
);
#186=(
REPRESENTATION_RELATIONSHIP(' ',' ',#9241,#9237)
REPRESENTATION_RELATIONSHIP_WITH_TRANSFORMATION(#195)
SHAPE_REPRESENTATION_RELATIONSHIP()
);
#187=(
REPRESENTATION_RELATIONSHIP(' ',' ',#9242,#9237)
REPRESENTATION_RELATIONSHIP_WITH_TRANSFORMATION(#196)
SHAPE_REPRESENTATION_RELATIONSHIP()
);
#188=(
REPRESENTATION_RELATIONSHIP(' ',' ',#9243,#9237)
REPRESENTATION_RELATIONSHIP_WITH_TRANSFORMATION(#197)
SHAPE_REPRESENTATION_RELATIONSHIP()
);
#189=(
REPRESENTATION_RELATIONSHIP(' ',' ',#9244,#9237)
REPRESENTATION_RELATIONSHIP_WITH_TRANSFORMATION(#198)
SHAPE_REPRESENTATION_RELATIONSHIP()
);
#190=(
REPRESENTATION_RELATIONSHIP(' ',' ',#9245,#9237)
REPRESENTATION_RELATIONSHIP_WITH_TRANSFORMATION(#199)
SHAPE_REPRESENTATION_RELATIONSHIP()
);
#191=(
REPRESENTATION_RELATIONSHIP(' ',' ',#9246,#9237)
REPRESENTATION_RELATIONSHIP_WITH_TRANSFORMATION(#200)
SHAPE_REPRESENTATION_RELATIONSHIP()
);
#192=ITEM_DEFINED_TRANSFORMATION(' ',' ',#9247,#9278);
#193=ITEM_DEFINED_TRANSFORMATION(' ',' ',#9247,#9311);
#194=ITEM_DEFINED_TRANSFORMATION(' ',' ',#9247,#9355);
#195=ITEM_DEFINED_TRANSFORMATION(' ',' ',#9247,#9365);
#196=ITEM_DEFINED_TRANSFORMATION(' ',' ',#9247,#9696);
#197=ITEM_DEFINED_TRANSFORMATION(' ',' ',#9247,#9709);
#198=ITEM_DEFINED_TRANSFORMATION(' ',' ',#9247,#9716);
#199=ITEM_DEFINED_TRANSFORMATION(' ',' ',#9247,#9726);
#200=ITEM_DEFINED_TRANSFORMATION(' ',' ',#9247,#9786);
#201=SHAPE_REPRESENTATION_RELATIONSHIP('','',#9238,#210);
#202=SHAPE_REPRESENTATION_RELATIONSHIP('','',#9239,#211);
#203=SHAPE_REPRESENTATION_RELATIONSHIP('','',#9240,#212);
#204=SHAPE_REPRESENTATION_RELATIONSHIP('','',#9241,#213);
#205=SHAPE_REPRESENTATION_RELATIONSHIP('','',#9242,#214);
#206=SHAPE_REPRESENTATION_RELATIONSHIP('','',#9243,#215);
#207=SHAPE_REPRESENTATION_RELATIONSHIP('','',#9244,#216);
#208=SHAPE_REPRESENTATION_RELATIONSHIP('','',#9245,#217);
#209=SHAPE_REPRESENTATION_RELATIONSHIP('','',#9246,#218);
#210=ADVANCED_BREP_SHAPE_REPRESENTATION('',(#9218),#14119);
#211=ADVANCED_BREP_SHAPE_REPRESENTATION('',(#9219),#14120);
#212=ADVANCED_BREP_SHAPE_REPRESENTATION('',(#9220),#14121);
#213=ADVANCED_BREP_SHAPE_REPRESENTATION('',(#9221),#14122);
#214=ADVANCED_BREP_SHAPE_REPRESENTATION('',(#9222),#14123);
#215=ADVANCED_BREP_SHAPE_REPRESENTATION('',(#9223),#14124);
#216=ADVANCED_BREP_SHAPE_REPRESENTATION('',(#9224),#14125);
#217=ADVANCED_BREP_SHAPE_REPRESENTATION('',(#9225),#14126);
#218=ADVANCED_BREP_SHAPE_REPRESENTATION('',(#9226),#14127);
#219=LINE('',#11875,#1217);
#220=LINE('',#11878,#1218);
#221=LINE('',#11880,#1219);
#222=LINE('',#11882,#1220);
#223=LINE('',#11884,#1221);
#224=LINE('',#11886,#1222);
#225=LINE('',#11888,#1223);
#226=LINE('',#11892,#1224);
#227=LINE('',#11894,#1225);
#228=LINE('',#11896,#1226);
#229=LINE('',#11898,#1227);
#230=LINE('',#11900,#1228);
#231=LINE('',#11902,#1229);
#232=LINE('',#11904,#1230);
#233=LINE('',#11906,#1231);
#234=LINE('',#11908,#1232);
#235=LINE('',#11910,#1233);
#236=LINE('',#11912,#1234);
#237=LINE('',#11914,#1235);
#238=LINE('',#11918,#1236);
#239=LINE('',#11920,#1237);
#240=LINE('',#11922,#1238);
#241=LINE('',#11924,#1239);
#242=LINE('',#11926,#1240);
#243=LINE('',#11928,#1241);
#244=LINE('',#11930,#1242);
#245=LINE('',#11932,#1243);
#246=LINE('',#11934,#1244);
#247=LINE('',#11954,#1245);
#248=LINE('',#11957,#1246);
#249=LINE('',#11959,#1247);
#250=LINE('',#11961,#1248);
#251=LINE('',#11963,#1249);
#252=LINE('',#11965,#1250);
#253=LINE('',#11967,#1251);
#254=LINE('',#11969,#1252);
#255=LINE('',#11971,#1253);
#256=LINE('',#11973,#1254);
#257=LINE('',#11975,#1255);
#258=LINE('',#11976,#1256);
#259=LINE('',#11991,#1257);
#260=LINE('',#11994,#1258);
#261=LINE('',#11996,#1259);
#262=LINE('',#11998,#1260);
#263=LINE('',#12000,#1261);
#264=LINE('',#12003,#1262);
#265=LINE('',#12004,#1263);
#266=LINE('',#12006,#1264);
#267=LINE('',#12009,#1265);
#268=LINE('',#12010,#1266);
#269=LINE('',#12012,#1267);
#270=LINE('',#12014,#1268);
#271=LINE('',#12016,#1269);
#272=LINE('',#12018,#1270);
#273=LINE('',#12021,#1271);
#274=LINE('',#12023,#1272);
#275=LINE('',#12025,#1273);
#276=LINE('',#12045,#1274);
#277=LINE('',#12061,#1275);
#278=LINE('',#12066,#1276);
#279=LINE('',#12068,#1277);
#280=LINE('',#12070,#1278);
#281=LINE('',#12071,#1279);
#282=LINE('',#12072,#1280);
#283=LINE('',#12077,#1281);
#284=LINE('',#12079,#1282);
#285=LINE('',#12084,#1283);
#286=LINE('',#12086,#1284);
#287=LINE('',#12099,#1285);
#288=LINE('',#12102,#1286);
#289=LINE('',#12104,#1287);
#290=LINE('',#12106,#1288);
#291=LINE('',#12111,#1289);
#292=LINE('',#12113,#1290);
#293=LINE('',#12115,#1291);
#294=LINE('',#12116,#1292);
#295=LINE('',#12117,#1293);
#296=LINE('',#12119,#1294);
#297=LINE('',#12120,#1295);
#298=LINE('',#12121,#1296);
#299=LINE('',#12123,#1297);
#300=LINE('',#12124,#1298);
#301=LINE('',#12125,#1299);
#302=LINE('',#12127,#1300);
#303=LINE('',#12128,#1301);
#304=LINE('',#12133,#1302);
#305=LINE('',#12142,#1303);
#306=LINE('',#12147,#1304);
#307=LINE('',#12150,#1305);
#308=LINE('',#12152,#1306);
#309=LINE('',#12154,#1307);
#310=LINE('',#12156,#1308);
#311=LINE('',#12158,#1309);
#312=LINE('',#12160,#1310);
#313=LINE('',#12162,#1311);
#314=LINE('',#12164,#1312);
#315=LINE('',#12166,#1313);
#316=LINE('',#12168,#1314);
#317=LINE('',#12169,#1315);
#318=LINE('',#12179,#1316);
#319=LINE('',#12182,#1317);
#320=LINE('',#12184,#1318);
#321=LINE('',#12186,#1319);
#322=LINE('',#12188,#1320);
#323=LINE('',#12191,#1321);
#324=LINE('',#12192,#1322);
#325=LINE('',#12194,#1323);
#326=LINE('',#12196,#1324);
#327=LINE('',#12198,#1325);
#328=LINE('',#12200,#1326);
#329=LINE('',#12202,#1327);
#330=LINE('',#12204,#1328);
#331=LINE('',#12207,#1329);
#332=LINE('',#12209,#1330);
#333=LINE('',#12211,#1331);
#334=LINE('',#12213,#1332);
#335=LINE('',#12216,#1333);
#336=LINE('',#12217,#1334);
#337=LINE('',#12219,#1335);
#338=LINE('',#12221,#1336);
#339=LINE('',#12223,#1337);
#340=LINE('',#12225,#1338);
#341=LINE('',#12227,#1339);
#342=LINE('',#12229,#1340);
#343=LINE('',#12232,#1341);
#344=LINE('',#12234,#1342);
#345=LINE('',#12236,#1343);
#346=LINE('',#12238,#1344);
#347=LINE('',#12241,#1345);
#348=LINE('',#12242,#1346);
#349=LINE('',#12244,#1347);
#350=LINE('',#12246,#1348);
#351=LINE('',#12248,#1349);
#352=LINE('',#12250,#1350);
#353=LINE('',#12252,#1351);
#354=LINE('',#12254,#1352);
#355=LINE('',#12257,#1353);
#356=LINE('',#12259,#1354);
#357=LINE('',#12261,#1355);
#358=LINE('',#12263,#1356);
#359=LINE('',#12266,#1357);
#360=LINE('',#12267,#1358);
#361=LINE('',#12269,#1359);
#362=LINE('',#12271,#1360);
#363=LINE('',#12273,#1361);
#364=LINE('',#12275,#1362);
#365=LINE('',#12277,#1363);
#366=LINE('',#12279,#1364);
#367=LINE('',#12282,#1365);
#368=LINE('',#12284,#1366);
#369=LINE('',#12286,#1367);
#370=LINE('',#12288,#1368);
#371=LINE('',#12291,#1369);
#372=LINE('',#12292,#1370);
#373=LINE('',#12294,#1371);
#374=LINE('',#12296,#1372);
#375=LINE('',#12298,#1373);
#376=LINE('',#12300,#1374);
#377=LINE('',#12302,#1375);
#378=LINE('',#12304,#1376);
#379=LINE('',#12307,#1377);
#380=LINE('',#12309,#1378);
#381=LINE('',#12311,#1379);
#382=LINE('',#12313,#1380);
#383=LINE('',#12316,#1381);
#384=LINE('',#12317,#1382);
#385=LINE('',#12319,#1383);
#386=LINE('',#12321,#1384);
#387=LINE('',#12323,#1385);
#388=LINE('',#12325,#1386);
#389=LINE('',#12327,#1387);
#390=LINE('',#12329,#1388);
#391=LINE('',#12332,#1389);
#392=LINE('',#12334,#1390);
#393=LINE('',#12336,#1391);
#394=LINE('',#12338,#1392);
#395=LINE('',#12341,#1393);
#396=LINE('',#12342,#1394);
#397=LINE('',#12344,#1395);
#398=LINE('',#12346,#1396);
#399=LINE('',#12348,#1397);
#400=LINE('',#12350,#1398);
#401=LINE('',#12352,#1399);
#402=LINE('',#12354,#1400);
#403=LINE('',#12357,#1401);
#404=LINE('',#12359,#1402);
#405=LINE('',#12361,#1403);
#406=LINE('',#12363,#1404);
#407=LINE('',#12366,#1405);
#408=LINE('',#12367,#1406);
#409=LINE('',#12369,#1407);
#410=LINE('',#12371,#1408);
#411=LINE('',#12373,#1409);
#412=LINE('',#12375,#1410);
#413=LINE('',#12377,#1411);
#414=LINE('',#12379,#1412);
#415=LINE('',#12382,#1413);
#416=LINE('',#12384,#1414);
#417=LINE('',#12386,#1415);
#418=LINE('',#12388,#1416);
#419=LINE('',#12391,#1417);
#420=LINE('',#12392,#1418);
#421=LINE('',#12394,#1419);
#422=LINE('',#12396,#1420);
#423=LINE('',#12398,#1421);
#424=LINE('',#12400,#1422);
#425=LINE('',#12402,#1423);
#426=LINE('',#12404,#1424);
#427=LINE('',#12407,#1425);
#428=LINE('',#12409,#1426);
#429=LINE('',#12411,#1427);
#430=LINE('',#12413,#1428);
#431=LINE('',#12416,#1429);
#432=LINE('',#12417,#1430);
#433=LINE('',#12419,#1431);
#434=LINE('',#12421,#1432);
#435=LINE('',#12423,#1433);
#436=LINE('',#12425,#1434);
#437=LINE('',#12427,#1435);
#438=LINE('',#12429,#1436);
#439=LINE('',#12432,#1437);
#440=LINE('',#12434,#1438);
#441=LINE('',#12436,#1439);
#442=LINE('',#12438,#1440);
#443=LINE('',#12441,#1441);
#444=LINE('',#12442,#1442);
#445=LINE('',#12444,#1443);
#446=LINE('',#12446,#1444);
#447=LINE('',#12448,#1445);
#448=LINE('',#12450,#1446);
#449=LINE('',#12452,#1447);
#450=LINE('',#12454,#1448);
#451=LINE('',#12457,#1449);
#452=LINE('',#12459,#1450);
#453=LINE('',#12461,#1451);
#454=LINE('',#12463,#1452);
#455=LINE('',#12466,#1453);
#456=LINE('',#12467,#1454);
#457=LINE('',#12469,#1455);
#458=LINE('',#12471,#1456);
#459=LINE('',#12473,#1457);
#460=LINE('',#12475,#1458);
#461=LINE('',#12477,#1459);
#462=LINE('',#12479,#1460);
#463=LINE('',#12482,#1461);
#464=LINE('',#12484,#1462);
#465=LINE('',#12486,#1463);
#466=LINE('',#12488,#1464);
#467=LINE('',#12491,#1465);
#468=LINE('',#12492,#1466);
#469=LINE('',#12494,#1467);
#470=LINE('',#12496,#1468);
#471=LINE('',#12498,#1469);
#472=LINE('',#12500,#1470);
#473=LINE('',#12502,#1471);
#474=LINE('',#12504,#1472);
#475=LINE('',#12507,#1473);
#476=LINE('',#12509,#1474);
#477=LINE('',#12511,#1475);
#478=LINE('',#12513,#1476);
#479=LINE('',#12516,#1477);
#480=LINE('',#12517,#1478);
#481=LINE('',#12519,#1479);
#482=LINE('',#12521,#1480);
#483=LINE('',#12523,#1481);
#484=LINE('',#12525,#1482);
#485=LINE('',#12527,#1483);
#486=LINE('',#12529,#1484);
#487=LINE('',#12532,#1485);
#488=LINE('',#12534,#1486);
#489=LINE('',#12536,#1487);
#490=LINE('',#12538,#1488);
#491=LINE('',#12541,#1489);
#492=LINE('',#12542,#1490);
#493=LINE('',#12544,#1491);
#494=LINE('',#12546,#1492);
#495=LINE('',#12548,#1493);
#496=LINE('',#12550,#1494);
#497=LINE('',#12552,#1495);
#498=LINE('',#12554,#1496);
#499=LINE('',#12557,#1497);
#500=LINE('',#12559,#1498);
#501=LINE('',#12561,#1499);
#502=LINE('',#12563,#1500);
#503=LINE('',#12566,#1501);
#504=LINE('',#12567,#1502);
#505=LINE('',#12569,#1503);
#506=LINE('',#12571,#1504);
#507=LINE('',#12573,#1505);
#508=LINE('',#12575,#1506);
#509=LINE('',#12577,#1507);
#510=LINE('',#12579,#1508);
#511=LINE('',#12582,#1509);
#512=LINE('',#12584,#1510);
#513=LINE('',#12586,#1511);
#514=LINE('',#12588,#1512);
#515=LINE('',#12591,#1513);
#516=LINE('',#12592,#1514);
#517=LINE('',#12594,#1515);
#518=LINE('',#12596,#1516);
#519=LINE('',#12598,#1517);
#520=LINE('',#12600,#1518);
#521=LINE('',#12602,#1519);
#522=LINE('',#12604,#1520);
#523=LINE('',#12607,#1521);
#524=LINE('',#12609,#1522);
#525=LINE('',#12611,#1523);
#526=LINE('',#12613,#1524);
#527=LINE('',#12616,#1525);
#528=LINE('',#12617,#1526);
#529=LINE('',#12619,#1527);
#530=LINE('',#12621,#1528);
#531=LINE('',#12623,#1529);
#532=LINE('',#12625,#1530);
#533=LINE('',#12627,#1531);
#534=LINE('',#12629,#1532);
#535=LINE('',#12632,#1533);
#536=LINE('',#12634,#1534);
#537=LINE('',#12636,#1535);
#538=LINE('',#12638,#1536);
#539=LINE('',#12641,#1537);
#540=LINE('',#12642,#1538);
#541=LINE('',#12644,#1539);
#542=LINE('',#12646,#1540);
#543=LINE('',#12648,#1541);
#544=LINE('',#12650,#1542);
#545=LINE('',#12652,#1543);
#546=LINE('',#12654,#1544);
#547=LINE('',#12657,#1545);
#548=LINE('',#12659,#1546);
#549=LINE('',#12661,#1547);
#550=LINE('',#12663,#1548);
#551=LINE('',#12666,#1549);
#552=LINE('',#12667,#1550);
#553=LINE('',#12669,#1551);
#554=LINE('',#12671,#1552);
#555=LINE('',#12673,#1553);
#556=LINE('',#12675,#1554);
#557=LINE('',#12677,#1555);
#558=LINE('',#12679,#1556);
#559=LINE('',#12682,#1557);
#560=LINE('',#12684,#1558);
#561=LINE('',#12686,#1559);
#562=LINE('',#12688,#1560);
#563=LINE('',#12691,#1561);
#564=LINE('',#12692,#1562);
#565=LINE('',#12694,#1563);
#566=LINE('',#12696,#1564);
#567=LINE('',#12698,#1565);
#568=LINE('',#12700,#1566);
#569=LINE('',#12702,#1567);
#570=LINE('',#12704,#1568);
#571=LINE('',#12707,#1569);
#572=LINE('',#12709,#1570);
#573=LINE('',#12711,#1571);
#574=LINE('',#12713,#1572);
#575=LINE('',#12716,#1573);
#576=LINE('',#12717,#1574);
#577=LINE('',#12719,#1575);
#578=LINE('',#12721,#1576);
#579=LINE('',#12723,#1577);
#580=LINE('',#12725,#1578);
#581=LINE('',#12727,#1579);
#582=LINE('',#12729,#1580);
#583=LINE('',#12732,#1581);
#584=LINE('',#12734,#1582);
#585=LINE('',#12736,#1583);
#586=LINE('',#12738,#1584);
#587=LINE('',#12741,#1585);
#588=LINE('',#12742,#1586);
#589=LINE('',#12744,#1587);
#590=LINE('',#12746,#1588);
#591=LINE('',#12748,#1589);
#592=LINE('',#12750,#1590);
#593=LINE('',#12752,#1591);
#594=LINE('',#12754,#1592);
#595=LINE('',#12757,#1593);
#596=LINE('',#12759,#1594);
#597=LINE('',#12761,#1595);
#598=LINE('',#12763,#1596);
#599=LINE('',#12766,#1597);
#600=LINE('',#12767,#1598);
#601=LINE('',#12769,#1599);
#602=LINE('',#12771,#1600);
#603=LINE('',#12773,#1601);
#604=LINE('',#12775,#1602);
#605=LINE('',#12777,#1603);
#606=LINE('',#12779,#1604);
#607=LINE('',#12782,#1605);
#608=LINE('',#12784,#1606);
#609=LINE('',#12786,#1607);
#610=LINE('',#12788,#1608);
#611=LINE('',#12791,#1609);
#612=LINE('',#12792,#1610);
#613=LINE('',#12794,#1611);
#614=LINE('',#12796,#1612);
#615=LINE('',#12798,#1613);
#616=LINE('',#12800,#1614);
#617=LINE('',#12802,#1615);
#618=LINE('',#12804,#1616);
#619=LINE('',#12807,#1617);
#620=LINE('',#12809,#1618);
#621=LINE('',#12811,#1619);
#622=LINE('',#12813,#1620);
#623=LINE('',#12816,#1621);
#624=LINE('',#12817,#1622);
#625=LINE('',#12819,#1623);
#626=LINE('',#12821,#1624);
#627=LINE('',#12823,#1625);
#628=LINE('',#12825,#1626);
#629=LINE('',#12827,#1627);
#630=LINE('',#12829,#1628);
#631=LINE('',#12832,#1629);
#632=LINE('',#12834,#1630);
#633=LINE('',#12836,#1631);
#634=LINE('',#12838,#1632);
#635=LINE('',#12841,#1633);
#636=LINE('',#12842,#1634);
#637=LINE('',#12844,#1635);
#638=LINE('',#12846,#1636);
#639=LINE('',#12848,#1637);
#640=LINE('',#12850,#1638);
#641=LINE('',#12852,#1639);
#642=LINE('',#12854,#1640);
#643=LINE('',#12857,#1641);
#644=LINE('',#12859,#1642);
#645=LINE('',#12861,#1643);
#646=LINE('',#12863,#1644);
#647=LINE('',#12866,#1645);
#648=LINE('',#12867,#1646);
#649=LINE('',#12869,#1647);
#650=LINE('',#12871,#1648);
#651=LINE('',#12873,#1649);
#652=LINE('',#12875,#1650);
#653=LINE('',#12877,#1651);
#654=LINE('',#12879,#1652);
#655=LINE('',#12882,#1653);
#656=LINE('',#12884,#1654);
#657=LINE('',#12886,#1655);
#658=LINE('',#12888,#1656);
#659=LINE('',#12891,#1657);
#660=LINE('',#12892,#1658);
#661=LINE('',#12894,#1659);
#662=LINE('',#12896,#1660);
#663=LINE('',#12898,#1661);
#664=LINE('',#12900,#1662);
#665=LINE('',#12902,#1663);
#666=LINE('',#12904,#1664);
#667=LINE('',#12907,#1665);
#668=LINE('',#12909,#1666);
#669=LINE('',#12911,#1667);
#670=LINE('',#12913,#1668);
#671=LINE('',#12916,#1669);
#672=LINE('',#12917,#1670);
#673=LINE('',#12919,#1671);
#674=LINE('',#12921,#1672);
#675=LINE('',#12923,#1673);
#676=LINE('',#12925,#1674);
#677=LINE('',#12927,#1675);
#678=LINE('',#12929,#1676);
#679=LINE('',#12932,#1677);
#680=LINE('',#12934,#1678);
#681=LINE('',#12936,#1679);
#682=LINE('',#12938,#1680);
#683=LINE('',#12940,#1681);
#684=LINE('',#12942,#1682);
#685=LINE('',#12944,#1683);
#686=LINE('',#12946,#1684);
#687=LINE('',#12948,#1685);
#688=LINE('',#12950,#1686);
#689=LINE('',#12951,#1687);
#690=LINE('',#12953,#1688);
#691=LINE('',#12956,#1689);
#692=LINE('',#12958,#1690);
#693=LINE('',#12960,#1691);
#694=LINE('',#12962,#1692);
#695=LINE('',#12964,#1693);
#696=LINE('',#12966,#1694);
#697=LINE('',#12968,#1695);
#698=LINE('',#12970,#1696);
#699=LINE('',#12972,#1697);
#700=LINE('',#12974,#1698);
#701=LINE('',#12975,#1699);
#702=LINE('',#12977,#1700);
#703=LINE('',#12980,#1701);
#704=LINE('',#12982,#1702);
#705=LINE('',#12984,#1703);
#706=LINE('',#12986,#1704);
#707=LINE('',#12988,#1705);
#708=LINE('',#12990,#1706);
#709=LINE('',#12992,#1707);
#710=LINE('',#12994,#1708);
#711=LINE('',#12996,#1709);
#712=LINE('',#12998,#1710);
#713=LINE('',#12999,#1711);
#714=LINE('',#13001,#1712);
#715=LINE('',#13004,#1713);
#716=LINE('',#13006,#1714);
#717=LINE('',#13008,#1715);
#718=LINE('',#13010,#1716);
#719=LINE('',#13012,#1717);
#720=LINE('',#13014,#1718);
#721=LINE('',#13016,#1719);
#722=LINE('',#13018,#1720);
#723=LINE('',#13020,#1721);
#724=LINE('',#13022,#1722);
#725=LINE('',#13023,#1723);
#726=LINE('',#13025,#1724);
#727=LINE('',#13028,#1725);
#728=LINE('',#13030,#1726);
#729=LINE('',#13032,#1727);
#730=LINE('',#13034,#1728);
#731=LINE('',#13036,#1729);
#732=LINE('',#13038,#1730);
#733=LINE('',#13040,#1731);
#734=LINE('',#13042,#1732);
#735=LINE('',#13044,#1733);
#736=LINE('',#13046,#1734);
#737=LINE('',#13047,#1735);
#738=LINE('',#13049,#1736);
#739=LINE('',#13052,#1737);
#740=LINE('',#13054,#1738);
#741=LINE('',#13056,#1739);
#742=LINE('',#13058,#1740);
#743=LINE('',#13060,#1741);
#744=LINE('',#13062,#1742);
#745=LINE('',#13064,#1743);
#746=LINE('',#13066,#1744);
#747=LINE('',#13068,#1745);
#748=LINE('',#13070,#1746);
#749=LINE('',#13071,#1747);
#750=LINE('',#13073,#1748);
#751=LINE('',#13076,#1749);
#752=LINE('',#13078,#1750);
#753=LINE('',#13080,#1751);
#754=LINE('',#13082,#1752);
#755=LINE('',#13084,#1753);
#756=LINE('',#13086,#1754);
#757=LINE('',#13088,#1755);
#758=LINE('',#13090,#1756);
#759=LINE('',#13092,#1757);
#760=LINE('',#13094,#1758);
#761=LINE('',#13095,#1759);
#762=LINE('',#13097,#1760);
#763=LINE('',#13100,#1761);
#764=LINE('',#13102,#1762);
#765=LINE('',#13104,#1763);
#766=LINE('',#13106,#1764);
#767=LINE('',#13108,#1765);
#768=LINE('',#13110,#1766);
#769=LINE('',#13112,#1767);
#770=LINE('',#13114,#1768);
#771=LINE('',#13116,#1769);
#772=LINE('',#13118,#1770);
#773=LINE('',#13119,#1771);
#774=LINE('',#13121,#1772);
#775=LINE('',#13124,#1773);
#776=LINE('',#13126,#1774);
#777=LINE('',#13128,#1775);
#778=LINE('',#13130,#1776);
#779=LINE('',#13132,#1777);
#780=LINE('',#13134,#1778);
#781=LINE('',#13136,#1779);
#782=LINE('',#13138,#1780);
#783=LINE('',#13140,#1781);
#784=LINE('',#13142,#1782);
#785=LINE('',#13143,#1783);
#786=LINE('',#13145,#1784);
#787=LINE('',#13148,#1785);
#788=LINE('',#13150,#1786);
#789=LINE('',#13152,#1787);
#790=LINE('',#13154,#1788);
#791=LINE('',#13156,#1789);
#792=LINE('',#13158,#1790);
#793=LINE('',#13160,#1791);
#794=LINE('',#13162,#1792);
#795=LINE('',#13164,#1793);
#796=LINE('',#13166,#1794);
#797=LINE('',#13167,#1795);
#798=LINE('',#13169,#1796);
#799=LINE('',#13172,#1797);
#800=LINE('',#13174,#1798);
#801=LINE('',#13176,#1799);
#802=LINE('',#13178,#1800);
#803=LINE('',#13180,#1801);
#804=LINE('',#13182,#1802);
#805=LINE('',#13184,#1803);
#806=LINE('',#13186,#1804);
#807=LINE('',#13188,#1805);
#808=LINE('',#13190,#1806);
#809=LINE('',#13191,#1807);
#810=LINE('',#13193,#1808);
#811=LINE('',#13196,#1809);
#812=LINE('',#13198,#1810);
#813=LINE('',#13200,#1811);
#814=LINE('',#13202,#1812);
#815=LINE('',#13204,#1813);
#816=LINE('',#13206,#1814);
#817=LINE('',#13208,#1815);
#818=LINE('',#13210,#1816);
#819=LINE('',#13212,#1817);
#820=LINE('',#13214,#1818);
#821=LINE('',#13215,#1819);
#822=LINE('',#13217,#1820);
#823=LINE('',#13220,#1821);
#824=LINE('',#13222,#1822);
#825=LINE('',#13224,#1823);
#826=LINE('',#13226,#1824);
#827=LINE('',#13228,#1825);
#828=LINE('',#13230,#1826);
#829=LINE('',#13232,#1827);
#830=LINE('',#13234,#1828);
#831=LINE('',#13236,#1829);
#832=LINE('',#13238,#1830);
#833=LINE('',#13239,#1831);
#834=LINE('',#13241,#1832);
#835=LINE('',#13244,#1833);
#836=LINE('',#13246,#1834);
#837=LINE('',#13248,#1835);
#838=LINE('',#13250,#1836);
#839=LINE('',#13252,#1837);
#840=LINE('',#13254,#1838);
#841=LINE('',#13256,#1839);
#842=LINE('',#13258,#1840);
#843=LINE('',#13260,#1841);
#844=LINE('',#13262,#1842);
#845=LINE('',#13263,#1843);
#846=LINE('',#13265,#1844);
#847=LINE('',#13268,#1845);
#848=LINE('',#13270,#1846);
#849=LINE('',#13272,#1847);
#850=LINE('',#13274,#1848);
#851=LINE('',#13276,#1849);
#852=LINE('',#13278,#1850);
#853=LINE('',#13280,#1851);
#854=LINE('',#13282,#1852);
#855=LINE('',#13284,#1853);
#856=LINE('',#13286,#1854);
#857=LINE('',#13287,#1855);
#858=LINE('',#13289,#1856);
#859=LINE('',#13292,#1857);
#860=LINE('',#13294,#1858);
#861=LINE('',#13296,#1859);
#862=LINE('',#13298,#1860);
#863=LINE('',#13301,#1861);
#864=LINE('',#13302,#1862);
#865=LINE('',#13304,#1863);
#866=LINE('',#13306,#1864);
#867=LINE('',#13308,#1865);
#868=LINE('',#13310,#1866);
#869=LINE('',#13312,#1867);
#870=LINE('',#13314,#1868);
#871=LINE('',#13317,#1869);
#872=LINE('',#13319,#1870);
#873=LINE('',#13321,#1871);
#874=LINE('',#13323,#1872);
#875=LINE('',#13325,#1873);
#876=LINE('',#13327,#1874);
#877=LINE('',#13329,#1875);
#878=LINE('',#13331,#1876);
#879=LINE('',#13333,#1877);
#880=LINE('',#13335,#1878);
#881=LINE('',#13336,#1879);
#882=LINE('',#13338,#1880);
#883=LINE('',#13341,#1881);
#884=LINE('',#13343,#1882);
#885=LINE('',#13345,#1883);
#886=LINE('',#13347,#1884);
#887=LINE('',#13349,#1885);
#888=LINE('',#13351,#1886);
#889=LINE('',#13353,#1887);
#890=LINE('',#13355,#1888);
#891=LINE('',#13357,#1889);
#892=LINE('',#13359,#1890);
#893=LINE('',#13360,#1891);
#894=LINE('',#13362,#1892);
#895=LINE('',#13365,#1893);
#896=LINE('',#13367,#1894);
#897=LINE('',#13369,#1895);
#898=LINE('',#13371,#1896);
#899=LINE('',#13373,#1897);
#900=LINE('',#13375,#1898);
#901=LINE('',#13377,#1899);
#902=LINE('',#13379,#1900);
#903=LINE('',#13381,#1901);
#904=LINE('',#13383,#1902);
#905=LINE('',#13384,#1903);
#906=LINE('',#13386,#1904);
#907=LINE('',#13389,#1905);
#908=LINE('',#13391,#1906);
#909=LINE('',#13393,#1907);
#910=LINE('',#13395,#1908);
#911=LINE('',#13397,#1909);
#912=LINE('',#13399,#1910);
#913=LINE('',#13401,#1911);
#914=LINE('',#13403,#1912);
#915=LINE('',#13405,#1913);
#916=LINE('',#13407,#1914);
#917=LINE('',#13408,#1915);
#918=LINE('',#13410,#1916);
#919=LINE('',#13413,#1917);
#920=LINE('',#13415,#1918);
#921=LINE('',#13417,#1919);
#922=LINE('',#13419,#1920);
#923=LINE('',#13421,#1921);
#924=LINE('',#13423,#1922);
#925=LINE('',#13425,#1923);
#926=LINE('',#13427,#1924);
#927=LINE('',#13429,#1925);
#928=LINE('',#13431,#1926);
#929=LINE('',#13432,#1927);
#930=LINE('',#13434,#1928);
#931=LINE('',#13437,#1929);
#932=LINE('',#13439,#1930);
#933=LINE('',#13441,#1931);
#934=LINE('',#13443,#1932);
#935=LINE('',#13445,#1933);
#936=LINE('',#13447,#1934);
#937=LINE('',#13449,#1935);
#938=LINE('',#13451,#1936);
#939=LINE('',#13453,#1937);
#940=LINE('',#13455,#1938);
#941=LINE('',#13456,#1939);
#942=LINE('',#13458,#1940);
#943=LINE('',#13461,#1941);
#944=LINE('',#13463,#1942);
#945=LINE('',#13465,#1943);
#946=LINE('',#13467,#1944);
#947=LINE('',#13469,#1945);
#948=LINE('',#13471,#1946);
#949=LINE('',#13473,#1947);
#950=LINE('',#13475,#1948);
#951=LINE('',#13477,#1949);
#952=LINE('',#13479,#1950);
#953=LINE('',#13480,#1951);
#954=LINE('',#13482,#1952);
#955=LINE('',#13485,#1953);
#956=LINE('',#13487,#1954);
#957=LINE('',#13489,#1955);
#958=LINE('',#13491,#1956);
#959=LINE('',#13493,#1957);
#960=LINE('',#13495,#1958);
#961=LINE('',#13497,#1959);
#962=LINE('',#13499,#1960);
#963=LINE('',#13501,#1961);
#964=LINE('',#13503,#1962);
#965=LINE('',#13504,#1963);
#966=LINE('',#13506,#1964);
#967=LINE('',#13509,#1965);
#968=LINE('',#13511,#1966);
#969=LINE('',#13513,#1967);
#970=LINE('',#13515,#1968);
#971=LINE('',#13517,#1969);
#972=LINE('',#13519,#1970);
#973=LINE('',#13521,#1971);
#974=LINE('',#13523,#1972);
#975=LINE('',#13525,#1973);
#976=LINE('',#13527,#1974);
#977=LINE('',#13528,#1975);
#978=LINE('',#13530,#1976);
#979=LINE('',#13533,#1977);
#980=LINE('',#13535,#1978);
#981=LINE('',#13537,#1979);
#982=LINE('',#13539,#1980);
#983=LINE('',#13541,#1981);
#984=LINE('',#13543,#1982);
#985=LINE('',#13545,#1983);
#986=LINE('',#13547,#1984);
#987=LINE('',#13549,#1985);
#988=LINE('',#13551,#1986);
#989=LINE('',#13552,#1987);
#990=LINE('',#13554,#1988);
#991=LINE('',#13557,#1989);
#992=LINE('',#13559,#1990);
#993=LINE('',#13561,#1991);
#994=LINE('',#13563,#1992);
#995=LINE('',#13565,#1993);
#996=LINE('',#13567,#1994);
#997=LINE('',#13569,#1995);
#998=LINE('',#13571,#1996);
#999=LINE('',#13573,#1997);
#1000=LINE('',#13575,#1998);
#1001=LINE('',#13576,#1999);
#1002=LINE('',#13578,#2000);
#1003=LINE('',#13581,#2001);
#1004=LINE('',#13583,#2002);
#1005=LINE('',#13585,#2003);
#1006=LINE('',#13587,#2004);
#1007=LINE('',#13589,#2005);
#1008=LINE('',#13591,#2006);
#1009=LINE('',#13593,#2007);
#1010=LINE('',#13595,#2008);
#1011=LINE('',#13597,#2009);
#1012=LINE('',#13599,#2010);
#1013=LINE('',#13600,#2011);
#1014=LINE('',#13602,#2012);
#1015=LINE('',#13605,#2013);
#1016=LINE('',#13607,#2014);
#1017=LINE('',#13609,#2015);
#1018=LINE('',#13611,#2016);
#1019=LINE('',#13613,#2017);
#1020=LINE('',#13615,#2018);
#1021=LINE('',#13617,#2019);
#1022=LINE('',#13619,#2020);
#1023=LINE('',#13621,#2021);
#1024=LINE('',#13623,#2022);
#1025=LINE('',#13624,#2023);
#1026=LINE('',#13626,#2024);
#1027=LINE('',#13629,#2025);
#1028=LINE('',#13631,#2026);
#1029=LINE('',#13633,#2027);
#1030=LINE('',#13635,#2028);
#1031=LINE('',#13637,#2029);
#1032=LINE('',#13639,#2030);
#1033=LINE('',#13641,#2031);
#1034=LINE('',#13643,#2032);
#1035=LINE('',#13645,#2033);
#1036=LINE('',#13647,#2034);
#1037=LINE('',#13648,#2035);
#1038=LINE('',#13653,#2036);
#1039=LINE('',#13657,#2037);
#1040=LINE('',#13661,#2038);
#1041=LINE('',#13665,#2039);
#1042=LINE('',#13675,#2040);
#1043=LINE('',#13677,#2041);
#1044=LINE('',#13679,#2042);
#1045=LINE('',#13681,#2043);
#1046=LINE('',#13685,#2044);
#1047=LINE('',#13689,#2045);
#1048=LINE('',#13693,#2046);
#1049=LINE('',#13697,#2047);
#1050=LINE('',#13707,#2048);
#1051=LINE('',#13709,#2049);
#1052=LINE('',#13711,#2050);
#1053=LINE('',#13713,#2051);
#1054=LINE('',#13762,#2052);
#1055=LINE('',#13766,#2053);
#1056=LINE('',#13768,#2054);
#1057=LINE('',#13770,#2055);
#1058=LINE('',#13774,#2056);
#1059=LINE('',#13777,#2057);
#1060=LINE('',#13779,#2058);
#1061=LINE('',#13781,#2059);
#1062=LINE('',#13783,#2060);
#1063=LINE('',#13785,#2061);
#1064=LINE('',#13787,#2062);
#1065=LINE('',#13789,#2063);
#1066=LINE('',#13791,#2064);
#1067=LINE('',#13793,#2065);
#1068=LINE('',#13795,#2066);
#1069=LINE('',#13796,#2067);
#1070=LINE('',#13801,#2068);
#1071=LINE('',#13804,#2069);
#1072=LINE('',#13806,#2070);
#1073=LINE('',#13808,#2071);
#1074=LINE('',#13810,#2072);
#1075=LINE('',#13812,#2073);
#1076=LINE('',#13814,#2074);
#1077=LINE('',#13816,#2075);
#1078=LINE('',#13818,#2076);
#1079=LINE('',#13820,#2077);
#1080=LINE('',#13822,#2078);
#1081=LINE('',#13823,#2079);
#1082=LINE('',#13833,#2080);
#1083=LINE('',#13836,#2081);
#1084=LINE('',#13838,#2082);
#1085=LINE('',#13840,#2083);
#1086=LINE('',#13842,#2084);
#1087=LINE('',#13844,#2085);
#1088=LINE('',#13846,#2086);
#1089=LINE('',#13848,#2087);
#1090=LINE('',#13850,#2088);
#1091=LINE('',#13852,#2089);
#1092=LINE('',#13854,#2090);
#1093=LINE('',#13856,#2091);
#1094=LINE('',#13858,#2092);
#1095=LINE('',#13860,#2093);
#1096=LINE('',#13865,#2094);
#1097=LINE('',#13869,#2095);
#1098=LINE('',#13873,#2096);
#1099=LINE('',#13877,#2097);
#1100=LINE('',#13879,#2098);
#1101=LINE('',#13882,#2099);
#1102=LINE('',#13884,#2100);
#1103=LINE('',#13886,#2101);
#1104=LINE('',#13888,#2102);
#1105=LINE('',#13891,#2103);
#1106=LINE('',#13892,#2104);
#1107=LINE('',#13894,#2105);
#1108=LINE('',#13896,#2106);
#1109=LINE('',#13898,#2107);
#1110=LINE('',#13900,#2108);
#1111=LINE('',#13902,#2109);
#1112=LINE('',#13904,#2110);
#1113=LINE('',#13906,#2111);
#1114=LINE('',#13908,#2112);
#1115=LINE('',#13911,#2113);
#1116=LINE('',#13912,#2114);
#1117=LINE('',#13914,#2115);
#1118=LINE('',#13916,#2116);
#1119=LINE('',#13918,#2117);
#1120=LINE('',#13920,#2118);
#1121=LINE('',#13922,#2119);
#1122=LINE('',#13925,#2120);
#1123=LINE('',#13927,#2121);
#1124=LINE('',#13929,#2122);
#1125=LINE('',#13930,#2123);
#1126=LINE('',#13931,#2124);
#1127=LINE('',#13933,#2125);
#1128=LINE('',#13935,#2126);
#1129=LINE('',#13937,#2127);
#1130=LINE('',#13939,#2128);
#1131=LINE('',#13941,#2129);
#1132=LINE('',#13942,#2130);
#1133=LINE('',#13944,#2131);
#1134=LINE('',#13946,#2132);
#1135=LINE('',#13948,#2133);
#1136=LINE('',#13950,#2134);
#1137=LINE('',#13952,#2135);
#1138=LINE('',#13957,#2136);
#1139=LINE('',#13961,#2137);
#1140=LINE('',#13964,#2138);
#1141=LINE('',#13968,#2139);
#1142=LINE('',#13969,#2140);
#1143=LINE('',#13971,#2141);
#1144=LINE('',#13973,#2142);
#1145=LINE('',#13975,#2143);
#1146=LINE('',#13977,#2144);
#1147=LINE('',#13979,#2145);
#1148=LINE('',#13982,#2146);
#1149=LINE('',#13984,#2147);
#1150=LINE('',#13986,#2148);
#1151=LINE('',#13987,#2149);
#1152=LINE('',#13988,#2150);
#1153=LINE('',#13990,#2151);
#1154=LINE('',#13992,#2152);
#1155=LINE('',#13994,#2153);
#1156=LINE('',#13995,#2154);
#1157=LINE('',#13997,#2155);
#1158=LINE('',#13999,#2156);
#1159=LINE('',#14001,#2157);
#1160=LINE('',#14002,#2158);
#1161=LINE('',#14004,#2159);
#1162=LINE('',#14005,#2160);
#1163=LINE('',#14007,#2161);
#1164=LINE('',#14009,#2162);
#1165=LINE('',#14011,#2163);
#1166=LINE('',#14013,#2164);
#1167=LINE('',#14015,#2165);
#1168=LINE('',#14017,#2166);
#1169=LINE('',#14019,#2167);
#1170=LINE('',#14021,#2168);
#1171=LINE('',#14023,#2169);
#1172=LINE('',#14024,#2170);
#1173=LINE('',#14026,#2171);
#1174=LINE('',#14029,#2172);
#1175=LINE('',#14031,#2173);
#1176=LINE('',#14032,#2174);
#1177=LINE('',#14034,#2175);
#1178=LINE('',#14036,#2176);
#1179=LINE('',#14038,#2177);
#1180=LINE('',#14040,#2178);
#1181=LINE('',#14042,#2179);
#1182=LINE('',#14044,#2180);
#1183=LINE('',#14046,#2181);
#1184=LINE('',#14049,#2182);
#1185=LINE('',#14052,#2183);
#1186=LINE('',#14053,#2184);
#1187=LINE('',#14056,#2185);
#1188=LINE('',#14058,#2186);
#1189=LINE('',#14060,#2187);
#1190=LINE('',#14062,#2188);
#1191=LINE('',#14064,#2189);
#1192=LINE('',#14066,#2190);
#1193=LINE('',#14067,#2191);
#1194=LINE('',#14069,#2192);
#1195=LINE('',#14071,#2193);
#1196=LINE('',#14073,#2194);
#1197=LINE('',#14074,#2195);
#1198=LINE('',#14076,#2196);
#1199=LINE('',#14077,#2197);
#1200=LINE('',#14081,#2198);
#1201=LINE('',#14083,#2199);
#1202=LINE('',#14085,#2200);
#1203=LINE('',#14087,#2201);
#1204=LINE('',#14089,#2202);
#1205=LINE('',#14091,#2203);
#1206=LINE('',#14093,#2204);
#1207=LINE('',#14095,#2205);
#1208=LINE('',#14097,#2206);
#1209=LINE('',#14099,#2207);
#1210=LINE('',#14102,#2208);
#1211=LINE('',#14104,#2209);
#1212=LINE('',#14106,#2210);
#1213=LINE('',#14108,#2211);
#1214=LINE('',#14110,#2212);
#1215=LINE('',#14112,#2213);
#1216=LINE('',#14114,#2214);
#1217=VECTOR('',#9801,1.);
#1218=VECTOR('',#9802,1.);
#1219=VECTOR('',#9803,1.);
#1220=VECTOR('',#9804,1.);
#1221=VECTOR('',#9805,1.);
#1222=VECTOR('',#9806,1.);
#1223=VECTOR('',#9807,1.);
#1224=VECTOR('',#9810,1.);
#1225=VECTOR('',#9811,1.);
#1226=VECTOR('',#9814,1.);
#1227=VECTOR('',#9815,1.);
#1228=VECTOR('',#9816,1.);
#1229=VECTOR('',#9819,1.);
#1230=VECTOR('',#9820,1.);
#1231=VECTOR('',#9823,1.);
#1232=VECTOR('',#9824,1.);
#1233=VECTOR('',#9827,1.);
#1234=VECTOR('',#9828,1.);
#1235=VECTOR('',#9831,1.);
#1236=VECTOR('',#9836,1.);
#1237=VECTOR('',#9837,1.);
#1238=VECTOR('',#9840,1.);
#1239=VECTOR('',#9841,1.);
#1240=VECTOR('',#9844,1.);
#1241=VECTOR('',#9845,1.);
#1242=VECTOR('',#9848,1.);
#1243=VECTOR('',#9849,1.);
#1244=VECTOR('',#9852,1.);
#1245=VECTOR('',#9881,1.);
#1246=VECTOR('',#9882,1.);
#1247=VECTOR('',#9883,1.);
#1248=VECTOR('',#9884,1.);
#1249=VECTOR('',#9887,1.);
#1250=VECTOR('',#9888,1.);
#1251=VECTOR('',#9889,1.);
#1252=VECTOR('',#9892,1.);
#1253=VECTOR('',#9893,1.);
#1254=VECTOR('',#9894,1.);
#1255=VECTOR('',#9897,1.);
#1256=VECTOR('',#9898,1.);
#1257=VECTOR('',#9919,1.);
#1258=VECTOR('',#9920,1.);
#1259=VECTOR('',#9921,1.);
#1260=VECTOR('',#9922,1.);
#1261=VECTOR('',#9925,1.);
#1262=VECTOR('',#9926,1.);
#1263=VECTOR('',#9927,1.);
#1264=VECTOR('',#9930,1.);
#1265=VECTOR('',#9931,1.);
#1266=VECTOR('',#9932,1.);
#1267=VECTOR('',#9935,1.);
#1268=VECTOR('',#9936,1.);
#1269=VECTOR('',#9937,1.);
#1270=VECTOR('',#9940,1.);
#1271=VECTOR('',#9941,1.);
#1272=VECTOR('',#9942,1.);
#1273=VECTOR('',#9943,1.);
#1274=VECTOR('',#9978,1.);
#1275=VECTOR('',#9993,1.);
#1276=VECTOR('',#9998,1.);
#1277=VECTOR('',#9999,1.);
#1278=VECTOR('',#10002,1.);
#1279=VECTOR('',#10003,1.);
#1280=VECTOR('',#10004,1.);
#1281=VECTOR('',#10009,1.);
#1282=VECTOR('',#10010,1.);
#1283=VECTOR('',#10015,1.);
#1284=VECTOR('',#10016,1.);
#1285=VECTOR('',#10033,1.);
#1286=VECTOR('',#10034,1.);
#1287=VECTOR('',#10035,1.);
#1288=VECTOR('',#10036,1.);
#1289=VECTOR('',#10041,1.);
#1290=VECTOR('',#10042,1.);
#1291=VECTOR('',#10045,1.);
#1292=VECTOR('',#10046,1.);
#1293=VECTOR('',#10047,1.);
#1294=VECTOR('',#10050,1.);
#1295=VECTOR('',#10051,1.);
#1296=VECTOR('',#10052,1.);
#1297=VECTOR('',#10055,1.);
#1298=VECTOR('',#10056,1.);
#1299=VECTOR('',#10057,1.);
#1300=VECTOR('',#10060,1.);
#1301=VECTOR('',#10061,1.);
#1302=VECTOR('',#10070,1.);
#1303=VECTOR('',#10085,1.);
#1304=VECTOR('',#10094,1.);
#1305=VECTOR('',#10095,1.);
#1306=VECTOR('',#10096,1.);
#1307=VECTOR('',#10097,1.);
#1308=VECTOR('',#10100,1.);
#1309=VECTOR('',#10101,1.);
#1310=VECTOR('',#10102,1.);
#1311=VECTOR('',#10105,1.);
#1312=VECTOR('',#10106,1.);
#1313=VECTOR('',#10107,1.);
#1314=VECTOR('',#10110,1.);
#1315=VECTOR('',#10111,1.);
#1316=VECTOR('',#10126,1.);
#1317=VECTOR('',#10127,1.);
#1318=VECTOR('',#10128,1.);
#1319=VECTOR('',#10129,1.);
#1320=VECTOR('',#10132,1.);
#1321=VECTOR('',#10133,1.);
#1322=VECTOR('',#10134,1.);
#1323=VECTOR('',#10137,1.);
#1324=VECTOR('',#10138,1.);
#1325=VECTOR('',#10141,1.);
#1326=VECTOR('',#10142,1.);
#1327=VECTOR('',#10145,1.);
#1328=VECTOR('',#10148,1.);
#1329=VECTOR('',#10149,1.);
#1330=VECTOR('',#10150,1.);
#1331=VECTOR('',#10151,1.);
#1332=VECTOR('',#10154,1.);
#1333=VECTOR('',#10155,1.);
#1334=VECTOR('',#10156,1.);
#1335=VECTOR('',#10159,1.);
#1336=VECTOR('',#10160,1.);
#1337=VECTOR('',#10163,1.);
#1338=VECTOR('',#10164,1.);
#1339=VECTOR('',#10167,1.);
#1340=VECTOR('',#10170,1.);
#1341=VECTOR('',#10171,1.);
#1342=VECTOR('',#10172,1.);
#1343=VECTOR('',#10173,1.);
#1344=VECTOR('',#10176,1.);
#1345=VECTOR('',#10177,1.);
#1346=VECTOR('',#10178,1.);
#1347=VECTOR('',#10181,1.);
#1348=VECTOR('',#10182,1.);
#1349=VECTOR('',#10185,1.);
#1350=VECTOR('',#10186,1.);
#1351=VECTOR('',#10189,1.);
#1352=VECTOR('',#10192,1.);
#1353=VECTOR('',#10193,1.);
#1354=VECTOR('',#10194,1.);
#1355=VECTOR('',#10195,1.);
#1356=VECTOR('',#10198,1.);
#1357=VECTOR('',#10199,1.);
#1358=VECTOR('',#10200,1.);
#1359=VECTOR('',#10203,1.);
#1360=VECTOR('',#10204,1.);
#1361=VECTOR('',#10207,1.);
#1362=VECTOR('',#10208,1.);
#1363=VECTOR('',#10211,1.);
#1364=VECTOR('',#10214,1.);
#1365=VECTOR('',#10215,1.);
#1366=VECTOR('',#10216,1.);
#1367=VECTOR('',#10217,1.);
#1368=VECTOR('',#10220,1.);
#1369=VECTOR('',#10221,1.);
#1370=VECTOR('',#10222,1.);
#1371=VECTOR('',#10225,1.);
#1372=VECTOR('',#10226,1.);
#1373=VECTOR('',#10229,1.);
#1374=VECTOR('',#10230,1.);
#1375=VECTOR('',#10233,1.);
#1376=VECTOR('',#10236,1.);
#1377=VECTOR('',#10237,1.);
#1378=VECTOR('',#10238,1.);
#1379=VECTOR('',#10239,1.);
#1380=VECTOR('',#10242,1.);
#1381=VECTOR('',#10243,1.);
#1382=VECTOR('',#10244,1.);
#1383=VECTOR('',#10247,1.);
#1384=VECTOR('',#10248,1.);
#1385=VECTOR('',#10251,1.);
#1386=VECTOR('',#10252,1.);
#1387=VECTOR('',#10255,1.);
#1388=VECTOR('',#10258,1.);
#1389=VECTOR('',#10259,1.);
#1390=VECTOR('',#10260,1.);
#1391=VECTOR('',#10261,1.);
#1392=VECTOR('',#10264,1.);
#1393=VECTOR('',#10265,1.);
#1394=VECTOR('',#10266,1.);
#1395=VECTOR('',#10269,1.);
#1396=VECTOR('',#10270,1.);
#1397=VECTOR('',#10273,1.);
#1398=VECTOR('',#10274,1.);
#1399=VECTOR('',#10277,1.);
#1400=VECTOR('',#10280,1.);
#1401=VECTOR('',#10281,1.);
#1402=VECTOR('',#10282,1.);
#1403=VECTOR('',#10283,1.);
#1404=VECTOR('',#10286,1.);
#1405=VECTOR('',#10287,1.);
#1406=VECTOR('',#10288,1.);
#1407=VECTOR('',#10291,1.);
#1408=VECTOR('',#10292,1.);
#1409=VECTOR('',#10295,1.);
#1410=VECTOR('',#10296,1.);
#1411=VECTOR('',#10299,1.);
#1412=VECTOR('',#10302,1.);
#1413=VECTOR('',#10303,1.);
#1414=VECTOR('',#10304,1.);
#1415=VECTOR('',#10305,1.);
#1416=VECTOR('',#10308,1.);
#1417=VECTOR('',#10309,1.);
#1418=VECTOR('',#10310,1.);
#1419=VECTOR('',#10313,1.);
#1420=VECTOR('',#10314,1.);
#1421=VECTOR('',#10317,1.);
#1422=VECTOR('',#10318,1.);
#1423=VECTOR('',#10321,1.);
#1424=VECTOR('',#10324,1.);
#1425=VECTOR('',#10325,1.);
#1426=VECTOR('',#10326,1.);
#1427=VECTOR('',#10327,1.);
#1428=VECTOR('',#10330,1.);
#1429=VECTOR('',#10331,1.);
#1430=VECTOR('',#10332,1.);
#1431=VECTOR('',#10335,1.);
#1432=VECTOR('',#10336,1.);
#1433=VECTOR('',#10339,1.);
#1434=VECTOR('',#10340,1.);
#1435=VECTOR('',#10343,1.);
#1436=VECTOR('',#10346,1.);
#1437=VECTOR('',#10347,1.);
#1438=VECTOR('',#10348,1.);
#1439=VECTOR('',#10349,1.);
#1440=VECTOR('',#10352,1.);
#1441=VECTOR('',#10353,1.);
#1442=VECTOR('',#10354,1.);
#1443=VECTOR('',#10357,1.);
#1444=VECTOR('',#10358,1.);
#1445=VECTOR('',#10361,1.);
#1446=VECTOR('',#10362,1.);
#1447=VECTOR('',#10365,1.);
#1448=VECTOR('',#10368,1.);
#1449=VECTOR('',#10369,1.);
#1450=VECTOR('',#10370,1.);
#1451=VECTOR('',#10371,1.);
#1452=VECTOR('',#10374,1.);
#1453=VECTOR('',#10375,1.);
#1454=VECTOR('',#10376,1.);
#1455=VECTOR('',#10379,1.);
#1456=VECTOR('',#10380,1.);
#1457=VECTOR('',#10383,1.);
#1458=VECTOR('',#10384,1.);
#1459=VECTOR('',#10387,1.);
#1460=VECTOR('',#10390,1.);
#1461=VECTOR('',#10391,1.);
#1462=VECTOR('',#10392,1.);
#1463=VECTOR('',#10393,1.);
#1464=VECTOR('',#10396,1.);
#1465=VECTOR('',#10397,1.);
#1466=VECTOR('',#10398,1.);
#1467=VECTOR('',#10401,1.);
#1468=VECTOR('',#10402,1.);
#1469=VECTOR('',#10405,1.);
#1470=VECTOR('',#10406,1.);
#1471=VECTOR('',#10409,1.);
#1472=VECTOR('',#10412,1.);
#1473=VECTOR('',#10413,1.);
#1474=VECTOR('',#10414,1.);
#1475=VECTOR('',#10415,1.);
#1476=VECTOR('',#10418,1.);
#1477=VECTOR('',#10419,1.);
#1478=VECTOR('',#10420,1.);
#1479=VECTOR('',#10423,1.);
#1480=VECTOR('',#10424,1.);
#1481=VECTOR('',#10427,1.);
#1482=VECTOR('',#10428,1.);
#1483=VECTOR('',#10431,1.);
#1484=VECTOR('',#10434,1.);
#1485=VECTOR('',#10435,1.);
#1486=VECTOR('',#10436,1.);
#1487=VECTOR('',#10437,1.);
#1488=VECTOR('',#10440,1.);
#1489=VECTOR('',#10441,1.);
#1490=VECTOR('',#10442,1.);
#1491=VECTOR('',#10445,1.);
#1492=VECTOR('',#10446,1.);
#1493=VECTOR('',#10449,1.);
#1494=VECTOR('',#10450,1.);
#1495=VECTOR('',#10453,1.);
#1496=VECTOR('',#10456,1.);
#1497=VECTOR('',#10457,1.);
#1498=VECTOR('',#10458,1.);
#1499=VECTOR('',#10459,1.);
#1500=VECTOR('',#10462,1.);
#1501=VECTOR('',#10463,1.);
#1502=VECTOR('',#10464,1.);
#1503=VECTOR('',#10467,1.);
#1504=VECTOR('',#10468,1.);
#1505=VECTOR('',#10471,1.);
#1506=VECTOR('',#10472,1.);
#1507=VECTOR('',#10475,1.);
#1508=VECTOR('',#10478,1.);
#1509=VECTOR('',#10479,1.);
#1510=VECTOR('',#10480,1.);
#1511=VECTOR('',#10481,1.);
#1512=VECTOR('',#10484,1.);
#1513=VECTOR('',#10485,1.);
#1514=VECTOR('',#10486,1.);
#1515=VECTOR('',#10489,1.);
#1516=VECTOR('',#10490,1.);
#1517=VECTOR('',#10493,1.);
#1518=VECTOR('',#10494,1.);
#1519=VECTOR('',#10497,1.);
#1520=VECTOR('',#10500,1.);
#1521=VECTOR('',#10501,1.);
#1522=VECTOR('',#10502,1.);
#1523=VECTOR('',#10503,1.);
#1524=VECTOR('',#10506,1.);
#1525=VECTOR('',#10507,1.);
#1526=VECTOR('',#10508,1.);
#1527=VECTOR('',#10511,1.);
#1528=VECTOR('',#10512,1.);
#1529=VECTOR('',#10515,1.);
#1530=VECTOR('',#10516,1.);
#1531=VECTOR('',#10519,1.);
#1532=VECTOR('',#10522,1.);
#1533=VECTOR('',#10523,1.);
#1534=VECTOR('',#10524,1.);
#1535=VECTOR('',#10525,1.);
#1536=VECTOR('',#10528,1.);
#1537=VECTOR('',#10529,1.);
#1538=VECTOR('',#10530,1.);
#1539=VECTOR('',#10533,1.);
#1540=VECTOR('',#10534,1.);
#1541=VECTOR('',#10537,1.);
#1542=VECTOR('',#10538,1.);
#1543=VECTOR('',#10541,1.);
#1544=VECTOR('',#10544,1.);
#1545=VECTOR('',#10545,1.);
#1546=VECTOR('',#10546,1.);
#1547=VECTOR('',#10547,1.);
#1548=VECTOR('',#10550,1.);
#1549=VECTOR('',#10551,1.);
#1550=VECTOR('',#10552,1.);
#1551=VECTOR('',#10555,1.);
#1552=VECTOR('',#10556,1.);
#1553=VECTOR('',#10559,1.);
#1554=VECTOR('',#10560,1.);
#1555=VECTOR('',#10563,1.);
#1556=VECTOR('',#10566,1.);
#1557=VECTOR('',#10567,1.);
#1558=VECTOR('',#10568,1.);
#1559=VECTOR('',#10569,1.);
#1560=VECTOR('',#10572,1.);
#1561=VECTOR('',#10573,1.);
#1562=VECTOR('',#10574,1.);
#1563=VECTOR('',#10577,1.);
#1564=VECTOR('',#10578,1.);
#1565=VECTOR('',#10581,1.);
#1566=VECTOR('',#10582,1.);
#1567=VECTOR('',#10585,1.);
#1568=VECTOR('',#10588,1.);
#1569=VECTOR('',#10589,1.);
#1570=VECTOR('',#10590,1.);
#1571=VECTOR('',#10591,1.);
#1572=VECTOR('',#10594,1.);
#1573=VECTOR('',#10595,1.);
#1574=VECTOR('',#10596,1.);
#1575=VECTOR('',#10599,1.);
#1576=VECTOR('',#10600,1.);
#1577=VECTOR('',#10603,1.);
#1578=VECTOR('',#10604,1.);
#1579=VECTOR('',#10607,1.);
#1580=VECTOR('',#10610,1.);
#1581=VECTOR('',#10611,1.);
#1582=VECTOR('',#10612,1.);
#1583=VECTOR('',#10613,1.);
#1584=VECTOR('',#10616,1.);
#1585=VECTOR('',#10617,1.);
#1586=VECTOR('',#10618,1.);
#1587=VECTOR('',#10621,1.);
#1588=VECTOR('',#10622,1.);
#1589=VECTOR('',#10625,1.);
#1590=VECTOR('',#10626,1.);
#1591=VECTOR('',#10629,1.);
#1592=VECTOR('',#10632,1.);
#1593=VECTOR('',#10633,1.);
#1594=VECTOR('',#10634,1.);
#1595=VECTOR('',#10635,1.);
#1596=VECTOR('',#10638,1.);
#1597=VECTOR('',#10639,1.);
#1598=VECTOR('',#10640,1.);
#1599=VECTOR('',#10643,1.);
#1600=VECTOR('',#10644,1.);
#1601=VECTOR('',#10647,1.);
#1602=VECTOR('',#10648,1.);
#1603=VECTOR('',#10651,1.);
#1604=VECTOR('',#10654,1.);
#1605=VECTOR('',#10655,1.);
#1606=VECTOR('',#10656,1.);
#1607=VECTOR('',#10657,1.);
#1608=VECTOR('',#10660,1.);
#1609=VECTOR('',#10661,1.);
#1610=VECTOR('',#10662,1.);
#1611=VECTOR('',#10665,1.);
#1612=VECTOR('',#10666,1.);
#1613=VECTOR('',#10669,1.);
#1614=VECTOR('',#10670,1.);
#1615=VECTOR('',#10673,1.);
#1616=VECTOR('',#10676,1.);
#1617=VECTOR('',#10677,1.);
#1618=VECTOR('',#10678,1.);
#1619=VECTOR('',#10679,1.);
#1620=VECTOR('',#10682,1.);
#1621=VECTOR('',#10683,1.);
#1622=VECTOR('',#10684,1.);
#1623=VECTOR('',#10687,1.);
#1624=VECTOR('',#10688,1.);
#1625=VECTOR('',#10691,1.);
#1626=VECTOR('',#10692,1.);
#1627=VECTOR('',#10695,1.);
#1628=VECTOR('',#10698,1.);
#1629=VECTOR('',#10699,1.);
#1630=VECTOR('',#10700,1.);
#1631=VECTOR('',#10701,1.);
#1632=VECTOR('',#10704,1.);
#1633=VECTOR('',#10705,1.);
#1634=VECTOR('',#10706,1.);
#1635=VECTOR('',#10709,1.);
#1636=VECTOR('',#10710,1.);
#1637=VECTOR('',#10713,1.);
#1638=VECTOR('',#10714,1.);
#1639=VECTOR('',#10717,1.);
#1640=VECTOR('',#10720,1.);
#1641=VECTOR('',#10721,1.);
#1642=VECTOR('',#10722,1.);
#1643=VECTOR('',#10723,1.);
#1644=VECTOR('',#10726,1.);
#1645=VECTOR('',#10727,1.);
#1646=VECTOR('',#10728,1.);
#1647=VECTOR('',#10731,1.);
#1648=VECTOR('',#10732,1.);
#1649=VECTOR('',#10735,1.);
#1650=VECTOR('',#10736,1.);
#1651=VECTOR('',#10739,1.);
#1652=VECTOR('',#10742,1.);
#1653=VECTOR('',#10743,1.);
#1654=VECTOR('',#10744,1.);
#1655=VECTOR('',#10745,1.);
#1656=VECTOR('',#10748,1.);
#1657=VECTOR('',#10749,1.);
#1658=VECTOR('',#10750,1.);
#1659=VECTOR('',#10753,1.);
#1660=VECTOR('',#10754,1.);
#1661=VECTOR('',#10757,1.);
#1662=VECTOR('',#10758,1.);
#1663=VECTOR('',#10761,1.);
#1664=VECTOR('',#10764,1.);
#1665=VECTOR('',#10765,1.);
#1666=VECTOR('',#10766,1.);
#1667=VECTOR('',#10767,1.);
#1668=VECTOR('',#10770,1.);
#1669=VECTOR('',#10771,1.);
#1670=VECTOR('',#10772,1.);
#1671=VECTOR('',#10775,1.);
#1672=VECTOR('',#10776,1.);
#1673=VECTOR('',#10779,1.);
#1674=VECTOR('',#10780,1.);
#1675=VECTOR('',#10783,1.);
#1676=VECTOR('',#10786,1.);
#1677=VECTOR('',#10787,1.);
#1678=VECTOR('',#10788,1.);
#1679=VECTOR('',#10789,1.);
#1680=VECTOR('',#10792,1.);
#1681=VECTOR('',#10793,1.);
#1682=VECTOR('',#10794,1.);
#1683=VECTOR('',#10797,1.);
#1684=VECTOR('',#10798,1.);
#1685=VECTOR('',#10799,1.);
#1686=VECTOR('',#10802,1.);
#1687=VECTOR('',#10803,1.);
#1688=VECTOR('',#10806,1.);
#1689=VECTOR('',#10807,1.);
#1690=VECTOR('',#10808,1.);
#1691=VECTOR('',#10809,1.);
#1692=VECTOR('',#10812,1.);
#1693=VECTOR('',#10813,1.);
#1694=VECTOR('',#10814,1.);
#1695=VECTOR('',#10817,1.);
#1696=VECTOR('',#10818,1.);
#1697=VECTOR('',#10819,1.);
#1698=VECTOR('',#10822,1.);
#1699=VECTOR('',#10823,1.);
#1700=VECTOR('',#10826,1.);
#1701=VECTOR('',#10827,1.);
#1702=VECTOR('',#10828,1.);
#1703=VECTOR('',#10829,1.);
#1704=VECTOR('',#10832,1.);
#1705=VECTOR('',#10833,1.);
#1706=VECTOR('',#10834,1.);
#1707=VECTOR('',#10837,1.);
#1708=VECTOR('',#10838,1.);
#1709=VECTOR('',#10839,1.);
#1710=VECTOR('',#10842,1.);
#1711=VECTOR('',#10843,1.);
#1712=VECTOR('',#10846,1.);
#1713=VECTOR('',#10847,1.);
#1714=VECTOR('',#10848,1.);
#1715=VECTOR('',#10849,1.);
#1716=VECTOR('',#10852,1.);
#1717=VECTOR('',#10853,1.);
#1718=VECTOR('',#10854,1.);
#1719=VECTOR('',#10857,1.);
#1720=VECTOR('',#10858,1.);
#1721=VECTOR('',#10859,1.);
#1722=VECTOR('',#10862,1.);
#1723=VECTOR('',#10863,1.);
#1724=VECTOR('',#10866,1.);
#1725=VECTOR('',#10867,1.);
#1726=VECTOR('',#10868,1.);
#1727=VECTOR('',#10869,1.);
#1728=VECTOR('',#10872,1.);
#1729=VECTOR('',#10873,1.);
#1730=VECTOR('',#10874,1.);
#1731=VECTOR('',#10877,1.);
#1732=VECTOR('',#10878,1.);
#1733=VECTOR('',#10879,1.);
#1734=VECTOR('',#10882,1.);
#1735=VECTOR('',#10883,1.);
#1736=VECTOR('',#10886,1.);
#1737=VECTOR('',#10887,1.);
#1738=VECTOR('',#10888,1.);
#1739=VECTOR('',#10889,1.);
#1740=VECTOR('',#10892,1.);
#1741=VECTOR('',#10893,1.);
#1742=VECTOR('',#10894,1.);
#1743=VECTOR('',#10897,1.);
#1744=VECTOR('',#10898,1.);
#1745=VECTOR('',#10899,1.);
#1746=VECTOR('',#10902,1.);
#1747=VECTOR('',#10903,1.);
#1748=VECTOR('',#10906,1.);
#1749=VECTOR('',#10907,1.);
#1750=VECTOR('',#10908,1.);
#1751=VECTOR('',#10909,1.);
#1752=VECTOR('',#10912,1.);
#1753=VECTOR('',#10913,1.);
#1754=VECTOR('',#10914,1.);
#1755=VECTOR('',#10917,1.);
#1756=VECTOR('',#10918,1.);
#1757=VECTOR('',#10919,1.);
#1758=VECTOR('',#10922,1.);
#1759=VECTOR('',#10923,1.);
#1760=VECTOR('',#10926,1.);
#1761=VECTOR('',#10927,1.);
#1762=VECTOR('',#10928,1.);
#1763=VECTOR('',#10929,1.);
#1764=VECTOR('',#10932,1.);
#1765=VECTOR('',#10933,1.);
#1766=VECTOR('',#10934,1.);
#1767=VECTOR('',#10937,1.);
#1768=VECTOR('',#10938,1.);
#1769=VECTOR('',#10939,1.);
#1770=VECTOR('',#10942,1.);
#1771=VECTOR('',#10943,1.);
#1772=VECTOR('',#10946,1.);
#1773=VECTOR('',#10947,1.);
#1774=VECTOR('',#10948,1.);
#1775=VECTOR('',#10949,1.);
#1776=VECTOR('',#10952,1.);
#1777=VECTOR('',#10953,1.);
#1778=VECTOR('',#10954,1.);
#1779=VECTOR('',#10957,1.);
#1780=VECTOR('',#10958,1.);
#1781=VECTOR('',#10959,1.);
#1782=VECTOR('',#10962,1.);
#1783=VECTOR('',#10963,1.);
#1784=VECTOR('',#10966,1.);
#1785=VECTOR('',#10967,1.);
#1786=VECTOR('',#10968,1.);
#1787=VECTOR('',#10969,1.);
#1788=VECTOR('',#10972,1.);
#1789=VECTOR('',#10973,1.);
#1790=VECTOR('',#10974,1.);
#1791=VECTOR('',#10977,1.);
#1792=VECTOR('',#10978,1.);
#1793=VECTOR('',#10979,1.);
#1794=VECTOR('',#10982,1.);
#1795=VECTOR('',#10983,1.);
#1796=VECTOR('',#10986,1.);
#1797=VECTOR('',#10987,1.);
#1798=VECTOR('',#10988,1.);
#1799=VECTOR('',#10989,1.);
#1800=VECTOR('',#10992,1.);
#1801=VECTOR('',#10993,1.);
#1802=VECTOR('',#10994,1.);
#1803=VECTOR('',#10997,1.);
#1804=VECTOR('',#10998,1.);
#1805=VECTOR('',#10999,1.);
#1806=VECTOR('',#11002,1.);
#1807=VECTOR('',#11003,1.);
#1808=VECTOR('',#11006,1.);
#1809=VECTOR('',#11007,1.);
#1810=VECTOR('',#11008,1.);
#1811=VECTOR('',#11009,1.);
#1812=VECTOR('',#11012,1.);
#1813=VECTOR('',#11013,1.);
#1814=VECTOR('',#11014,1.);
#1815=VECTOR('',#11017,1.);
#1816=VECTOR('',#11018,1.);
#1817=VECTOR('',#11019,1.);
#1818=VECTOR('',#11022,1.);
#1819=VECTOR('',#11023,1.);
#1820=VECTOR('',#11026,1.);
#1821=VECTOR('',#11027,1.);
#1822=VECTOR('',#11028,1.);
#1823=VECTOR('',#11029,1.);
#1824=VECTOR('',#11032,1.);
#1825=VECTOR('',#11033,1.);
#1826=VECTOR('',#11034,1.);
#1827=VECTOR('',#11037,1.);
#1828=VECTOR('',#11038,1.);
#1829=VECTOR('',#11039,1.);
#1830=VECTOR('',#11042,1.);
#1831=VECTOR('',#11043,1.);
#1832=VECTOR('',#11046,1.);
#1833=VECTOR('',#11047,1.);
#1834=VECTOR('',#11048,1.);
#1835=VECTOR('',#11049,1.);
#1836=VECTOR('',#11052,1.);
#1837=VECTOR('',#11053,1.);
#1838=VECTOR('',#11054,1.);
#1839=VECTOR('',#11057,1.);
#1840=VECTOR('',#11058,1.);
#1841=VECTOR('',#11059,1.);
#1842=VECTOR('',#11062,1.);
#1843=VECTOR('',#11063,1.);
#1844=VECTOR('',#11066,1.);
#1845=VECTOR('',#11067,1.);
#1846=VECTOR('',#11068,1.);
#1847=VECTOR('',#11069,1.);
#1848=VECTOR('',#11072,1.);
#1849=VECTOR('',#11073,1.);
#1850=VECTOR('',#11074,1.);
#1851=VECTOR('',#11077,1.);
#1852=VECTOR('',#11078,1.);
#1853=VECTOR('',#11079,1.);
#1854=VECTOR('',#11082,1.);
#1855=VECTOR('',#11083,1.);
#1856=VECTOR('',#11086,1.);
#1857=VECTOR('',#11087,1.);
#1858=VECTOR('',#11088,1.);
#1859=VECTOR('',#11089,1.);
#1860=VECTOR('',#11092,1.);
#1861=VECTOR('',#11093,1.);
#1862=VECTOR('',#11094,1.);
#1863=VECTOR('',#11097,1.);
#1864=VECTOR('',#11098,1.);
#1865=VECTOR('',#11101,1.);
#1866=VECTOR('',#11102,1.);
#1867=VECTOR('',#11105,1.);
#1868=VECTOR('',#11108,1.);
#1869=VECTOR('',#11109,1.);
#1870=VECTOR('',#11110,1.);
#1871=VECTOR('',#11111,1.);
#1872=VECTOR('',#11114,1.);
#1873=VECTOR('',#11115,1.);
#1874=VECTOR('',#11116,1.);
#1875=VECTOR('',#11119,1.);
#1876=VECTOR('',#11120,1.);
#1877=VECTOR('',#11121,1.);
#1878=VECTOR('',#11124,1.);
#1879=VECTOR('',#11125,1.);
#1880=VECTOR('',#11128,1.);
#1881=VECTOR('',#11129,1.);
#1882=VECTOR('',#11130,1.);
#1883=VECTOR('',#11131,1.);
#1884=VECTOR('',#11134,1.);
#1885=VECTOR('',#11135,1.);
#1886=VECTOR('',#11136,1.);
#1887=VECTOR('',#11139,1.);
#1888=VECTOR('',#11140,1.);
#1889=VECTOR('',#11141,1.);
#1890=VECTOR('',#11144,1.);
#1891=VECTOR('',#11145,1.);
#1892=VECTOR('',#11148,1.);
#1893=VECTOR('',#11149,1.);
#1894=VECTOR('',#11150,1.);
#1895=VECTOR('',#11151,1.);
#1896=VECTOR('',#11154,1.);
#1897=VECTOR('',#11155,1.);
#1898=VECTOR('',#11156,1.);
#1899=VECTOR('',#11159,1.);
#1900=VECTOR('',#11160,1.);
#1901=VECTOR('',#11161,1.);
#1902=VECTOR('',#11164,1.);
#1903=VECTOR('',#11165,1.);
#1904=VECTOR('',#11168,1.);
#1905=VECTOR('',#11169,1.);
#1906=VECTOR('',#11170,1.);
#1907=VECTOR('',#11171,1.);
#1908=VECTOR('',#11174,1.);
#1909=VECTOR('',#11175,1.);
#1910=VECTOR('',#11176,1.);
#1911=VECTOR('',#11179,1.);
#1912=VECTOR('',#11180,1.);
#1913=VECTOR('',#11181,1.);
#1914=VECTOR('',#11184,1.);
#1915=VECTOR('',#11185,1.);
#1916=VECTOR('',#11188,1.);
#1917=VECTOR('',#11189,1.);
#1918=VECTOR('',#11190,1.);
#1919=VECTOR('',#11191,1.);
#1920=VECTOR('',#11194,1.);
#1921=VECTOR('',#11195,1.);
#1922=VECTOR('',#11196,1.);
#1923=VECTOR('',#11199,1.);
#1924=VECTOR('',#11200,1.);
#1925=VECTOR('',#11201,1.);
#1926=VECTOR('',#11204,1.);
#1927=VECTOR('',#11205,1.);
#1928=VECTOR('',#11208,1.);
#1929=VECTOR('',#11209,1.);
#1930=VECTOR('',#11210,1.);
#1931=VECTOR('',#11211,1.);
#1932=VECTOR('',#11214,1.);
#1933=VECTOR('',#11215,1.);
#1934=VECTOR('',#11216,1.);
#1935=VECTOR('',#11219,1.);
#1936=VECTOR('',#11220,1.);
#1937=VECTOR('',#11221,1.);
#1938=VECTOR('',#11224,1.);
#1939=VECTOR('',#11225,1.);
#1940=VECTOR('',#11228,1.);
#1941=VECTOR('',#11229,1.);
#1942=VECTOR('',#11230,1.);
#1943=VECTOR('',#11231,1.);
#1944=VECTOR('',#11234,1.);
#1945=VECTOR('',#11235,1.);
#1946=VECTOR('',#11236,1.);
#1947=VECTOR('',#11239,1.);
#1948=VECTOR('',#11240,1.);
#1949=VECTOR('',#11241,1.);
#1950=VECTOR('',#11244,1.);
#1951=VECTOR('',#11245,1.);
#1952=VECTOR('',#11248,1.);
#1953=VECTOR('',#11249,1.);
#1954=VECTOR('',#11250,1.);
#1955=VECTOR('',#11251,1.);
#1956=VECTOR('',#11254,1.);
#1957=VECTOR('',#11255,1.);
#1958=VECTOR('',#11256,1.);
#1959=VECTOR('',#11259,1.);
#1960=VECTOR('',#11260,1.);
#1961=VECTOR('',#11261,1.);
#1962=VECTOR('',#11264,1.);
#1963=VECTOR('',#11265,1.);
#1964=VECTOR('',#11268,1.);
#1965=VECTOR('',#11269,1.);
#1966=VECTOR('',#11270,1.);
#1967=VECTOR('',#11271,1.);
#1968=VECTOR('',#11274,1.);
#1969=VECTOR('',#11275,1.);
#1970=VECTOR('',#11276,1.);
#1971=VECTOR('',#11279,1.);
#1972=VECTOR('',#11280,1.);
#1973=VECTOR('',#11281,1.);
#1974=VECTOR('',#11284,1.);
#1975=VECTOR('',#11285,1.);
#1976=VECTOR('',#11288,1.);
#1977=VECTOR('',#11289,1.);
#1978=VECTOR('',#11290,1.);
#1979=VECTOR('',#11291,1.);
#1980=VECTOR('',#11294,1.);
#1981=VECTOR('',#11295,1.);
#1982=VECTOR('',#11296,1.);
#1983=VECTOR('',#11299,1.);
#1984=VECTOR('',#11300,1.);
#1985=VECTOR('',#11301,1.);
#1986=VECTOR('',#11304,1.);
#1987=VECTOR('',#11305,1.);
#1988=VECTOR('',#11308,1.);
#1989=VECTOR('',#11309,1.);
#1990=VECTOR('',#11310,1.);
#1991=VECTOR('',#11311,1.);
#1992=VECTOR('',#11314,1.);
#1993=VECTOR('',#11315,1.);
#1994=VECTOR('',#11316,1.);
#1995=VECTOR('',#11319,1.);
#1996=VECTOR('',#11320,1.);
#1997=VECTOR('',#11321,1.);
#1998=VECTOR('',#11324,1.);
#1999=VECTOR('',#11325,1.);
#2000=VECTOR('',#11328,1.);
#2001=VECTOR('',#11329,1.);
#2002=VECTOR('',#11330,1.);
#2003=VECTOR('',#11331,1.);
#2004=VECTOR('',#11334,1.);
#2005=VECTOR('',#11335,1.);
#2006=VECTOR('',#11336,1.);
#2007=VECTOR('',#11339,1.);
#2008=VECTOR('',#11340,1.);
#2009=VECTOR('',#11341,1.);
#2010=VECTOR('',#11344,1.);
#2011=VECTOR('',#11345,1.);
#2012=VECTOR('',#11348,1.);
#2013=VECTOR('',#11349,1.);
#2014=VECTOR('',#11350,1.);
#2015=VECTOR('',#11351,1.);
#2016=VECTOR('',#11354,1.);
#2017=VECTOR('',#11355,1.);
#2018=VECTOR('',#11356,1.);
#2019=VECTOR('',#11359,1.);
#2020=VECTOR('',#11360,1.);
#2021=VECTOR('',#11361,1.);
#2022=VECTOR('',#11364,1.);
#2023=VECTOR('',#11365,1.);
#2024=VECTOR('',#11368,1.);
#2025=VECTOR('',#11369,1.);
#2026=VECTOR('',#11370,1.);
#2027=VECTOR('',#11371,1.);
#2028=VECTOR('',#11374,1.);
#2029=VECTOR('',#11375,1.);
#2030=VECTOR('',#11376,1.);
#2031=VECTOR('',#11379,1.);
#2032=VECTOR('',#11380,1.);
#2033=VECTOR('',#11381,1.);
#2034=VECTOR('',#11384,1.);
#2035=VECTOR('',#11385,1.);
#2036=VECTOR('',#11390,1.);
#2037=VECTOR('',#11393,1.);
#2038=VECTOR('',#11396,1.);
#2039=VECTOR('',#11399,1.);
#2040=VECTOR('',#11410,1.);
#2041=VECTOR('',#11411,1.);
#2042=VECTOR('',#11412,1.);
#2043=VECTOR('',#11415,1.);
#2044=VECTOR('',#11420,1.);
#2045=VECTOR('',#11425,1.);
#2046=VECTOR('',#11428,1.);
#2047=VECTOR('',#11431,1.);
#2048=VECTOR('',#11442,1.);
#2049=VECTOR('',#11445,1.);
#2050=VECTOR('',#11448,1.);
#2051=VECTOR('',#11451,1.);
#2052=VECTOR('',#11538,1.);
#2053=VECTOR('',#11541,1.);
#2054=VECTOR('',#11544,1.);
#2055=VECTOR('',#11547,1.);
#2056=VECTOR('',#11554,1.);
#2057=VECTOR('',#11555,1.);
#2058=VECTOR('',#11556,1.);
#2059=VECTOR('',#11557,1.);
#2060=VECTOR('',#11560,1.);
#2061=VECTOR('',#11561,1.);
#2062=VECTOR('',#11562,1.);
#2063=VECTOR('',#11565,1.);
#2064=VECTOR('',#11566,1.);
#2065=VECTOR('',#11567,1.);
#2066=VECTOR('',#11570,1.);
#2067=VECTOR('',#11571,1.);
#2068=VECTOR('',#11580,1.);
#2069=VECTOR('',#11581,1.);
#2070=VECTOR('',#11582,1.);
#2071=VECTOR('',#11583,1.);
#2072=VECTOR('',#11586,1.);
#2073=VECTOR('',#11587,1.);
#2074=VECTOR('',#11588,1.);
#2075=VECTOR('',#11591,1.);
#2076=VECTOR('',#11592,1.);
#2077=VECTOR('',#11593,1.);
#2078=VECTOR('',#11596,1.);
#2079=VECTOR('',#11597,1.);
#2080=VECTOR('',#11612,1.);
#2081=VECTOR('',#11613,1.);
#2082=VECTOR('',#11614,1.);
#2083=VECTOR('',#11615,1.);
#2084=VECTOR('',#11616,1.);
#2085=VECTOR('',#11619,1.);
#2086=VECTOR('',#11620,1.);
#2087=VECTOR('',#11621,1.);
#2088=VECTOR('',#11622,1.);
#2089=VECTOR('',#11625,1.);
#2090=VECTOR('',#11626,1.);
#2091=VECTOR('',#11627,1.);
#2092=VECTOR('',#11628,1.);
#2093=VECTOR('',#11629,1.);
#2094=VECTOR('',#11634,1.);
#2095=VECTOR('',#11637,1.);
#2096=VECTOR('',#11640,1.);
#2097=VECTOR('',#11643,1.);
#2098=VECTOR('',#11646,1.);
#2099=VECTOR('',#11647,1.);
#2100=VECTOR('',#11648,1.);
#2101=VECTOR('',#11649,1.);
#2102=VECTOR('',#11652,1.);
#2103=VECTOR('',#11653,1.);
#2104=VECTOR('',#11654,1.);
#2105=VECTOR('',#11655,1.);
#2106=VECTOR('',#11656,1.);
#2107=VECTOR('',#11659,1.);
#2108=VECTOR('',#11660,1.);
#2109=VECTOR('',#11661,1.);
#2110=VECTOR('',#11662,1.);
#2111=VECTOR('',#11663,1.);
#2112=VECTOR('',#11666,1.);
#2113=VECTOR('',#11667,1.);
#2114=VECTOR('',#11668,1.);
#2115=VECTOR('',#11671,1.);
#2116=VECTOR('',#11672,1.);
#2117=VECTOR('',#11675,1.);
#2118=VECTOR('',#11676,1.);
#2119=VECTOR('',#11679,1.);
#2120=VECTOR('',#11680,1.);
#2121=VECTOR('',#11681,1.);
#2122=VECTOR('',#11682,1.);
#2123=VECTOR('',#11683,1.);
#2124=VECTOR('',#11684,1.);
#2125=VECTOR('',#11685,1.);
#2126=VECTOR('',#11686,1.);
#2127=VECTOR('',#11687,1.);
#2128=VECTOR('',#11688,1.);
#2129=VECTOR('',#11689,1.);
#2130=VECTOR('',#11690,1.);
#2131=VECTOR('',#11691,1.);
#2132=VECTOR('',#11692,1.);
#2133=VECTOR('',#11695,1.);
#2134=VECTOR('',#11696,1.);
#2135=VECTOR('',#11699,1.);
#2136=VECTOR('',#11702,1.);
#2137=VECTOR('',#11705,1.);
#2138=VECTOR('',#11708,1.);
#2139=VECTOR('',#11713,1.);
#2140=VECTOR('',#11714,1.);
#2141=VECTOR('',#11715,1.);
#2142=VECTOR('',#11718,1.);
#2143=VECTOR('',#11719,1.);
#2144=VECTOR('',#11720,1.);
#2145=VECTOR('',#11723,1.);
#2146=VECTOR('',#11724,1.);
#2147=VECTOR('',#11725,1.);
#2148=VECTOR('',#11726,1.);
#2149=VECTOR('',#11727,1.);
#2150=VECTOR('',#11728,1.);
#2151=VECTOR('',#11729,1.);
#2152=VECTOR('',#11730,1.);
#2153=VECTOR('',#11731,1.);
#2154=VECTOR('',#11732,1.);
#2155=VECTOR('',#11733,1.);
#2156=VECTOR('',#11734,1.);
#2157=VECTOR('',#11737,1.);
#2158=VECTOR('',#11738,1.);
#2159=VECTOR('',#11741,1.);
#2160=VECTOR('',#11742,1.);
#2161=VECTOR('',#11743,1.);
#2162=VECTOR('',#11744,1.);
#2163=VECTOR('',#11745,1.);
#2164=VECTOR('',#11746,1.);
#2165=VECTOR('',#11747,1.);
#2166=VECTOR('',#11748,1.);
#2167=VECTOR('',#11751,1.);
#2168=VECTOR('',#11754,1.);
#2169=VECTOR('',#11755,1.);
#2170=VECTOR('',#11756,1.);
#2171=VECTOR('',#11757,1.);
#2172=VECTOR('',#11762,1.);
#2173=VECTOR('',#11763,1.);
#2174=VECTOR('',#11764,1.);
#2175=VECTOR('',#11765,1.);
#2176=VECTOR('',#11768,1.);
#2177=VECTOR('',#11769,1.);
#2178=VECTOR('',#11772,1.);
#2179=VECTOR('',#11773,1.);
#2180=VECTOR('',#11776,1.);
#2181=VECTOR('',#11779,1.);
#2182=VECTOR('',#11784,1.);
#2183=VECTOR('',#11785,1.);
#2184=VECTOR('',#11786,1.);
#2185=VECTOR('',#11791,1.);
#2186=VECTOR('',#11794,1.);
#2187=VECTOR('',#11797,1.);
#2188=VECTOR('',#11798,1.);
#2189=VECTOR('',#11799,1.);
#2190=VECTOR('',#11802,1.);
#2191=VECTOR('',#11803,1.);
#2192=VECTOR('',#11806,1.);
#2193=VECTOR('',#11809,1.);
#2194=VECTOR('',#11812,1.);
#2195=VECTOR('',#11813,1.);
#2196=VECTOR('',#11816,1.);
#2197=VECTOR('',#11817,1.);
#2198=VECTOR('',#11824,1.);
#2199=VECTOR('',#11825,1.);
#2200=VECTOR('',#11828,1.);
#2201=VECTOR('',#11829,1.);
#2202=VECTOR('',#11832,1.);
#2203=VECTOR('',#11833,1.);
#2204=VECTOR('',#11836,1.);
#2205=VECTOR('',#11839,1.);
#2206=VECTOR('',#11840,1.);
#2207=VECTOR('',#11843,1.);
#2208=VECTOR('',#11848,1.);
#2209=VECTOR('',#11849,1.);
#2210=VECTOR('',#11852,1.);
#2211=VECTOR('',#11853,1.);
#2212=VECTOR('',#11856,1.);
#2213=VECTOR('',#11857,1.);
#2214=VECTOR('',#11860,1.);
#2215=PLANE('',#9251);
#2216=PLANE('',#9253);
#2217=PLANE('',#9255);
#2218=PLANE('',#9256);
#2219=PLANE('',#9257);
#2220=PLANE('',#9258);
#2221=PLANE('',#9261);
#2222=PLANE('',#9262);
#2223=PLANE('',#9263);
#2224=PLANE('',#9264);
#2225=PLANE('',#9265);
#2226=PLANE('',#9269);
#2227=PLANE('',#9271);
#2228=PLANE('',#9274);
#2229=PLANE('',#9277);
#2230=PLANE('',#9279);
#2231=PLANE('',#9280);
#2232=PLANE('',#9281);
#2233=PLANE('',#9282);
#2234=PLANE('',#9283);
#2235=PLANE('',#9285);
#2236=PLANE('',#9288);
#2237=PLANE('',#9292);
#2238=PLANE('',#9293);
#2239=PLANE('',#9294);
#2240=PLANE('',#9295);
#2241=PLANE('',#9296);
#2242=PLANE('',#9297);
#2243=PLANE('',#9321);
#2244=PLANE('',#9323);
#2245=PLANE('',#9324);
#2246=PLANE('',#9326);
#2247=PLANE('',#9334);
#2248=PLANE('',#9335);
#2249=PLANE('',#9336);
#2250=PLANE('',#9338);
#2251=PLANE('',#9339);
#2252=PLANE('',#9340);
#2253=PLANE('',#9341);
#2254=PLANE('',#9342);
#2255=PLANE('',#9343);
#2256=PLANE('',#9345);
#2257=PLANE('',#9347);
#2258=PLANE('',#9352);
#2259=PLANE('',#9353);
#2260=PLANE('',#9354);
#2261=PLANE('',#9356);
#2262=PLANE('',#9357);
#2263=PLANE('',#9358);
#2264=PLANE('',#9359);
#2265=PLANE('',#9360);
#2266=PLANE('',#9362);
#2267=PLANE('',#9366);
#2268=PLANE('',#9367);
#2269=PLANE('',#9368);
#2270=PLANE('',#9369);
#2271=PLANE('',#9370);
#2272=PLANE('',#9371);
#2273=PLANE('',#9372);
#2274=PLANE('',#9373);
#2275=PLANE('',#9374);
#2276=PLANE('',#9375);
#2277=PLANE('',#9376);
#2278=PLANE('',#9377);
#2279=PLANE('',#9378);
#2280=PLANE('',#9379);
#2281=PLANE('',#9380);
#2282=PLANE('',#9381);
#2283=PLANE('',#9382);
#2284=PLANE('',#9383);
#2285=PLANE('',#9384);
#2286=PLANE('',#9385);
#2287=PLANE('',#9386);
#2288=PLANE('',#9387);
#2289=PLANE('',#9388);
#2290=PLANE('',#9389);
#2291=PLANE('',#9390);
#2292=PLANE('',#9391);
#2293=PLANE('',#9392);
#2294=PLANE('',#9393);
#2295=PLANE('',#9394);
#2296=PLANE('',#9395);
#2297=PLANE('',#9396);
#2298=PLANE('',#9397);
#2299=PLANE('',#9398);
#2300=PLANE('',#9399);
#2301=PLANE('',#9400);
#2302=PLANE('',#9401);
#2303=PLANE('',#9402);
#2304=PLANE('',#9403);
#2305=PLANE('',#9404);
#2306=PLANE('',#9405);
#2307=PLANE('',#9406);
#2308=PLANE('',#9407);
#2309=PLANE('',#9408);
#2310=PLANE('',#9409);
#2311=PLANE('',#9410);
#2312=PLANE('',#9411);
#2313=PLANE('',#9412);
#2314=PLANE('',#9413);
#2315=PLANE('',#9414);
#2316=PLANE('',#9415);
#2317=PLANE('',#9416);
#2318=PLANE('',#9417);
#2319=PLANE('',#9418);
#2320=PLANE('',#9419);
#2321=PLANE('',#9420);
#2322=PLANE('',#9421);
#2323=PLANE('',#9422);
#2324=PLANE('',#9423);
#2325=PLANE('',#9424);
#2326=PLANE('',#9425);
#2327=PLANE('',#9426);
#2328=PLANE('',#9427);
#2329=PLANE('',#9428);
#2330=PLANE('',#9429);
#2331=PLANE('',#9430);
#2332=PLANE('',#9431);
#2333=PLANE('',#9432);
#2334=PLANE('',#9433);
#2335=PLANE('',#9434);
#2336=PLANE('',#9435);
#2337=PLANE('',#9436);
#2338=PLANE('',#9437);
#2339=PLANE('',#9438);
#2340=PLANE('',#9439);
#2341=PLANE('',#9440);
#2342=PLANE('',#9441);
#2343=PLANE('',#9442);
#2344=PLANE('',#9443);
#2345=PLANE('',#9444);
#2346=PLANE('',#9445);
#2347=PLANE('',#9446);
#2348=PLANE('',#9447);
#2349=PLANE('',#9448);
#2350=PLANE('',#9449);
#2351=PLANE('',#9450);
#2352=PLANE('',#9451);
#2353=PLANE('',#9452);
#2354=PLANE('',#9453);
#2355=PLANE('',#9454);
#2356=PLANE('',#9455);
#2357=PLANE('',#9456);
#2358=PLANE('',#9457);
#2359=PLANE('',#9458);
#2360=PLANE('',#9459);
#2361=PLANE('',#9460);
#2362=PLANE('',#9461);
#2363=PLANE('',#9462);
#2364=PLANE('',#9463);
#2365=PLANE('',#9464);
#2366=PLANE('',#9465);
#2367=PLANE('',#9466);
#2368=PLANE('',#9467);
#2369=PLANE('',#9468);
#2370=PLANE('',#9469);
#2371=PLANE('',#9470);
#2372=PLANE('',#9471);
#2373=PLANE('',#9472);
#2374=PLANE('',#9473);
#2375=PLANE('',#9474);
#2376=PLANE('',#9475);
#2377=PLANE('',#9476);
#2378=PLANE('',#9477);
#2379=PLANE('',#9478);
#2380=PLANE('',#9479);
#2381=PLANE('',#9480);
#2382=PLANE('',#9481);
#2383=PLANE('',#9482);
#2384=PLANE('',#9483);
#2385=PLANE('',#9484);
#2386=PLANE('',#9485);
#2387=PLANE('',#9486);
#2388=PLANE('',#9487);
#2389=PLANE('',#9488);
#2390=PLANE('',#9489);
#2391=PLANE('',#9490);
#2392=PLANE('',#9491);
#2393=PLANE('',#9492);
#2394=PLANE('',#9493);
#2395=PLANE('',#9494);
#2396=PLANE('',#9495);
#2397=PLANE('',#9496);
#2398=PLANE('',#9497);
#2399=PLANE('',#9498);
#2400=PLANE('',#9499);
#2401=PLANE('',#9500);
#2402=PLANE('',#9501);
#2403=PLANE('',#9502);
#2404=PLANE('',#9503);
#2405=PLANE('',#9504);
#2406=PLANE('',#9505);
#2407=PLANE('',#9506);
#2408=PLANE('',#9507);
#2409=PLANE('',#9508);
#2410=PLANE('',#9509);
#2411=PLANE('',#9510);
#2412=PLANE('',#9511);
#2413=PLANE('',#9512);
#2414=PLANE('',#9513);
#2415=PLANE('',#9514);
#2416=PLANE('',#9515);
#2417=PLANE('',#9516);
#2418=PLANE('',#9517);
#2419=PLANE('',#9518);
#2420=PLANE('',#9519);
#2421=PLANE('',#9520);
#2422=PLANE('',#9521);
#2423=PLANE('',#9522);
#2424=PLANE('',#9523);
#2425=PLANE('',#9524);
#2426=PLANE('',#9525);
#2427=PLANE('',#9526);
#2428=PLANE('',#9527);
#2429=PLANE('',#9528);
#2430=PLANE('',#9529);
#2431=PLANE('',#9530);
#2432=PLANE('',#9531);
#2433=PLANE('',#9532);
#2434=PLANE('',#9533);
#2435=PLANE('',#9534);
#2436=PLANE('',#9535);
#2437=PLANE('',#9536);
#2438=PLANE('',#9537);
#2439=PLANE('',#9538);
#2440=PLANE('',#9539);
#2441=PLANE('',#9540);
#2442=PLANE('',#9541);
#2443=PLANE('',#9542);
#2444=PLANE('',#9543);
#2445=PLANE('',#9544);
#2446=PLANE('',#9545);
#2447=PLANE('',#9546);
#2448=PLANE('',#9547);
#2449=PLANE('',#9548);
#2450=PLANE('',#9549);
#2451=PLANE('',#9550);
#2452=PLANE('',#9551);
#2453=PLANE('',#9552);
#2454=PLANE('',#9553);
#2455=PLANE('',#9554);
#2456=PLANE('',#9555);
#2457=PLANE('',#9556);
#2458=PLANE('',#9557);
#2459=PLANE('',#9558);
#2460=PLANE('',#9559);
#2461=PLANE('',#9560);
#2462=PLANE('',#9561);
#2463=PLANE('',#9562);
#2464=PLANE('',#9563);
#2465=PLANE('',#9564);
#2466=PLANE('',#9565);
#2467=PLANE('',#9566);
#2468=PLANE('',#9567);
#2469=PLANE('',#9568);
#2470=PLANE('',#9569);
#2471=PLANE('',#9570);
#2472=PLANE('',#9571);
#2473=PLANE('',#9572);
#2474=PLANE('',#9573);
#2475=PLANE('',#9574);
#2476=PLANE('',#9575);
#2477=PLANE('',#9576);
#2478=PLANE('',#9577);
#2479=PLANE('',#9578);
#2480=PLANE('',#9579);
#2481=PLANE('',#9580);
#2482=PLANE('',#9581);
#2483=PLANE('',#9582);
#2484=PLANE('',#9583);
#2485=PLANE('',#9584);
#2486=PLANE('',#9585);
#2487=PLANE('',#9586);
#2488=PLANE('',#9587);
#2489=PLANE('',#9588);
#2490=PLANE('',#9589);
#2491=PLANE('',#9590);
#2492=PLANE('',#9591);
#2493=PLANE('',#9592);
#2494=PLANE('',#9593);
#2495=PLANE('',#9594);
#2496=PLANE('',#9595);
#2497=PLANE('',#9596);
#2498=PLANE('',#9597);
#2499=PLANE('',#9598);
#2500=PLANE('',#9599);
#2501=PLANE('',#9600);
#2502=PLANE('',#9601);
#2503=PLANE('',#9602);
#2504=PLANE('',#9603);
#2505=PLANE('',#9604);
#2506=PLANE('',#9605);
#2507=PLANE('',#9606);
#2508=PLANE('',#9607);
#2509=PLANE('',#9608);
#2510=PLANE('',#9609);
#2511=PLANE('',#9610);
#2512=PLANE('',#9611);
#2513=PLANE('',#9612);
#2514=PLANE('',#9613);
#2515=PLANE('',#9614);
#2516=PLANE('',#9615);
#2517=PLANE('',#9616);
#2518=PLANE('',#9617);
#2519=PLANE('',#9618);
#2520=PLANE('',#9619);
#2521=PLANE('',#9620);
#2522=PLANE('',#9621);
#2523=PLANE('',#9622);
#2524=PLANE('',#9623);
#2525=PLANE('',#9624);
#2526=PLANE('',#9625);
#2527=PLANE('',#9626);
#2528=PLANE('',#9627);
#2529=PLANE('',#9628);
#2530=PLANE('',#9629);
#2531=PLANE('',#9630);
#2532=PLANE('',#9631);
#2533=PLANE('',#9632);
#2534=PLANE('',#9633);
#2535=PLANE('',#9634);
#2536=PLANE('',#9635);
#2537=PLANE('',#9636);
#2538=PLANE('',#9637);
#2539=PLANE('',#9646);
#2540=PLANE('',#9651);
#2541=PLANE('',#9658);
#2542=PLANE('',#9660);
#2543=PLANE('',#9662);
#2544=PLANE('',#9663);
#2545=PLANE('',#9664);
#2546=PLANE('',#9665);
#2547=PLANE('',#9666);
#2548=PLANE('',#9667);
#2549=PLANE('',#9668);
#2550=PLANE('',#9669);
#2551=PLANE('',#9670);
#2552=PLANE('',#9671);
#2553=PLANE('',#9672);
#2554=PLANE('',#9673);
#2555=PLANE('',#9674);
#2556=PLANE('',#9675);
#2557=PLANE('',#9676);
#2558=PLANE('',#9677);
#2559=PLANE('',#9678);
#2560=PLANE('',#9679);
#2561=PLANE('',#9680);
#2562=PLANE('',#9681);
#2563=PLANE('',#9682);
#2564=PLANE('',#9683);
#2565=PLANE('',#9684);
#2566=PLANE('',#9685);
#2567=PLANE('',#9686);
#2568=PLANE('',#9687);
#2569=PLANE('',#9688);
#2570=PLANE('',#9689);
#2571=PLANE('',#9690);
#2572=PLANE('',#9691);
#2573=PLANE('',#9700);
#2574=PLANE('',#9702);
#2575=PLANE('',#9706);
#2576=PLANE('',#9707);
#2577=PLANE('',#9708);
#2578=PLANE('',#9710);
#2579=PLANE('',#9711);
#2580=PLANE('',#9712);
#2581=PLANE('',#9713);
#2582=PLANE('',#9714);
#2583=PLANE('',#9715);
#2584=PLANE('',#9717);
#2585=PLANE('',#9718);
#2586=PLANE('',#9719);
#2587=PLANE('',#9720);
#2588=PLANE('',#9721);
#2589=PLANE('',#9723);
#2590=PLANE('',#9727);
#2591=PLANE('',#9728);
#2592=PLANE('',#9729);
#2593=PLANE('',#9735);
#2594=PLANE('',#9736);
#2595=PLANE('',#9737);
#2596=PLANE('',#9738);
#2597=PLANE('',#9739);
#2598=PLANE('',#9740);
#2599=PLANE('',#9741);
#2600=PLANE('',#9742);
#2601=PLANE('',#9748);
#2602=PLANE('',#9749);
#2603=PLANE('',#9750);
#2604=PLANE('',#9751);
#2605=PLANE('',#9752);
#2606=PLANE('',#9753);
#2607=PLANE('',#9754);
#2608=PLANE('',#9755);
#2609=PLANE('',#9756);
#2610=PLANE('',#9757);
#2611=PLANE('',#9758);
#2612=PLANE('',#9759);
#2613=PLANE('',#9760);
#2614=PLANE('',#9761);
#2615=PLANE('',#9762);
#2616=PLANE('',#9763);
#2617=PLANE('',#9764);
#2618=PLANE('',#9765);
#2619=PLANE('',#9766);
#2620=PLANE('',#9767);
#2621=PLANE('',#9768);
#2622=PLANE('',#9769);
#2623=PLANE('',#9770);
#2624=PLANE('',#9771);
#2625=PLANE('',#9772);
#2626=PLANE('',#9773);
#2627=PLANE('',#9774);
#2628=PLANE('',#9775);
#2629=PLANE('',#9776);
#2630=PLANE('',#9777);
#2631=PLANE('',#9778);
#2632=PLANE('',#9779);
#2633=PLANE('',#9780);
#2634=PLANE('',#9781);
#2635=PLANE('',#9782);
#2636=PLANE('',#9783);
#2637=PLANE('',#9784);
#2638=PLANE('',#9785);
#2639=ORIENTED_EDGE('',*,*,#4785,.F.);
#2640=ORIENTED_EDGE('',*,*,#4786,.T.);
#2641=ORIENTED_EDGE('',*,*,#4787,.F.);
#2642=ORIENTED_EDGE('',*,*,#4785,.T.);
#2643=ORIENTED_EDGE('',*,*,#4788,.T.);
#2644=ORIENTED_EDGE('',*,*,#4789,.T.);
#2645=ORIENTED_EDGE('',*,*,#4790,.T.);
#2646=ORIENTED_EDGE('',*,*,#4791,.F.);
#2647=ORIENTED_EDGE('',*,*,#4792,.F.);
#2648=ORIENTED_EDGE('',*,*,#4793,.F.);
#2649=ORIENTED_EDGE('',*,*,#4794,.T.);
#2650=ORIENTED_EDGE('',*,*,#4795,.F.);
#2651=ORIENTED_EDGE('',*,*,#4796,.T.);
#2652=ORIENTED_EDGE('',*,*,#4797,.T.);
#2653=ORIENTED_EDGE('',*,*,#4786,.F.);
#2654=ORIENTED_EDGE('',*,*,#4789,.F.);
#2655=ORIENTED_EDGE('',*,*,#4798,.F.);
#2656=ORIENTED_EDGE('',*,*,#4799,.T.);
#2657=ORIENTED_EDGE('',*,*,#4800,.T.);
#2658=ORIENTED_EDGE('',*,*,#4788,.F.);
#2659=ORIENTED_EDGE('',*,*,#4801,.F.);
#2660=ORIENTED_EDGE('',*,*,#4802,.T.);
#2661=ORIENTED_EDGE('',*,*,#4798,.T.);
#2662=ORIENTED_EDGE('',*,*,#4797,.F.);
#2663=ORIENTED_EDGE('',*,*,#4803,.F.);
#2664=ORIENTED_EDGE('',*,*,#4804,.T.);
#2665=ORIENTED_EDGE('',*,*,#4801,.T.);
#2666=ORIENTED_EDGE('',*,*,#4796,.F.);
#2667=ORIENTED_EDGE('',*,*,#4805,.F.);
#2668=ORIENTED_EDGE('',*,*,#4806,.T.);
#2669=ORIENTED_EDGE('',*,*,#4803,.T.);
#2670=ORIENTED_EDGE('',*,*,#4795,.T.);
#2671=ORIENTED_EDGE('',*,*,#4807,.F.);
#2672=ORIENTED_EDGE('',*,*,#4808,.F.);
#2673=ORIENTED_EDGE('',*,*,#4805,.T.);
#2674=ORIENTED_EDGE('',*,*,#4794,.F.);
#2675=ORIENTED_EDGE('',*,*,#4809,.F.);
#2676=ORIENTED_EDGE('',*,*,#4810,.T.);
#2677=ORIENTED_EDGE('',*,*,#4807,.T.);
#2678=ORIENTED_EDGE('',*,*,#4793,.T.);
#2679=ORIENTED_EDGE('',*,*,#4811,.F.);
#2680=ORIENTED_EDGE('',*,*,#4812,.F.);
#2681=ORIENTED_EDGE('',*,*,#4809,.T.);
#2682=ORIENTED_EDGE('',*,*,#4792,.T.);
#2683=ORIENTED_EDGE('',*,*,#4813,.F.);
#2684=ORIENTED_EDGE('',*,*,#4814,.F.);
#2685=ORIENTED_EDGE('',*,*,#4811,.T.);
#2686=ORIENTED_EDGE('',*,*,#4791,.T.);
#2687=ORIENTED_EDGE('',*,*,#4815,.F.);
#2688=ORIENTED_EDGE('',*,*,#4816,.F.);
#2689=ORIENTED_EDGE('',*,*,#4813,.T.);
#2690=ORIENTED_EDGE('',*,*,#4790,.F.);
#2691=ORIENTED_EDGE('',*,*,#4800,.F.);
#2692=ORIENTED_EDGE('',*,*,#4817,.T.);
#2693=ORIENTED_EDGE('',*,*,#4815,.T.);
#2694=ORIENTED_EDGE('',*,*,#4818,.F.);
#2695=ORIENTED_EDGE('',*,*,#4819,.T.);
#2696=ORIENTED_EDGE('',*,*,#4820,.F.);
#2697=ORIENTED_EDGE('',*,*,#4818,.T.);
#2698=ORIENTED_EDGE('',*,*,#4799,.F.);
#2699=ORIENTED_EDGE('',*,*,#4802,.F.);
#2700=ORIENTED_EDGE('',*,*,#4804,.F.);
#2701=ORIENTED_EDGE('',*,*,#4806,.F.);
#2702=ORIENTED_EDGE('',*,*,#4808,.T.);
#2703=ORIENTED_EDGE('',*,*,#4810,.F.);
#2704=ORIENTED_EDGE('',*,*,#4812,.T.);
#2705=ORIENTED_EDGE('',*,*,#4814,.T.);
#2706=ORIENTED_EDGE('',*,*,#4816,.T.);
#2707=ORIENTED_EDGE('',*,*,#4817,.F.);
#2708=ORIENTED_EDGE('',*,*,#4819,.F.);
#2709=ORIENTED_EDGE('',*,*,#4821,.F.);
#2710=ORIENTED_EDGE('',*,*,#4787,.T.);
#2711=ORIENTED_EDGE('',*,*,#4821,.T.);
#2712=ORIENTED_EDGE('',*,*,#4820,.T.);
#2713=ORIENTED_EDGE('',*,*,#4822,.T.);
#2714=ORIENTED_EDGE('',*,*,#4822,.F.);
#2715=ORIENTED_EDGE('',*,*,#4823,.F.);
#2716=ORIENTED_EDGE('',*,*,#4824,.F.);
#2717=ORIENTED_EDGE('',*,*,#4825,.T.);
#2718=ORIENTED_EDGE('',*,*,#4826,.T.);
#2719=ORIENTED_EDGE('',*,*,#4827,.T.);
#2720=ORIENTED_EDGE('',*,*,#4828,.F.);
#2721=ORIENTED_EDGE('',*,*,#4829,.F.);
#2722=ORIENTED_EDGE('',*,*,#4824,.T.);
#2723=ORIENTED_EDGE('',*,*,#4830,.T.);
#2724=ORIENTED_EDGE('',*,*,#4831,.F.);
#2725=ORIENTED_EDGE('',*,*,#4832,.F.);
#2726=ORIENTED_EDGE('',*,*,#4828,.T.);
#2727=ORIENTED_EDGE('',*,*,#4833,.F.);
#2728=ORIENTED_EDGE('',*,*,#4826,.F.);
#2729=ORIENTED_EDGE('',*,*,#4834,.T.);
#2730=ORIENTED_EDGE('',*,*,#4831,.T.);
#2731=ORIENTED_EDGE('',*,*,#4835,.F.);
#2732=ORIENTED_EDGE('',*,*,#4825,.F.);
#2733=ORIENTED_EDGE('',*,*,#4829,.T.);
#2734=ORIENTED_EDGE('',*,*,#4832,.T.);
#2735=ORIENTED_EDGE('',*,*,#4834,.F.);
#2736=ORIENTED_EDGE('',*,*,#4823,.T.);
#2737=ORIENTED_EDGE('',*,*,#4833,.T.);
#2738=ORIENTED_EDGE('',*,*,#4830,.F.);
#2739=ORIENTED_EDGE('',*,*,#4827,.F.);
#2740=ORIENTED_EDGE('',*,*,#4836,.F.);
#2741=ORIENTED_EDGE('',*,*,#4835,.T.);
#2742=ORIENTED_EDGE('',*,*,#4837,.F.);
#2743=ORIENTED_EDGE('',*,*,#4836,.T.);
#2744=ORIENTED_EDGE('',*,*,#4838,.F.);
#2745=ORIENTED_EDGE('',*,*,#4837,.T.);
#2746=ORIENTED_EDGE('',*,*,#4839,.F.);
#2747=ORIENTED_EDGE('',*,*,#4840,.T.);
#2748=ORIENTED_EDGE('',*,*,#4841,.T.);
#2749=ORIENTED_EDGE('',*,*,#4842,.F.);
#2750=ORIENTED_EDGE('',*,*,#4843,.F.);
#2751=ORIENTED_EDGE('',*,*,#4844,.T.);
#2752=ORIENTED_EDGE('',*,*,#4839,.T.);
#2753=ORIENTED_EDGE('',*,*,#4845,.T.);
#2754=ORIENTED_EDGE('',*,*,#4846,.T.);
#2755=ORIENTED_EDGE('',*,*,#4847,.T.);
#2756=ORIENTED_EDGE('',*,*,#4843,.T.);
#2757=ORIENTED_EDGE('',*,*,#4848,.T.);
#2758=ORIENTED_EDGE('',*,*,#4849,.T.);
#2759=ORIENTED_EDGE('',*,*,#4850,.T.);
#2760=ORIENTED_EDGE('',*,*,#4851,.F.);
#2761=ORIENTED_EDGE('',*,*,#4841,.F.);
#2762=ORIENTED_EDGE('',*,*,#4852,.T.);
#2763=ORIENTED_EDGE('',*,*,#4853,.T.);
#2764=ORIENTED_EDGE('',*,*,#4854,.T.);
#2765=ORIENTED_EDGE('',*,*,#4855,.T.);
#2766=ORIENTED_EDGE('',*,*,#4838,.T.);
#2767=ORIENTED_EDGE('',*,*,#4851,.T.);
#2768=ORIENTED_EDGE('',*,*,#4856,.T.);
#2769=ORIENTED_EDGE('',*,*,#4848,.F.);
#2770=ORIENTED_EDGE('',*,*,#4845,.F.);
#2771=ORIENTED_EDGE('',*,*,#4842,.T.);
#2772=ORIENTED_EDGE('',*,*,#4856,.F.);
#2773=ORIENTED_EDGE('',*,*,#4850,.F.);
#2774=ORIENTED_EDGE('',*,*,#4857,.F.);
#2775=ORIENTED_EDGE('',*,*,#4846,.F.);
#2776=ORIENTED_EDGE('',*,*,#4858,.F.);
#2777=ORIENTED_EDGE('',*,*,#4849,.F.);
#2778=ORIENTED_EDGE('',*,*,#4859,.F.);
#2779=ORIENTED_EDGE('',*,*,#4855,.F.);
#2780=ORIENTED_EDGE('',*,*,#4857,.T.);
#2781=ORIENTED_EDGE('',*,*,#4858,.T.);
#2782=ORIENTED_EDGE('',*,*,#4860,.F.);
#2783=ORIENTED_EDGE('',*,*,#4859,.T.);
#2784=ORIENTED_EDGE('',*,*,#4840,.F.);
#2785=ORIENTED_EDGE('',*,*,#4861,.F.);
#2786=ORIENTED_EDGE('',*,*,#4852,.F.);
#2787=ORIENTED_EDGE('',*,*,#4860,.T.);
#2788=ORIENTED_EDGE('',*,*,#4854,.F.);
#2789=ORIENTED_EDGE('',*,*,#4862,.F.);
#2790=ORIENTED_EDGE('',*,*,#4847,.F.);
#2791=ORIENTED_EDGE('',*,*,#4861,.T.);
#2792=ORIENTED_EDGE('',*,*,#4844,.F.);
#2793=ORIENTED_EDGE('',*,*,#4862,.T.);
#2794=ORIENTED_EDGE('',*,*,#4853,.F.);
#2795=ORIENTED_EDGE('',*,*,#4863,.T.);
#2796=ORIENTED_EDGE('',*,*,#4864,.T.);
#2797=ORIENTED_EDGE('',*,*,#4865,.F.);
#2798=ORIENTED_EDGE('',*,*,#4866,.F.);
#2799=ORIENTED_EDGE('',*,*,#4867,.F.);
#2800=ORIENTED_EDGE('',*,*,#4868,.F.);
#2801=ORIENTED_EDGE('',*,*,#4869,.F.);
#2802=ORIENTED_EDGE('',*,*,#4870,.F.);
#2803=ORIENTED_EDGE('',*,*,#4871,.F.);
#2804=ORIENTED_EDGE('',*,*,#4872,.F.);
#2805=ORIENTED_EDGE('',*,*,#4873,.F.);
#2806=ORIENTED_EDGE('',*,*,#4874,.T.);
#2807=ORIENTED_EDGE('',*,*,#4875,.F.);
#2808=ORIENTED_EDGE('',*,*,#4876,.T.);
#2809=ORIENTED_EDGE('',*,*,#4866,.T.);
#2810=ORIENTED_EDGE('',*,*,#4877,.F.);
#2811=ORIENTED_EDGE('',*,*,#4870,.T.);
#2812=ORIENTED_EDGE('',*,*,#4878,.T.);
#2813=ORIENTED_EDGE('',*,*,#4868,.T.);
#2814=ORIENTED_EDGE('',*,*,#4879,.F.);
#2815=ORIENTED_EDGE('',*,*,#4880,.F.);
#2816=ORIENTED_EDGE('',*,*,#4881,.F.);
#2817=ORIENTED_EDGE('',*,*,#4882,.F.);
#2818=ORIENTED_EDGE('',*,*,#4883,.F.);
#2819=ORIENTED_EDGE('',*,*,#4884,.T.);
#2820=ORIENTED_EDGE('',*,*,#4885,.T.);
#2821=ORIENTED_EDGE('',*,*,#4886,.F.);
#2822=ORIENTED_EDGE('',*,*,#4887,.F.);
#2823=ORIENTED_EDGE('',*,*,#4888,.T.);
#2824=ORIENTED_EDGE('',*,*,#4886,.T.);
#2825=ORIENTED_EDGE('',*,*,#4888,.F.);
#2826=ORIENTED_EDGE('',*,*,#4887,.T.);
#2827=ORIENTED_EDGE('',*,*,#4889,.T.);
#2828=ORIENTED_EDGE('',*,*,#4890,.T.);
#2829=ORIENTED_EDGE('',*,*,#4891,.F.);
#2830=ORIENTED_EDGE('',*,*,#4892,.F.);
#2831=ORIENTED_EDGE('',*,*,#4893,.F.);
#2832=ORIENTED_EDGE('',*,*,#4894,.T.);
#2833=ORIENTED_EDGE('',*,*,#4895,.T.);
#2834=ORIENTED_EDGE('',*,*,#4890,.F.);
#2835=ORIENTED_EDGE('',*,*,#4896,.F.);
#2836=ORIENTED_EDGE('',*,*,#4880,.T.);
#2837=ORIENTED_EDGE('',*,*,#4897,.T.);
#2838=ORIENTED_EDGE('',*,*,#4875,.T.);
#2839=ORIENTED_EDGE('',*,*,#4898,.T.);
#2840=ORIENTED_EDGE('',*,*,#4891,.T.);
#2841=ORIENTED_EDGE('',*,*,#4898,.F.);
#2842=ORIENTED_EDGE('',*,*,#4874,.F.);
#2843=ORIENTED_EDGE('',*,*,#4899,.F.);
#2844=ORIENTED_EDGE('',*,*,#4876,.F.);
#2845=ORIENTED_EDGE('',*,*,#4900,.F.);
#2846=ORIENTED_EDGE('',*,*,#4895,.F.);
#2847=ORIENTED_EDGE('',*,*,#4901,.T.);
#2848=ORIENTED_EDGE('',*,*,#4892,.T.);
#2849=ORIENTED_EDGE('',*,*,#4901,.F.);
#2850=ORIENTED_EDGE('',*,*,#4894,.F.);
#2851=ORIENTED_EDGE('',*,*,#4902,.F.);
#2852=ORIENTED_EDGE('',*,*,#4878,.F.);
#2853=ORIENTED_EDGE('',*,*,#4903,.F.);
#2854=ORIENTED_EDGE('',*,*,#4884,.F.);
#2855=ORIENTED_EDGE('',*,*,#4904,.T.);
#2856=ORIENTED_EDGE('',*,*,#4889,.F.);
#2857=ORIENTED_EDGE('',*,*,#4904,.F.);
#2858=ORIENTED_EDGE('',*,*,#4883,.T.);
#2859=ORIENTED_EDGE('',*,*,#4905,.T.);
#2860=ORIENTED_EDGE('',*,*,#4877,.T.);
#2861=ORIENTED_EDGE('',*,*,#4906,.T.);
#2862=ORIENTED_EDGE('',*,*,#4881,.T.);
#2863=ORIENTED_EDGE('',*,*,#4896,.T.);
#2864=ORIENTED_EDGE('',*,*,#4885,.F.);
#2865=ORIENTED_EDGE('',*,*,#4907,.F.);
#2866=ORIENTED_EDGE('',*,*,#4903,.T.);
#2867=ORIENTED_EDGE('',*,*,#4869,.T.);
#2868=ORIENTED_EDGE('',*,*,#4902,.T.);
#2869=ORIENTED_EDGE('',*,*,#4865,.T.);
#2870=ORIENTED_EDGE('',*,*,#4908,.F.);
#2871=ORIENTED_EDGE('',*,*,#4871,.T.);
#2872=ORIENTED_EDGE('',*,*,#4905,.F.);
#2873=ORIENTED_EDGE('',*,*,#4909,.F.);
#2874=ORIENTED_EDGE('',*,*,#4906,.F.);
#2875=ORIENTED_EDGE('',*,*,#4910,.F.);
#2876=ORIENTED_EDGE('',*,*,#4900,.T.);
#2877=ORIENTED_EDGE('',*,*,#4867,.T.);
#2878=ORIENTED_EDGE('',*,*,#4899,.T.);
#2879=ORIENTED_EDGE('',*,*,#4911,.F.);
#2880=ORIENTED_EDGE('',*,*,#4873,.T.);
#2881=ORIENTED_EDGE('',*,*,#4912,.T.);
#2882=ORIENTED_EDGE('',*,*,#4879,.T.);
#2883=ORIENTED_EDGE('',*,*,#4909,.T.);
#2884=ORIENTED_EDGE('',*,*,#4882,.T.);
#2885=ORIENTED_EDGE('',*,*,#4907,.T.);
#2886=ORIENTED_EDGE('',*,*,#4893,.T.);
#2887=ORIENTED_EDGE('',*,*,#4910,.T.);
#2888=ORIENTED_EDGE('',*,*,#4863,.F.);
#2889=ORIENTED_EDGE('',*,*,#4913,.T.);
#2890=ORIENTED_EDGE('',*,*,#4911,.T.);
#2891=ORIENTED_EDGE('',*,*,#4897,.F.);
#2892=ORIENTED_EDGE('',*,*,#4912,.F.);
#2893=ORIENTED_EDGE('',*,*,#4908,.T.);
#2894=ORIENTED_EDGE('',*,*,#4864,.F.);
#2895=ORIENTED_EDGE('',*,*,#4913,.F.);
#2896=ORIENTED_EDGE('',*,*,#4872,.T.);
#2897=ORIENTED_EDGE('',*,*,#4914,.F.);
#2898=ORIENTED_EDGE('',*,*,#4915,.F.);
#2899=ORIENTED_EDGE('',*,*,#4916,.T.);
#2900=ORIENTED_EDGE('',*,*,#4917,.T.);
#2901=ORIENTED_EDGE('',*,*,#4918,.T.);
#2902=ORIENTED_EDGE('',*,*,#4919,.F.);
#2903=ORIENTED_EDGE('',*,*,#4920,.F.);
#2904=ORIENTED_EDGE('',*,*,#4915,.T.);
#2905=ORIENTED_EDGE('',*,*,#4921,.T.);
#2906=ORIENTED_EDGE('',*,*,#4922,.F.);
#2907=ORIENTED_EDGE('',*,*,#4923,.F.);
#2908=ORIENTED_EDGE('',*,*,#4919,.T.);
#2909=ORIENTED_EDGE('',*,*,#4924,.F.);
#2910=ORIENTED_EDGE('',*,*,#4917,.F.);
#2911=ORIENTED_EDGE('',*,*,#4925,.T.);
#2912=ORIENTED_EDGE('',*,*,#4922,.T.);
#2913=ORIENTED_EDGE('',*,*,#4926,.F.);
#2914=ORIENTED_EDGE('',*,*,#4916,.F.);
#2915=ORIENTED_EDGE('',*,*,#4920,.T.);
#2916=ORIENTED_EDGE('',*,*,#4923,.T.);
#2917=ORIENTED_EDGE('',*,*,#4925,.F.);
#2918=ORIENTED_EDGE('',*,*,#4927,.F.);
#2919=ORIENTED_EDGE('',*,*,#4914,.T.);
#2920=ORIENTED_EDGE('',*,*,#4924,.T.);
#2921=ORIENTED_EDGE('',*,*,#4921,.F.);
#2922=ORIENTED_EDGE('',*,*,#4918,.F.);
#2923=ORIENTED_EDGE('',*,*,#4926,.T.);
#2924=ORIENTED_EDGE('',*,*,#4927,.T.);
#2925=ORIENTED_EDGE('',*,*,#4928,.T.);
#2926=ORIENTED_EDGE('',*,*,#4929,.T.);
#2927=ORIENTED_EDGE('',*,*,#4930,.T.);
#2928=ORIENTED_EDGE('',*,*,#4931,.T.);
#2929=ORIENTED_EDGE('',*,*,#4932,.T.);
#2930=ORIENTED_EDGE('',*,*,#4933,.F.);
#2931=ORIENTED_EDGE('',*,*,#4931,.F.);
#2932=ORIENTED_EDGE('',*,*,#4934,.T.);
#2933=ORIENTED_EDGE('',*,*,#4935,.T.);
#2934=ORIENTED_EDGE('',*,*,#4934,.F.);
#2935=ORIENTED_EDGE('',*,*,#4930,.F.);
#2936=ORIENTED_EDGE('',*,*,#4936,.T.);
#2937=ORIENTED_EDGE('',*,*,#4937,.T.);
#2938=ORIENTED_EDGE('',*,*,#4936,.F.);
#2939=ORIENTED_EDGE('',*,*,#4929,.F.);
#2940=ORIENTED_EDGE('',*,*,#4938,.T.);
#2941=ORIENTED_EDGE('',*,*,#4939,.T.);
#2942=ORIENTED_EDGE('',*,*,#4938,.F.);
#2943=ORIENTED_EDGE('',*,*,#4928,.F.);
#2944=ORIENTED_EDGE('',*,*,#4933,.T.);
#2945=ORIENTED_EDGE('',*,*,#4940,.T.);
#2946=ORIENTED_EDGE('',*,*,#4941,.T.);
#2947=ORIENTED_EDGE('',*,*,#4942,.T.);
#2948=ORIENTED_EDGE('',*,*,#4943,.T.);
#2949=ORIENTED_EDGE('',*,*,#4944,.T.);
#2950=ORIENTED_EDGE('',*,*,#4945,.F.);
#2951=ORIENTED_EDGE('',*,*,#4943,.F.);
#2952=ORIENTED_EDGE('',*,*,#4946,.T.);
#2953=ORIENTED_EDGE('',*,*,#4947,.T.);
#2954=ORIENTED_EDGE('',*,*,#4946,.F.);
#2955=ORIENTED_EDGE('',*,*,#4942,.F.);
#2956=ORIENTED_EDGE('',*,*,#4948,.T.);
#2957=ORIENTED_EDGE('',*,*,#4949,.T.);
#2958=ORIENTED_EDGE('',*,*,#4948,.F.);
#2959=ORIENTED_EDGE('',*,*,#4941,.F.);
#2960=ORIENTED_EDGE('',*,*,#4950,.T.);
#2961=ORIENTED_EDGE('',*,*,#4951,.T.);
#2962=ORIENTED_EDGE('',*,*,#4950,.F.);
#2963=ORIENTED_EDGE('',*,*,#4940,.F.);
#2964=ORIENTED_EDGE('',*,*,#4945,.T.);
#2965=ORIENTED_EDGE('',*,*,#4952,.T.);
#2966=ORIENTED_EDGE('',*,*,#4953,.T.);
#2967=ORIENTED_EDGE('',*,*,#4954,.T.);
#2968=ORIENTED_EDGE('',*,*,#4955,.T.);
#2969=ORIENTED_EDGE('',*,*,#4956,.T.);
#2970=ORIENTED_EDGE('',*,*,#4957,.F.);
#2971=ORIENTED_EDGE('',*,*,#4955,.F.);
#2972=ORIENTED_EDGE('',*,*,#4958,.T.);
#2973=ORIENTED_EDGE('',*,*,#4959,.T.);
#2974=ORIENTED_EDGE('',*,*,#4958,.F.);
#2975=ORIENTED_EDGE('',*,*,#4954,.F.);
#2976=ORIENTED_EDGE('',*,*,#4960,.T.);
#2977=ORIENTED_EDGE('',*,*,#4961,.T.);
#2978=ORIENTED_EDGE('',*,*,#4960,.F.);
#2979=ORIENTED_EDGE('',*,*,#4953,.F.);
#2980=ORIENTED_EDGE('',*,*,#4962,.T.);
#2981=ORIENTED_EDGE('',*,*,#4963,.T.);
#2982=ORIENTED_EDGE('',*,*,#4962,.F.);
#2983=ORIENTED_EDGE('',*,*,#4952,.F.);
#2984=ORIENTED_EDGE('',*,*,#4957,.T.);
#2985=ORIENTED_EDGE('',*,*,#4964,.T.);
#2986=ORIENTED_EDGE('',*,*,#4965,.T.);
#2987=ORIENTED_EDGE('',*,*,#4966,.T.);
#2988=ORIENTED_EDGE('',*,*,#4967,.T.);
#2989=ORIENTED_EDGE('',*,*,#4968,.T.);
#2990=ORIENTED_EDGE('',*,*,#4969,.F.);
#2991=ORIENTED_EDGE('',*,*,#4967,.F.);
#2992=ORIENTED_EDGE('',*,*,#4970,.T.);
#2993=ORIENTED_EDGE('',*,*,#4971,.T.);
#2994=ORIENTED_EDGE('',*,*,#4970,.F.);
#2995=ORIENTED_EDGE('',*,*,#4966,.F.);
#2996=ORIENTED_EDGE('',*,*,#4972,.T.);
#2997=ORIENTED_EDGE('',*,*,#4973,.T.);
#2998=ORIENTED_EDGE('',*,*,#4972,.F.);
#2999=ORIENTED_EDGE('',*,*,#4965,.F.);
#3000=ORIENTED_EDGE('',*,*,#4974,.T.);
#3001=ORIENTED_EDGE('',*,*,#4975,.T.);
#3002=ORIENTED_EDGE('',*,*,#4974,.F.);
#3003=ORIENTED_EDGE('',*,*,#4964,.F.);
#3004=ORIENTED_EDGE('',*,*,#4969,.T.);
#3005=ORIENTED_EDGE('',*,*,#4976,.T.);
#3006=ORIENTED_EDGE('',*,*,#4977,.T.);
#3007=ORIENTED_EDGE('',*,*,#4978,.T.);
#3008=ORIENTED_EDGE('',*,*,#4979,.T.);
#3009=ORIENTED_EDGE('',*,*,#4980,.T.);
#3010=ORIENTED_EDGE('',*,*,#4981,.F.);
#3011=ORIENTED_EDGE('',*,*,#4979,.F.);
#3012=ORIENTED_EDGE('',*,*,#4982,.T.);
#3013=ORIENTED_EDGE('',*,*,#4983,.T.);
#3014=ORIENTED_EDGE('',*,*,#4982,.F.);
#3015=ORIENTED_EDGE('',*,*,#4978,.F.);
#3016=ORIENTED_EDGE('',*,*,#4984,.T.);
#3017=ORIENTED_EDGE('',*,*,#4985,.T.);
#3018=ORIENTED_EDGE('',*,*,#4984,.F.);
#3019=ORIENTED_EDGE('',*,*,#4977,.F.);
#3020=ORIENTED_EDGE('',*,*,#4986,.T.);
#3021=ORIENTED_EDGE('',*,*,#4987,.T.);
#3022=ORIENTED_EDGE('',*,*,#4986,.F.);
#3023=ORIENTED_EDGE('',*,*,#4976,.F.);
#3024=ORIENTED_EDGE('',*,*,#4981,.T.);
#3025=ORIENTED_EDGE('',*,*,#4988,.T.);
#3026=ORIENTED_EDGE('',*,*,#4989,.T.);
#3027=ORIENTED_EDGE('',*,*,#4990,.T.);
#3028=ORIENTED_EDGE('',*,*,#4991,.T.);
#3029=ORIENTED_EDGE('',*,*,#4992,.T.);
#3030=ORIENTED_EDGE('',*,*,#4993,.F.);
#3031=ORIENTED_EDGE('',*,*,#4991,.F.);
#3032=ORIENTED_EDGE('',*,*,#4994,.T.);
#3033=ORIENTED_EDGE('',*,*,#4995,.T.);
#3034=ORIENTED_EDGE('',*,*,#4994,.F.);
#3035=ORIENTED_EDGE('',*,*,#4990,.F.);
#3036=ORIENTED_EDGE('',*,*,#4996,.T.);
#3037=ORIENTED_EDGE('',*,*,#4997,.T.);
#3038=ORIENTED_EDGE('',*,*,#4996,.F.);
#3039=ORIENTED_EDGE('',*,*,#4989,.F.);
#3040=ORIENTED_EDGE('',*,*,#4998,.T.);
#3041=ORIENTED_EDGE('',*,*,#4999,.T.);
#3042=ORIENTED_EDGE('',*,*,#4998,.F.);
#3043=ORIENTED_EDGE('',*,*,#4988,.F.);
#3044=ORIENTED_EDGE('',*,*,#4993,.T.);
#3045=ORIENTED_EDGE('',*,*,#5000,.T.);
#3046=ORIENTED_EDGE('',*,*,#5001,.T.);
#3047=ORIENTED_EDGE('',*,*,#5002,.T.);
#3048=ORIENTED_EDGE('',*,*,#5003,.T.);
#3049=ORIENTED_EDGE('',*,*,#5004,.T.);
#3050=ORIENTED_EDGE('',*,*,#5005,.F.);
#3051=ORIENTED_EDGE('',*,*,#5003,.F.);
#3052=ORIENTED_EDGE('',*,*,#5006,.T.);
#3053=ORIENTED_EDGE('',*,*,#5007,.T.);
#3054=ORIENTED_EDGE('',*,*,#5006,.F.);
#3055=ORIENTED_EDGE('',*,*,#5002,.F.);
#3056=ORIENTED_EDGE('',*,*,#5008,.T.);
#3057=ORIENTED_EDGE('',*,*,#5009,.T.);
#3058=ORIENTED_EDGE('',*,*,#5008,.F.);
#3059=ORIENTED_EDGE('',*,*,#5001,.F.);
#3060=ORIENTED_EDGE('',*,*,#5010,.T.);
#3061=ORIENTED_EDGE('',*,*,#5011,.T.);
#3062=ORIENTED_EDGE('',*,*,#5010,.F.);
#3063=ORIENTED_EDGE('',*,*,#5000,.F.);
#3064=ORIENTED_EDGE('',*,*,#5005,.T.);
#3065=ORIENTED_EDGE('',*,*,#5012,.T.);
#3066=ORIENTED_EDGE('',*,*,#5013,.T.);
#3067=ORIENTED_EDGE('',*,*,#5014,.T.);
#3068=ORIENTED_EDGE('',*,*,#5015,.T.);
#3069=ORIENTED_EDGE('',*,*,#5016,.T.);
#3070=ORIENTED_EDGE('',*,*,#5017,.F.);
#3071=ORIENTED_EDGE('',*,*,#5015,.F.);
#3072=ORIENTED_EDGE('',*,*,#5018,.T.);
#3073=ORIENTED_EDGE('',*,*,#5019,.T.);
#3074=ORIENTED_EDGE('',*,*,#5018,.F.);
#3075=ORIENTED_EDGE('',*,*,#5014,.F.);
#3076=ORIENTED_EDGE('',*,*,#5020,.T.);
#3077=ORIENTED_EDGE('',*,*,#5021,.T.);
#3078=ORIENTED_EDGE('',*,*,#5020,.F.);
#3079=ORIENTED_EDGE('',*,*,#5013,.F.);
#3080=ORIENTED_EDGE('',*,*,#5022,.T.);
#3081=ORIENTED_EDGE('',*,*,#5023,.T.);
#3082=ORIENTED_EDGE('',*,*,#5022,.F.);
#3083=ORIENTED_EDGE('',*,*,#5012,.F.);
#3084=ORIENTED_EDGE('',*,*,#5017,.T.);
#3085=ORIENTED_EDGE('',*,*,#5024,.T.);
#3086=ORIENTED_EDGE('',*,*,#5025,.T.);
#3087=ORIENTED_EDGE('',*,*,#5026,.T.);
#3088=ORIENTED_EDGE('',*,*,#5027,.T.);
#3089=ORIENTED_EDGE('',*,*,#5028,.T.);
#3090=ORIENTED_EDGE('',*,*,#5029,.F.);
#3091=ORIENTED_EDGE('',*,*,#5027,.F.);
#3092=ORIENTED_EDGE('',*,*,#5030,.T.);
#3093=ORIENTED_EDGE('',*,*,#5031,.T.);
#3094=ORIENTED_EDGE('',*,*,#5030,.F.);
#3095=ORIENTED_EDGE('',*,*,#5026,.F.);
#3096=ORIENTED_EDGE('',*,*,#5032,.T.);
#3097=ORIENTED_EDGE('',*,*,#5033,.T.);
#3098=ORIENTED_EDGE('',*,*,#5032,.F.);
#3099=ORIENTED_EDGE('',*,*,#5025,.F.);
#3100=ORIENTED_EDGE('',*,*,#5034,.T.);
#3101=ORIENTED_EDGE('',*,*,#5035,.T.);
#3102=ORIENTED_EDGE('',*,*,#5034,.F.);
#3103=ORIENTED_EDGE('',*,*,#5024,.F.);
#3104=ORIENTED_EDGE('',*,*,#5029,.T.);
#3105=ORIENTED_EDGE('',*,*,#5036,.T.);
#3106=ORIENTED_EDGE('',*,*,#5037,.T.);
#3107=ORIENTED_EDGE('',*,*,#5038,.T.);
#3108=ORIENTED_EDGE('',*,*,#5039,.T.);
#3109=ORIENTED_EDGE('',*,*,#5040,.T.);
#3110=ORIENTED_EDGE('',*,*,#5041,.F.);
#3111=ORIENTED_EDGE('',*,*,#5039,.F.);
#3112=ORIENTED_EDGE('',*,*,#5042,.T.);
#3113=ORIENTED_EDGE('',*,*,#5043,.T.);
#3114=ORIENTED_EDGE('',*,*,#5042,.F.);
#3115=ORIENTED_EDGE('',*,*,#5038,.F.);
#3116=ORIENTED_EDGE('',*,*,#5044,.T.);
#3117=ORIENTED_EDGE('',*,*,#5045,.T.);
#3118=ORIENTED_EDGE('',*,*,#5044,.F.);
#3119=ORIENTED_EDGE('',*,*,#5037,.F.);
#3120=ORIENTED_EDGE('',*,*,#5046,.T.);
#3121=ORIENTED_EDGE('',*,*,#5047,.T.);
#3122=ORIENTED_EDGE('',*,*,#5046,.F.);
#3123=ORIENTED_EDGE('',*,*,#5036,.F.);
#3124=ORIENTED_EDGE('',*,*,#5041,.T.);
#3125=ORIENTED_EDGE('',*,*,#5048,.T.);
#3126=ORIENTED_EDGE('',*,*,#5049,.T.);
#3127=ORIENTED_EDGE('',*,*,#5050,.T.);
#3128=ORIENTED_EDGE('',*,*,#5051,.T.);
#3129=ORIENTED_EDGE('',*,*,#5052,.T.);
#3130=ORIENTED_EDGE('',*,*,#5053,.F.);
#3131=ORIENTED_EDGE('',*,*,#5051,.F.);
#3132=ORIENTED_EDGE('',*,*,#5054,.T.);
#3133=ORIENTED_EDGE('',*,*,#5055,.T.);
#3134=ORIENTED_EDGE('',*,*,#5054,.F.);
#3135=ORIENTED_EDGE('',*,*,#5050,.F.);
#3136=ORIENTED_EDGE('',*,*,#5056,.T.);
#3137=ORIENTED_EDGE('',*,*,#5057,.T.);
#3138=ORIENTED_EDGE('',*,*,#5056,.F.);
#3139=ORIENTED_EDGE('',*,*,#5049,.F.);
#3140=ORIENTED_EDGE('',*,*,#5058,.T.);
#3141=ORIENTED_EDGE('',*,*,#5059,.T.);
#3142=ORIENTED_EDGE('',*,*,#5058,.F.);
#3143=ORIENTED_EDGE('',*,*,#5048,.F.);
#3144=ORIENTED_EDGE('',*,*,#5053,.T.);
#3145=ORIENTED_EDGE('',*,*,#5060,.T.);
#3146=ORIENTED_EDGE('',*,*,#5061,.T.);
#3147=ORIENTED_EDGE('',*,*,#5062,.T.);
#3148=ORIENTED_EDGE('',*,*,#5063,.T.);
#3149=ORIENTED_EDGE('',*,*,#5064,.T.);
#3150=ORIENTED_EDGE('',*,*,#5065,.F.);
#3151=ORIENTED_EDGE('',*,*,#5063,.F.);
#3152=ORIENTED_EDGE('',*,*,#5066,.T.);
#3153=ORIENTED_EDGE('',*,*,#5067,.T.);
#3154=ORIENTED_EDGE('',*,*,#5066,.F.);
#3155=ORIENTED_EDGE('',*,*,#5062,.F.);
#3156=ORIENTED_EDGE('',*,*,#5068,.T.);
#3157=ORIENTED_EDGE('',*,*,#5069,.T.);
#3158=ORIENTED_EDGE('',*,*,#5068,.F.);
#3159=ORIENTED_EDGE('',*,*,#5061,.F.);
#3160=ORIENTED_EDGE('',*,*,#5070,.T.);
#3161=ORIENTED_EDGE('',*,*,#5071,.T.);
#3162=ORIENTED_EDGE('',*,*,#5070,.F.);
#3163=ORIENTED_EDGE('',*,*,#5060,.F.);
#3164=ORIENTED_EDGE('',*,*,#5065,.T.);
#3165=ORIENTED_EDGE('',*,*,#5072,.T.);
#3166=ORIENTED_EDGE('',*,*,#5073,.T.);
#3167=ORIENTED_EDGE('',*,*,#5074,.T.);
#3168=ORIENTED_EDGE('',*,*,#5075,.T.);
#3169=ORIENTED_EDGE('',*,*,#5076,.T.);
#3170=ORIENTED_EDGE('',*,*,#5077,.F.);
#3171=ORIENTED_EDGE('',*,*,#5075,.F.);
#3172=ORIENTED_EDGE('',*,*,#5078,.T.);
#3173=ORIENTED_EDGE('',*,*,#5079,.T.);
#3174=ORIENTED_EDGE('',*,*,#5078,.F.);
#3175=ORIENTED_EDGE('',*,*,#5074,.F.);
#3176=ORIENTED_EDGE('',*,*,#5080,.T.);
#3177=ORIENTED_EDGE('',*,*,#5081,.T.);
#3178=ORIENTED_EDGE('',*,*,#5080,.F.);
#3179=ORIENTED_EDGE('',*,*,#5073,.F.);
#3180=ORIENTED_EDGE('',*,*,#5082,.T.);
#3181=ORIENTED_EDGE('',*,*,#5083,.T.);
#3182=ORIENTED_EDGE('',*,*,#5082,.F.);
#3183=ORIENTED_EDGE('',*,*,#5072,.F.);
#3184=ORIENTED_EDGE('',*,*,#5077,.T.);
#3185=ORIENTED_EDGE('',*,*,#5084,.T.);
#3186=ORIENTED_EDGE('',*,*,#5085,.T.);
#3187=ORIENTED_EDGE('',*,*,#5086,.T.);
#3188=ORIENTED_EDGE('',*,*,#5087,.T.);
#3189=ORIENTED_EDGE('',*,*,#5088,.T.);
#3190=ORIENTED_EDGE('',*,*,#5089,.F.);
#3191=ORIENTED_EDGE('',*,*,#5087,.F.);
#3192=ORIENTED_EDGE('',*,*,#5090,.T.);
#3193=ORIENTED_EDGE('',*,*,#5091,.T.);
#3194=ORIENTED_EDGE('',*,*,#5090,.F.);
#3195=ORIENTED_EDGE('',*,*,#5086,.F.);
#3196=ORIENTED_EDGE('',*,*,#5092,.T.);
#3197=ORIENTED_EDGE('',*,*,#5093,.T.);
#3198=ORIENTED_EDGE('',*,*,#5092,.F.);
#3199=ORIENTED_EDGE('',*,*,#5085,.F.);
#3200=ORIENTED_EDGE('',*,*,#5094,.T.);
#3201=ORIENTED_EDGE('',*,*,#5095,.T.);
#3202=ORIENTED_EDGE('',*,*,#5094,.F.);
#3203=ORIENTED_EDGE('',*,*,#5084,.F.);
#3204=ORIENTED_EDGE('',*,*,#5089,.T.);
#3205=ORIENTED_EDGE('',*,*,#5096,.T.);
#3206=ORIENTED_EDGE('',*,*,#5097,.T.);
#3207=ORIENTED_EDGE('',*,*,#5098,.T.);
#3208=ORIENTED_EDGE('',*,*,#5099,.T.);
#3209=ORIENTED_EDGE('',*,*,#5100,.T.);
#3210=ORIENTED_EDGE('',*,*,#5101,.F.);
#3211=ORIENTED_EDGE('',*,*,#5099,.F.);
#3212=ORIENTED_EDGE('',*,*,#5102,.T.);
#3213=ORIENTED_EDGE('',*,*,#5103,.T.);
#3214=ORIENTED_EDGE('',*,*,#5102,.F.);
#3215=ORIENTED_EDGE('',*,*,#5098,.F.);
#3216=ORIENTED_EDGE('',*,*,#5104,.T.);
#3217=ORIENTED_EDGE('',*,*,#5105,.T.);
#3218=ORIENTED_EDGE('',*,*,#5104,.F.);
#3219=ORIENTED_EDGE('',*,*,#5097,.F.);
#3220=ORIENTED_EDGE('',*,*,#5106,.T.);
#3221=ORIENTED_EDGE('',*,*,#5107,.T.);
#3222=ORIENTED_EDGE('',*,*,#5106,.F.);
#3223=ORIENTED_EDGE('',*,*,#5096,.F.);
#3224=ORIENTED_EDGE('',*,*,#5101,.T.);
#3225=ORIENTED_EDGE('',*,*,#5108,.T.);
#3226=ORIENTED_EDGE('',*,*,#5109,.T.);
#3227=ORIENTED_EDGE('',*,*,#5110,.T.);
#3228=ORIENTED_EDGE('',*,*,#5111,.T.);
#3229=ORIENTED_EDGE('',*,*,#5112,.T.);
#3230=ORIENTED_EDGE('',*,*,#5113,.F.);
#3231=ORIENTED_EDGE('',*,*,#5111,.F.);
#3232=ORIENTED_EDGE('',*,*,#5114,.T.);
#3233=ORIENTED_EDGE('',*,*,#5115,.T.);
#3234=ORIENTED_EDGE('',*,*,#5114,.F.);
#3235=ORIENTED_EDGE('',*,*,#5110,.F.);
#3236=ORIENTED_EDGE('',*,*,#5116,.T.);
#3237=ORIENTED_EDGE('',*,*,#5117,.T.);
#3238=ORIENTED_EDGE('',*,*,#5116,.F.);
#3239=ORIENTED_EDGE('',*,*,#5109,.F.);
#3240=ORIENTED_EDGE('',*,*,#5118,.T.);
#3241=ORIENTED_EDGE('',*,*,#5119,.T.);
#3242=ORIENTED_EDGE('',*,*,#5118,.F.);
#3243=ORIENTED_EDGE('',*,*,#5108,.F.);
#3244=ORIENTED_EDGE('',*,*,#5113,.T.);
#3245=ORIENTED_EDGE('',*,*,#5120,.T.);
#3246=ORIENTED_EDGE('',*,*,#5121,.T.);
#3247=ORIENTED_EDGE('',*,*,#5122,.T.);
#3248=ORIENTED_EDGE('',*,*,#5123,.T.);
#3249=ORIENTED_EDGE('',*,*,#5124,.T.);
#3250=ORIENTED_EDGE('',*,*,#5125,.F.);
#3251=ORIENTED_EDGE('',*,*,#5123,.F.);
#3252=ORIENTED_EDGE('',*,*,#5126,.T.);
#3253=ORIENTED_EDGE('',*,*,#5127,.T.);
#3254=ORIENTED_EDGE('',*,*,#5126,.F.);
#3255=ORIENTED_EDGE('',*,*,#5122,.F.);
#3256=ORIENTED_EDGE('',*,*,#5128,.T.);
#3257=ORIENTED_EDGE('',*,*,#5129,.T.);
#3258=ORIENTED_EDGE('',*,*,#5128,.F.);
#3259=ORIENTED_EDGE('',*,*,#5121,.F.);
#3260=ORIENTED_EDGE('',*,*,#5130,.T.);
#3261=ORIENTED_EDGE('',*,*,#5131,.T.);
#3262=ORIENTED_EDGE('',*,*,#5130,.F.);
#3263=ORIENTED_EDGE('',*,*,#5120,.F.);
#3264=ORIENTED_EDGE('',*,*,#5125,.T.);
#3265=ORIENTED_EDGE('',*,*,#5132,.T.);
#3266=ORIENTED_EDGE('',*,*,#5133,.T.);
#3267=ORIENTED_EDGE('',*,*,#5134,.T.);
#3268=ORIENTED_EDGE('',*,*,#5135,.T.);
#3269=ORIENTED_EDGE('',*,*,#5136,.T.);
#3270=ORIENTED_EDGE('',*,*,#5137,.F.);
#3271=ORIENTED_EDGE('',*,*,#5135,.F.);
#3272=ORIENTED_EDGE('',*,*,#5138,.T.);
#3273=ORIENTED_EDGE('',*,*,#5139,.T.);
#3274=ORIENTED_EDGE('',*,*,#5138,.F.);
#3275=ORIENTED_EDGE('',*,*,#5134,.F.);
#3276=ORIENTED_EDGE('',*,*,#5140,.T.);
#3277=ORIENTED_EDGE('',*,*,#5141,.T.);
#3278=ORIENTED_EDGE('',*,*,#5140,.F.);
#3279=ORIENTED_EDGE('',*,*,#5133,.F.);
#3280=ORIENTED_EDGE('',*,*,#5142,.T.);
#3281=ORIENTED_EDGE('',*,*,#5143,.T.);
#3282=ORIENTED_EDGE('',*,*,#5142,.F.);
#3283=ORIENTED_EDGE('',*,*,#5132,.F.);
#3284=ORIENTED_EDGE('',*,*,#5137,.T.);
#3285=ORIENTED_EDGE('',*,*,#5144,.T.);
#3286=ORIENTED_EDGE('',*,*,#5145,.T.);
#3287=ORIENTED_EDGE('',*,*,#5146,.T.);
#3288=ORIENTED_EDGE('',*,*,#5147,.T.);
#3289=ORIENTED_EDGE('',*,*,#5148,.T.);
#3290=ORIENTED_EDGE('',*,*,#5149,.F.);
#3291=ORIENTED_EDGE('',*,*,#5147,.F.);
#3292=ORIENTED_EDGE('',*,*,#5150,.T.);
#3293=ORIENTED_EDGE('',*,*,#5151,.T.);
#3294=ORIENTED_EDGE('',*,*,#5150,.F.);
#3295=ORIENTED_EDGE('',*,*,#5146,.F.);
#3296=ORIENTED_EDGE('',*,*,#5152,.T.);
#3297=ORIENTED_EDGE('',*,*,#5153,.T.);
#3298=ORIENTED_EDGE('',*,*,#5152,.F.);
#3299=ORIENTED_EDGE('',*,*,#5145,.F.);
#3300=ORIENTED_EDGE('',*,*,#5154,.T.);
#3301=ORIENTED_EDGE('',*,*,#5155,.T.);
#3302=ORIENTED_EDGE('',*,*,#5154,.F.);
#3303=ORIENTED_EDGE('',*,*,#5144,.F.);
#3304=ORIENTED_EDGE('',*,*,#5149,.T.);
#3305=ORIENTED_EDGE('',*,*,#5156,.T.);
#3306=ORIENTED_EDGE('',*,*,#5157,.T.);
#3307=ORIENTED_EDGE('',*,*,#5158,.T.);
#3308=ORIENTED_EDGE('',*,*,#5159,.T.);
#3309=ORIENTED_EDGE('',*,*,#5160,.T.);
#3310=ORIENTED_EDGE('',*,*,#5161,.F.);
#3311=ORIENTED_EDGE('',*,*,#5159,.F.);
#3312=ORIENTED_EDGE('',*,*,#5162,.T.);
#3313=ORIENTED_EDGE('',*,*,#5163,.T.);
#3314=ORIENTED_EDGE('',*,*,#5162,.F.);
#3315=ORIENTED_EDGE('',*,*,#5158,.F.);
#3316=ORIENTED_EDGE('',*,*,#5164,.T.);
#3317=ORIENTED_EDGE('',*,*,#5165,.T.);
#3318=ORIENTED_EDGE('',*,*,#5164,.F.);
#3319=ORIENTED_EDGE('',*,*,#5157,.F.);
#3320=ORIENTED_EDGE('',*,*,#5166,.T.);
#3321=ORIENTED_EDGE('',*,*,#5167,.T.);
#3322=ORIENTED_EDGE('',*,*,#5166,.F.);
#3323=ORIENTED_EDGE('',*,*,#5156,.F.);
#3324=ORIENTED_EDGE('',*,*,#5161,.T.);
#3325=ORIENTED_EDGE('',*,*,#5168,.T.);
#3326=ORIENTED_EDGE('',*,*,#5169,.T.);
#3327=ORIENTED_EDGE('',*,*,#5170,.T.);
#3328=ORIENTED_EDGE('',*,*,#5171,.T.);
#3329=ORIENTED_EDGE('',*,*,#5172,.T.);
#3330=ORIENTED_EDGE('',*,*,#5173,.F.);
#3331=ORIENTED_EDGE('',*,*,#5171,.F.);
#3332=ORIENTED_EDGE('',*,*,#5174,.T.);
#3333=ORIENTED_EDGE('',*,*,#5175,.T.);
#3334=ORIENTED_EDGE('',*,*,#5174,.F.);
#3335=ORIENTED_EDGE('',*,*,#5170,.F.);
#3336=ORIENTED_EDGE('',*,*,#5176,.T.);
#3337=ORIENTED_EDGE('',*,*,#5177,.T.);
#3338=ORIENTED_EDGE('',*,*,#5176,.F.);
#3339=ORIENTED_EDGE('',*,*,#5169,.F.);
#3340=ORIENTED_EDGE('',*,*,#5178,.T.);
#3341=ORIENTED_EDGE('',*,*,#5179,.T.);
#3342=ORIENTED_EDGE('',*,*,#5178,.F.);
#3343=ORIENTED_EDGE('',*,*,#5168,.F.);
#3344=ORIENTED_EDGE('',*,*,#5173,.T.);
#3345=ORIENTED_EDGE('',*,*,#5180,.T.);
#3346=ORIENTED_EDGE('',*,*,#5181,.T.);
#3347=ORIENTED_EDGE('',*,*,#5182,.T.);
#3348=ORIENTED_EDGE('',*,*,#5183,.T.);
#3349=ORIENTED_EDGE('',*,*,#5184,.T.);
#3350=ORIENTED_EDGE('',*,*,#5185,.F.);
#3351=ORIENTED_EDGE('',*,*,#5183,.F.);
#3352=ORIENTED_EDGE('',*,*,#5186,.T.);
#3353=ORIENTED_EDGE('',*,*,#5187,.T.);
#3354=ORIENTED_EDGE('',*,*,#5186,.F.);
#3355=ORIENTED_EDGE('',*,*,#5182,.F.);
#3356=ORIENTED_EDGE('',*,*,#5188,.T.);
#3357=ORIENTED_EDGE('',*,*,#5189,.T.);
#3358=ORIENTED_EDGE('',*,*,#5188,.F.);
#3359=ORIENTED_EDGE('',*,*,#5181,.F.);
#3360=ORIENTED_EDGE('',*,*,#5190,.T.);
#3361=ORIENTED_EDGE('',*,*,#5191,.T.);
#3362=ORIENTED_EDGE('',*,*,#5190,.F.);
#3363=ORIENTED_EDGE('',*,*,#5180,.F.);
#3364=ORIENTED_EDGE('',*,*,#5185,.T.);
#3365=ORIENTED_EDGE('',*,*,#5192,.T.);
#3366=ORIENTED_EDGE('',*,*,#5193,.T.);
#3367=ORIENTED_EDGE('',*,*,#5194,.T.);
#3368=ORIENTED_EDGE('',*,*,#5195,.T.);
#3369=ORIENTED_EDGE('',*,*,#5196,.T.);
#3370=ORIENTED_EDGE('',*,*,#5197,.F.);
#3371=ORIENTED_EDGE('',*,*,#5195,.F.);
#3372=ORIENTED_EDGE('',*,*,#5198,.T.);
#3373=ORIENTED_EDGE('',*,*,#5199,.T.);
#3374=ORIENTED_EDGE('',*,*,#5198,.F.);
#3375=ORIENTED_EDGE('',*,*,#5194,.F.);
#3376=ORIENTED_EDGE('',*,*,#5200,.T.);
#3377=ORIENTED_EDGE('',*,*,#5201,.T.);
#3378=ORIENTED_EDGE('',*,*,#5200,.F.);
#3379=ORIENTED_EDGE('',*,*,#5193,.F.);
#3380=ORIENTED_EDGE('',*,*,#5202,.T.);
#3381=ORIENTED_EDGE('',*,*,#5203,.T.);
#3382=ORIENTED_EDGE('',*,*,#5202,.F.);
#3383=ORIENTED_EDGE('',*,*,#5192,.F.);
#3384=ORIENTED_EDGE('',*,*,#5197,.T.);
#3385=ORIENTED_EDGE('',*,*,#5204,.T.);
#3386=ORIENTED_EDGE('',*,*,#5205,.T.);
#3387=ORIENTED_EDGE('',*,*,#5206,.T.);
#3388=ORIENTED_EDGE('',*,*,#5207,.T.);
#3389=ORIENTED_EDGE('',*,*,#5208,.T.);
#3390=ORIENTED_EDGE('',*,*,#5209,.F.);
#3391=ORIENTED_EDGE('',*,*,#5207,.F.);
#3392=ORIENTED_EDGE('',*,*,#5210,.T.);
#3393=ORIENTED_EDGE('',*,*,#5211,.T.);
#3394=ORIENTED_EDGE('',*,*,#5210,.F.);
#3395=ORIENTED_EDGE('',*,*,#5206,.F.);
#3396=ORIENTED_EDGE('',*,*,#5212,.T.);
#3397=ORIENTED_EDGE('',*,*,#5213,.T.);
#3398=ORIENTED_EDGE('',*,*,#5212,.F.);
#3399=ORIENTED_EDGE('',*,*,#5205,.F.);
#3400=ORIENTED_EDGE('',*,*,#5214,.T.);
#3401=ORIENTED_EDGE('',*,*,#5215,.T.);
#3402=ORIENTED_EDGE('',*,*,#5214,.F.);
#3403=ORIENTED_EDGE('',*,*,#5204,.F.);
#3404=ORIENTED_EDGE('',*,*,#5209,.T.);
#3405=ORIENTED_EDGE('',*,*,#5216,.T.);
#3406=ORIENTED_EDGE('',*,*,#5217,.T.);
#3407=ORIENTED_EDGE('',*,*,#5218,.T.);
#3408=ORIENTED_EDGE('',*,*,#5219,.T.);
#3409=ORIENTED_EDGE('',*,*,#5220,.T.);
#3410=ORIENTED_EDGE('',*,*,#5221,.F.);
#3411=ORIENTED_EDGE('',*,*,#5219,.F.);
#3412=ORIENTED_EDGE('',*,*,#5222,.T.);
#3413=ORIENTED_EDGE('',*,*,#5223,.T.);
#3414=ORIENTED_EDGE('',*,*,#5222,.F.);
#3415=ORIENTED_EDGE('',*,*,#5218,.F.);
#3416=ORIENTED_EDGE('',*,*,#5224,.T.);
#3417=ORIENTED_EDGE('',*,*,#5225,.T.);
#3418=ORIENTED_EDGE('',*,*,#5224,.F.);
#3419=ORIENTED_EDGE('',*,*,#5217,.F.);
#3420=ORIENTED_EDGE('',*,*,#5226,.T.);
#3421=ORIENTED_EDGE('',*,*,#5227,.T.);
#3422=ORIENTED_EDGE('',*,*,#5226,.F.);
#3423=ORIENTED_EDGE('',*,*,#5216,.F.);
#3424=ORIENTED_EDGE('',*,*,#5221,.T.);
#3425=ORIENTED_EDGE('',*,*,#5228,.T.);
#3426=ORIENTED_EDGE('',*,*,#5229,.T.);
#3427=ORIENTED_EDGE('',*,*,#5230,.T.);
#3428=ORIENTED_EDGE('',*,*,#5231,.T.);
#3429=ORIENTED_EDGE('',*,*,#5232,.T.);
#3430=ORIENTED_EDGE('',*,*,#5233,.F.);
#3431=ORIENTED_EDGE('',*,*,#5231,.F.);
#3432=ORIENTED_EDGE('',*,*,#5234,.T.);
#3433=ORIENTED_EDGE('',*,*,#5235,.T.);
#3434=ORIENTED_EDGE('',*,*,#5234,.F.);
#3435=ORIENTED_EDGE('',*,*,#5230,.F.);
#3436=ORIENTED_EDGE('',*,*,#5236,.T.);
#3437=ORIENTED_EDGE('',*,*,#5237,.T.);
#3438=ORIENTED_EDGE('',*,*,#5236,.F.);
#3439=ORIENTED_EDGE('',*,*,#5229,.F.);
#3440=ORIENTED_EDGE('',*,*,#5238,.T.);
#3441=ORIENTED_EDGE('',*,*,#5239,.T.);
#3442=ORIENTED_EDGE('',*,*,#5238,.F.);
#3443=ORIENTED_EDGE('',*,*,#5228,.F.);
#3444=ORIENTED_EDGE('',*,*,#5233,.T.);
#3445=ORIENTED_EDGE('',*,*,#5240,.T.);
#3446=ORIENTED_EDGE('',*,*,#5241,.T.);
#3447=ORIENTED_EDGE('',*,*,#5242,.T.);
#3448=ORIENTED_EDGE('',*,*,#5243,.T.);
#3449=ORIENTED_EDGE('',*,*,#5244,.T.);
#3450=ORIENTED_EDGE('',*,*,#5245,.F.);
#3451=ORIENTED_EDGE('',*,*,#5243,.F.);
#3452=ORIENTED_EDGE('',*,*,#5246,.T.);
#3453=ORIENTED_EDGE('',*,*,#5247,.T.);
#3454=ORIENTED_EDGE('',*,*,#5246,.F.);
#3455=ORIENTED_EDGE('',*,*,#5242,.F.);
#3456=ORIENTED_EDGE('',*,*,#5248,.T.);
#3457=ORIENTED_EDGE('',*,*,#5249,.T.);
#3458=ORIENTED_EDGE('',*,*,#5248,.F.);
#3459=ORIENTED_EDGE('',*,*,#5241,.F.);
#3460=ORIENTED_EDGE('',*,*,#5250,.T.);
#3461=ORIENTED_EDGE('',*,*,#5251,.T.);
#3462=ORIENTED_EDGE('',*,*,#5250,.F.);
#3463=ORIENTED_EDGE('',*,*,#5240,.F.);
#3464=ORIENTED_EDGE('',*,*,#5245,.T.);
#3465=ORIENTED_EDGE('',*,*,#5252,.T.);
#3466=ORIENTED_EDGE('',*,*,#5253,.T.);
#3467=ORIENTED_EDGE('',*,*,#5254,.T.);
#3468=ORIENTED_EDGE('',*,*,#5255,.T.);
#3469=ORIENTED_EDGE('',*,*,#5256,.T.);
#3470=ORIENTED_EDGE('',*,*,#5257,.F.);
#3471=ORIENTED_EDGE('',*,*,#5255,.F.);
#3472=ORIENTED_EDGE('',*,*,#5258,.T.);
#3473=ORIENTED_EDGE('',*,*,#5259,.T.);
#3474=ORIENTED_EDGE('',*,*,#5258,.F.);
#3475=ORIENTED_EDGE('',*,*,#5254,.F.);
#3476=ORIENTED_EDGE('',*,*,#5260,.T.);
#3477=ORIENTED_EDGE('',*,*,#5261,.T.);
#3478=ORIENTED_EDGE('',*,*,#5260,.F.);
#3479=ORIENTED_EDGE('',*,*,#5253,.F.);
#3480=ORIENTED_EDGE('',*,*,#5262,.T.);
#3481=ORIENTED_EDGE('',*,*,#5263,.T.);
#3482=ORIENTED_EDGE('',*,*,#5262,.F.);
#3483=ORIENTED_EDGE('',*,*,#5252,.F.);
#3484=ORIENTED_EDGE('',*,*,#5257,.T.);
#3485=ORIENTED_EDGE('',*,*,#5264,.T.);
#3486=ORIENTED_EDGE('',*,*,#5265,.T.);
#3487=ORIENTED_EDGE('',*,*,#5266,.T.);
#3488=ORIENTED_EDGE('',*,*,#5267,.T.);
#3489=ORIENTED_EDGE('',*,*,#5268,.T.);
#3490=ORIENTED_EDGE('',*,*,#5269,.F.);
#3491=ORIENTED_EDGE('',*,*,#5267,.F.);
#3492=ORIENTED_EDGE('',*,*,#5270,.T.);
#3493=ORIENTED_EDGE('',*,*,#5271,.T.);
#3494=ORIENTED_EDGE('',*,*,#5270,.F.);
#3495=ORIENTED_EDGE('',*,*,#5266,.F.);
#3496=ORIENTED_EDGE('',*,*,#5272,.T.);
#3497=ORIENTED_EDGE('',*,*,#5273,.T.);
#3498=ORIENTED_EDGE('',*,*,#5272,.F.);
#3499=ORIENTED_EDGE('',*,*,#5265,.F.);
#3500=ORIENTED_EDGE('',*,*,#5274,.T.);
#3501=ORIENTED_EDGE('',*,*,#5275,.T.);
#3502=ORIENTED_EDGE('',*,*,#5274,.F.);
#3503=ORIENTED_EDGE('',*,*,#5264,.F.);
#3504=ORIENTED_EDGE('',*,*,#5269,.T.);
#3505=ORIENTED_EDGE('',*,*,#5276,.T.);
#3506=ORIENTED_EDGE('',*,*,#5277,.T.);
#3507=ORIENTED_EDGE('',*,*,#5278,.T.);
#3508=ORIENTED_EDGE('',*,*,#5279,.T.);
#3509=ORIENTED_EDGE('',*,*,#5280,.T.);
#3510=ORIENTED_EDGE('',*,*,#5281,.F.);
#3511=ORIENTED_EDGE('',*,*,#5279,.F.);
#3512=ORIENTED_EDGE('',*,*,#5282,.T.);
#3513=ORIENTED_EDGE('',*,*,#5283,.T.);
#3514=ORIENTED_EDGE('',*,*,#5282,.F.);
#3515=ORIENTED_EDGE('',*,*,#5278,.F.);
#3516=ORIENTED_EDGE('',*,*,#5284,.T.);
#3517=ORIENTED_EDGE('',*,*,#5285,.T.);
#3518=ORIENTED_EDGE('',*,*,#5284,.F.);
#3519=ORIENTED_EDGE('',*,*,#5277,.F.);
#3520=ORIENTED_EDGE('',*,*,#5286,.T.);
#3521=ORIENTED_EDGE('',*,*,#5287,.T.);
#3522=ORIENTED_EDGE('',*,*,#5286,.F.);
#3523=ORIENTED_EDGE('',*,*,#5276,.F.);
#3524=ORIENTED_EDGE('',*,*,#5281,.T.);
#3525=ORIENTED_EDGE('',*,*,#5288,.T.);
#3526=ORIENTED_EDGE('',*,*,#5289,.F.);
#3527=ORIENTED_EDGE('',*,*,#5290,.F.);
#3528=ORIENTED_EDGE('',*,*,#5291,.T.);
#3529=ORIENTED_EDGE('',*,*,#5292,.T.);
#3530=ORIENTED_EDGE('',*,*,#5291,.F.);
#3531=ORIENTED_EDGE('',*,*,#5293,.F.);
#3532=ORIENTED_EDGE('',*,*,#5294,.T.);
#3533=ORIENTED_EDGE('',*,*,#5295,.T.);
#3534=ORIENTED_EDGE('',*,*,#5294,.F.);
#3535=ORIENTED_EDGE('',*,*,#5296,.F.);
#3536=ORIENTED_EDGE('',*,*,#5297,.T.);
#3537=ORIENTED_EDGE('',*,*,#5298,.T.);
#3538=ORIENTED_EDGE('',*,*,#5297,.F.);
#3539=ORIENTED_EDGE('',*,*,#5299,.F.);
#3540=ORIENTED_EDGE('',*,*,#5289,.T.);
#3541=ORIENTED_EDGE('',*,*,#5300,.T.);
#3542=ORIENTED_EDGE('',*,*,#5301,.F.);
#3543=ORIENTED_EDGE('',*,*,#5302,.F.);
#3544=ORIENTED_EDGE('',*,*,#5303,.T.);
#3545=ORIENTED_EDGE('',*,*,#5304,.T.);
#3546=ORIENTED_EDGE('',*,*,#5303,.F.);
#3547=ORIENTED_EDGE('',*,*,#5305,.F.);
#3548=ORIENTED_EDGE('',*,*,#5306,.T.);
#3549=ORIENTED_EDGE('',*,*,#5307,.T.);
#3550=ORIENTED_EDGE('',*,*,#5306,.F.);
#3551=ORIENTED_EDGE('',*,*,#5308,.F.);
#3552=ORIENTED_EDGE('',*,*,#5309,.T.);
#3553=ORIENTED_EDGE('',*,*,#5310,.T.);
#3554=ORIENTED_EDGE('',*,*,#5309,.F.);
#3555=ORIENTED_EDGE('',*,*,#5311,.F.);
#3556=ORIENTED_EDGE('',*,*,#5301,.T.);
#3557=ORIENTED_EDGE('',*,*,#5312,.T.);
#3558=ORIENTED_EDGE('',*,*,#5313,.F.);
#3559=ORIENTED_EDGE('',*,*,#5314,.F.);
#3560=ORIENTED_EDGE('',*,*,#5315,.T.);
#3561=ORIENTED_EDGE('',*,*,#5316,.T.);
#3562=ORIENTED_EDGE('',*,*,#5315,.F.);
#3563=ORIENTED_EDGE('',*,*,#5317,.F.);
#3564=ORIENTED_EDGE('',*,*,#5318,.T.);
#3565=ORIENTED_EDGE('',*,*,#5319,.T.);
#3566=ORIENTED_EDGE('',*,*,#5318,.F.);
#3567=ORIENTED_EDGE('',*,*,#5320,.F.);
#3568=ORIENTED_EDGE('',*,*,#5321,.T.);
#3569=ORIENTED_EDGE('',*,*,#5322,.T.);
#3570=ORIENTED_EDGE('',*,*,#5321,.F.);
#3571=ORIENTED_EDGE('',*,*,#5323,.F.);
#3572=ORIENTED_EDGE('',*,*,#5313,.T.);
#3573=ORIENTED_EDGE('',*,*,#5324,.T.);
#3574=ORIENTED_EDGE('',*,*,#5325,.F.);
#3575=ORIENTED_EDGE('',*,*,#5326,.F.);
#3576=ORIENTED_EDGE('',*,*,#5327,.T.);
#3577=ORIENTED_EDGE('',*,*,#5328,.T.);
#3578=ORIENTED_EDGE('',*,*,#5327,.F.);
#3579=ORIENTED_EDGE('',*,*,#5329,.F.);
#3580=ORIENTED_EDGE('',*,*,#5330,.T.);
#3581=ORIENTED_EDGE('',*,*,#5331,.T.);
#3582=ORIENTED_EDGE('',*,*,#5330,.F.);
#3583=ORIENTED_EDGE('',*,*,#5332,.F.);
#3584=ORIENTED_EDGE('',*,*,#5333,.T.);
#3585=ORIENTED_EDGE('',*,*,#5334,.T.);
#3586=ORIENTED_EDGE('',*,*,#5333,.F.);
#3587=ORIENTED_EDGE('',*,*,#5335,.F.);
#3588=ORIENTED_EDGE('',*,*,#5325,.T.);
#3589=ORIENTED_EDGE('',*,*,#5336,.T.);
#3590=ORIENTED_EDGE('',*,*,#5337,.F.);
#3591=ORIENTED_EDGE('',*,*,#5338,.F.);
#3592=ORIENTED_EDGE('',*,*,#5339,.T.);
#3593=ORIENTED_EDGE('',*,*,#5340,.T.);
#3594=ORIENTED_EDGE('',*,*,#5339,.F.);
#3595=ORIENTED_EDGE('',*,*,#5341,.F.);
#3596=ORIENTED_EDGE('',*,*,#5342,.T.);
#3597=ORIENTED_EDGE('',*,*,#5343,.T.);
#3598=ORIENTED_EDGE('',*,*,#5342,.F.);
#3599=ORIENTED_EDGE('',*,*,#5344,.F.);
#3600=ORIENTED_EDGE('',*,*,#5345,.T.);
#3601=ORIENTED_EDGE('',*,*,#5346,.T.);
#3602=ORIENTED_EDGE('',*,*,#5345,.F.);
#3603=ORIENTED_EDGE('',*,*,#5347,.F.);
#3604=ORIENTED_EDGE('',*,*,#5337,.T.);
#3605=ORIENTED_EDGE('',*,*,#5348,.T.);
#3606=ORIENTED_EDGE('',*,*,#5349,.F.);
#3607=ORIENTED_EDGE('',*,*,#5350,.F.);
#3608=ORIENTED_EDGE('',*,*,#5351,.T.);
#3609=ORIENTED_EDGE('',*,*,#5352,.T.);
#3610=ORIENTED_EDGE('',*,*,#5351,.F.);
#3611=ORIENTED_EDGE('',*,*,#5353,.F.);
#3612=ORIENTED_EDGE('',*,*,#5354,.T.);
#3613=ORIENTED_EDGE('',*,*,#5355,.T.);
#3614=ORIENTED_EDGE('',*,*,#5354,.F.);
#3615=ORIENTED_EDGE('',*,*,#5356,.F.);
#3616=ORIENTED_EDGE('',*,*,#5357,.T.);
#3617=ORIENTED_EDGE('',*,*,#5358,.T.);
#3618=ORIENTED_EDGE('',*,*,#5357,.F.);
#3619=ORIENTED_EDGE('',*,*,#5359,.F.);
#3620=ORIENTED_EDGE('',*,*,#5349,.T.);
#3621=ORIENTED_EDGE('',*,*,#5360,.T.);
#3622=ORIENTED_EDGE('',*,*,#5361,.F.);
#3623=ORIENTED_EDGE('',*,*,#5362,.F.);
#3624=ORIENTED_EDGE('',*,*,#5363,.T.);
#3625=ORIENTED_EDGE('',*,*,#5364,.T.);
#3626=ORIENTED_EDGE('',*,*,#5363,.F.);
#3627=ORIENTED_EDGE('',*,*,#5365,.F.);
#3628=ORIENTED_EDGE('',*,*,#5366,.T.);
#3629=ORIENTED_EDGE('',*,*,#5367,.T.);
#3630=ORIENTED_EDGE('',*,*,#5366,.F.);
#3631=ORIENTED_EDGE('',*,*,#5368,.F.);
#3632=ORIENTED_EDGE('',*,*,#5369,.T.);
#3633=ORIENTED_EDGE('',*,*,#5370,.T.);
#3634=ORIENTED_EDGE('',*,*,#5369,.F.);
#3635=ORIENTED_EDGE('',*,*,#5371,.F.);
#3636=ORIENTED_EDGE('',*,*,#5361,.T.);
#3637=ORIENTED_EDGE('',*,*,#5372,.T.);
#3638=ORIENTED_EDGE('',*,*,#5373,.F.);
#3639=ORIENTED_EDGE('',*,*,#5374,.F.);
#3640=ORIENTED_EDGE('',*,*,#5375,.T.);
#3641=ORIENTED_EDGE('',*,*,#5376,.T.);
#3642=ORIENTED_EDGE('',*,*,#5375,.F.);
#3643=ORIENTED_EDGE('',*,*,#5377,.F.);
#3644=ORIENTED_EDGE('',*,*,#5378,.T.);
#3645=ORIENTED_EDGE('',*,*,#5379,.T.);
#3646=ORIENTED_EDGE('',*,*,#5378,.F.);
#3647=ORIENTED_EDGE('',*,*,#5380,.F.);
#3648=ORIENTED_EDGE('',*,*,#5381,.T.);
#3649=ORIENTED_EDGE('',*,*,#5382,.T.);
#3650=ORIENTED_EDGE('',*,*,#5381,.F.);
#3651=ORIENTED_EDGE('',*,*,#5383,.F.);
#3652=ORIENTED_EDGE('',*,*,#5373,.T.);
#3653=ORIENTED_EDGE('',*,*,#5384,.T.);
#3654=ORIENTED_EDGE('',*,*,#5385,.F.);
#3655=ORIENTED_EDGE('',*,*,#5386,.F.);
#3656=ORIENTED_EDGE('',*,*,#5387,.T.);
#3657=ORIENTED_EDGE('',*,*,#5388,.T.);
#3658=ORIENTED_EDGE('',*,*,#5387,.F.);
#3659=ORIENTED_EDGE('',*,*,#5389,.F.);
#3660=ORIENTED_EDGE('',*,*,#5390,.T.);
#3661=ORIENTED_EDGE('',*,*,#5391,.T.);
#3662=ORIENTED_EDGE('',*,*,#5390,.F.);
#3663=ORIENTED_EDGE('',*,*,#5392,.F.);
#3664=ORIENTED_EDGE('',*,*,#5393,.T.);
#3665=ORIENTED_EDGE('',*,*,#5394,.T.);
#3666=ORIENTED_EDGE('',*,*,#5393,.F.);
#3667=ORIENTED_EDGE('',*,*,#5395,.F.);
#3668=ORIENTED_EDGE('',*,*,#5385,.T.);
#3669=ORIENTED_EDGE('',*,*,#5396,.T.);
#3670=ORIENTED_EDGE('',*,*,#5397,.F.);
#3671=ORIENTED_EDGE('',*,*,#5398,.F.);
#3672=ORIENTED_EDGE('',*,*,#5399,.T.);
#3673=ORIENTED_EDGE('',*,*,#5400,.T.);
#3674=ORIENTED_EDGE('',*,*,#5399,.F.);
#3675=ORIENTED_EDGE('',*,*,#5401,.F.);
#3676=ORIENTED_EDGE('',*,*,#5402,.T.);
#3677=ORIENTED_EDGE('',*,*,#5403,.T.);
#3678=ORIENTED_EDGE('',*,*,#5402,.F.);
#3679=ORIENTED_EDGE('',*,*,#5404,.F.);
#3680=ORIENTED_EDGE('',*,*,#5405,.T.);
#3681=ORIENTED_EDGE('',*,*,#5406,.T.);
#3682=ORIENTED_EDGE('',*,*,#5405,.F.);
#3683=ORIENTED_EDGE('',*,*,#5407,.F.);
#3684=ORIENTED_EDGE('',*,*,#5397,.T.);
#3685=ORIENTED_EDGE('',*,*,#5408,.T.);
#3686=ORIENTED_EDGE('',*,*,#5409,.F.);
#3687=ORIENTED_EDGE('',*,*,#5410,.F.);
#3688=ORIENTED_EDGE('',*,*,#5411,.T.);
#3689=ORIENTED_EDGE('',*,*,#5412,.T.);
#3690=ORIENTED_EDGE('',*,*,#5411,.F.);
#3691=ORIENTED_EDGE('',*,*,#5413,.F.);
#3692=ORIENTED_EDGE('',*,*,#5414,.T.);
#3693=ORIENTED_EDGE('',*,*,#5415,.T.);
#3694=ORIENTED_EDGE('',*,*,#5414,.F.);
#3695=ORIENTED_EDGE('',*,*,#5416,.F.);
#3696=ORIENTED_EDGE('',*,*,#5417,.T.);
#3697=ORIENTED_EDGE('',*,*,#5418,.T.);
#3698=ORIENTED_EDGE('',*,*,#5417,.F.);
#3699=ORIENTED_EDGE('',*,*,#5419,.F.);
#3700=ORIENTED_EDGE('',*,*,#5409,.T.);
#3701=ORIENTED_EDGE('',*,*,#5420,.T.);
#3702=ORIENTED_EDGE('',*,*,#5421,.F.);
#3703=ORIENTED_EDGE('',*,*,#5422,.F.);
#3704=ORIENTED_EDGE('',*,*,#5423,.T.);
#3705=ORIENTED_EDGE('',*,*,#5424,.T.);
#3706=ORIENTED_EDGE('',*,*,#5423,.F.);
#3707=ORIENTED_EDGE('',*,*,#5425,.F.);
#3708=ORIENTED_EDGE('',*,*,#5426,.T.);
#3709=ORIENTED_EDGE('',*,*,#5427,.T.);
#3710=ORIENTED_EDGE('',*,*,#5426,.F.);
#3711=ORIENTED_EDGE('',*,*,#5428,.F.);
#3712=ORIENTED_EDGE('',*,*,#5429,.T.);
#3713=ORIENTED_EDGE('',*,*,#5430,.T.);
#3714=ORIENTED_EDGE('',*,*,#5429,.F.);
#3715=ORIENTED_EDGE('',*,*,#5431,.F.);
#3716=ORIENTED_EDGE('',*,*,#5421,.T.);
#3717=ORIENTED_EDGE('',*,*,#5432,.T.);
#3718=ORIENTED_EDGE('',*,*,#5433,.F.);
#3719=ORIENTED_EDGE('',*,*,#5434,.F.);
#3720=ORIENTED_EDGE('',*,*,#5435,.T.);
#3721=ORIENTED_EDGE('',*,*,#5436,.T.);
#3722=ORIENTED_EDGE('',*,*,#5435,.F.);
#3723=ORIENTED_EDGE('',*,*,#5437,.F.);
#3724=ORIENTED_EDGE('',*,*,#5438,.T.);
#3725=ORIENTED_EDGE('',*,*,#5439,.T.);
#3726=ORIENTED_EDGE('',*,*,#5438,.F.);
#3727=ORIENTED_EDGE('',*,*,#5440,.F.);
#3728=ORIENTED_EDGE('',*,*,#5441,.T.);
#3729=ORIENTED_EDGE('',*,*,#5442,.T.);
#3730=ORIENTED_EDGE('',*,*,#5441,.F.);
#3731=ORIENTED_EDGE('',*,*,#5443,.F.);
#3732=ORIENTED_EDGE('',*,*,#5433,.T.);
#3733=ORIENTED_EDGE('',*,*,#5444,.T.);
#3734=ORIENTED_EDGE('',*,*,#5445,.F.);
#3735=ORIENTED_EDGE('',*,*,#5446,.F.);
#3736=ORIENTED_EDGE('',*,*,#5447,.T.);
#3737=ORIENTED_EDGE('',*,*,#5448,.T.);
#3738=ORIENTED_EDGE('',*,*,#5447,.F.);
#3739=ORIENTED_EDGE('',*,*,#5449,.F.);
#3740=ORIENTED_EDGE('',*,*,#5450,.T.);
#3741=ORIENTED_EDGE('',*,*,#5451,.T.);
#3742=ORIENTED_EDGE('',*,*,#5450,.F.);
#3743=ORIENTED_EDGE('',*,*,#5452,.F.);
#3744=ORIENTED_EDGE('',*,*,#5453,.T.);
#3745=ORIENTED_EDGE('',*,*,#5454,.T.);
#3746=ORIENTED_EDGE('',*,*,#5453,.F.);
#3747=ORIENTED_EDGE('',*,*,#5455,.F.);
#3748=ORIENTED_EDGE('',*,*,#5445,.T.);
#3749=ORIENTED_EDGE('',*,*,#5456,.T.);
#3750=ORIENTED_EDGE('',*,*,#5457,.F.);
#3751=ORIENTED_EDGE('',*,*,#5458,.F.);
#3752=ORIENTED_EDGE('',*,*,#5459,.T.);
#3753=ORIENTED_EDGE('',*,*,#5460,.T.);
#3754=ORIENTED_EDGE('',*,*,#5459,.F.);
#3755=ORIENTED_EDGE('',*,*,#5461,.F.);
#3756=ORIENTED_EDGE('',*,*,#5462,.T.);
#3757=ORIENTED_EDGE('',*,*,#5463,.T.);
#3758=ORIENTED_EDGE('',*,*,#5462,.F.);
#3759=ORIENTED_EDGE('',*,*,#5464,.F.);
#3760=ORIENTED_EDGE('',*,*,#5465,.T.);
#3761=ORIENTED_EDGE('',*,*,#5466,.T.);
#3762=ORIENTED_EDGE('',*,*,#5465,.F.);
#3763=ORIENTED_EDGE('',*,*,#5467,.F.);
#3764=ORIENTED_EDGE('',*,*,#5457,.T.);
#3765=ORIENTED_EDGE('',*,*,#5468,.T.);
#3766=ORIENTED_EDGE('',*,*,#5469,.T.);
#3767=ORIENTED_EDGE('',*,*,#5470,.T.);
#3768=ORIENTED_EDGE('',*,*,#5471,.T.);
#3769=ORIENTED_EDGE('',*,*,#5107,.F.);
#3770=ORIENTED_EDGE('',*,*,#5100,.F.);
#3771=ORIENTED_EDGE('',*,*,#5103,.F.);
#3772=ORIENTED_EDGE('',*,*,#5105,.F.);
#3773=ORIENTED_EDGE('',*,*,#5472,.T.);
#3774=ORIENTED_EDGE('',*,*,#5473,.F.);
#3775=ORIENTED_EDGE('',*,*,#5471,.F.);
#3776=ORIENTED_EDGE('',*,*,#5474,.T.);
#3777=ORIENTED_EDGE('',*,*,#5475,.T.);
#3778=ORIENTED_EDGE('',*,*,#5474,.F.);
#3779=ORIENTED_EDGE('',*,*,#5470,.F.);
#3780=ORIENTED_EDGE('',*,*,#5476,.T.);
#3781=ORIENTED_EDGE('',*,*,#5477,.T.);
#3782=ORIENTED_EDGE('',*,*,#5476,.F.);
#3783=ORIENTED_EDGE('',*,*,#5469,.F.);
#3784=ORIENTED_EDGE('',*,*,#5478,.T.);
#3785=ORIENTED_EDGE('',*,*,#5479,.T.);
#3786=ORIENTED_EDGE('',*,*,#5478,.F.);
#3787=ORIENTED_EDGE('',*,*,#5468,.F.);
#3788=ORIENTED_EDGE('',*,*,#5473,.T.);
#3789=ORIENTED_EDGE('',*,*,#5480,.T.);
#3790=ORIENTED_EDGE('',*,*,#5481,.F.);
#3791=ORIENTED_EDGE('',*,*,#5482,.F.);
#3792=ORIENTED_EDGE('',*,*,#5483,.T.);
#3793=ORIENTED_EDGE('',*,*,#5484,.T.);
#3794=ORIENTED_EDGE('',*,*,#5483,.F.);
#3795=ORIENTED_EDGE('',*,*,#5485,.F.);
#3796=ORIENTED_EDGE('',*,*,#5486,.T.);
#3797=ORIENTED_EDGE('',*,*,#5487,.T.);
#3798=ORIENTED_EDGE('',*,*,#5486,.F.);
#3799=ORIENTED_EDGE('',*,*,#5488,.F.);
#3800=ORIENTED_EDGE('',*,*,#5489,.T.);
#3801=ORIENTED_EDGE('',*,*,#5490,.T.);
#3802=ORIENTED_EDGE('',*,*,#5489,.F.);
#3803=ORIENTED_EDGE('',*,*,#5491,.F.);
#3804=ORIENTED_EDGE('',*,*,#5481,.T.);
#3805=ORIENTED_EDGE('',*,*,#5492,.T.);
#3806=ORIENTED_EDGE('',*,*,#5493,.F.);
#3807=ORIENTED_EDGE('',*,*,#5494,.F.);
#3808=ORIENTED_EDGE('',*,*,#5495,.T.);
#3809=ORIENTED_EDGE('',*,*,#5496,.T.);
#3810=ORIENTED_EDGE('',*,*,#5495,.F.);
#3811=ORIENTED_EDGE('',*,*,#5497,.F.);
#3812=ORIENTED_EDGE('',*,*,#5498,.T.);
#3813=ORIENTED_EDGE('',*,*,#5499,.T.);
#3814=ORIENTED_EDGE('',*,*,#5498,.F.);
#3815=ORIENTED_EDGE('',*,*,#5500,.F.);
#3816=ORIENTED_EDGE('',*,*,#5501,.T.);
#3817=ORIENTED_EDGE('',*,*,#5502,.T.);
#3818=ORIENTED_EDGE('',*,*,#5501,.F.);
#3819=ORIENTED_EDGE('',*,*,#5503,.F.);
#3820=ORIENTED_EDGE('',*,*,#5493,.T.);
#3821=ORIENTED_EDGE('',*,*,#5504,.T.);
#3822=ORIENTED_EDGE('',*,*,#5505,.F.);
#3823=ORIENTED_EDGE('',*,*,#5506,.F.);
#3824=ORIENTED_EDGE('',*,*,#5507,.T.);
#3825=ORIENTED_EDGE('',*,*,#5508,.T.);
#3826=ORIENTED_EDGE('',*,*,#5507,.F.);
#3827=ORIENTED_EDGE('',*,*,#5509,.F.);
#3828=ORIENTED_EDGE('',*,*,#5510,.T.);
#3829=ORIENTED_EDGE('',*,*,#5511,.T.);
#3830=ORIENTED_EDGE('',*,*,#5510,.F.);
#3831=ORIENTED_EDGE('',*,*,#5512,.F.);
#3832=ORIENTED_EDGE('',*,*,#5513,.T.);
#3833=ORIENTED_EDGE('',*,*,#5514,.T.);
#3834=ORIENTED_EDGE('',*,*,#5513,.F.);
#3835=ORIENTED_EDGE('',*,*,#5515,.F.);
#3836=ORIENTED_EDGE('',*,*,#5505,.T.);
#3837=ORIENTED_EDGE('',*,*,#5516,.T.);
#3838=ORIENTED_EDGE('',*,*,#5517,.F.);
#3839=ORIENTED_EDGE('',*,*,#5518,.F.);
#3840=ORIENTED_EDGE('',*,*,#5519,.T.);
#3841=ORIENTED_EDGE('',*,*,#5520,.T.);
#3842=ORIENTED_EDGE('',*,*,#5519,.F.);
#3843=ORIENTED_EDGE('',*,*,#5521,.F.);
#3844=ORIENTED_EDGE('',*,*,#5522,.T.);
#3845=ORIENTED_EDGE('',*,*,#5523,.T.);
#3846=ORIENTED_EDGE('',*,*,#5522,.F.);
#3847=ORIENTED_EDGE('',*,*,#5524,.F.);
#3848=ORIENTED_EDGE('',*,*,#5525,.T.);
#3849=ORIENTED_EDGE('',*,*,#5526,.T.);
#3850=ORIENTED_EDGE('',*,*,#5525,.F.);
#3851=ORIENTED_EDGE('',*,*,#5527,.F.);
#3852=ORIENTED_EDGE('',*,*,#5517,.T.);
#3853=ORIENTED_EDGE('',*,*,#5528,.T.);
#3854=ORIENTED_EDGE('',*,*,#5529,.F.);
#3855=ORIENTED_EDGE('',*,*,#5530,.F.);
#3856=ORIENTED_EDGE('',*,*,#5531,.T.);
#3857=ORIENTED_EDGE('',*,*,#5532,.T.);
#3858=ORIENTED_EDGE('',*,*,#5531,.F.);
#3859=ORIENTED_EDGE('',*,*,#5533,.F.);
#3860=ORIENTED_EDGE('',*,*,#5534,.T.);
#3861=ORIENTED_EDGE('',*,*,#5535,.T.);
#3862=ORIENTED_EDGE('',*,*,#5534,.F.);
#3863=ORIENTED_EDGE('',*,*,#5536,.F.);
#3864=ORIENTED_EDGE('',*,*,#5537,.T.);
#3865=ORIENTED_EDGE('',*,*,#5538,.T.);
#3866=ORIENTED_EDGE('',*,*,#5537,.F.);
#3867=ORIENTED_EDGE('',*,*,#5539,.F.);
#3868=ORIENTED_EDGE('',*,*,#5529,.T.);
#3869=ORIENTED_EDGE('',*,*,#5540,.T.);
#3870=ORIENTED_EDGE('',*,*,#5541,.F.);
#3871=ORIENTED_EDGE('',*,*,#5542,.F.);
#3872=ORIENTED_EDGE('',*,*,#5543,.T.);
#3873=ORIENTED_EDGE('',*,*,#5544,.T.);
#3874=ORIENTED_EDGE('',*,*,#5543,.F.);
#3875=ORIENTED_EDGE('',*,*,#5545,.F.);
#3876=ORIENTED_EDGE('',*,*,#5546,.T.);
#3877=ORIENTED_EDGE('',*,*,#5547,.T.);
#3878=ORIENTED_EDGE('',*,*,#5546,.F.);
#3879=ORIENTED_EDGE('',*,*,#5548,.F.);
#3880=ORIENTED_EDGE('',*,*,#5549,.T.);
#3881=ORIENTED_EDGE('',*,*,#5550,.T.);
#3882=ORIENTED_EDGE('',*,*,#5549,.F.);
#3883=ORIENTED_EDGE('',*,*,#5551,.F.);
#3884=ORIENTED_EDGE('',*,*,#5541,.T.);
#3885=ORIENTED_EDGE('',*,*,#5552,.T.);
#3886=ORIENTED_EDGE('',*,*,#5553,.F.);
#3887=ORIENTED_EDGE('',*,*,#5554,.F.);
#3888=ORIENTED_EDGE('',*,*,#5555,.T.);
#3889=ORIENTED_EDGE('',*,*,#5556,.T.);
#3890=ORIENTED_EDGE('',*,*,#5555,.F.);
#3891=ORIENTED_EDGE('',*,*,#5557,.F.);
#3892=ORIENTED_EDGE('',*,*,#5558,.T.);
#3893=ORIENTED_EDGE('',*,*,#5559,.T.);
#3894=ORIENTED_EDGE('',*,*,#5558,.F.);
#3895=ORIENTED_EDGE('',*,*,#5560,.F.);
#3896=ORIENTED_EDGE('',*,*,#5561,.T.);
#3897=ORIENTED_EDGE('',*,*,#5562,.T.);
#3898=ORIENTED_EDGE('',*,*,#5561,.F.);
#3899=ORIENTED_EDGE('',*,*,#5563,.F.);
#3900=ORIENTED_EDGE('',*,*,#5553,.T.);
#3901=ORIENTED_EDGE('',*,*,#5564,.T.);
#3902=ORIENTED_EDGE('',*,*,#5565,.F.);
#3903=ORIENTED_EDGE('',*,*,#5566,.F.);
#3904=ORIENTED_EDGE('',*,*,#5567,.T.);
#3905=ORIENTED_EDGE('',*,*,#5568,.T.);
#3906=ORIENTED_EDGE('',*,*,#5567,.F.);
#3907=ORIENTED_EDGE('',*,*,#5569,.F.);
#3908=ORIENTED_EDGE('',*,*,#5570,.T.);
#3909=ORIENTED_EDGE('',*,*,#5571,.T.);
#3910=ORIENTED_EDGE('',*,*,#5570,.F.);
#3911=ORIENTED_EDGE('',*,*,#5572,.F.);
#3912=ORIENTED_EDGE('',*,*,#5573,.T.);
#3913=ORIENTED_EDGE('',*,*,#5574,.T.);
#3914=ORIENTED_EDGE('',*,*,#5573,.F.);
#3915=ORIENTED_EDGE('',*,*,#5575,.F.);
#3916=ORIENTED_EDGE('',*,*,#5565,.T.);
#3917=ORIENTED_EDGE('',*,*,#5576,.T.);
#3918=ORIENTED_EDGE('',*,*,#5577,.F.);
#3919=ORIENTED_EDGE('',*,*,#5578,.F.);
#3920=ORIENTED_EDGE('',*,*,#5579,.T.);
#3921=ORIENTED_EDGE('',*,*,#5580,.T.);
#3922=ORIENTED_EDGE('',*,*,#5579,.F.);
#3923=ORIENTED_EDGE('',*,*,#5581,.F.);
#3924=ORIENTED_EDGE('',*,*,#5582,.T.);
#3925=ORIENTED_EDGE('',*,*,#5583,.T.);
#3926=ORIENTED_EDGE('',*,*,#5582,.F.);
#3927=ORIENTED_EDGE('',*,*,#5584,.F.);
#3928=ORIENTED_EDGE('',*,*,#5585,.T.);
#3929=ORIENTED_EDGE('',*,*,#5586,.T.);
#3930=ORIENTED_EDGE('',*,*,#5585,.F.);
#3931=ORIENTED_EDGE('',*,*,#5587,.F.);
#3932=ORIENTED_EDGE('',*,*,#5577,.T.);
#3933=ORIENTED_EDGE('',*,*,#5588,.T.);
#3934=ORIENTED_EDGE('',*,*,#5589,.F.);
#3935=ORIENTED_EDGE('',*,*,#5590,.F.);
#3936=ORIENTED_EDGE('',*,*,#5591,.T.);
#3937=ORIENTED_EDGE('',*,*,#5592,.T.);
#3938=ORIENTED_EDGE('',*,*,#5591,.F.);
#3939=ORIENTED_EDGE('',*,*,#5593,.F.);
#3940=ORIENTED_EDGE('',*,*,#5594,.T.);
#3941=ORIENTED_EDGE('',*,*,#5595,.T.);
#3942=ORIENTED_EDGE('',*,*,#5594,.F.);
#3943=ORIENTED_EDGE('',*,*,#5596,.F.);
#3944=ORIENTED_EDGE('',*,*,#5597,.T.);
#3945=ORIENTED_EDGE('',*,*,#5598,.T.);
#3946=ORIENTED_EDGE('',*,*,#5597,.F.);
#3947=ORIENTED_EDGE('',*,*,#5599,.F.);
#3948=ORIENTED_EDGE('',*,*,#5589,.T.);
#3949=ORIENTED_EDGE('',*,*,#5600,.T.);
#3950=ORIENTED_EDGE('',*,*,#5601,.F.);
#3951=ORIENTED_EDGE('',*,*,#5602,.F.);
#3952=ORIENTED_EDGE('',*,*,#5603,.T.);
#3953=ORIENTED_EDGE('',*,*,#5604,.T.);
#3954=ORIENTED_EDGE('',*,*,#5603,.F.);
#3955=ORIENTED_EDGE('',*,*,#5605,.F.);
#3956=ORIENTED_EDGE('',*,*,#5606,.T.);
#3957=ORIENTED_EDGE('',*,*,#5607,.T.);
#3958=ORIENTED_EDGE('',*,*,#5606,.F.);
#3959=ORIENTED_EDGE('',*,*,#5608,.F.);
#3960=ORIENTED_EDGE('',*,*,#5609,.T.);
#3961=ORIENTED_EDGE('',*,*,#5610,.T.);
#3962=ORIENTED_EDGE('',*,*,#5609,.F.);
#3963=ORIENTED_EDGE('',*,*,#5611,.F.);
#3964=ORIENTED_EDGE('',*,*,#5601,.T.);
#3965=ORIENTED_EDGE('',*,*,#5612,.T.);
#3966=ORIENTED_EDGE('',*,*,#5613,.F.);
#3967=ORIENTED_EDGE('',*,*,#5614,.F.);
#3968=ORIENTED_EDGE('',*,*,#5615,.T.);
#3969=ORIENTED_EDGE('',*,*,#5616,.T.);
#3970=ORIENTED_EDGE('',*,*,#5615,.F.);
#3971=ORIENTED_EDGE('',*,*,#5617,.F.);
#3972=ORIENTED_EDGE('',*,*,#5618,.T.);
#3973=ORIENTED_EDGE('',*,*,#5619,.T.);
#3974=ORIENTED_EDGE('',*,*,#5618,.F.);
#3975=ORIENTED_EDGE('',*,*,#5620,.F.);
#3976=ORIENTED_EDGE('',*,*,#5621,.T.);
#3977=ORIENTED_EDGE('',*,*,#5622,.T.);
#3978=ORIENTED_EDGE('',*,*,#5621,.F.);
#3979=ORIENTED_EDGE('',*,*,#5623,.F.);
#3980=ORIENTED_EDGE('',*,*,#5613,.T.);
#3981=ORIENTED_EDGE('',*,*,#5624,.T.);
#3982=ORIENTED_EDGE('',*,*,#5625,.F.);
#3983=ORIENTED_EDGE('',*,*,#5626,.F.);
#3984=ORIENTED_EDGE('',*,*,#5627,.T.);
#3985=ORIENTED_EDGE('',*,*,#5628,.T.);
#3986=ORIENTED_EDGE('',*,*,#5627,.F.);
#3987=ORIENTED_EDGE('',*,*,#5629,.F.);
#3988=ORIENTED_EDGE('',*,*,#5630,.T.);
#3989=ORIENTED_EDGE('',*,*,#5631,.T.);
#3990=ORIENTED_EDGE('',*,*,#5630,.F.);
#3991=ORIENTED_EDGE('',*,*,#5632,.F.);
#3992=ORIENTED_EDGE('',*,*,#5633,.T.);
#3993=ORIENTED_EDGE('',*,*,#5634,.T.);
#3994=ORIENTED_EDGE('',*,*,#5633,.F.);
#3995=ORIENTED_EDGE('',*,*,#5635,.F.);
#3996=ORIENTED_EDGE('',*,*,#5625,.T.);
#3997=ORIENTED_EDGE('',*,*,#5636,.T.);
#3998=ORIENTED_EDGE('',*,*,#5637,.F.);
#3999=ORIENTED_EDGE('',*,*,#5638,.F.);
#4000=ORIENTED_EDGE('',*,*,#5639,.T.);
#4001=ORIENTED_EDGE('',*,*,#5640,.T.);
#4002=ORIENTED_EDGE('',*,*,#5639,.F.);
#4003=ORIENTED_EDGE('',*,*,#5641,.F.);
#4004=ORIENTED_EDGE('',*,*,#5642,.T.);
#4005=ORIENTED_EDGE('',*,*,#5643,.T.);
#4006=ORIENTED_EDGE('',*,*,#5642,.F.);
#4007=ORIENTED_EDGE('',*,*,#5644,.F.);
#4008=ORIENTED_EDGE('',*,*,#5645,.T.);
#4009=ORIENTED_EDGE('',*,*,#5646,.T.);
#4010=ORIENTED_EDGE('',*,*,#5645,.F.);
#4011=ORIENTED_EDGE('',*,*,#5647,.F.);
#4012=ORIENTED_EDGE('',*,*,#5637,.T.);
#4013=ORIENTED_EDGE('',*,*,#5648,.F.);
#4014=ORIENTED_EDGE('',*,*,#5649,.F.);
#4015=ORIENTED_EDGE('',*,*,#5650,.F.);
#4016=ORIENTED_EDGE('',*,*,#5651,.F.);
#4017=ORIENTED_EDGE('',*,*,#5652,.F.);
#4018=ORIENTED_EDGE('',*,*,#5653,.F.);
#4019=ORIENTED_EDGE('',*,*,#5654,.F.);
#4020=ORIENTED_EDGE('',*,*,#5655,.F.);
#4021=ORIENTED_EDGE('',*,*,#5656,.T.);
#4022=ORIENTED_EDGE('',*,*,#5657,.T.);
#4023=ORIENTED_EDGE('',*,*,#5658,.T.);
#4024=ORIENTED_EDGE('',*,*,#5659,.T.);
#4025=ORIENTED_EDGE('',*,*,#5646,.F.);
#4026=ORIENTED_EDGE('',*,*,#5636,.F.);
#4027=ORIENTED_EDGE('',*,*,#5640,.F.);
#4028=ORIENTED_EDGE('',*,*,#5643,.F.);
#4029=ORIENTED_EDGE('',*,*,#5634,.F.);
#4030=ORIENTED_EDGE('',*,*,#5624,.F.);
#4031=ORIENTED_EDGE('',*,*,#5628,.F.);
#4032=ORIENTED_EDGE('',*,*,#5631,.F.);
#4033=ORIENTED_EDGE('',*,*,#5622,.F.);
#4034=ORIENTED_EDGE('',*,*,#5612,.F.);
#4035=ORIENTED_EDGE('',*,*,#5616,.F.);
#4036=ORIENTED_EDGE('',*,*,#5619,.F.);
#4037=ORIENTED_EDGE('',*,*,#5610,.F.);
#4038=ORIENTED_EDGE('',*,*,#5600,.F.);
#4039=ORIENTED_EDGE('',*,*,#5604,.F.);
#4040=ORIENTED_EDGE('',*,*,#5607,.F.);
#4041=ORIENTED_EDGE('',*,*,#5598,.F.);
#4042=ORIENTED_EDGE('',*,*,#5588,.F.);
#4043=ORIENTED_EDGE('',*,*,#5592,.F.);
#4044=ORIENTED_EDGE('',*,*,#5595,.F.);
#4045=ORIENTED_EDGE('',*,*,#5586,.F.);
#4046=ORIENTED_EDGE('',*,*,#5576,.F.);
#4047=ORIENTED_EDGE('',*,*,#5580,.F.);
#4048=ORIENTED_EDGE('',*,*,#5583,.F.);
#4049=ORIENTED_EDGE('',*,*,#5574,.F.);
#4050=ORIENTED_EDGE('',*,*,#5564,.F.);
#4051=ORIENTED_EDGE('',*,*,#5568,.F.);
#4052=ORIENTED_EDGE('',*,*,#5571,.F.);
#4053=ORIENTED_EDGE('',*,*,#5562,.F.);
#4054=ORIENTED_EDGE('',*,*,#5552,.F.);
#4055=ORIENTED_EDGE('',*,*,#5556,.F.);
#4056=ORIENTED_EDGE('',*,*,#5559,.F.);
#4057=ORIENTED_EDGE('',*,*,#5550,.F.);
#4058=ORIENTED_EDGE('',*,*,#5540,.F.);
#4059=ORIENTED_EDGE('',*,*,#5544,.F.);
#4060=ORIENTED_EDGE('',*,*,#5547,.F.);
#4061=ORIENTED_EDGE('',*,*,#5538,.F.);
#4062=ORIENTED_EDGE('',*,*,#5528,.F.);
#4063=ORIENTED_EDGE('',*,*,#5532,.F.);
#4064=ORIENTED_EDGE('',*,*,#5535,.F.);
#4065=ORIENTED_EDGE('',*,*,#5526,.F.);
#4066=ORIENTED_EDGE('',*,*,#5516,.F.);
#4067=ORIENTED_EDGE('',*,*,#5520,.F.);
#4068=ORIENTED_EDGE('',*,*,#5523,.F.);
#4069=ORIENTED_EDGE('',*,*,#5514,.F.);
#4070=ORIENTED_EDGE('',*,*,#5504,.F.);
#4071=ORIENTED_EDGE('',*,*,#5508,.F.);
#4072=ORIENTED_EDGE('',*,*,#5511,.F.);
#4073=ORIENTED_EDGE('',*,*,#5502,.F.);
#4074=ORIENTED_EDGE('',*,*,#5492,.F.);
#4075=ORIENTED_EDGE('',*,*,#5496,.F.);
#4076=ORIENTED_EDGE('',*,*,#5499,.F.);
#4077=ORIENTED_EDGE('',*,*,#5490,.F.);
#4078=ORIENTED_EDGE('',*,*,#5480,.F.);
#4079=ORIENTED_EDGE('',*,*,#5484,.F.);
#4080=ORIENTED_EDGE('',*,*,#5487,.F.);
#4081=ORIENTED_EDGE('',*,*,#5479,.F.);
#4082=ORIENTED_EDGE('',*,*,#5472,.F.);
#4083=ORIENTED_EDGE('',*,*,#5475,.F.);
#4084=ORIENTED_EDGE('',*,*,#5477,.F.);
#4085=ORIENTED_EDGE('',*,*,#5466,.F.);
#4086=ORIENTED_EDGE('',*,*,#5456,.F.);
#4087=ORIENTED_EDGE('',*,*,#5460,.F.);
#4088=ORIENTED_EDGE('',*,*,#5463,.F.);
#4089=ORIENTED_EDGE('',*,*,#5454,.F.);
#4090=ORIENTED_EDGE('',*,*,#5444,.F.);
#4091=ORIENTED_EDGE('',*,*,#5448,.F.);
#4092=ORIENTED_EDGE('',*,*,#5451,.F.);
#4093=ORIENTED_EDGE('',*,*,#5442,.F.);
#4094=ORIENTED_EDGE('',*,*,#5432,.F.);
#4095=ORIENTED_EDGE('',*,*,#5436,.F.);
#4096=ORIENTED_EDGE('',*,*,#5439,.F.);
#4097=ORIENTED_EDGE('',*,*,#5430,.F.);
#4098=ORIENTED_EDGE('',*,*,#5420,.F.);
#4099=ORIENTED_EDGE('',*,*,#5424,.F.);
#4100=ORIENTED_EDGE('',*,*,#5427,.F.);
#4101=ORIENTED_EDGE('',*,*,#5418,.F.);
#4102=ORIENTED_EDGE('',*,*,#5408,.F.);
#4103=ORIENTED_EDGE('',*,*,#5412,.F.);
#4104=ORIENTED_EDGE('',*,*,#5415,.F.);
#4105=ORIENTED_EDGE('',*,*,#5406,.F.);
#4106=ORIENTED_EDGE('',*,*,#5396,.F.);
#4107=ORIENTED_EDGE('',*,*,#5400,.F.);
#4108=ORIENTED_EDGE('',*,*,#5403,.F.);
#4109=ORIENTED_EDGE('',*,*,#5394,.F.);
#4110=ORIENTED_EDGE('',*,*,#5384,.F.);
#4111=ORIENTED_EDGE('',*,*,#5388,.F.);
#4112=ORIENTED_EDGE('',*,*,#5391,.F.);
#4113=ORIENTED_EDGE('',*,*,#5382,.F.);
#4114=ORIENTED_EDGE('',*,*,#5372,.F.);
#4115=ORIENTED_EDGE('',*,*,#5376,.F.);
#4116=ORIENTED_EDGE('',*,*,#5379,.F.);
#4117=ORIENTED_EDGE('',*,*,#5370,.F.);
#4118=ORIENTED_EDGE('',*,*,#5360,.F.);
#4119=ORIENTED_EDGE('',*,*,#5364,.F.);
#4120=ORIENTED_EDGE('',*,*,#5367,.F.);
#4121=ORIENTED_EDGE('',*,*,#5358,.F.);
#4122=ORIENTED_EDGE('',*,*,#5348,.F.);
#4123=ORIENTED_EDGE('',*,*,#5352,.F.);
#4124=ORIENTED_EDGE('',*,*,#5355,.F.);
#4125=ORIENTED_EDGE('',*,*,#5346,.F.);
#4126=ORIENTED_EDGE('',*,*,#5336,.F.);
#4127=ORIENTED_EDGE('',*,*,#5340,.F.);
#4128=ORIENTED_EDGE('',*,*,#5343,.F.);
#4129=ORIENTED_EDGE('',*,*,#5334,.F.);
#4130=ORIENTED_EDGE('',*,*,#5324,.F.);
#4131=ORIENTED_EDGE('',*,*,#5328,.F.);
#4132=ORIENTED_EDGE('',*,*,#5331,.F.);
#4133=ORIENTED_EDGE('',*,*,#5322,.F.);
#4134=ORIENTED_EDGE('',*,*,#5312,.F.);
#4135=ORIENTED_EDGE('',*,*,#5316,.F.);
#4136=ORIENTED_EDGE('',*,*,#5319,.F.);
#4137=ORIENTED_EDGE('',*,*,#5310,.F.);
#4138=ORIENTED_EDGE('',*,*,#5300,.F.);
#4139=ORIENTED_EDGE('',*,*,#5304,.F.);
#4140=ORIENTED_EDGE('',*,*,#5307,.F.);
#4141=ORIENTED_EDGE('',*,*,#5298,.F.);
#4142=ORIENTED_EDGE('',*,*,#5288,.F.);
#4143=ORIENTED_EDGE('',*,*,#5292,.F.);
#4144=ORIENTED_EDGE('',*,*,#5295,.F.);
#4145=ORIENTED_EDGE('',*,*,#5660,.T.);
#4146=ORIENTED_EDGE('',*,*,#5655,.T.);
#4147=ORIENTED_EDGE('',*,*,#5661,.F.);
#4148=ORIENTED_EDGE('',*,*,#5662,.F.);
#4149=ORIENTED_EDGE('',*,*,#5663,.T.);
#4150=ORIENTED_EDGE('',*,*,#5648,.T.);
#4151=ORIENTED_EDGE('',*,*,#5660,.F.);
#4152=ORIENTED_EDGE('',*,*,#5664,.F.);
#4153=ORIENTED_EDGE('',*,*,#5661,.T.);
#4154=ORIENTED_EDGE('',*,*,#5654,.T.);
#4155=ORIENTED_EDGE('',*,*,#5665,.F.);
#4156=ORIENTED_EDGE('',*,*,#5666,.F.);
#4157=ORIENTED_EDGE('',*,*,#5664,.T.);
#4158=ORIENTED_EDGE('',*,*,#5662,.T.);
#4159=ORIENTED_EDGE('',*,*,#5666,.T.);
#4160=ORIENTED_EDGE('',*,*,#5667,.T.);
#4161=ORIENTED_EDGE('',*,*,#5668,.T.);
#4162=ORIENTED_EDGE('',*,*,#5669,.T.);
#4163=ORIENTED_EDGE('',*,*,#5670,.T.);
#4164=ORIENTED_EDGE('',*,*,#5671,.T.);
#4165=ORIENTED_EDGE('',*,*,#5672,.F.);
#4166=ORIENTED_EDGE('',*,*,#5673,.F.);
#4167=ORIENTED_EDGE('',*,*,#5674,.F.);
#4168=ORIENTED_EDGE('',*,*,#5675,.F.);
#4169=ORIENTED_EDGE('',*,*,#5665,.T.);
#4170=ORIENTED_EDGE('',*,*,#5653,.T.);
#4171=ORIENTED_EDGE('',*,*,#5676,.F.);
#4172=ORIENTED_EDGE('',*,*,#5667,.F.);
#4173=ORIENTED_EDGE('',*,*,#5676,.T.);
#4174=ORIENTED_EDGE('',*,*,#5652,.T.);
#4175=ORIENTED_EDGE('',*,*,#5677,.F.);
#4176=ORIENTED_EDGE('',*,*,#5668,.F.);
#4177=ORIENTED_EDGE('',*,*,#5677,.T.);
#4178=ORIENTED_EDGE('',*,*,#5651,.T.);
#4179=ORIENTED_EDGE('',*,*,#5678,.F.);
#4180=ORIENTED_EDGE('',*,*,#5669,.F.);
#4181=ORIENTED_EDGE('',*,*,#5678,.T.);
#4182=ORIENTED_EDGE('',*,*,#5650,.T.);
#4183=ORIENTED_EDGE('',*,*,#5679,.F.);
#4184=ORIENTED_EDGE('',*,*,#5670,.F.);
#4185=ORIENTED_EDGE('',*,*,#5679,.T.);
#4186=ORIENTED_EDGE('',*,*,#5649,.T.);
#4187=ORIENTED_EDGE('',*,*,#5663,.F.);
#4188=ORIENTED_EDGE('',*,*,#5671,.F.);
#4189=ORIENTED_EDGE('',*,*,#5287,.F.);
#4190=ORIENTED_EDGE('',*,*,#5280,.F.);
#4191=ORIENTED_EDGE('',*,*,#5283,.F.);
#4192=ORIENTED_EDGE('',*,*,#5285,.F.);
#4193=ORIENTED_EDGE('',*,*,#5299,.T.);
#4194=ORIENTED_EDGE('',*,*,#5296,.T.);
#4195=ORIENTED_EDGE('',*,*,#5293,.T.);
#4196=ORIENTED_EDGE('',*,*,#5290,.T.);
#4197=ORIENTED_EDGE('',*,*,#5275,.F.);
#4198=ORIENTED_EDGE('',*,*,#5268,.F.);
#4199=ORIENTED_EDGE('',*,*,#5271,.F.);
#4200=ORIENTED_EDGE('',*,*,#5273,.F.);
#4201=ORIENTED_EDGE('',*,*,#5311,.T.);
#4202=ORIENTED_EDGE('',*,*,#5308,.T.);
#4203=ORIENTED_EDGE('',*,*,#5305,.T.);
#4204=ORIENTED_EDGE('',*,*,#5302,.T.);
#4205=ORIENTED_EDGE('',*,*,#5263,.F.);
#4206=ORIENTED_EDGE('',*,*,#5256,.F.);
#4207=ORIENTED_EDGE('',*,*,#5259,.F.);
#4208=ORIENTED_EDGE('',*,*,#5261,.F.);
#4209=ORIENTED_EDGE('',*,*,#5323,.T.);
#4210=ORIENTED_EDGE('',*,*,#5320,.T.);
#4211=ORIENTED_EDGE('',*,*,#5317,.T.);
#4212=ORIENTED_EDGE('',*,*,#5314,.T.);
#4213=ORIENTED_EDGE('',*,*,#5251,.F.);
#4214=ORIENTED_EDGE('',*,*,#5244,.F.);
#4215=ORIENTED_EDGE('',*,*,#5247,.F.);
#4216=ORIENTED_EDGE('',*,*,#5249,.F.);
#4217=ORIENTED_EDGE('',*,*,#5335,.T.);
#4218=ORIENTED_EDGE('',*,*,#5332,.T.);
#4219=ORIENTED_EDGE('',*,*,#5329,.T.);
#4220=ORIENTED_EDGE('',*,*,#5326,.T.);
#4221=ORIENTED_EDGE('',*,*,#5239,.F.);
#4222=ORIENTED_EDGE('',*,*,#5232,.F.);
#4223=ORIENTED_EDGE('',*,*,#5235,.F.);
#4224=ORIENTED_EDGE('',*,*,#5237,.F.);
#4225=ORIENTED_EDGE('',*,*,#5347,.T.);
#4226=ORIENTED_EDGE('',*,*,#5344,.T.);
#4227=ORIENTED_EDGE('',*,*,#5341,.T.);
#4228=ORIENTED_EDGE('',*,*,#5338,.T.);
#4229=ORIENTED_EDGE('',*,*,#5227,.F.);
#4230=ORIENTED_EDGE('',*,*,#5220,.F.);
#4231=ORIENTED_EDGE('',*,*,#5223,.F.);
#4232=ORIENTED_EDGE('',*,*,#5225,.F.);
#4233=ORIENTED_EDGE('',*,*,#5359,.T.);
#4234=ORIENTED_EDGE('',*,*,#5356,.T.);
#4235=ORIENTED_EDGE('',*,*,#5353,.T.);
#4236=ORIENTED_EDGE('',*,*,#5350,.T.);
#4237=ORIENTED_EDGE('',*,*,#5215,.F.);
#4238=ORIENTED_EDGE('',*,*,#5208,.F.);
#4239=ORIENTED_EDGE('',*,*,#5211,.F.);
#4240=ORIENTED_EDGE('',*,*,#5213,.F.);
#4241=ORIENTED_EDGE('',*,*,#5371,.T.);
#4242=ORIENTED_EDGE('',*,*,#5368,.T.);
#4243=ORIENTED_EDGE('',*,*,#5365,.T.);
#4244=ORIENTED_EDGE('',*,*,#5362,.T.);
#4245=ORIENTED_EDGE('',*,*,#5203,.F.);
#4246=ORIENTED_EDGE('',*,*,#5196,.F.);
#4247=ORIENTED_EDGE('',*,*,#5199,.F.);
#4248=ORIENTED_EDGE('',*,*,#5201,.F.);
#4249=ORIENTED_EDGE('',*,*,#5383,.T.);
#4250=ORIENTED_EDGE('',*,*,#5380,.T.);
#4251=ORIENTED_EDGE('',*,*,#5377,.T.);
#4252=ORIENTED_EDGE('',*,*,#5374,.T.);
#4253=ORIENTED_EDGE('',*,*,#5191,.F.);
#4254=ORIENTED_EDGE('',*,*,#5184,.F.);
#4255=ORIENTED_EDGE('',*,*,#5187,.F.);
#4256=ORIENTED_EDGE('',*,*,#5189,.F.);
#4257=ORIENTED_EDGE('',*,*,#5395,.T.);
#4258=ORIENTED_EDGE('',*,*,#5392,.T.);
#4259=ORIENTED_EDGE('',*,*,#5389,.T.);
#4260=ORIENTED_EDGE('',*,*,#5386,.T.);
#4261=ORIENTED_EDGE('',*,*,#5179,.F.);
#4262=ORIENTED_EDGE('',*,*,#5172,.F.);
#4263=ORIENTED_EDGE('',*,*,#5175,.F.);
#4264=ORIENTED_EDGE('',*,*,#5177,.F.);
#4265=ORIENTED_EDGE('',*,*,#5407,.T.);
#4266=ORIENTED_EDGE('',*,*,#5404,.T.);
#4267=ORIENTED_EDGE('',*,*,#5401,.T.);
#4268=ORIENTED_EDGE('',*,*,#5398,.T.);
#4269=ORIENTED_EDGE('',*,*,#5167,.F.);
#4270=ORIENTED_EDGE('',*,*,#5160,.F.);
#4271=ORIENTED_EDGE('',*,*,#5163,.F.);
#4272=ORIENTED_EDGE('',*,*,#5165,.F.);
#4273=ORIENTED_EDGE('',*,*,#5419,.T.);
#4274=ORIENTED_EDGE('',*,*,#5416,.T.);
#4275=ORIENTED_EDGE('',*,*,#5413,.T.);
#4276=ORIENTED_EDGE('',*,*,#5410,.T.);
#4277=ORIENTED_EDGE('',*,*,#5155,.F.);
#4278=ORIENTED_EDGE('',*,*,#5148,.F.);
#4279=ORIENTED_EDGE('',*,*,#5151,.F.);
#4280=ORIENTED_EDGE('',*,*,#5153,.F.);
#4281=ORIENTED_EDGE('',*,*,#5431,.T.);
#4282=ORIENTED_EDGE('',*,*,#5428,.T.);
#4283=ORIENTED_EDGE('',*,*,#5425,.T.);
#4284=ORIENTED_EDGE('',*,*,#5422,.T.);
#4285=ORIENTED_EDGE('',*,*,#5143,.F.);
#4286=ORIENTED_EDGE('',*,*,#5136,.F.);
#4287=ORIENTED_EDGE('',*,*,#5139,.F.);
#4288=ORIENTED_EDGE('',*,*,#5141,.F.);
#4289=ORIENTED_EDGE('',*,*,#5443,.T.);
#4290=ORIENTED_EDGE('',*,*,#5440,.T.);
#4291=ORIENTED_EDGE('',*,*,#5437,.T.);
#4292=ORIENTED_EDGE('',*,*,#5434,.T.);
#4293=ORIENTED_EDGE('',*,*,#5131,.F.);
#4294=ORIENTED_EDGE('',*,*,#5124,.F.);
#4295=ORIENTED_EDGE('',*,*,#5127,.F.);
#4296=ORIENTED_EDGE('',*,*,#5129,.F.);
#4297=ORIENTED_EDGE('',*,*,#5455,.T.);
#4298=ORIENTED_EDGE('',*,*,#5452,.T.);
#4299=ORIENTED_EDGE('',*,*,#5449,.T.);
#4300=ORIENTED_EDGE('',*,*,#5446,.T.);
#4301=ORIENTED_EDGE('',*,*,#5119,.F.);
#4302=ORIENTED_EDGE('',*,*,#5112,.F.);
#4303=ORIENTED_EDGE('',*,*,#5115,.F.);
#4304=ORIENTED_EDGE('',*,*,#5117,.F.);
#4305=ORIENTED_EDGE('',*,*,#5467,.T.);
#4306=ORIENTED_EDGE('',*,*,#5464,.T.);
#4307=ORIENTED_EDGE('',*,*,#5461,.T.);
#4308=ORIENTED_EDGE('',*,*,#5458,.T.);
#4309=ORIENTED_EDGE('',*,*,#5095,.F.);
#4310=ORIENTED_EDGE('',*,*,#5088,.F.);
#4311=ORIENTED_EDGE('',*,*,#5091,.F.);
#4312=ORIENTED_EDGE('',*,*,#5093,.F.);
#4313=ORIENTED_EDGE('',*,*,#5491,.T.);
#4314=ORIENTED_EDGE('',*,*,#5488,.T.);
#4315=ORIENTED_EDGE('',*,*,#5485,.T.);
#4316=ORIENTED_EDGE('',*,*,#5482,.T.);
#4317=ORIENTED_EDGE('',*,*,#5083,.F.);
#4318=ORIENTED_EDGE('',*,*,#5076,.F.);
#4319=ORIENTED_EDGE('',*,*,#5079,.F.);
#4320=ORIENTED_EDGE('',*,*,#5081,.F.);
#4321=ORIENTED_EDGE('',*,*,#5503,.T.);
#4322=ORIENTED_EDGE('',*,*,#5500,.T.);
#4323=ORIENTED_EDGE('',*,*,#5497,.T.);
#4324=ORIENTED_EDGE('',*,*,#5494,.T.);
#4325=ORIENTED_EDGE('',*,*,#5071,.F.);
#4326=ORIENTED_EDGE('',*,*,#5064,.F.);
#4327=ORIENTED_EDGE('',*,*,#5067,.F.);
#4328=ORIENTED_EDGE('',*,*,#5069,.F.);
#4329=ORIENTED_EDGE('',*,*,#5515,.T.);
#4330=ORIENTED_EDGE('',*,*,#5512,.T.);
#4331=ORIENTED_EDGE('',*,*,#5509,.T.);
#4332=ORIENTED_EDGE('',*,*,#5506,.T.);
#4333=ORIENTED_EDGE('',*,*,#5059,.F.);
#4334=ORIENTED_EDGE('',*,*,#5052,.F.);
#4335=ORIENTED_EDGE('',*,*,#5055,.F.);
#4336=ORIENTED_EDGE('',*,*,#5057,.F.);
#4337=ORIENTED_EDGE('',*,*,#5527,.T.);
#4338=ORIENTED_EDGE('',*,*,#5524,.T.);
#4339=ORIENTED_EDGE('',*,*,#5521,.T.);
#4340=ORIENTED_EDGE('',*,*,#5518,.T.);
#4341=ORIENTED_EDGE('',*,*,#5047,.F.);
#4342=ORIENTED_EDGE('',*,*,#5040,.F.);
#4343=ORIENTED_EDGE('',*,*,#5043,.F.);
#4344=ORIENTED_EDGE('',*,*,#5045,.F.);
#4345=ORIENTED_EDGE('',*,*,#5539,.T.);
#4346=ORIENTED_EDGE('',*,*,#5536,.T.);
#4347=ORIENTED_EDGE('',*,*,#5533,.T.);
#4348=ORIENTED_EDGE('',*,*,#5530,.T.);
#4349=ORIENTED_EDGE('',*,*,#5035,.F.);
#4350=ORIENTED_EDGE('',*,*,#5028,.F.);
#4351=ORIENTED_EDGE('',*,*,#5031,.F.);
#4352=ORIENTED_EDGE('',*,*,#5033,.F.);
#4353=ORIENTED_EDGE('',*,*,#5551,.T.);
#4354=ORIENTED_EDGE('',*,*,#5548,.T.);
#4355=ORIENTED_EDGE('',*,*,#5545,.T.);
#4356=ORIENTED_EDGE('',*,*,#5542,.T.);
#4357=ORIENTED_EDGE('',*,*,#5023,.F.);
#4358=ORIENTED_EDGE('',*,*,#5016,.F.);
#4359=ORIENTED_EDGE('',*,*,#5019,.F.);
#4360=ORIENTED_EDGE('',*,*,#5021,.F.);
#4361=ORIENTED_EDGE('',*,*,#5563,.T.);
#4362=ORIENTED_EDGE('',*,*,#5560,.T.);
#4363=ORIENTED_EDGE('',*,*,#5557,.T.);
#4364=ORIENTED_EDGE('',*,*,#5554,.T.);
#4365=ORIENTED_EDGE('',*,*,#5011,.F.);
#4366=ORIENTED_EDGE('',*,*,#5004,.F.);
#4367=ORIENTED_EDGE('',*,*,#5007,.F.);
#4368=ORIENTED_EDGE('',*,*,#5009,.F.);
#4369=ORIENTED_EDGE('',*,*,#5575,.T.);
#4370=ORIENTED_EDGE('',*,*,#5572,.T.);
#4371=ORIENTED_EDGE('',*,*,#5569,.T.);
#4372=ORIENTED_EDGE('',*,*,#5566,.T.);
#4373=ORIENTED_EDGE('',*,*,#4999,.F.);
#4374=ORIENTED_EDGE('',*,*,#4992,.F.);
#4375=ORIENTED_EDGE('',*,*,#4995,.F.);
#4376=ORIENTED_EDGE('',*,*,#4997,.F.);
#4377=ORIENTED_EDGE('',*,*,#5587,.T.);
#4378=ORIENTED_EDGE('',*,*,#5584,.T.);
#4379=ORIENTED_EDGE('',*,*,#5581,.T.);
#4380=ORIENTED_EDGE('',*,*,#5578,.T.);
#4381=ORIENTED_EDGE('',*,*,#4987,.F.);
#4382=ORIENTED_EDGE('',*,*,#4980,.F.);
#4383=ORIENTED_EDGE('',*,*,#4983,.F.);
#4384=ORIENTED_EDGE('',*,*,#4985,.F.);
#4385=ORIENTED_EDGE('',*,*,#5599,.T.);
#4386=ORIENTED_EDGE('',*,*,#5596,.T.);
#4387=ORIENTED_EDGE('',*,*,#5593,.T.);
#4388=ORIENTED_EDGE('',*,*,#5590,.T.);
#4389=ORIENTED_EDGE('',*,*,#4975,.F.);
#4390=ORIENTED_EDGE('',*,*,#4968,.F.);
#4391=ORIENTED_EDGE('',*,*,#4971,.F.);
#4392=ORIENTED_EDGE('',*,*,#4973,.F.);
#4393=ORIENTED_EDGE('',*,*,#5611,.T.);
#4394=ORIENTED_EDGE('',*,*,#5608,.T.);
#4395=ORIENTED_EDGE('',*,*,#5605,.T.);
#4396=ORIENTED_EDGE('',*,*,#5602,.T.);
#4397=ORIENTED_EDGE('',*,*,#4963,.F.);
#4398=ORIENTED_EDGE('',*,*,#4956,.F.);
#4399=ORIENTED_EDGE('',*,*,#4959,.F.);
#4400=ORIENTED_EDGE('',*,*,#4961,.F.);
#4401=ORIENTED_EDGE('',*,*,#5623,.T.);
#4402=ORIENTED_EDGE('',*,*,#5620,.T.);
#4403=ORIENTED_EDGE('',*,*,#5617,.T.);
#4404=ORIENTED_EDGE('',*,*,#5614,.T.);
#4405=ORIENTED_EDGE('',*,*,#4951,.F.);
#4406=ORIENTED_EDGE('',*,*,#4944,.F.);
#4407=ORIENTED_EDGE('',*,*,#4947,.F.);
#4408=ORIENTED_EDGE('',*,*,#4949,.F.);
#4409=ORIENTED_EDGE('',*,*,#5635,.T.);
#4410=ORIENTED_EDGE('',*,*,#5632,.T.);
#4411=ORIENTED_EDGE('',*,*,#5629,.T.);
#4412=ORIENTED_EDGE('',*,*,#5626,.T.);
#4413=ORIENTED_EDGE('',*,*,#4939,.F.);
#4414=ORIENTED_EDGE('',*,*,#4932,.F.);
#4415=ORIENTED_EDGE('',*,*,#4935,.F.);
#4416=ORIENTED_EDGE('',*,*,#4937,.F.);
#4417=ORIENTED_EDGE('',*,*,#5647,.T.);
#4418=ORIENTED_EDGE('',*,*,#5644,.T.);
#4419=ORIENTED_EDGE('',*,*,#5641,.T.);
#4420=ORIENTED_EDGE('',*,*,#5638,.T.);
#4421=ORIENTED_EDGE('',*,*,#5675,.T.);
#4422=ORIENTED_EDGE('',*,*,#5656,.F.);
#4423=ORIENTED_EDGE('',*,*,#5674,.T.);
#4424=ORIENTED_EDGE('',*,*,#5657,.F.);
#4425=ORIENTED_EDGE('',*,*,#5673,.T.);
#4426=ORIENTED_EDGE('',*,*,#5658,.F.);
#4427=ORIENTED_EDGE('',*,*,#5672,.T.);
#4428=ORIENTED_EDGE('',*,*,#5659,.F.);
#4429=ORIENTED_EDGE('',*,*,#5680,.F.);
#4430=ORIENTED_EDGE('',*,*,#5681,.T.);
#4431=ORIENTED_EDGE('',*,*,#5682,.F.);
#4432=ORIENTED_EDGE('',*,*,#5680,.T.);
#4433=ORIENTED_EDGE('',*,*,#5681,.F.);
#4434=ORIENTED_EDGE('',*,*,#5683,.F.);
#4435=ORIENTED_EDGE('',*,*,#5684,.T.);
#4436=ORIENTED_EDGE('',*,*,#5685,.F.);
#4437=ORIENTED_EDGE('',*,*,#5686,.F.);
#4438=ORIENTED_EDGE('',*,*,#5682,.T.);
#4439=ORIENTED_EDGE('',*,*,#5687,.F.);
#4440=ORIENTED_EDGE('',*,*,#5685,.T.);
#4441=ORIENTED_EDGE('',*,*,#5687,.T.);
#4442=ORIENTED_EDGE('',*,*,#5684,.F.);
#4443=ORIENTED_EDGE('',*,*,#5688,.F.);
#4444=ORIENTED_EDGE('',*,*,#5686,.T.);
#4445=ORIENTED_EDGE('',*,*,#5683,.T.);
#4446=ORIENTED_EDGE('',*,*,#5688,.T.);
#4447=ORIENTED_EDGE('',*,*,#5689,.F.);
#4448=ORIENTED_EDGE('',*,*,#5690,.F.);
#4449=ORIENTED_EDGE('',*,*,#5691,.T.);
#4450=ORIENTED_EDGE('',*,*,#5692,.T.);
#4451=ORIENTED_EDGE('',*,*,#5693,.T.);
#4452=ORIENTED_EDGE('',*,*,#5694,.F.);
#4453=ORIENTED_EDGE('',*,*,#5695,.F.);
#4454=ORIENTED_EDGE('',*,*,#5690,.T.);
#4455=ORIENTED_EDGE('',*,*,#5696,.F.);
#4456=ORIENTED_EDGE('',*,*,#5697,.F.);
#4457=ORIENTED_EDGE('',*,*,#5698,.T.);
#4458=ORIENTED_EDGE('',*,*,#5694,.T.);
#4459=ORIENTED_EDGE('',*,*,#5699,.T.);
#4460=ORIENTED_EDGE('',*,*,#5692,.F.);
#4461=ORIENTED_EDGE('',*,*,#5700,.F.);
#4462=ORIENTED_EDGE('',*,*,#5697,.T.);
#4463=ORIENTED_EDGE('',*,*,#5691,.F.);
#4464=ORIENTED_EDGE('',*,*,#5695,.T.);
#4465=ORIENTED_EDGE('',*,*,#5698,.F.);
#4466=ORIENTED_EDGE('',*,*,#5700,.T.);
#4467=ORIENTED_EDGE('',*,*,#5689,.T.);
#4468=ORIENTED_EDGE('',*,*,#5699,.F.);
#4469=ORIENTED_EDGE('',*,*,#5696,.T.);
#4470=ORIENTED_EDGE('',*,*,#5693,.F.);
#4471=ORIENTED_EDGE('',*,*,#5701,.F.);
#4472=ORIENTED_EDGE('',*,*,#5702,.F.);
#4473=ORIENTED_EDGE('',*,*,#5703,.T.);
#4474=ORIENTED_EDGE('',*,*,#5704,.T.);
#4475=ORIENTED_EDGE('',*,*,#5705,.T.);
#4476=ORIENTED_EDGE('',*,*,#5706,.F.);
#4477=ORIENTED_EDGE('',*,*,#5707,.F.);
#4478=ORIENTED_EDGE('',*,*,#5702,.T.);
#4479=ORIENTED_EDGE('',*,*,#5708,.T.);
#4480=ORIENTED_EDGE('',*,*,#5709,.F.);
#4481=ORIENTED_EDGE('',*,*,#5710,.F.);
#4482=ORIENTED_EDGE('',*,*,#5706,.T.);
#4483=ORIENTED_EDGE('',*,*,#5711,.F.);
#4484=ORIENTED_EDGE('',*,*,#5704,.F.);
#4485=ORIENTED_EDGE('',*,*,#5712,.T.);
#4486=ORIENTED_EDGE('',*,*,#5709,.T.);
#4487=ORIENTED_EDGE('',*,*,#5713,.F.);
#4488=ORIENTED_EDGE('',*,*,#5703,.F.);
#4489=ORIENTED_EDGE('',*,*,#5707,.T.);
#4490=ORIENTED_EDGE('',*,*,#5710,.T.);
#4491=ORIENTED_EDGE('',*,*,#5712,.F.);
#4492=ORIENTED_EDGE('',*,*,#5714,.T.);
#4493=ORIENTED_EDGE('',*,*,#5701,.T.);
#4494=ORIENTED_EDGE('',*,*,#5711,.T.);
#4495=ORIENTED_EDGE('',*,*,#5708,.F.);
#4496=ORIENTED_EDGE('',*,*,#5705,.F.);
#4497=ORIENTED_EDGE('',*,*,#5713,.T.);
#4498=ORIENTED_EDGE('',*,*,#5714,.F.);
#4499=ORIENTED_EDGE('',*,*,#5715,.F.);
#4500=ORIENTED_EDGE('',*,*,#5716,.T.);
#4501=ORIENTED_EDGE('',*,*,#5717,.T.);
#4502=ORIENTED_EDGE('',*,*,#5718,.F.);
#4503=ORIENTED_EDGE('',*,*,#5719,.T.);
#4504=ORIENTED_EDGE('',*,*,#5717,.F.);
#4505=ORIENTED_EDGE('',*,*,#5720,.T.);
#4506=ORIENTED_EDGE('',*,*,#5721,.T.);
#4507=ORIENTED_EDGE('',*,*,#5722,.T.);
#4508=ORIENTED_EDGE('',*,*,#5723,.F.);
#4509=ORIENTED_EDGE('',*,*,#5724,.F.);
#4510=ORIENTED_EDGE('',*,*,#5723,.T.);
#4511=ORIENTED_EDGE('',*,*,#5725,.F.);
#4512=ORIENTED_EDGE('',*,*,#5726,.T.);
#4513=ORIENTED_EDGE('',*,*,#5727,.T.);
#4514=ORIENTED_EDGE('',*,*,#5728,.F.);
#4515=ORIENTED_EDGE('',*,*,#5729,.F.);
#4516=ORIENTED_EDGE('',*,*,#5730,.F.);
#4517=ORIENTED_EDGE('',*,*,#5731,.F.);
#4518=ORIENTED_EDGE('',*,*,#5732,.T.);
#4519=ORIENTED_EDGE('',*,*,#5733,.T.);
#4520=ORIENTED_EDGE('',*,*,#5734,.F.);
#4521=ORIENTED_EDGE('',*,*,#5735,.F.);
#4522=ORIENTED_EDGE('',*,*,#5736,.T.);
#4523=ORIENTED_EDGE('',*,*,#5737,.F.);
#4524=ORIENTED_EDGE('',*,*,#5738,.T.);
#4525=ORIENTED_EDGE('',*,*,#5739,.T.);
#4526=ORIENTED_EDGE('',*,*,#5740,.F.);
#4527=ORIENTED_EDGE('',*,*,#5741,.T.);
#4528=ORIENTED_EDGE('',*,*,#5742,.T.);
#4529=ORIENTED_EDGE('',*,*,#5737,.T.);
#4530=ORIENTED_EDGE('',*,*,#5743,.F.);
#4531=ORIENTED_EDGE('',*,*,#5744,.F.);
#4532=ORIENTED_EDGE('',*,*,#5745,.F.);
#4533=ORIENTED_EDGE('',*,*,#5746,.F.);
#4534=ORIENTED_EDGE('',*,*,#5747,.F.);
#4535=ORIENTED_EDGE('',*,*,#5748,.T.);
#4536=ORIENTED_EDGE('',*,*,#5749,.T.);
#4537=ORIENTED_EDGE('',*,*,#5750,.T.);
#4538=ORIENTED_EDGE('',*,*,#5739,.F.);
#4539=ORIENTED_EDGE('',*,*,#5751,.F.);
#4540=ORIENTED_EDGE('',*,*,#5752,.F.);
#4541=ORIENTED_EDGE('',*,*,#5733,.F.);
#4542=ORIENTED_EDGE('',*,*,#5753,.T.);
#4543=ORIENTED_EDGE('',*,*,#5754,.F.);
#4544=ORIENTED_EDGE('',*,*,#5753,.F.);
#4545=ORIENTED_EDGE('',*,*,#5732,.F.);
#4546=ORIENTED_EDGE('',*,*,#5755,.F.);
#4547=ORIENTED_EDGE('',*,*,#5752,.T.);
#4548=ORIENTED_EDGE('',*,*,#5756,.T.);
#4549=ORIENTED_EDGE('',*,*,#5757,.T.);
#4550=ORIENTED_EDGE('',*,*,#5734,.T.);
#4551=ORIENTED_EDGE('',*,*,#5758,.F.);
#4552=ORIENTED_EDGE('',*,*,#5759,.F.);
#4553=ORIENTED_EDGE('',*,*,#5760,.F.);
#4554=ORIENTED_EDGE('',*,*,#5761,.T.);
#4555=ORIENTED_EDGE('',*,*,#5745,.T.);
#4556=ORIENTED_EDGE('',*,*,#5762,.F.);
#4557=ORIENTED_EDGE('',*,*,#5748,.F.);
#4558=ORIENTED_EDGE('',*,*,#5763,.T.);
#4559=ORIENTED_EDGE('',*,*,#5764,.T.);
#4560=ORIENTED_EDGE('',*,*,#5765,.F.);
#4561=ORIENTED_EDGE('',*,*,#5766,.T.);
#4562=ORIENTED_EDGE('',*,*,#5767,.T.);
#4563=ORIENTED_EDGE('',*,*,#5768,.T.);
#4564=ORIENTED_EDGE('',*,*,#5769,.F.);
#4565=ORIENTED_EDGE('',*,*,#5770,.T.);
#4566=ORIENTED_EDGE('',*,*,#5771,.T.);
#4567=ORIENTED_EDGE('',*,*,#5772,.F.);
#4568=ORIENTED_EDGE('',*,*,#5769,.T.);
#4569=ORIENTED_EDGE('',*,*,#5735,.T.);
#4570=ORIENTED_EDGE('',*,*,#5757,.F.);
#4571=ORIENTED_EDGE('',*,*,#5773,.F.);
#4572=ORIENTED_EDGE('',*,*,#5774,.F.);
#4573=ORIENTED_EDGE('',*,*,#5775,.F.);
#4574=ORIENTED_EDGE('',*,*,#5776,.F.);
#4575=ORIENTED_EDGE('',*,*,#5777,.T.);
#4576=ORIENTED_EDGE('',*,*,#5778,.T.);
#4577=ORIENTED_EDGE('',*,*,#5779,.F.);
#4578=ORIENTED_EDGE('',*,*,#5780,.T.);
#4579=ORIENTED_EDGE('',*,*,#5781,.F.);
#4580=ORIENTED_EDGE('',*,*,#5741,.F.);
#4581=ORIENTED_EDGE('',*,*,#5761,.F.);
#4582=ORIENTED_EDGE('',*,*,#5782,.F.);
#4583=ORIENTED_EDGE('',*,*,#5775,.T.);
#4584=ORIENTED_EDGE('',*,*,#5783,.F.);
#4585=ORIENTED_EDGE('',*,*,#5784,.F.);
#4586=ORIENTED_EDGE('',*,*,#5785,.F.);
#4587=ORIENTED_EDGE('',*,*,#5764,.F.);
#4588=ORIENTED_EDGE('',*,*,#5778,.F.);
#4589=ORIENTED_EDGE('',*,*,#5786,.T.);
#4590=ORIENTED_EDGE('',*,*,#5787,.T.);
#4591=ORIENTED_EDGE('',*,*,#5788,.F.);
#4592=ORIENTED_EDGE('',*,*,#5789,.F.);
#4593=ORIENTED_EDGE('',*,*,#5790,.T.);
#4594=ORIENTED_EDGE('',*,*,#5791,.T.);
#4595=ORIENTED_EDGE('',*,*,#5750,.F.);
#4596=ORIENTED_EDGE('',*,*,#5792,.F.);
#4597=ORIENTED_EDGE('',*,*,#5743,.T.);
#4598=ORIENTED_EDGE('',*,*,#5740,.T.);
#4599=ORIENTED_EDGE('',*,*,#5793,.F.);
#4600=ORIENTED_EDGE('',*,*,#5787,.F.);
#4601=ORIENTED_EDGE('',*,*,#5794,.F.);
#4602=ORIENTED_EDGE('',*,*,#5795,.T.);
#4603=ORIENTED_EDGE('',*,*,#5796,.T.);
#4604=ORIENTED_EDGE('',*,*,#5715,.T.);
#4605=ORIENTED_EDGE('',*,*,#5797,.F.);
#4606=ORIENTED_EDGE('',*,*,#5798,.T.);
#4607=ORIENTED_EDGE('',*,*,#5799,.T.);
#4608=ORIENTED_EDGE('',*,*,#5768,.F.);
#4609=ORIENTED_EDGE('',*,*,#5800,.T.);
#4610=ORIENTED_EDGE('',*,*,#5797,.T.);
#4611=ORIENTED_EDGE('',*,*,#5719,.F.);
#4612=ORIENTED_EDGE('',*,*,#5801,.F.);
#4613=ORIENTED_EDGE('',*,*,#5736,.F.);
#4614=ORIENTED_EDGE('',*,*,#5776,.T.);
#4615=ORIENTED_EDGE('',*,*,#5802,.T.);
#4616=ORIENTED_EDGE('',*,*,#5730,.T.);
#4617=ORIENTED_EDGE('',*,*,#5803,.T.);
#4618=ORIENTED_EDGE('',*,*,#5804,.T.);
#4619=ORIENTED_EDGE('',*,*,#5805,.F.);
#4620=ORIENTED_EDGE('',*,*,#5806,.F.);
#4621=ORIENTED_EDGE('',*,*,#5807,.F.);
#4622=ORIENTED_EDGE('',*,*,#5808,.F.);
#4623=ORIENTED_EDGE('',*,*,#5809,.T.);
#4624=ORIENTED_EDGE('',*,*,#5802,.F.);
#4625=ORIENTED_EDGE('',*,*,#5782,.T.);
#4626=ORIENTED_EDGE('',*,*,#5760,.T.);
#4627=ORIENTED_EDGE('',*,*,#5810,.F.);
#4628=ORIENTED_EDGE('',*,*,#5811,.T.);
#4629=ORIENTED_EDGE('',*,*,#5795,.F.);
#4630=ORIENTED_EDGE('',*,*,#5812,.F.);
#4631=ORIENTED_EDGE('',*,*,#5808,.T.);
#4632=ORIENTED_EDGE('',*,*,#5813,.T.);
#4633=ORIENTED_EDGE('',*,*,#5814,.T.);
#4634=ORIENTED_EDGE('',*,*,#5794,.T.);
#4635=ORIENTED_EDGE('',*,*,#5786,.F.);
#4636=ORIENTED_EDGE('',*,*,#5777,.F.);
#4637=ORIENTED_EDGE('',*,*,#5809,.F.);
#4638=ORIENTED_EDGE('',*,*,#5812,.T.);
#4639=ORIENTED_EDGE('',*,*,#5815,.F.);
#4640=ORIENTED_EDGE('',*,*,#5816,.F.);
#4641=ORIENTED_EDGE('',*,*,#5805,.T.);
#4642=ORIENTED_EDGE('',*,*,#5817,.T.);
#4643=ORIENTED_EDGE('',*,*,#5818,.F.);
#4644=ORIENTED_EDGE('',*,*,#5759,.T.);
#4645=ORIENTED_EDGE('',*,*,#5819,.T.);
#4646=ORIENTED_EDGE('',*,*,#5820,.T.);
#4647=ORIENTED_EDGE('',*,*,#5755,.T.);
#4648=ORIENTED_EDGE('',*,*,#5731,.T.);
#4649=ORIENTED_EDGE('',*,*,#5810,.T.);
#4650=ORIENTED_EDGE('',*,*,#5763,.F.);
#4651=ORIENTED_EDGE('',*,*,#5747,.T.);
#4652=ORIENTED_EDGE('',*,*,#5821,.T.);
#4653=ORIENTED_EDGE('',*,*,#5822,.T.);
#4654=ORIENTED_EDGE('',*,*,#5779,.T.);
#4655=ORIENTED_EDGE('',*,*,#5823,.T.);
#4656=ORIENTED_EDGE('',*,*,#5798,.F.);
#4657=ORIENTED_EDGE('',*,*,#5800,.F.);
#4658=ORIENTED_EDGE('',*,*,#5767,.F.);
#4659=ORIENTED_EDGE('',*,*,#5824,.T.);
#4660=ORIENTED_EDGE('',*,*,#5799,.F.);
#4661=ORIENTED_EDGE('',*,*,#5823,.F.);
#4662=ORIENTED_EDGE('',*,*,#5766,.F.);
#4663=ORIENTED_EDGE('',*,*,#5765,.T.);
#4664=ORIENTED_EDGE('',*,*,#5785,.T.);
#4665=ORIENTED_EDGE('',*,*,#5793,.T.);
#4666=ORIENTED_EDGE('',*,*,#5824,.F.);
#4667=ORIENTED_EDGE('',*,*,#5825,.F.);
#4668=ORIENTED_EDGE('',*,*,#5826,.F.);
#4669=ORIENTED_EDGE('',*,*,#5781,.T.);
#4670=ORIENTED_EDGE('',*,*,#5827,.T.);
#4671=ORIENTED_EDGE('',*,*,#5762,.T.);
#4672=ORIENTED_EDGE('',*,*,#5744,.T.);
#4673=ORIENTED_EDGE('',*,*,#5792,.T.);
#4674=ORIENTED_EDGE('',*,*,#5749,.F.);
#4675=ORIENTED_EDGE('',*,*,#5828,.F.);
#4676=ORIENTED_EDGE('',*,*,#5783,.T.);
#4677=ORIENTED_EDGE('',*,*,#5774,.T.);
#4678=ORIENTED_EDGE('',*,*,#5826,.T.);
#4679=ORIENTED_EDGE('',*,*,#5822,.F.);
#4680=ORIENTED_EDGE('',*,*,#5829,.T.);
#4681=ORIENTED_EDGE('',*,*,#5827,.F.);
#4682=ORIENTED_EDGE('',*,*,#5780,.F.);
#4683=ORIENTED_EDGE('',*,*,#5830,.F.);
#4684=ORIENTED_EDGE('',*,*,#5831,.T.);
#4685=ORIENTED_EDGE('',*,*,#5832,.T.);
#4686=ORIENTED_EDGE('',*,*,#5788,.T.);
#4687=ORIENTED_EDGE('',*,*,#5832,.F.);
#4688=ORIENTED_EDGE('',*,*,#5833,.T.);
#4689=ORIENTED_EDGE('',*,*,#5819,.F.);
#4690=ORIENTED_EDGE('',*,*,#5758,.T.);
#4691=ORIENTED_EDGE('',*,*,#5834,.T.);
#4692=ORIENTED_EDGE('',*,*,#5789,.T.);
#4693=ORIENTED_EDGE('',*,*,#5835,.T.);
#4694=ORIENTED_EDGE('',*,*,#5790,.F.);
#4695=ORIENTED_EDGE('',*,*,#5834,.F.);
#4696=ORIENTED_EDGE('',*,*,#5771,.F.);
#4697=ORIENTED_EDGE('',*,*,#5836,.F.);
#4698=ORIENTED_EDGE('',*,*,#5830,.T.);
#4699=ORIENTED_EDGE('',*,*,#5791,.F.);
#4700=ORIENTED_EDGE('',*,*,#5835,.F.);
#4701=ORIENTED_EDGE('',*,*,#5770,.F.);
#4702=ORIENTED_EDGE('',*,*,#5772,.T.);
#4703=ORIENTED_EDGE('',*,*,#5837,.T.);
#4704=ORIENTED_EDGE('',*,*,#5784,.T.);
#4705=ORIENTED_EDGE('',*,*,#5838,.F.);
#4706=ORIENTED_EDGE('',*,*,#5820,.F.);
#4707=ORIENTED_EDGE('',*,*,#5821,.F.);
#4708=ORIENTED_EDGE('',*,*,#5839,.F.);
#4709=ORIENTED_EDGE('',*,*,#5773,.T.);
#4710=ORIENTED_EDGE('',*,*,#5840,.T.);
#4711=ORIENTED_EDGE('',*,*,#5756,.F.);
#4712=ORIENTED_EDGE('',*,*,#5751,.T.);
#4713=ORIENTED_EDGE('',*,*,#5754,.T.);
#4714=ORIENTED_EDGE('',*,*,#5838,.T.);
#4715=ORIENTED_EDGE('',*,*,#5828,.T.);
#4716=ORIENTED_EDGE('',*,*,#5825,.T.);
#4717=ORIENTED_EDGE('',*,*,#5829,.F.);
#4718=ORIENTED_EDGE('',*,*,#5840,.F.);
#4719=ORIENTED_EDGE('',*,*,#5831,.F.);
#4720=ORIENTED_EDGE('',*,*,#5836,.T.);
#4721=ORIENTED_EDGE('',*,*,#5839,.T.);
#4722=ORIENTED_EDGE('',*,*,#5746,.T.);
#4723=ORIENTED_EDGE('',*,*,#5738,.F.);
#4724=ORIENTED_EDGE('',*,*,#5742,.F.);
#4725=ORIENTED_EDGE('',*,*,#5837,.F.);
#4726=ORIENTED_EDGE('',*,*,#5833,.F.);
#4727=ORIENTED_EDGE('',*,*,#5816,.T.);
#4728=ORIENTED_EDGE('',*,*,#5841,.F.);
#4729=ORIENTED_EDGE('',*,*,#5842,.F.);
#4730=ORIENTED_EDGE('',*,*,#5806,.T.);
#4731=ORIENTED_EDGE('',*,*,#5815,.T.);
#4732=ORIENTED_EDGE('',*,*,#5728,.T.);
#4733=ORIENTED_EDGE('',*,*,#5843,.F.);
#4734=ORIENTED_EDGE('',*,*,#5844,.F.);
#4735=ORIENTED_EDGE('',*,*,#5841,.T.);
#4736=ORIENTED_EDGE('',*,*,#5727,.F.);
#4737=ORIENTED_EDGE('',*,*,#5845,.F.);
#4738=ORIENTED_EDGE('',*,*,#5846,.T.);
#4739=ORIENTED_EDGE('',*,*,#5843,.T.);
#4740=ORIENTED_EDGE('',*,*,#5846,.F.);
#4741=ORIENTED_EDGE('',*,*,#5847,.F.);
#4742=ORIENTED_EDGE('',*,*,#5813,.F.);
#4743=ORIENTED_EDGE('',*,*,#5807,.T.);
#4744=ORIENTED_EDGE('',*,*,#5842,.T.);
#4745=ORIENTED_EDGE('',*,*,#5844,.T.);
#4746=ORIENTED_EDGE('',*,*,#5803,.F.);
#4747=ORIENTED_EDGE('',*,*,#5729,.T.);
#4748=ORIENTED_EDGE('',*,*,#5848,.T.);
#4749=ORIENTED_EDGE('',*,*,#5849,.F.);
#4750=ORIENTED_EDGE('',*,*,#5718,.T.);
#4751=ORIENTED_EDGE('',*,*,#5724,.T.);
#4752=ORIENTED_EDGE('',*,*,#5818,.T.);
#4753=ORIENTED_EDGE('',*,*,#5850,.F.);
#4754=ORIENTED_EDGE('',*,*,#5848,.F.);
#4755=ORIENTED_EDGE('',*,*,#5801,.T.);
#4756=ORIENTED_EDGE('',*,*,#5817,.F.);
#4757=ORIENTED_EDGE('',*,*,#5804,.F.);
#4758=ORIENTED_EDGE('',*,*,#5849,.T.);
#4759=ORIENTED_EDGE('',*,*,#5850,.T.);
#4760=ORIENTED_EDGE('',*,*,#5796,.F.);
#4761=ORIENTED_EDGE('',*,*,#5811,.F.);
#4762=ORIENTED_EDGE('',*,*,#5851,.T.);
#4763=ORIENTED_EDGE('',*,*,#5852,.T.);
#4764=ORIENTED_EDGE('',*,*,#5722,.F.);
#4765=ORIENTED_EDGE('',*,*,#5853,.F.);
#4766=ORIENTED_EDGE('',*,*,#5854,.T.);
#4767=ORIENTED_EDGE('',*,*,#5725,.T.);
#4768=ORIENTED_EDGE('',*,*,#5721,.F.);
#4769=ORIENTED_EDGE('',*,*,#5855,.F.);
#4770=ORIENTED_EDGE('',*,*,#5856,.T.);
#4771=ORIENTED_EDGE('',*,*,#5853,.T.);
#4772=ORIENTED_EDGE('',*,*,#5720,.F.);
#4773=ORIENTED_EDGE('',*,*,#5716,.F.);
#4774=ORIENTED_EDGE('',*,*,#5852,.F.);
#4775=ORIENTED_EDGE('',*,*,#5857,.T.);
#4776=ORIENTED_EDGE('',*,*,#5855,.T.);
#4777=ORIENTED_EDGE('',*,*,#5847,.T.);
#4778=ORIENTED_EDGE('',*,*,#5845,.T.);
#4779=ORIENTED_EDGE('',*,*,#5726,.F.);
#4780=ORIENTED_EDGE('',*,*,#5854,.F.);
#4781=ORIENTED_EDGE('',*,*,#5856,.F.);
#4782=ORIENTED_EDGE('',*,*,#5857,.F.);
#4783=ORIENTED_EDGE('',*,*,#5851,.F.);
#4784=ORIENTED_EDGE('',*,*,#5814,.F.);
#4785=EDGE_CURVE('',#5858,#5858,#6572,.T.);
#4786=EDGE_CURVE('',#5859,#5859,#6573,.T.);
#4787=EDGE_CURVE('',#5860,#5860,#6574,.T.);
#4788=EDGE_CURVE('',#5861,#5862,#219,.T.);
#4789=EDGE_CURVE('',#5862,#5863,#220,.T.);
#4790=EDGE_CURVE('',#5863,#5864,#221,.T.);
#4791=EDGE_CURVE('',#5865,#5864,#222,.T.);
#4792=EDGE_CURVE('',#5866,#5865,#223,.T.);
#4793=EDGE_CURVE('',#5867,#5866,#224,.T.);
#4794=EDGE_CURVE('',#5867,#5868,#225,.T.);
#4795=EDGE_CURVE('',#5869,#5868,#6575,.T.);
#4796=EDGE_CURVE('',#5869,#5870,#226,.T.);
#4797=EDGE_CURVE('',#5870,#5861,#227,.T.);
#4798=EDGE_CURVE('',#5871,#5862,#228,.T.);
#4799=EDGE_CURVE('',#5871,#5872,#229,.T.);
#4800=EDGE_CURVE('',#5872,#5863,#230,.T.);
#4801=EDGE_CURVE('',#5873,#5861,#231,.T.);
#4802=EDGE_CURVE('',#5873,#5871,#232,.T.);
#4803=EDGE_CURVE('',#5874,#5870,#233,.T.);
#4804=EDGE_CURVE('',#5874,#5873,#234,.T.);
#4805=EDGE_CURVE('',#5875,#5869,#235,.T.);
#4806=EDGE_CURVE('',#5875,#5874,#236,.T.);
#4807=EDGE_CURVE('',#5876,#5868,#237,.T.);
#4808=EDGE_CURVE('',#5875,#5876,#6576,.T.);
#4809=EDGE_CURVE('',#5877,#5867,#238,.T.);
#4810=EDGE_CURVE('',#5877,#5876,#239,.T.);
#4811=EDGE_CURVE('',#5878,#5866,#240,.T.);
#4812=EDGE_CURVE('',#5877,#5878,#241,.T.);
#4813=EDGE_CURVE('',#5879,#5865,#242,.T.);
#4814=EDGE_CURVE('',#5878,#5879,#243,.T.);
#4815=EDGE_CURVE('',#5880,#5864,#244,.T.);
#4816=EDGE_CURVE('',#5879,#5880,#245,.T.);
#4817=EDGE_CURVE('',#5872,#5880,#246,.T.);
#4818=EDGE_CURVE('',#5881,#5881,#6577,.T.);
#4819=EDGE_CURVE('',#5882,#5882,#6578,.T.);
#4820=EDGE_CURVE('',#5883,#5883,#6579,.T.);
#4821=EDGE_CURVE('',#5884,#5884,#6580,.T.);
#4822=EDGE_CURVE('',#5885,#5885,#6581,.T.);
#4823=EDGE_CURVE('',#5886,#5887,#247,.T.);
#4824=EDGE_CURVE('',#5888,#5886,#248,.T.);
#4825=EDGE_CURVE('',#5888,#5889,#249,.T.);
#4826=EDGE_CURVE('',#5889,#5887,#250,.T.);
#4827=EDGE_CURVE('',#5886,#5890,#251,.T.);
#4828=EDGE_CURVE('',#5891,#5890,#252,.T.);
#4829=EDGE_CURVE('',#5888,#5891,#253,.T.);
#4830=EDGE_CURVE('',#5890,#5892,#254,.T.);
#4831=EDGE_CURVE('',#5893,#5892,#255,.T.);
#4832=EDGE_CURVE('',#5891,#5893,#256,.T.);
#4833=EDGE_CURVE('',#5887,#5892,#257,.T.);
#4834=EDGE_CURVE('',#5889,#5893,#258,.T.);
#4835=EDGE_CURVE('',#5894,#5894,#6582,.T.);
#4836=EDGE_CURVE('',#5895,#5895,#6583,.T.);
#4837=EDGE_CURVE('',#5896,#5896,#6584,.T.);
#4838=EDGE_CURVE('',#5897,#5897,#6585,.T.);
#4839=EDGE_CURVE('',#5898,#5899,#259,.T.);
#4840=EDGE_CURVE('',#5898,#5900,#260,.T.);
#4841=EDGE_CURVE('',#5900,#5901,#261,.T.);
#4842=EDGE_CURVE('',#5899,#5901,#262,.T.);
#4843=EDGE_CURVE('',#5902,#5903,#263,.T.);
#4844=EDGE_CURVE('',#5902,#5898,#264,.F.);
#4845=EDGE_CURVE('',#5899,#5903,#265,.T.);
#4846=EDGE_CURVE('',#5904,#5905,#266,.F.);
#4847=EDGE_CURVE('',#5905,#5902,#267,.F.);
#4848=EDGE_CURVE('',#5903,#5904,#268,.T.);
#4849=EDGE_CURVE('',#5900,#5906,#269,.T.);
#4850=EDGE_CURVE('',#5906,#5907,#270,.T.);
#4851=EDGE_CURVE('',#5901,#5907,#271,.T.);
#4852=EDGE_CURVE('',#5908,#5909,#272,.F.);
#4853=EDGE_CURVE('',#5909,#5910,#273,.T.);
#4854=EDGE_CURVE('',#5910,#5911,#274,.T.);
#4855=EDGE_CURVE('',#5911,#5908,#275,.F.);
#4856=EDGE_CURVE('',#5907,#5904,#6586,.F.);
#4857=EDGE_CURVE('',#5905,#5906,#6587,.T.);
#4858=EDGE_CURVE('',#5906,#5911,#6588,.T.);
#4859=EDGE_CURVE('',#5908,#5900,#161,.F.);
#4860=EDGE_CURVE('',#5905,#5911,#6589,.F.);
#4861=EDGE_CURVE('',#5909,#5898,#162,.F.);
#4862=EDGE_CURVE('',#5902,#5910,#163,.T.);
#4863=EDGE_CURVE('',#5912,#5913,#6590,.T.);
#4864=EDGE_CURVE('',#5913,#5914,#276,.T.);
#4865=EDGE_CURVE('',#5915,#5914,#6591,.T.);
#4866=EDGE_CURVE('',#5916,#5915,#6592,.T.);
#4867=EDGE_CURVE('',#5917,#5916,#6593,.T.);
#4868=EDGE_CURVE('',#5918,#5917,#6594,.T.);
#4869=EDGE_CURVE('',#5919,#5918,#6595,.T.);
#4870=EDGE_CURVE('',#5920,#5919,#6596,.T.);
#4871=EDGE_CURVE('',#5921,#5920,#6597,.T.);
#4872=EDGE_CURVE('',#5912,#5921,#277,.T.);
#4873=EDGE_CURVE('',#5922,#5923,#6598,.T.);
#4874=EDGE_CURVE('',#5922,#5924,#278,.T.);
#4875=EDGE_CURVE('',#5923,#5924,#279,.T.);
#4876=EDGE_CURVE('',#5917,#5916,#280,.T.);
#4877=EDGE_CURVE('',#5920,#5915,#281,.T.);
#4878=EDGE_CURVE('',#5919,#5918,#282,.T.);
#4879=EDGE_CURVE('',#5925,#5926,#6599,.T.);
#4880=EDGE_CURVE('',#5927,#5925,#283,.T.);
#4881=EDGE_CURVE('',#5926,#5927,#284,.T.);
#4882=EDGE_CURVE('',#5928,#5929,#6600,.T.);
#4883=EDGE_CURVE('',#5930,#5928,#285,.T.);
#4884=EDGE_CURVE('',#5930,#5929,#286,.T.);
#4885=EDGE_CURVE('',#5931,#5931,#6601,.T.);
#4886=EDGE_CURVE('',#5932,#5932,#6602,.T.);
#4887=EDGE_CURVE('',#5933,#5933,#6603,.T.);
#4888=EDGE_CURVE('',#5934,#5934,#6604,.T.);
#4889=EDGE_CURVE('',#5935,#5936,#287,.T.);
#4890=EDGE_CURVE('',#5936,#5937,#288,.T.);
#4891=EDGE_CURVE('',#5938,#5937,#289,.T.);
#4892=EDGE_CURVE('',#5935,#5938,#290,.T.);
#4893=EDGE_CURVE('',#5939,#5940,#6605,.T.);
#4894=EDGE_CURVE('',#5939,#5941,#291,.T.);
#4895=EDGE_CURVE('',#5941,#5940,#292,.T.);
#4896=EDGE_CURVE('',#5927,#5936,#293,.T.);
#4897=EDGE_CURVE('',#5925,#5923,#294,.T.);
#4898=EDGE_CURVE('',#5924,#5937,#295,.T.);
#4899=EDGE_CURVE('',#5916,#5922,#296,.T.);
#4900=EDGE_CURVE('',#5940,#5917,#297,.T.);
#4901=EDGE_CURVE('',#5941,#5938,#298,.T.);
#4902=EDGE_CURVE('',#5918,#5939,#299,.T.);
#4903=EDGE_CURVE('',#5929,#5919,#300,.T.);
#4904=EDGE_CURVE('',#5930,#5935,#301,.T.);
#4905=EDGE_CURVE('',#5928,#5920,#302,.T.);
#4906=EDGE_CURVE('',#5915,#5926,#303,.T.);
#4907=EDGE_CURVE('',#5929,#5939,#6606,.T.);
#4908=EDGE_CURVE('',#5921,#5914,#304,.T.);
#4909=EDGE_CURVE('',#5926,#5928,#6607,.T.);
#4910=EDGE_CURVE('',#5940,#5922,#6608,.T.);
#4911=EDGE_CURVE('',#5942,#5942,#6609,.T.);
#4912=EDGE_CURVE('',#5923,#5925,#6610,.T.);
#4913=EDGE_CURVE('',#5912,#5913,#305,.T.);
#4914=EDGE_CURVE('',#5943,#5944,#306,.T.);
#4915=EDGE_CURVE('',#5945,#5943,#307,.T.);
#4916=EDGE_CURVE('',#5945,#5946,#308,.T.);
#4917=EDGE_CURVE('',#5946,#5944,#309,.T.);
#4918=EDGE_CURVE('',#5943,#5947,#310,.T.);
#4919=EDGE_CURVE('',#5948,#5947,#311,.T.);
#4920=EDGE_CURVE('',#5945,#5948,#312,.T.);
#4921=EDGE_CURVE('',#5947,#5949,#313,.T.);
#4922=EDGE_CURVE('',#5950,#5949,#314,.T.);
#4923=EDGE_CURVE('',#5948,#5950,#315,.T.);
#4924=EDGE_CURVE('',#5944,#5949,#316,.T.);
#4925=EDGE_CURVE('',#5946,#5950,#317,.T.);
#4926=EDGE_CURVE('',#5951,#5951,#6611,.T.);
#4927=EDGE_CURVE('',#5952,#5952,#6612,.T.);
#4928=EDGE_CURVE('',#5953,#5954,#318,.T.);
#4929=EDGE_CURVE('',#5954,#5955,#319,.T.);
#4930=EDGE_CURVE('',#5955,#5956,#320,.T.);
#4931=EDGE_CURVE('',#5956,#5953,#321,.T.);
#4932=EDGE_CURVE('',#5957,#5958,#322,.T.);
#4933=EDGE_CURVE('',#5953,#5958,#323,.T.);
#4934=EDGE_CURVE('',#5956,#5957,#324,.T.);
#4935=EDGE_CURVE('',#5959,#5957,#325,.T.);
#4936=EDGE_CURVE('',#5955,#5959,#326,.T.);
#4937=EDGE_CURVE('',#5960,#5959,#327,.T.);
#4938=EDGE_CURVE('',#5954,#5960,#328,.T.);
#4939=EDGE_CURVE('',#5958,#5960,#329,.T.);
#4940=EDGE_CURVE('',#5961,#5962,#330,.T.);
#4941=EDGE_CURVE('',#5962,#5963,#331,.T.);
#4942=EDGE_CURVE('',#5963,#5964,#332,.T.);
#4943=EDGE_CURVE('',#5964,#5961,#333,.T.);
#4944=EDGE_CURVE('',#5965,#5966,#334,.T.);
#4945=EDGE_CURVE('',#5961,#5966,#335,.T.);
#4946=EDGE_CURVE('',#5964,#5965,#336,.T.);
#4947=EDGE_CURVE('',#5967,#5965,#337,.T.);
#4948=EDGE_CURVE('',#5963,#5967,#338,.T.);
#4949=EDGE_CURVE('',#5968,#5967,#339,.T.);
#4950=EDGE_CURVE('',#5962,#5968,#340,.T.);
#4951=EDGE_CURVE('',#5966,#5968,#341,.T.);
#4952=EDGE_CURVE('',#5969,#5970,#342,.T.);
#4953=EDGE_CURVE('',#5970,#5971,#343,.T.);
#4954=EDGE_CURVE('',#5971,#5972,#344,.T.);
#4955=EDGE_CURVE('',#5972,#5969,#345,.T.);
#4956=EDGE_CURVE('',#5973,#5974,#346,.T.);
#4957=EDGE_CURVE('',#5969,#5974,#347,.T.);
#4958=EDGE_CURVE('',#5972,#5973,#348,.T.);
#4959=EDGE_CURVE('',#5975,#5973,#349,.T.);
#4960=EDGE_CURVE('',#5971,#5975,#350,.T.);
#4961=EDGE_CURVE('',#5976,#5975,#351,.T.);
#4962=EDGE_CURVE('',#5970,#5976,#352,.T.);
#4963=EDGE_CURVE('',#5974,#5976,#353,.T.);
#4964=EDGE_CURVE('',#5977,#5978,#354,.T.);
#4965=EDGE_CURVE('',#5978,#5979,#355,.T.);
#4966=EDGE_CURVE('',#5979,#5980,#356,.T.);
#4967=EDGE_CURVE('',#5980,#5977,#357,.T.);
#4968=EDGE_CURVE('',#5981,#5982,#358,.T.);
#4969=EDGE_CURVE('',#5977,#5982,#359,.T.);
#4970=EDGE_CURVE('',#5980,#5981,#360,.T.);
#4971=EDGE_CURVE('',#5983,#5981,#361,.T.);
#4972=EDGE_CURVE('',#5979,#5983,#362,.T.);
#4973=EDGE_CURVE('',#5984,#5983,#363,.T.);
#4974=EDGE_CURVE('',#5978,#5984,#364,.T.);
#4975=EDGE_CURVE('',#5982,#5984,#365,.T.);
#4976=EDGE_CURVE('',#5985,#5986,#366,.T.);
#4977=EDGE_CURVE('',#5986,#5987,#367,.T.);
#4978=EDGE_CURVE('',#5987,#5988,#368,.T.);
#4979=EDGE_CURVE('',#5988,#5985,#369,.T.);
#4980=EDGE_CURVE('',#5989,#5990,#370,.T.);
#4981=EDGE_CURVE('',#5985,#5990,#371,.T.);
#4982=EDGE_CURVE('',#5988,#5989,#372,.T.);
#4983=EDGE_CURVE('',#5991,#5989,#373,.T.);
#4984=EDGE_CURVE('',#5987,#5991,#374,.T.);
#4985=EDGE_CURVE('',#5992,#5991,#375,.T.);
#4986=EDGE_CURVE('',#5986,#5992,#376,.T.);
#4987=EDGE_CURVE('',#5990,#5992,#377,.T.);
#4988=EDGE_CURVE('',#5993,#5994,#378,.T.);
#4989=EDGE_CURVE('',#5994,#5995,#379,.T.);
#4990=EDGE_CURVE('',#5995,#5996,#380,.T.);
#4991=EDGE_CURVE('',#5996,#5993,#381,.T.);
#4992=EDGE_CURVE('',#5997,#5998,#382,.T.);
#4993=EDGE_CURVE('',#5993,#5998,#383,.T.);
#4994=EDGE_CURVE('',#5996,#5997,#384,.T.);
#4995=EDGE_CURVE('',#5999,#5997,#385,.T.);
#4996=EDGE_CURVE('',#5995,#5999,#386,.T.);
#4997=EDGE_CURVE('',#6000,#5999,#387,.T.);
#4998=EDGE_CURVE('',#5994,#6000,#388,.T.);
#4999=EDGE_CURVE('',#5998,#6000,#389,.T.);
#5000=EDGE_CURVE('',#6001,#6002,#390,.T.);
#5001=EDGE_CURVE('',#6002,#6003,#391,.T.);
#5002=EDGE_CURVE('',#6003,#6004,#392,.T.);
#5003=EDGE_CURVE('',#6004,#6001,#393,.T.);
#5004=EDGE_CURVE('',#6005,#6006,#394,.T.);
#5005=EDGE_CURVE('',#6001,#6006,#395,.T.);
#5006=EDGE_CURVE('',#6004,#6005,#396,.T.);
#5007=EDGE_CURVE('',#6007,#6005,#397,.T.);
#5008=EDGE_CURVE('',#6003,#6007,#398,.T.);
#5009=EDGE_CURVE('',#6008,#6007,#399,.T.);
#5010=EDGE_CURVE('',#6002,#6008,#400,.T.);
#5011=EDGE_CURVE('',#6006,#6008,#401,.T.);
#5012=EDGE_CURVE('',#6009,#6010,#402,.T.);
#5013=EDGE_CURVE('',#6010,#6011,#403,.T.);
#5014=EDGE_CURVE('',#6011,#6012,#404,.T.);
#5015=EDGE_CURVE('',#6012,#6009,#405,.T.);
#5016=EDGE_CURVE('',#6013,#6014,#406,.T.);
#5017=EDGE_CURVE('',#6009,#6014,#407,.T.);
#5018=EDGE_CURVE('',#6012,#6013,#408,.T.);
#5019=EDGE_CURVE('',#6015,#6013,#409,.T.);
#5020=EDGE_CURVE('',#6011,#6015,#410,.T.);
#5021=EDGE_CURVE('',#6016,#6015,#411,.T.);
#5022=EDGE_CURVE('',#6010,#6016,#412,.T.);
#5023=EDGE_CURVE('',#6014,#6016,#413,.T.);
#5024=EDGE_CURVE('',#6017,#6018,#414,.T.);
#5025=EDGE_CURVE('',#6018,#6019,#415,.T.);
#5026=EDGE_CURVE('',#6019,#6020,#416,.T.);
#5027=EDGE_CURVE('',#6020,#6017,#417,.T.);
#5028=EDGE_CURVE('',#6021,#6022,#418,.T.);
#5029=EDGE_CURVE('',#6017,#6022,#419,.T.);
#5030=EDGE_CURVE('',#6020,#6021,#420,.T.);
#5031=EDGE_CURVE('',#6023,#6021,#421,.T.);
#5032=EDGE_CURVE('',#6019,#6023,#422,.T.);
#5033=EDGE_CURVE('',#6024,#6023,#423,.T.);
#5034=EDGE_CURVE('',#6018,#6024,#424,.T.);
#5035=EDGE_CURVE('',#6022,#6024,#425,.T.);
#5036=EDGE_CURVE('',#6025,#6026,#426,.T.);
#5037=EDGE_CURVE('',#6026,#6027,#427,.T.);
#5038=EDGE_CURVE('',#6027,#6028,#428,.T.);
#5039=EDGE_CURVE('',#6028,#6025,#429,.T.);
#5040=EDGE_CURVE('',#6029,#6030,#430,.T.);
#5041=EDGE_CURVE('',#6025,#6030,#431,.T.);
#5042=EDGE_CURVE('',#6028,#6029,#432,.T.);
#5043=EDGE_CURVE('',#6031,#6029,#433,.T.);
#5044=EDGE_CURVE('',#6027,#6031,#434,.T.);
#5045=EDGE_CURVE('',#6032,#6031,#435,.T.);
#5046=EDGE_CURVE('',#6026,#6032,#436,.T.);
#5047=EDGE_CURVE('',#6030,#6032,#437,.T.);
#5048=EDGE_CURVE('',#6033,#6034,#438,.T.);
#5049=EDGE_CURVE('',#6034,#6035,#439,.T.);
#5050=EDGE_CURVE('',#6035,#6036,#440,.T.);
#5051=EDGE_CURVE('',#6036,#6033,#441,.T.);
#5052=EDGE_CURVE('',#6037,#6038,#442,.T.);
#5053=EDGE_CURVE('',#6033,#6038,#443,.T.);
#5054=EDGE_CURVE('',#6036,#6037,#444,.T.);
#5055=EDGE_CURVE('',#6039,#6037,#445,.T.);
#5056=EDGE_CURVE('',#6035,#6039,#446,.T.);
#5057=EDGE_CURVE('',#6040,#6039,#447,.T.);
#5058=EDGE_CURVE('',#6034,#6040,#448,.T.);
#5059=EDGE_CURVE('',#6038,#6040,#449,.T.);
#5060=EDGE_CURVE('',#6041,#6042,#450,.T.);
#5061=EDGE_CURVE('',#6042,#6043,#451,.T.);
#5062=EDGE_CURVE('',#6043,#6044,#452,.T.);
#5063=EDGE_CURVE('',#6044,#6041,#453,.T.);
#5064=EDGE_CURVE('',#6045,#6046,#454,.T.);
#5065=EDGE_CURVE('',#6041,#6046,#455,.T.);
#5066=EDGE_CURVE('',#6044,#6045,#456,.T.);
#5067=EDGE_CURVE('',#6047,#6045,#457,.T.);
#5068=EDGE_CURVE('',#6043,#6047,#458,.T.);
#5069=EDGE_CURVE('',#6048,#6047,#459,.T.);
#5070=EDGE_CURVE('',#6042,#6048,#460,.T.);
#5071=EDGE_CURVE('',#6046,#6048,#461,.T.);
#5072=EDGE_CURVE('',#6049,#6050,#462,.T.);
#5073=EDGE_CURVE('',#6050,#6051,#463,.T.);
#5074=EDGE_CURVE('',#6051,#6052,#464,.T.);
#5075=EDGE_CURVE('',#6052,#6049,#465,.T.);
#5076=EDGE_CURVE('',#6053,#6054,#466,.T.);
#5077=EDGE_CURVE('',#6049,#6054,#467,.T.);
#5078=EDGE_CURVE('',#6052,#6053,#468,.T.);
#5079=EDGE_CURVE('',#6055,#6053,#469,.T.);
#5080=EDGE_CURVE('',#6051,#6055,#470,.T.);
#5081=EDGE_CURVE('',#6056,#6055,#471,.T.);
#5082=EDGE_CURVE('',#6050,#6056,#472,.T.);
#5083=EDGE_CURVE('',#6054,#6056,#473,.T.);
#5084=EDGE_CURVE('',#6057,#6058,#474,.T.);
#5085=EDGE_CURVE('',#6058,#6059,#475,.T.);
#5086=EDGE_CURVE('',#6059,#6060,#476,.T.);
#5087=EDGE_CURVE('',#6060,#6057,#477,.T.);
#5088=EDGE_CURVE('',#6061,#6062,#478,.T.);
#5089=EDGE_CURVE('',#6057,#6062,#479,.T.);
#5090=EDGE_CURVE('',#6060,#6061,#480,.T.);
#5091=EDGE_CURVE('',#6063,#6061,#481,.T.);
#5092=EDGE_CURVE('',#6059,#6063,#482,.T.);
#5093=EDGE_CURVE('',#6064,#6063,#483,.T.);
#5094=EDGE_CURVE('',#6058,#6064,#484,.T.);
#5095=EDGE_CURVE('',#6062,#6064,#485,.T.);
#5096=EDGE_CURVE('',#6065,#6066,#486,.T.);
#5097=EDGE_CURVE('',#6066,#6067,#487,.T.);
#5098=EDGE_CURVE('',#6067,#6068,#488,.T.);
#5099=EDGE_CURVE('',#6068,#6065,#489,.T.);
#5100=EDGE_CURVE('',#6069,#6070,#490,.T.);
#5101=EDGE_CURVE('',#6065,#6070,#491,.T.);
#5102=EDGE_CURVE('',#6068,#6069,#492,.T.);
#5103=EDGE_CURVE('',#6071,#6069,#493,.T.);
#5104=EDGE_CURVE('',#6067,#6071,#494,.T.);
#5105=EDGE_CURVE('',#6072,#6071,#495,.T.);
#5106=EDGE_CURVE('',#6066,#6072,#496,.T.);
#5107=EDGE_CURVE('',#6070,#6072,#497,.T.);
#5108=EDGE_CURVE('',#6073,#6074,#498,.T.);
#5109=EDGE_CURVE('',#6074,#6075,#499,.T.);
#5110=EDGE_CURVE('',#6075,#6076,#500,.T.);
#5111=EDGE_CURVE('',#6076,#6073,#501,.T.);
#5112=EDGE_CURVE('',#6077,#6078,#502,.T.);
#5113=EDGE_CURVE('',#6073,#6078,#503,.T.);
#5114=EDGE_CURVE('',#6076,#6077,#504,.T.);
#5115=EDGE_CURVE('',#6079,#6077,#505,.T.);
#5116=EDGE_CURVE('',#6075,#6079,#506,.T.);
#5117=EDGE_CURVE('',#6080,#6079,#507,.T.);
#5118=EDGE_CURVE('',#6074,#6080,#508,.T.);
#5119=EDGE_CURVE('',#6078,#6080,#509,.T.);
#5120=EDGE_CURVE('',#6081,#6082,#510,.T.);
#5121=EDGE_CURVE('',#6082,#6083,#511,.T.);
#5122=EDGE_CURVE('',#6083,#6084,#512,.T.);
#5123=EDGE_CURVE('',#6084,#6081,#513,.T.);
#5124=EDGE_CURVE('',#6085,#6086,#514,.T.);
#5125=EDGE_CURVE('',#6081,#6086,#515,.T.);
#5126=EDGE_CURVE('',#6084,#6085,#516,.T.);
#5127=EDGE_CURVE('',#6087,#6085,#517,.T.);
#5128=EDGE_CURVE('',#6083,#6087,#518,.T.);
#5129=EDGE_CURVE('',#6088,#6087,#519,.T.);
#5130=EDGE_CURVE('',#6082,#6088,#520,.T.);
#5131=EDGE_CURVE('',#6086,#6088,#521,.T.);
#5132=EDGE_CURVE('',#6089,#6090,#522,.T.);
#5133=EDGE_CURVE('',#6090,#6091,#523,.T.);
#5134=EDGE_CURVE('',#6091,#6092,#524,.T.);
#5135=EDGE_CURVE('',#6092,#6089,#525,.T.);
#5136=EDGE_CURVE('',#6093,#6094,#526,.T.);
#5137=EDGE_CURVE('',#6089,#6094,#527,.T.);
#5138=EDGE_CURVE('',#6092,#6093,#528,.T.);
#5139=EDGE_CURVE('',#6095,#6093,#529,.T.);
#5140=EDGE_CURVE('',#6091,#6095,#530,.T.);
#5141=EDGE_CURVE('',#6096,#6095,#531,.T.);
#5142=EDGE_CURVE('',#6090,#6096,#532,.T.);
#5143=EDGE_CURVE('',#6094,#6096,#533,.T.);
#5144=EDGE_CURVE('',#6097,#6098,#534,.T.);
#5145=EDGE_CURVE('',#6098,#6099,#535,.T.);
#5146=EDGE_CURVE('',#6099,#6100,#536,.T.);
#5147=EDGE_CURVE('',#6100,#6097,#537,.T.);
#5148=EDGE_CURVE('',#6101,#6102,#538,.T.);
#5149=EDGE_CURVE('',#6097,#6102,#539,.T.);
#5150=EDGE_CURVE('',#6100,#6101,#540,.T.);
#5151=EDGE_CURVE('',#6103,#6101,#541,.T.);
#5152=EDGE_CURVE('',#6099,#6103,#542,.T.);
#5153=EDGE_CURVE('',#6104,#6103,#543,.T.);
#5154=EDGE_CURVE('',#6098,#6104,#544,.T.);
#5155=EDGE_CURVE('',#6102,#6104,#545,.T.);
#5156=EDGE_CURVE('',#6105,#6106,#546,.T.);
#5157=EDGE_CURVE('',#6106,#6107,#547,.T.);
#5158=EDGE_CURVE('',#6107,#6108,#548,.T.);
#5159=EDGE_CURVE('',#6108,#6105,#549,.T.);
#5160=EDGE_CURVE('',#6109,#6110,#550,.T.);
#5161=EDGE_CURVE('',#6105,#6110,#551,.T.);
#5162=EDGE_CURVE('',#6108,#6109,#552,.T.);
#5163=EDGE_CURVE('',#6111,#6109,#553,.T.);
#5164=EDGE_CURVE('',#6107,#6111,#554,.T.);
#5165=EDGE_CURVE('',#6112,#6111,#555,.T.);
#5166=EDGE_CURVE('',#6106,#6112,#556,.T.);
#5167=EDGE_CURVE('',#6110,#6112,#557,.T.);
#5168=EDGE_CURVE('',#6113,#6114,#558,.T.);
#5169=EDGE_CURVE('',#6114,#6115,#559,.T.);
#5170=EDGE_CURVE('',#6115,#6116,#560,.T.);
#5171=EDGE_CURVE('',#6116,#6113,#561,.T.);
#5172=EDGE_CURVE('',#6117,#6118,#562,.T.);
#5173=EDGE_CURVE('',#6113,#6118,#563,.T.);
#5174=EDGE_CURVE('',#6116,#6117,#564,.T.);
#5175=EDGE_CURVE('',#6119,#6117,#565,.T.);
#5176=EDGE_CURVE('',#6115,#6119,#566,.T.);
#5177=EDGE_CURVE('',#6120,#6119,#567,.T.);
#5178=EDGE_CURVE('',#6114,#6120,#568,.T.);
#5179=EDGE_CURVE('',#6118,#6120,#569,.T.);
#5180=EDGE_CURVE('',#6121,#6122,#570,.T.);
#5181=EDGE_CURVE('',#6122,#6123,#571,.T.);
#5182=EDGE_CURVE('',#6123,#6124,#572,.T.);
#5183=EDGE_CURVE('',#6124,#6121,#573,.T.);
#5184=EDGE_CURVE('',#6125,#6126,#574,.T.);
#5185=EDGE_CURVE('',#6121,#6126,#575,.T.);
#5186=EDGE_CURVE('',#6124,#6125,#576,.T.);
#5187=EDGE_CURVE('',#6127,#6125,#577,.T.);
#5188=EDGE_CURVE('',#6123,#6127,#578,.T.);
#5189=EDGE_CURVE('',#6128,#6127,#579,.T.);
#5190=EDGE_CURVE('',#6122,#6128,#580,.T.);
#5191=EDGE_CURVE('',#6126,#6128,#581,.T.);
#5192=EDGE_CURVE('',#6129,#6130,#582,.T.);
#5193=EDGE_CURVE('',#6130,#6131,#583,.T.);
#5194=EDGE_CURVE('',#6131,#6132,#584,.T.);
#5195=EDGE_CURVE('',#6132,#6129,#585,.T.);
#5196=EDGE_CURVE('',#6133,#6134,#586,.T.);
#5197=EDGE_CURVE('',#6129,#6134,#587,.T.);
#5198=EDGE_CURVE('',#6132,#6133,#588,.T.);
#5199=EDGE_CURVE('',#6135,#6133,#589,.T.);
#5200=EDGE_CURVE('',#6131,#6135,#590,.T.);
#5201=EDGE_CURVE('',#6136,#6135,#591,.T.);
#5202=EDGE_CURVE('',#6130,#6136,#592,.T.);
#5203=EDGE_CURVE('',#6134,#6136,#593,.T.);
#5204=EDGE_CURVE('',#6137,#6138,#594,.T.);
#5205=EDGE_CURVE('',#6138,#6139,#595,.T.);
#5206=EDGE_CURVE('',#6139,#6140,#596,.T.);
#5207=EDGE_CURVE('',#6140,#6137,#597,.T.);
#5208=EDGE_CURVE('',#6141,#6142,#598,.T.);
#5209=EDGE_CURVE('',#6137,#6142,#599,.T.);
#5210=EDGE_CURVE('',#6140,#6141,#600,.T.);
#5211=EDGE_CURVE('',#6143,#6141,#601,.T.);
#5212=EDGE_CURVE('',#6139,#6143,#602,.T.);
#5213=EDGE_CURVE('',#6144,#6143,#603,.T.);
#5214=EDGE_CURVE('',#6138,#6144,#604,.T.);
#5215=EDGE_CURVE('',#6142,#6144,#605,.T.);
#5216=EDGE_CURVE('',#6145,#6146,#606,.T.);
#5217=EDGE_CURVE('',#6146,#6147,#607,.T.);
#5218=EDGE_CURVE('',#6147,#6148,#608,.T.);
#5219=EDGE_CURVE('',#6148,#6145,#609,.T.);
#5220=EDGE_CURVE('',#6149,#6150,#610,.T.);
#5221=EDGE_CURVE('',#6145,#6150,#611,.T.);
#5222=EDGE_CURVE('',#6148,#6149,#612,.T.);
#5223=EDGE_CURVE('',#6151,#6149,#613,.T.);
#5224=EDGE_CURVE('',#6147,#6151,#614,.T.);
#5225=EDGE_CURVE('',#6152,#6151,#615,.T.);
#5226=EDGE_CURVE('',#6146,#6152,#616,.T.);
#5227=EDGE_CURVE('',#6150,#6152,#617,.T.);
#5228=EDGE_CURVE('',#6153,#6154,#618,.T.);
#5229=EDGE_CURVE('',#6154,#6155,#619,.T.);
#5230=EDGE_CURVE('',#6155,#6156,#620,.T.);
#5231=EDGE_CURVE('',#6156,#6153,#621,.T.);
#5232=EDGE_CURVE('',#6157,#6158,#622,.T.);
#5233=EDGE_CURVE('',#6153,#6158,#623,.T.);
#5234=EDGE_CURVE('',#6156,#6157,#624,.T.);
#5235=EDGE_CURVE('',#6159,#6157,#625,.T.);
#5236=EDGE_CURVE('',#6155,#6159,#626,.T.);
#5237=EDGE_CURVE('',#6160,#6159,#627,.T.);
#5238=EDGE_CURVE('',#6154,#6160,#628,.T.);
#5239=EDGE_CURVE('',#6158,#6160,#629,.T.);
#5240=EDGE_CURVE('',#6161,#6162,#630,.T.);
#5241=EDGE_CURVE('',#6162,#6163,#631,.T.);
#5242=EDGE_CURVE('',#6163,#6164,#632,.T.);
#5243=EDGE_CURVE('',#6164,#6161,#633,.T.);
#5244=EDGE_CURVE('',#6165,#6166,#634,.T.);
#5245=EDGE_CURVE('',#6161,#6166,#635,.T.);
#5246=EDGE_CURVE('',#6164,#6165,#636,.T.);
#5247=EDGE_CURVE('',#6167,#6165,#637,.T.);
#5248=EDGE_CURVE('',#6163,#6167,#638,.T.);
#5249=EDGE_CURVE('',#6168,#6167,#639,.T.);
#5250=EDGE_CURVE('',#6162,#6168,#640,.T.);
#5251=EDGE_CURVE('',#6166,#6168,#641,.T.);
#5252=EDGE_CURVE('',#6169,#6170,#642,.T.);
#5253=EDGE_CURVE('',#6170,#6171,#643,.T.);
#5254=EDGE_CURVE('',#6171,#6172,#644,.T.);
#5255=EDGE_CURVE('',#6172,#6169,#645,.T.);
#5256=EDGE_CURVE('',#6173,#6174,#646,.T.);
#5257=EDGE_CURVE('',#6169,#6174,#647,.T.);
#5258=EDGE_CURVE('',#6172,#6173,#648,.T.);
#5259=EDGE_CURVE('',#6175,#6173,#649,.T.);
#5260=EDGE_CURVE('',#6171,#6175,#650,.T.);
#5261=EDGE_CURVE('',#6176,#6175,#651,.T.);
#5262=EDGE_CURVE('',#6170,#6176,#652,.T.);
#5263=EDGE_CURVE('',#6174,#6176,#653,.T.);
#5264=EDGE_CURVE('',#6177,#6178,#654,.T.);
#5265=EDGE_CURVE('',#6178,#6179,#655,.T.);
#5266=EDGE_CURVE('',#6179,#6180,#656,.T.);
#5267=EDGE_CURVE('',#6180,#6177,#657,.T.);
#5268=EDGE_CURVE('',#6181,#6182,#658,.T.);
#5269=EDGE_CURVE('',#6177,#6182,#659,.T.);
#5270=EDGE_CURVE('',#6180,#6181,#660,.T.);
#5271=EDGE_CURVE('',#6183,#6181,#661,.T.);
#5272=EDGE_CURVE('',#6179,#6183,#662,.T.);
#5273=EDGE_CURVE('',#6184,#6183,#663,.T.);
#5274=EDGE_CURVE('',#6178,#6184,#664,.T.);
#5275=EDGE_CURVE('',#6182,#6184,#665,.T.);
#5276=EDGE_CURVE('',#6185,#6186,#666,.T.);
#5277=EDGE_CURVE('',#6186,#6187,#667,.T.);
#5278=EDGE_CURVE('',#6187,#6188,#668,.T.);
#5279=EDGE_CURVE('',#6188,#6185,#669,.T.);
#5280=EDGE_CURVE('',#6189,#6190,#670,.T.);
#5281=EDGE_CURVE('',#6185,#6190,#671,.T.);
#5282=EDGE_CURVE('',#6188,#6189,#672,.T.);
#5283=EDGE_CURVE('',#6191,#6189,#673,.T.);
#5284=EDGE_CURVE('',#6187,#6191,#674,.T.);
#5285=EDGE_CURVE('',#6192,#6191,#675,.T.);
#5286=EDGE_CURVE('',#6186,#6192,#676,.T.);
#5287=EDGE_CURVE('',#6190,#6192,#677,.T.);
#5288=EDGE_CURVE('',#6193,#6194,#678,.T.);
#5289=EDGE_CURVE('',#6195,#6194,#679,.T.);
#5290=EDGE_CURVE('',#6196,#6195,#680,.T.);
#5291=EDGE_CURVE('',#6196,#6193,#681,.T.);
#5292=EDGE_CURVE('',#6197,#6193,#682,.T.);
#5293=EDGE_CURVE('',#6198,#6196,#683,.T.);
#5294=EDGE_CURVE('',#6198,#6197,#684,.T.);
#5295=EDGE_CURVE('',#6199,#6197,#685,.T.);
#5296=EDGE_CURVE('',#6200,#6198,#686,.T.);
#5297=EDGE_CURVE('',#6200,#6199,#687,.T.);
#5298=EDGE_CURVE('',#6194,#6199,#688,.T.);
#5299=EDGE_CURVE('',#6195,#6200,#689,.T.);
#5300=EDGE_CURVE('',#6201,#6202,#690,.T.);
#5301=EDGE_CURVE('',#6203,#6202,#691,.T.);
#5302=EDGE_CURVE('',#6204,#6203,#692,.T.);
#5303=EDGE_CURVE('',#6204,#6201,#693,.T.);
#5304=EDGE_CURVE('',#6205,#6201,#694,.T.);
#5305=EDGE_CURVE('',#6206,#6204,#695,.T.);
#5306=EDGE_CURVE('',#6206,#6205,#696,.T.);
#5307=EDGE_CURVE('',#6207,#6205,#697,.T.);
#5308=EDGE_CURVE('',#6208,#6206,#698,.T.);
#5309=EDGE_CURVE('',#6208,#6207,#699,.T.);
#5310=EDGE_CURVE('',#6202,#6207,#700,.T.);
#5311=EDGE_CURVE('',#6203,#6208,#701,.T.);
#5312=EDGE_CURVE('',#6209,#6210,#702,.T.);
#5313=EDGE_CURVE('',#6211,#6210,#703,.T.);
#5314=EDGE_CURVE('',#6212,#6211,#704,.T.);
#5315=EDGE_CURVE('',#6212,#6209,#705,.T.);
#5316=EDGE_CURVE('',#6213,#6209,#706,.T.);
#5317=EDGE_CURVE('',#6214,#6212,#707,.T.);
#5318=EDGE_CURVE('',#6214,#6213,#708,.T.);
#5319=EDGE_CURVE('',#6215,#6213,#709,.T.);
#5320=EDGE_CURVE('',#6216,#6214,#710,.T.);
#5321=EDGE_CURVE('',#6216,#6215,#711,.T.);
#5322=EDGE_CURVE('',#6210,#6215,#712,.T.);
#5323=EDGE_CURVE('',#6211,#6216,#713,.T.);
#5324=EDGE_CURVE('',#6217,#6218,#714,.T.);
#5325=EDGE_CURVE('',#6219,#6218,#715,.T.);
#5326=EDGE_CURVE('',#6220,#6219,#716,.T.);
#5327=EDGE_CURVE('',#6220,#6217,#717,.T.);
#5328=EDGE_CURVE('',#6221,#6217,#718,.T.);
#5329=EDGE_CURVE('',#6222,#6220,#719,.T.);
#5330=EDGE_CURVE('',#6222,#6221,#720,.T.);
#5331=EDGE_CURVE('',#6223,#6221,#721,.T.);
#5332=EDGE_CURVE('',#6224,#6222,#722,.T.);
#5333=EDGE_CURVE('',#6224,#6223,#723,.T.);
#5334=EDGE_CURVE('',#6218,#6223,#724,.T.);
#5335=EDGE_CURVE('',#6219,#6224,#725,.T.);
#5336=EDGE_CURVE('',#6225,#6226,#726,.T.);
#5337=EDGE_CURVE('',#6227,#6226,#727,.T.);
#5338=EDGE_CURVE('',#6228,#6227,#728,.T.);
#5339=EDGE_CURVE('',#6228,#6225,#729,.T.);
#5340=EDGE_CURVE('',#6229,#6225,#730,.T.);
#5341=EDGE_CURVE('',#6230,#6228,#731,.T.);
#5342=EDGE_CURVE('',#6230,#6229,#732,.T.);
#5343=EDGE_CURVE('',#6231,#6229,#733,.T.);
#5344=EDGE_CURVE('',#6232,#6230,#734,.T.);
#5345=EDGE_CURVE('',#6232,#6231,#735,.T.);
#5346=EDGE_CURVE('',#6226,#6231,#736,.T.);
#5347=EDGE_CURVE('',#6227,#6232,#737,.T.);
#5348=EDGE_CURVE('',#6233,#6234,#738,.T.);
#5349=EDGE_CURVE('',#6235,#6234,#739,.T.);
#5350=EDGE_CURVE('',#6236,#6235,#740,.T.);
#5351=EDGE_CURVE('',#6236,#6233,#741,.T.);
#5352=EDGE_CURVE('',#6237,#6233,#742,.T.);
#5353=EDGE_CURVE('',#6238,#6236,#743,.T.);
#5354=EDGE_CURVE('',#6238,#6237,#744,.T.);
#5355=EDGE_CURVE('',#6239,#6237,#745,.T.);
#5356=EDGE_CURVE('',#6240,#6238,#746,.T.);
#5357=EDGE_CURVE('',#6240,#6239,#747,.T.);
#5358=EDGE_CURVE('',#6234,#6239,#748,.T.);
#5359=EDGE_CURVE('',#6235,#6240,#749,.T.);
#5360=EDGE_CURVE('',#6241,#6242,#750,.T.);
#5361=EDGE_CURVE('',#6243,#6242,#751,.T.);
#5362=EDGE_CURVE('',#6244,#6243,#752,.T.);
#5363=EDGE_CURVE('',#6244,#6241,#753,.T.);
#5364=EDGE_CURVE('',#6245,#6241,#754,.T.);
#5365=EDGE_CURVE('',#6246,#6244,#755,.T.);
#5366=EDGE_CURVE('',#6246,#6245,#756,.T.);
#5367=EDGE_CURVE('',#6247,#6245,#757,.T.);
#5368=EDGE_CURVE('',#6248,#6246,#758,.T.);
#5369=EDGE_CURVE('',#6248,#6247,#759,.T.);
#5370=EDGE_CURVE('',#6242,#6247,#760,.T.);
#5371=EDGE_CURVE('',#6243,#6248,#761,.T.);
#5372=EDGE_CURVE('',#6249,#6250,#762,.T.);
#5373=EDGE_CURVE('',#6251,#6250,#763,.T.);
#5374=EDGE_CURVE('',#6252,#6251,#764,.T.);
#5375=EDGE_CURVE('',#6252,#6249,#765,.T.);
#5376=EDGE_CURVE('',#6253,#6249,#766,.T.);
#5377=EDGE_CURVE('',#6254,#6252,#767,.T.);
#5378=EDGE_CURVE('',#6254,#6253,#768,.T.);
#5379=EDGE_CURVE('',#6255,#6253,#769,.T.);
#5380=EDGE_CURVE('',#6256,#6254,#770,.T.);
#5381=EDGE_CURVE('',#6256,#6255,#771,.T.);
#5382=EDGE_CURVE('',#6250,#6255,#772,.T.);
#5383=EDGE_CURVE('',#6251,#6256,#773,.T.);
#5384=EDGE_CURVE('',#6257,#6258,#774,.T.);
#5385=EDGE_CURVE('',#6259,#6258,#775,.T.);
#5386=EDGE_CURVE('',#6260,#6259,#776,.T.);
#5387=EDGE_CURVE('',#6260,#6257,#777,.T.);
#5388=EDGE_CURVE('',#6261,#6257,#778,.T.);
#5389=EDGE_CURVE('',#6262,#6260,#779,.T.);
#5390=EDGE_CURVE('',#6262,#6261,#780,.T.);
#5391=EDGE_CURVE('',#6263,#6261,#781,.T.);
#5392=EDGE_CURVE('',#6264,#6262,#782,.T.);
#5393=EDGE_CURVE('',#6264,#6263,#783,.T.);
#5394=EDGE_CURVE('',#6258,#6263,#784,.T.);
#5395=EDGE_CURVE('',#6259,#6264,#785,.T.);
#5396=EDGE_CURVE('',#6265,#6266,#786,.T.);
#5397=EDGE_CURVE('',#6267,#6266,#787,.T.);
#5398=EDGE_CURVE('',#6268,#6267,#788,.T.);
#5399=EDGE_CURVE('',#6268,#6265,#789,.T.);
#5400=EDGE_CURVE('',#6269,#6265,#790,.T.);
#5401=EDGE_CURVE('',#6270,#6268,#791,.T.);
#5402=EDGE_CURVE('',#6270,#6269,#792,.T.);
#5403=EDGE_CURVE('',#6271,#6269,#793,.T.);
#5404=EDGE_CURVE('',#6272,#6270,#794,.T.);
#5405=EDGE_CURVE('',#6272,#6271,#795,.T.);
#5406=EDGE_CURVE('',#6266,#6271,#796,.T.);
#5407=EDGE_CURVE('',#6267,#6272,#797,.T.);
#5408=EDGE_CURVE('',#6273,#6274,#798,.T.);
#5409=EDGE_CURVE('',#6275,#6274,#799,.T.);
#5410=EDGE_CURVE('',#6276,#6275,#800,.T.);
#5411=EDGE_CURVE('',#6276,#6273,#801,.T.);
#5412=EDGE_CURVE('',#6277,#6273,#802,.T.);
#5413=EDGE_CURVE('',#6278,#6276,#803,.T.);
#5414=EDGE_CURVE('',#6278,#6277,#804,.T.);
#5415=EDGE_CURVE('',#6279,#6277,#805,.T.);
#5416=EDGE_CURVE('',#6280,#6278,#806,.T.);
#5417=EDGE_CURVE('',#6280,#6279,#807,.T.);
#5418=EDGE_CURVE('',#6274,#6279,#808,.T.);
#5419=EDGE_CURVE('',#6275,#6280,#809,.T.);
#5420=EDGE_CURVE('',#6281,#6282,#810,.T.);
#5421=EDGE_CURVE('',#6283,#6282,#811,.T.);
#5422=EDGE_CURVE('',#6284,#6283,#812,.T.);
#5423=EDGE_CURVE('',#6284,#6281,#813,.T.);
#5424=EDGE_CURVE('',#6285,#6281,#814,.T.);
#5425=EDGE_CURVE('',#6286,#6284,#815,.T.);
#5426=EDGE_CURVE('',#6286,#6285,#816,.T.);
#5427=EDGE_CURVE('',#6287,#6285,#817,.T.);
#5428=EDGE_CURVE('',#6288,#6286,#818,.T.);
#5429=EDGE_CURVE('',#6288,#6287,#819,.T.);
#5430=EDGE_CURVE('',#6282,#6287,#820,.T.);
#5431=EDGE_CURVE('',#6283,#6288,#821,.T.);
#5432=EDGE_CURVE('',#6289,#6290,#822,.T.);
#5433=EDGE_CURVE('',#6291,#6290,#823,.T.);
#5434=EDGE_CURVE('',#6292,#6291,#824,.T.);
#5435=EDGE_CURVE('',#6292,#6289,#825,.T.);
#5436=EDGE_CURVE('',#6293,#6289,#826,.T.);
#5437=EDGE_CURVE('',#6294,#6292,#827,.T.);
#5438=EDGE_CURVE('',#6294,#6293,#828,.T.);
#5439=EDGE_CURVE('',#6295,#6293,#829,.T.);
#5440=EDGE_CURVE('',#6296,#6294,#830,.T.);
#5441=EDGE_CURVE('',#6296,#6295,#831,.T.);
#5442=EDGE_CURVE('',#6290,#6295,#832,.T.);
#5443=EDGE_CURVE('',#6291,#6296,#833,.T.);
#5444=EDGE_CURVE('',#6297,#6298,#834,.T.);
#5445=EDGE_CURVE('',#6299,#6298,#835,.T.);
#5446=EDGE_CURVE('',#6300,#6299,#836,.T.);
#5447=EDGE_CURVE('',#6300,#6297,#837,.T.);
#5448=EDGE_CURVE('',#6301,#6297,#838,.T.);
#5449=EDGE_CURVE('',#6302,#6300,#839,.T.);
#5450=EDGE_CURVE('',#6302,#6301,#840,.T.);
#5451=EDGE_CURVE('',#6303,#6301,#841,.T.);
#5452=EDGE_CURVE('',#6304,#6302,#842,.T.);
#5453=EDGE_CURVE('',#6304,#6303,#843,.T.);
#5454=EDGE_CURVE('',#6298,#6303,#844,.T.);
#5455=EDGE_CURVE('',#6299,#6304,#845,.T.);
#5456=EDGE_CURVE('',#6305,#6306,#846,.T.);
#5457=EDGE_CURVE('',#6307,#6306,#847,.T.);
#5458=EDGE_CURVE('',#6308,#6307,#848,.T.);
#5459=EDGE_CURVE('',#6308,#6305,#849,.T.);
#5460=EDGE_CURVE('',#6309,#6305,#850,.T.);
#5461=EDGE_CURVE('',#6310,#6308,#851,.T.);
#5462=EDGE_CURVE('',#6310,#6309,#852,.T.);
#5463=EDGE_CURVE('',#6311,#6309,#853,.T.);
#5464=EDGE_CURVE('',#6312,#6310,#854,.T.);
#5465=EDGE_CURVE('',#6312,#6311,#855,.T.);
#5466=EDGE_CURVE('',#6306,#6311,#856,.T.);
#5467=EDGE_CURVE('',#6307,#6312,#857,.T.);
#5468=EDGE_CURVE('',#6313,#6314,#858,.T.);
#5469=EDGE_CURVE('',#6314,#6315,#859,.T.);
#5470=EDGE_CURVE('',#6315,#6316,#860,.T.);
#5471=EDGE_CURVE('',#6316,#6313,#861,.T.);
#5472=EDGE_CURVE('',#6317,#6318,#862,.T.);
#5473=EDGE_CURVE('',#6313,#6318,#863,.T.);
#5474=EDGE_CURVE('',#6316,#6317,#864,.T.);
#5475=EDGE_CURVE('',#6319,#6317,#865,.T.);
#5476=EDGE_CURVE('',#6315,#6319,#866,.T.);
#5477=EDGE_CURVE('',#6320,#6319,#867,.T.);
#5478=EDGE_CURVE('',#6314,#6320,#868,.T.);
#5479=EDGE_CURVE('',#6318,#6320,#869,.T.);
#5480=EDGE_CURVE('',#6321,#6322,#870,.T.);
#5481=EDGE_CURVE('',#6323,#6322,#871,.T.);
#5482=EDGE_CURVE('',#6324,#6323,#872,.T.);
#5483=EDGE_CURVE('',#6324,#6321,#873,.T.);
#5484=EDGE_CURVE('',#6325,#6321,#874,.T.);
#5485=EDGE_CURVE('',#6326,#6324,#875,.T.);
#5486=EDGE_CURVE('',#6326,#6325,#876,.T.);
#5487=EDGE_CURVE('',#6327,#6325,#877,.T.);
#5488=EDGE_CURVE('',#6328,#6326,#878,.T.);
#5489=EDGE_CURVE('',#6328,#6327,#879,.T.);
#5490=EDGE_CURVE('',#6322,#6327,#880,.T.);
#5491=EDGE_CURVE('',#6323,#6328,#881,.T.);
#5492=EDGE_CURVE('',#6329,#6330,#882,.T.);
#5493=EDGE_CURVE('',#6331,#6330,#883,.T.);
#5494=EDGE_CURVE('',#6332,#6331,#884,.T.);
#5495=EDGE_CURVE('',#6332,#6329,#885,.T.);
#5496=EDGE_CURVE('',#6333,#6329,#886,.T.);
#5497=EDGE_CURVE('',#6334,#6332,#887,.T.);
#5498=EDGE_CURVE('',#6334,#6333,#888,.T.);
#5499=EDGE_CURVE('',#6335,#6333,#889,.T.);
#5500=EDGE_CURVE('',#6336,#6334,#890,.T.);
#5501=EDGE_CURVE('',#6336,#6335,#891,.T.);
#5502=EDGE_CURVE('',#6330,#6335,#892,.T.);
#5503=EDGE_CURVE('',#6331,#6336,#893,.T.);
#5504=EDGE_CURVE('',#6337,#6338,#894,.T.);
#5505=EDGE_CURVE('',#6339,#6338,#895,.T.);
#5506=EDGE_CURVE('',#6340,#6339,#896,.T.);
#5507=EDGE_CURVE('',#6340,#6337,#897,.T.);
#5508=EDGE_CURVE('',#6341,#6337,#898,.T.);
#5509=EDGE_CURVE('',#6342,#6340,#899,.T.);
#5510=EDGE_CURVE('',#6342,#6341,#900,.T.);
#5511=EDGE_CURVE('',#6343,#6341,#901,.T.);
#5512=EDGE_CURVE('',#6344,#6342,#902,.T.);
#5513=EDGE_CURVE('',#6344,#6343,#903,.T.);
#5514=EDGE_CURVE('',#6338,#6343,#904,.T.);
#5515=EDGE_CURVE('',#6339,#6344,#905,.T.);
#5516=EDGE_CURVE('',#6345,#6346,#906,.T.);
#5517=EDGE_CURVE('',#6347,#6346,#907,.T.);
#5518=EDGE_CURVE('',#6348,#6347,#908,.T.);
#5519=EDGE_CURVE('',#6348,#6345,#909,.T.);
#5520=EDGE_CURVE('',#6349,#6345,#910,.T.);
#5521=EDGE_CURVE('',#6350,#6348,#911,.T.);
#5522=EDGE_CURVE('',#6350,#6349,#912,.T.);
#5523=EDGE_CURVE('',#6351,#6349,#913,.T.);
#5524=EDGE_CURVE('',#6352,#6350,#914,.T.);
#5525=EDGE_CURVE('',#6352,#6351,#915,.T.);
#5526=EDGE_CURVE('',#6346,#6351,#916,.T.);
#5527=EDGE_CURVE('',#6347,#6352,#917,.T.);
#5528=EDGE_CURVE('',#6353,#6354,#918,.T.);
#5529=EDGE_CURVE('',#6355,#6354,#919,.T.);
#5530=EDGE_CURVE('',#6356,#6355,#920,.T.);
#5531=EDGE_CURVE('',#6356,#6353,#921,.T.);
#5532=EDGE_CURVE('',#6357,#6353,#922,.T.);
#5533=EDGE_CURVE('',#6358,#6356,#923,.T.);
#5534=EDGE_CURVE('',#6358,#6357,#924,.T.);
#5535=EDGE_CURVE('',#6359,#6357,#925,.T.);
#5536=EDGE_CURVE('',#6360,#6358,#926,.T.);
#5537=EDGE_CURVE('',#6360,#6359,#927,.T.);
#5538=EDGE_CURVE('',#6354,#6359,#928,.T.);
#5539=EDGE_CURVE('',#6355,#6360,#929,.T.);
#5540=EDGE_CURVE('',#6361,#6362,#930,.T.);
#5541=EDGE_CURVE('',#6363,#6362,#931,.T.);
#5542=EDGE_CURVE('',#6364,#6363,#932,.T.);
#5543=EDGE_CURVE('',#6364,#6361,#933,.T.);
#5544=EDGE_CURVE('',#6365,#6361,#934,.T.);
#5545=EDGE_CURVE('',#6366,#6364,#935,.T.);
#5546=EDGE_CURVE('',#6366,#6365,#936,.T.);
#5547=EDGE_CURVE('',#6367,#6365,#937,.T.);
#5548=EDGE_CURVE('',#6368,#6366,#938,.T.);
#5549=EDGE_CURVE('',#6368,#6367,#939,.T.);
#5550=EDGE_CURVE('',#6362,#6367,#940,.T.);
#5551=EDGE_CURVE('',#6363,#6368,#941,.T.);
#5552=EDGE_CURVE('',#6369,#6370,#942,.T.);
#5553=EDGE_CURVE('',#6371,#6370,#943,.T.);
#5554=EDGE_CURVE('',#6372,#6371,#944,.T.);
#5555=EDGE_CURVE('',#6372,#6369,#945,.T.);
#5556=EDGE_CURVE('',#6373,#6369,#946,.T.);
#5557=EDGE_CURVE('',#6374,#6372,#947,.T.);
#5558=EDGE_CURVE('',#6374,#6373,#948,.T.);
#5559=EDGE_CURVE('',#6375,#6373,#949,.T.);
#5560=EDGE_CURVE('',#6376,#6374,#950,.T.);
#5561=EDGE_CURVE('',#6376,#6375,#951,.T.);
#5562=EDGE_CURVE('',#6370,#6375,#952,.T.);
#5563=EDGE_CURVE('',#6371,#6376,#953,.T.);
#5564=EDGE_CURVE('',#6377,#6378,#954,.T.);
#5565=EDGE_CURVE('',#6379,#6378,#955,.T.);
#5566=EDGE_CURVE('',#6380,#6379,#956,.T.);
#5567=EDGE_CURVE('',#6380,#6377,#957,.T.);
#5568=EDGE_CURVE('',#6381,#6377,#958,.T.);
#5569=EDGE_CURVE('',#6382,#6380,#959,.T.);
#5570=EDGE_CURVE('',#6382,#6381,#960,.T.);
#5571=EDGE_CURVE('',#6383,#6381,#961,.T.);
#5572=EDGE_CURVE('',#6384,#6382,#962,.T.);
#5573=EDGE_CURVE('',#6384,#6383,#963,.T.);
#5574=EDGE_CURVE('',#6378,#6383,#964,.T.);
#5575=EDGE_CURVE('',#6379,#6384,#965,.T.);
#5576=EDGE_CURVE('',#6385,#6386,#966,.T.);
#5577=EDGE_CURVE('',#6387,#6386,#967,.T.);
#5578=EDGE_CURVE('',#6388,#6387,#968,.T.);
#5579=EDGE_CURVE('',#6388,#6385,#969,.T.);
#5580=EDGE_CURVE('',#6389,#6385,#970,.T.);
#5581=EDGE_CURVE('',#6390,#6388,#971,.T.);
#5582=EDGE_CURVE('',#6390,#6389,#972,.T.);
#5583=EDGE_CURVE('',#6391,#6389,#973,.T.);
#5584=EDGE_CURVE('',#6392,#6390,#974,.T.);
#5585=EDGE_CURVE('',#6392,#6391,#975,.T.);
#5586=EDGE_CURVE('',#6386,#6391,#976,.T.);
#5587=EDGE_CURVE('',#6387,#6392,#977,.T.);
#5588=EDGE_CURVE('',#6393,#6394,#978,.T.);
#5589=EDGE_CURVE('',#6395,#6394,#979,.T.);
#5590=EDGE_CURVE('',#6396,#6395,#980,.T.);
#5591=EDGE_CURVE('',#6396,#6393,#981,.T.);
#5592=EDGE_CURVE('',#6397,#6393,#982,.T.);
#5593=EDGE_CURVE('',#6398,#6396,#983,.T.);
#5594=EDGE_CURVE('',#6398,#6397,#984,.T.);
#5595=EDGE_CURVE('',#6399,#6397,#985,.T.);
#5596=EDGE_CURVE('',#6400,#6398,#986,.T.);
#5597=EDGE_CURVE('',#6400,#6399,#987,.T.);
#5598=EDGE_CURVE('',#6394,#6399,#988,.T.);
#5599=EDGE_CURVE('',#6395,#6400,#989,.T.);
#5600=EDGE_CURVE('',#6401,#6402,#990,.T.);
#5601=EDGE_CURVE('',#6403,#6402,#991,.T.);
#5602=EDGE_CURVE('',#6404,#6403,#992,.T.);
#5603=EDGE_CURVE('',#6404,#6401,#993,.T.);
#5604=EDGE_CURVE('',#6405,#6401,#994,.T.);
#5605=EDGE_CURVE('',#6406,#6404,#995,.T.);
#5606=EDGE_CURVE('',#6406,#6405,#996,.T.);
#5607=EDGE_CURVE('',#6407,#6405,#997,.T.);
#5608=EDGE_CURVE('',#6408,#6406,#998,.T.);
#5609=EDGE_CURVE('',#6408,#6407,#999,.T.);
#5610=EDGE_CURVE('',#6402,#6407,#1000,.T.);
#5611=EDGE_CURVE('',#6403,#6408,#1001,.T.);
#5612=EDGE_CURVE('',#6409,#6410,#1002,.T.);
#5613=EDGE_CURVE('',#6411,#6410,#1003,.T.);
#5614=EDGE_CURVE('',#6412,#6411,#1004,.T.);
#5615=EDGE_CURVE('',#6412,#6409,#1005,.T.);
#5616=EDGE_CURVE('',#6413,#6409,#1006,.T.);
#5617=EDGE_CURVE('',#6414,#6412,#1007,.T.);
#5618=EDGE_CURVE('',#6414,#6413,#1008,.T.);
#5619=EDGE_CURVE('',#6415,#6413,#1009,.T.);
#5620=EDGE_CURVE('',#6416,#6414,#1010,.T.);
#5621=EDGE_CURVE('',#6416,#6415,#1011,.T.);
#5622=EDGE_CURVE('',#6410,#6415,#1012,.T.);
#5623=EDGE_CURVE('',#6411,#6416,#1013,.T.);
#5624=EDGE_CURVE('',#6417,#6418,#1014,.T.);
#5625=EDGE_CURVE('',#6419,#6418,#1015,.T.);
#5626=EDGE_CURVE('',#6420,#6419,#1016,.T.);
#5627=EDGE_CURVE('',#6420,#6417,#1017,.T.);
#5628=EDGE_CURVE('',#6421,#6417,#1018,.T.);
#5629=EDGE_CURVE('',#6422,#6420,#1019,.T.);
#5630=EDGE_CURVE('',#6422,#6421,#1020,.T.);
#5631=EDGE_CURVE('',#6423,#6421,#1021,.T.);
#5632=EDGE_CURVE('',#6424,#6422,#1022,.T.);
#5633=EDGE_CURVE('',#6424,#6423,#1023,.T.);
#5634=EDGE_CURVE('',#6418,#6423,#1024,.T.);
#5635=EDGE_CURVE('',#6419,#6424,#1025,.T.);
#5636=EDGE_CURVE('',#6425,#6426,#1026,.T.);
#5637=EDGE_CURVE('',#6427,#6426,#1027,.T.);
#5638=EDGE_CURVE('',#6428,#6427,#1028,.T.);
#5639=EDGE_CURVE('',#6428,#6425,#1029,.T.);
#5640=EDGE_CURVE('',#6429,#6425,#1030,.T.);
#5641=EDGE_CURVE('',#6430,#6428,#1031,.T.);
#5642=EDGE_CURVE('',#6430,#6429,#1032,.T.);
#5643=EDGE_CURVE('',#6431,#6429,#1033,.T.);
#5644=EDGE_CURVE('',#6432,#6430,#1034,.T.);
#5645=EDGE_CURVE('',#6432,#6431,#1035,.T.);
#5646=EDGE_CURVE('',#6426,#6431,#1036,.T.);
#5647=EDGE_CURVE('',#6427,#6432,#1037,.T.);
#5648=EDGE_CURVE('',#6433,#6434,#6613,.T.);
#5649=EDGE_CURVE('',#6435,#6433,#1038,.T.);
#5650=EDGE_CURVE('',#6436,#6435,#6614,.T.);
#5651=EDGE_CURVE('',#6437,#6436,#1039,.T.);
#5652=EDGE_CURVE('',#6438,#6437,#6615,.T.);
#5653=EDGE_CURVE('',#6439,#6438,#1040,.T.);
#5654=EDGE_CURVE('',#6440,#6439,#6616,.T.);
#5655=EDGE_CURVE('',#6434,#6440,#1041,.T.);
#5656=EDGE_CURVE('',#6441,#6441,#6617,.T.);
#5657=EDGE_CURVE('',#6442,#6442,#6618,.T.);
#5658=EDGE_CURVE('',#6443,#6443,#6619,.T.);
#5659=EDGE_CURVE('',#6444,#6444,#6620,.T.);
#5660=EDGE_CURVE('',#6445,#6434,#1042,.T.);
#5661=EDGE_CURVE('',#6446,#6440,#1043,.T.);
#5662=EDGE_CURVE('',#6445,#6446,#1044,.T.);
#5663=EDGE_CURVE('',#6447,#6433,#1045,.T.);
#5664=EDGE_CURVE('',#6447,#6445,#6621,.T.);
#5665=EDGE_CURVE('',#6448,#6439,#1046,.T.);
#5666=EDGE_CURVE('',#6446,#6448,#6622,.T.);
#5667=EDGE_CURVE('',#6448,#6449,#1047,.T.);
#5668=EDGE_CURVE('',#6449,#6450,#6623,.T.);
#5669=EDGE_CURVE('',#6450,#6451,#1048,.T.);
#5670=EDGE_CURVE('',#6451,#6452,#6624,.T.);
#5671=EDGE_CURVE('',#6452,#6447,#1049,.T.);
#5672=EDGE_CURVE('',#6453,#6453,#6625,.T.);
#5673=EDGE_CURVE('',#6454,#6454,#6626,.T.);
#5674=EDGE_CURVE('',#6455,#6455,#6627,.T.);
#5675=EDGE_CURVE('',#6456,#6456,#6628,.T.);
#5676=EDGE_CURVE('',#6449,#6438,#1050,.T.);
#5677=EDGE_CURVE('',#6450,#6437,#1051,.T.);
#5678=EDGE_CURVE('',#6451,#6436,#1052,.T.);
#5679=EDGE_CURVE('',#6452,#6435,#1053,.T.);
#5680=EDGE_CURVE('',#6457,#6457,#6629,.T.);
#5681=EDGE_CURVE('',#6458,#6458,#6630,.T.);
#5682=EDGE_CURVE('',#6459,#6459,#6631,.T.);
#5683=EDGE_CURVE('',#6460,#6461,#6632,.T.);
#5684=EDGE_CURVE('',#6460,#6462,#1054,.T.);
#5685=EDGE_CURVE('',#6463,#6462,#6633,.T.);
#5686=EDGE_CURVE('',#6461,#6463,#1055,.T.);
#5687=EDGE_CURVE('',#6463,#6462,#1056,.T.);
#5688=EDGE_CURVE('',#6461,#6460,#1057,.T.);
#5689=EDGE_CURVE('',#6464,#6465,#1058,.T.);
#5690=EDGE_CURVE('',#6466,#6464,#1059,.T.);
#5691=EDGE_CURVE('',#6466,#6467,#1060,.T.);
#5692=EDGE_CURVE('',#6467,#6465,#1061,.T.);
#5693=EDGE_CURVE('',#6464,#6468,#1062,.T.);
#5694=EDGE_CURVE('',#6469,#6468,#1063,.T.);
#5695=EDGE_CURVE('',#6466,#6469,#1064,.T.);
#5696=EDGE_CURVE('',#6470,#6468,#1065,.T.);
#5697=EDGE_CURVE('',#6471,#6470,#1066,.T.);
#5698=EDGE_CURVE('',#6471,#6469,#1067,.T.);
#5699=EDGE_CURVE('',#6470,#6465,#1068,.T.);
#5700=EDGE_CURVE('',#6471,#6467,#1069,.T.);
#5701=EDGE_CURVE('',#6472,#6473,#1070,.T.);
#5702=EDGE_CURVE('',#6474,#6472,#1071,.T.);
#5703=EDGE_CURVE('',#6474,#6475,#1072,.T.);
#5704=EDGE_CURVE('',#6475,#6473,#1073,.T.);
#5705=EDGE_CURVE('',#6472,#6476,#1074,.T.);
#5706=EDGE_CURVE('',#6477,#6476,#1075,.T.);
#5707=EDGE_CURVE('',#6474,#6477,#1076,.T.);
#5708=EDGE_CURVE('',#6476,#6478,#1077,.T.);
#5709=EDGE_CURVE('',#6479,#6478,#1078,.T.);
#5710=EDGE_CURVE('',#6477,#6479,#1079,.T.);
#5711=EDGE_CURVE('',#6473,#6478,#1080,.T.);
#5712=EDGE_CURVE('',#6475,#6479,#1081,.T.);
#5713=EDGE_CURVE('',#6480,#6480,#6634,.T.);
#5714=EDGE_CURVE('',#6481,#6481,#6635,.T.);
#5715=EDGE_CURVE('',#6482,#6483,#1082,.T.);
#5716=EDGE_CURVE('',#6482,#6484,#1083,.T.);
#5717=EDGE_CURVE('',#6484,#6485,#1084,.T.);
#5718=EDGE_CURVE('',#6486,#6485,#1085,.T.);
#5719=EDGE_CURVE('',#6486,#6483,#1086,.T.);
#5720=EDGE_CURVE('',#6484,#6487,#1087,.T.);
#5721=EDGE_CURVE('',#6487,#6488,#1088,.T.);
#5722=EDGE_CURVE('',#6488,#6489,#1089,.T.);
#5723=EDGE_CURVE('',#6485,#6489,#1090,.T.);
#5724=EDGE_CURVE('',#6485,#6490,#1091,.T.);
#5725=EDGE_CURVE('',#6491,#6489,#1092,.T.);
#5726=EDGE_CURVE('',#6491,#6492,#1093,.T.);
#5727=EDGE_CURVE('',#6492,#6493,#1094,.T.);
#5728=EDGE_CURVE('',#6490,#6493,#1095,.T.);
#5729=EDGE_CURVE('',#6494,#6495,#6636,.F.);
#5730=EDGE_CURVE('',#6496,#6494,#1096,.T.);
#5731=EDGE_CURVE('',#6497,#6496,#6637,.T.);
#5732=EDGE_CURVE('',#6497,#6498,#1097,.T.);
#5733=EDGE_CURVE('',#6498,#6499,#6638,.F.);
#5734=EDGE_CURVE('',#6500,#6499,#1098,.T.);
#5735=EDGE_CURVE('',#6501,#6500,#6639,.T.);
#5736=EDGE_CURVE('',#6501,#6495,#1099,.T.);
#5737=EDGE_CURVE('',#6502,#6503,#1100,.T.);
#5738=EDGE_CURVE('',#6502,#6504,#1101,.T.);
#5739=EDGE_CURVE('',#6504,#6505,#1102,.T.);
#5740=EDGE_CURVE('',#6503,#6505,#1103,.T.);
#5741=EDGE_CURVE('',#6506,#6507,#1104,.T.);
#5742=EDGE_CURVE('',#6507,#6502,#1105,.T.);
#5743=EDGE_CURVE('',#6508,#6503,#1106,.T.);
#5744=EDGE_CURVE('',#6509,#6508,#1107,.T.);
#5745=EDGE_CURVE('',#6506,#6509,#1108,.T.);
#5746=EDGE_CURVE('',#6510,#6504,#1109,.T.);
#5747=EDGE_CURVE('',#6511,#6510,#1110,.T.);
#5748=EDGE_CURVE('',#6511,#6512,#1111,.T.);
#5749=EDGE_CURVE('',#6512,#6513,#1112,.T.);
#5750=EDGE_CURVE('',#6513,#6505,#1113,.T.);
#5751=EDGE_CURVE('',#6514,#6515,#1114,.T.);
#5752=EDGE_CURVE('',#6499,#6514,#1115,.T.);
#5753=EDGE_CURVE('',#6498,#6515,#1116,.T.);
#5754=EDGE_CURVE('',#6515,#6516,#1117,.T.);
#5755=EDGE_CURVE('',#6516,#6497,#1118,.T.);
#5756=EDGE_CURVE('',#6514,#6517,#1119,.T.);
#5757=EDGE_CURVE('',#6517,#6500,#1120,.T.);
#5758=EDGE_CURVE('',#6518,#6519,#1121,.T.);
#5759=EDGE_CURVE('',#6520,#6518,#1122,.T.);
#5760=EDGE_CURVE('',#6521,#6520,#1123,.T.);
#5761=EDGE_CURVE('',#6521,#6506,#1124,.T.);
#5762=EDGE_CURVE('',#6512,#6509,#1125,.T.);
#5763=EDGE_CURVE('',#6511,#6522,#1126,.T.);
#5764=EDGE_CURVE('',#6522,#6523,#1127,.T.);
#5765=EDGE_CURVE('',#6524,#6523,#1128,.T.);
#5766=EDGE_CURVE('',#6524,#6525,#1129,.T.);
#5767=EDGE_CURVE('',#6525,#6526,#1130,.T.);
#5768=EDGE_CURVE('',#6526,#6501,#1131,.T.);
#5769=EDGE_CURVE('',#6527,#6501,#1132,.T.);
#5770=EDGE_CURVE('',#6527,#6528,#1133,.T.);
#5771=EDGE_CURVE('',#6528,#6519,#1134,.T.);
#5772=EDGE_CURVE('',#6527,#6529,#1135,.T.);
#5773=EDGE_CURVE('',#6529,#6517,#1136,.T.);
#5774=EDGE_CURVE('',#6530,#6531,#1137,.T.);
#5775=EDGE_CURVE('',#6532,#6530,#6640,.T.);
#5776=EDGE_CURVE('',#6533,#6532,#1138,.T.);
#5777=EDGE_CURVE('',#6533,#6534,#6641,.T.);
#5778=EDGE_CURVE('',#6534,#6522,#1139,.T.);
#5779=EDGE_CURVE('',#6535,#6522,#6642,.T.);
#5780=EDGE_CURVE('',#6535,#6536,#1140,.T.);
#5781=EDGE_CURVE('',#6531,#6536,#6643,.F.);
#5782=EDGE_CURVE('',#6532,#6521,#1141,.T.);
#5783=EDGE_CURVE('',#6537,#6530,#1142,.T.);
#5784=EDGE_CURVE('',#6507,#6537,#1143,.T.);
#5785=EDGE_CURVE('',#6523,#6538,#1144,.T.);
#5786=EDGE_CURVE('',#6534,#6539,#1145,.T.);
#5787=EDGE_CURVE('',#6539,#6538,#1146,.T.);
#5788=EDGE_CURVE('',#6540,#6541,#1147,.T.);
#5789=EDGE_CURVE('',#6542,#6540,#1148,.T.);
#5790=EDGE_CURVE('',#6542,#6543,#1149,.T.);
#5791=EDGE_CURVE('',#6543,#6541,#1150,.T.);
#5792=EDGE_CURVE('',#6508,#6513,#1151,.T.);
#5793=EDGE_CURVE('',#6538,#6544,#1152,.T.);
#5794=EDGE_CURVE('',#6545,#6539,#1153,.T.);
#5795=EDGE_CURVE('',#6545,#6546,#1154,.T.);
#5796=EDGE_CURVE('',#6546,#6482,#1155,.T.);
#5797=EDGE_CURVE('',#6547,#6483,#1156,.T.);
#5798=EDGE_CURVE('',#6547,#6548,#1157,.T.);
#5799=EDGE_CURVE('',#6548,#6544,#1158,.T.);
#5800=EDGE_CURVE('',#6526,#6547,#1159,.T.);
#5801=EDGE_CURVE('',#6495,#6486,#1160,.T.);
#5802=EDGE_CURVE('',#6532,#6496,#1161,.T.);
#5803=EDGE_CURVE('',#6494,#6549,#1162,.T.);
#5804=EDGE_CURVE('',#6549,#6550,#1163,.T.);
#5805=EDGE_CURVE('',#6551,#6550,#1164,.T.);
#5806=EDGE_CURVE('',#6552,#6551,#1165,.T.);
#5807=EDGE_CURVE('',#6553,#6552,#1166,.T.);
#5808=EDGE_CURVE('',#6554,#6553,#1167,.T.);
#5809=EDGE_CURVE('',#6554,#6533,#1168,.T.);
#5810=EDGE_CURVE('',#6496,#6520,#1169,.T.);
#5811=EDGE_CURVE('',#6555,#6546,#1170,.T.);
#5812=EDGE_CURVE('',#6554,#6545,#1171,.T.);
#5813=EDGE_CURVE('',#6553,#6556,#1172,.T.);
#5814=EDGE_CURVE('',#6556,#6555,#1173,.T.);
#5815=EDGE_CURVE('',#6557,#6490,#1174,.T.);
#5816=EDGE_CURVE('',#6551,#6557,#1175,.T.);
#5817=EDGE_CURVE('',#6550,#6558,#1176,.T.);
#5818=EDGE_CURVE('',#6490,#6558,#1177,.T.);
#5819=EDGE_CURVE('',#6518,#6559,#1178,.T.);
#5820=EDGE_CURVE('',#6559,#6516,#1179,.T.);
#5821=EDGE_CURVE('',#6510,#6560,#1180,.T.);
#5822=EDGE_CURVE('',#6560,#6535,#1181,.T.);
#5823=EDGE_CURVE('',#6525,#6548,#1182,.T.);
#5824=EDGE_CURVE('',#6524,#6544,#1183,.T.);
#5825=EDGE_CURVE('',#6561,#6562,#1184,.T.);
#5826=EDGE_CURVE('',#6531,#6561,#1185,.T.);
#5827=EDGE_CURVE('',#6536,#6562,#1186,.T.);
#5828=EDGE_CURVE('',#6537,#6561,#1187,.T.);
#5829=EDGE_CURVE('',#6560,#6562,#1188,.T.);
#5830=EDGE_CURVE('',#6563,#6541,#1189,.T.);
#5831=EDGE_CURVE('',#6563,#6564,#1190,.T.);
#5832=EDGE_CURVE('',#6564,#6540,#1191,.T.);
#5833=EDGE_CURVE('',#6564,#6559,#1192,.T.);
#5834=EDGE_CURVE('',#6519,#6542,#1193,.T.);
#5835=EDGE_CURVE('',#6528,#6543,#1194,.T.);
#5836=EDGE_CURVE('',#6563,#6529,#1195,.T.);
#5837=EDGE_CURVE('',#6559,#6507,#1196,.T.);
#5838=EDGE_CURVE('',#6516,#6537,#1197,.T.);
#5839=EDGE_CURVE('',#6529,#6510,#1198,.T.);
#5840=EDGE_CURVE('',#6517,#6560,#1199,.T.);
#5841=EDGE_CURVE('',#6565,#6557,#1200,.T.);
#5842=EDGE_CURVE('',#6552,#6565,#1201,.T.);
#5843=EDGE_CURVE('',#6566,#6493,#1202,.T.);
#5844=EDGE_CURVE('',#6565,#6566,#1203,.T.);
#5845=EDGE_CURVE('',#6567,#6492,#1204,.T.);
#5846=EDGE_CURVE('',#6567,#6566,#1205,.T.);
#5847=EDGE_CURVE('',#6556,#6567,#1206,.T.);
#5848=EDGE_CURVE('',#6495,#6568,#1207,.T.);
#5849=EDGE_CURVE('',#6549,#6568,#1208,.T.);
#5850=EDGE_CURVE('',#6568,#6558,#1209,.T.);
#5851=EDGE_CURVE('',#6555,#6569,#1210,.T.);
#5852=EDGE_CURVE('',#6569,#6482,#1211,.T.);
#5853=EDGE_CURVE('',#6570,#6488,#1212,.T.);
#5854=EDGE_CURVE('',#6570,#6491,#1213,.T.);
#5855=EDGE_CURVE('',#6571,#6487,#1214,.T.);
#5856=EDGE_CURVE('',#6571,#6570,#1215,.T.);
#5857=EDGE_CURVE('',#6569,#6571,#1216,.T.);
#5858=VERTEX_POINT('',#11868);
#5859=VERTEX_POINT('',#11870);
#5860=VERTEX_POINT('',#11873);
#5861=VERTEX_POINT('',#11876);
#5862=VERTEX_POINT('',#11877);
#5863=VERTEX_POINT('',#11879);
#5864=VERTEX_POINT('',#11881);
#5865=VERTEX_POINT('',#11883);
#5866=VERTEX_POINT('',#11885);
#5867=VERTEX_POINT('',#11887);
#5868=VERTEX_POINT('',#11889);
#5869=VERTEX_POINT('',#11891);
#5870=VERTEX_POINT('',#11893);
#5871=VERTEX_POINT('',#11897);
#5872=VERTEX_POINT('',#11899);
#5873=VERTEX_POINT('',#11903);
#5874=VERTEX_POINT('',#11907);
#5875=VERTEX_POINT('',#11911);
#5876=VERTEX_POINT('',#11915);
#5877=VERTEX_POINT('',#11919);
#5878=VERTEX_POINT('',#11923);
#5879=VERTEX_POINT('',#11927);
#5880=VERTEX_POINT('',#11931);
#5881=VERTEX_POINT('',#11937);
#5882=VERTEX_POINT('',#11939);
#5883=VERTEX_POINT('',#11942);
#5884=VERTEX_POINT('',#11946);
#5885=VERTEX_POINT('',#11950);
#5886=VERTEX_POINT('',#11955);
#5887=VERTEX_POINT('',#11956);
#5888=VERTEX_POINT('',#11958);
#5889=VERTEX_POINT('',#11960);
#5890=VERTEX_POINT('',#11964);
#5891=VERTEX_POINT('',#11966);
#5892=VERTEX_POINT('',#11970);
#5893=VERTEX_POINT('',#11972);
#5894=VERTEX_POINT('',#11979);
#5895=VERTEX_POINT('',#11983);
#5896=VERTEX_POINT('',#11986);
#5897=VERTEX_POINT('',#11989);
#5898=VERTEX_POINT('',#11992);
#5899=VERTEX_POINT('',#11993);
#5900=VERTEX_POINT('',#11995);
#5901=VERTEX_POINT('',#11997);
#5902=VERTEX_POINT('',#12001);
#5903=VERTEX_POINT('',#12002);
#5904=VERTEX_POINT('',#12007);
#5905=VERTEX_POINT('',#12008);
#5906=VERTEX_POINT('',#12013);
#5907=VERTEX_POINT('',#12015);
#5908=VERTEX_POINT('',#12019);
#5909=VERTEX_POINT('',#12020);
#5910=VERTEX_POINT('',#12022);
#5911=VERTEX_POINT('',#12024);
#5912=VERTEX_POINT('',#12043);
#5913=VERTEX_POINT('',#12044);
#5914=VERTEX_POINT('',#12046);
#5915=VERTEX_POINT('',#12048);
#5916=VERTEX_POINT('',#12050);
#5917=VERTEX_POINT('',#12052);
#5918=VERTEX_POINT('',#12054);
#5919=VERTEX_POINT('',#12056);
#5920=VERTEX_POINT('',#12058);
#5921=VERTEX_POINT('',#12060);
#5922=VERTEX_POINT('',#12064);
#5923=VERTEX_POINT('',#12065);
#5924=VERTEX_POINT('',#12067);
#5925=VERTEX_POINT('',#12075);
#5926=VERTEX_POINT('',#12076);
#5927=VERTEX_POINT('',#12078);
#5928=VERTEX_POINT('',#12082);
#5929=VERTEX_POINT('',#12083);
#5930=VERTEX_POINT('',#12085);
#5931=VERTEX_POINT('',#12089);
#5932=VERTEX_POINT('',#12091);
#5933=VERTEX_POINT('',#12094);
#5934=VERTEX_POINT('',#12096);
#5935=VERTEX_POINT('',#12100);
#5936=VERTEX_POINT('',#12101);
#5937=VERTEX_POINT('',#12103);
#5938=VERTEX_POINT('',#12105);
#5939=VERTEX_POINT('',#12109);
#5940=VERTEX_POINT('',#12110);
#5941=VERTEX_POINT('',#12112);
#5942=VERTEX_POINT('',#12139);
#5943=VERTEX_POINT('',#12148);
#5944=VERTEX_POINT('',#12149);
#5945=VERTEX_POINT('',#12151);
#5946=VERTEX_POINT('',#12153);
#5947=VERTEX_POINT('',#12157);
#5948=VERTEX_POINT('',#12159);
#5949=VERTEX_POINT('',#12163);
#5950=VERTEX_POINT('',#12165);
#5951=VERTEX_POINT('',#12172);
#5952=VERTEX_POINT('',#12175);
#5953=VERTEX_POINT('',#12180);
#5954=VERTEX_POINT('',#12181);
#5955=VERTEX_POINT('',#12183);
#5956=VERTEX_POINT('',#12185);
#5957=VERTEX_POINT('',#12189);
#5958=VERTEX_POINT('',#12190);
#5959=VERTEX_POINT('',#12195);
#5960=VERTEX_POINT('',#12199);
#5961=VERTEX_POINT('',#12205);
#5962=VERTEX_POINT('',#12206);
#5963=VERTEX_POINT('',#12208);
#5964=VERTEX_POINT('',#12210);
#5965=VERTEX_POINT('',#12214);
#5966=VERTEX_POINT('',#12215);
#5967=VERTEX_POINT('',#12220);
#5968=VERTEX_POINT('',#12224);
#5969=VERTEX_POINT('',#12230);
#5970=VERTEX_POINT('',#12231);
#5971=VERTEX_POINT('',#12233);
#5972=VERTEX_POINT('',#12235);
#5973=VERTEX_POINT('',#12239);
#5974=VERTEX_POINT('',#12240);
#5975=VERTEX_POINT('',#12245);
#5976=VERTEX_POINT('',#12249);
#5977=VERTEX_POINT('',#12255);
#5978=VERTEX_POINT('',#12256);
#5979=VERTEX_POINT('',#12258);
#5980=VERTEX_POINT('',#12260);
#5981=VERTEX_POINT('',#12264);
#5982=VERTEX_POINT('',#12265);
#5983=VERTEX_POINT('',#12270);
#5984=VERTEX_POINT('',#12274);
#5985=VERTEX_POINT('',#12280);
#5986=VERTEX_POINT('',#12281);
#5987=VERTEX_POINT('',#12283);
#5988=VERTEX_POINT('',#12285);
#5989=VERTEX_POINT('',#12289);
#5990=VERTEX_POINT('',#12290);
#5991=VERTEX_POINT('',#12295);
#5992=VERTEX_POINT('',#12299);
#5993=VERTEX_POINT('',#12305);
#5994=VERTEX_POINT('',#12306);
#5995=VERTEX_POINT('',#12308);
#5996=VERTEX_POINT('',#12310);
#5997=VERTEX_POINT('',#12314);
#5998=VERTEX_POINT('',#12315);
#5999=VERTEX_POINT('',#12320);
#6000=VERTEX_POINT('',#12324);
#6001=VERTEX_POINT('',#12330);
#6002=VERTEX_POINT('',#12331);
#6003=VERTEX_POINT('',#12333);
#6004=VERTEX_POINT('',#12335);
#6005=VERTEX_POINT('',#12339);
#6006=VERTEX_POINT('',#12340);
#6007=VERTEX_POINT('',#12345);
#6008=VERTEX_POINT('',#12349);
#6009=VERTEX_POINT('',#12355);
#6010=VERTEX_POINT('',#12356);
#6011=VERTEX_POINT('',#12358);
#6012=VERTEX_POINT('',#12360);
#6013=VERTEX_POINT('',#12364);
#6014=VERTEX_POINT('',#12365);
#6015=VERTEX_POINT('',#12370);
#6016=VERTEX_POINT('',#12374);
#6017=VERTEX_POINT('',#12380);
#6018=VERTEX_POINT('',#12381);
#6019=VERTEX_POINT('',#12383);
#6020=VERTEX_POINT('',#12385);
#6021=VERTEX_POINT('',#12389);
#6022=VERTEX_POINT('',#12390);
#6023=VERTEX_POINT('',#12395);
#6024=VERTEX_POINT('',#12399);
#6025=VERTEX_POINT('',#12405);
#6026=VERTEX_POINT('',#12406);
#6027=VERTEX_POINT('',#12408);
#6028=VERTEX_POINT('',#12410);
#6029=VERTEX_POINT('',#12414);
#6030=VERTEX_POINT('',#12415);
#6031=VERTEX_POINT('',#12420);
#6032=VERTEX_POINT('',#12424);
#6033=VERTEX_POINT('',#12430);
#6034=VERTEX_POINT('',#12431);
#6035=VERTEX_POINT('',#12433);
#6036=VERTEX_POINT('',#12435);
#6037=VERTEX_POINT('',#12439);
#6038=VERTEX_POINT('',#12440);
#6039=VERTEX_POINT('',#12445);
#6040=VERTEX_POINT('',#12449);
#6041=VERTEX_POINT('',#12455);
#6042=VERTEX_POINT('',#12456);
#6043=VERTEX_POINT('',#12458);
#6044=VERTEX_POINT('',#12460);
#6045=VERTEX_POINT('',#12464);
#6046=VERTEX_POINT('',#12465);
#6047=VERTEX_POINT('',#12470);
#6048=VERTEX_POINT('',#12474);
#6049=VERTEX_POINT('',#12480);
#6050=VERTEX_POINT('',#12481);
#6051=VERTEX_POINT('',#12483);
#6052=VERTEX_POINT('',#12485);
#6053=VERTEX_POINT('',#12489);
#6054=VERTEX_POINT('',#12490);
#6055=VERTEX_POINT('',#12495);
#6056=VERTEX_POINT('',#12499);
#6057=VERTEX_POINT('',#12505);
#6058=VERTEX_POINT('',#12506);
#6059=VERTEX_POINT('',#12508);
#6060=VERTEX_POINT('',#12510);
#6061=VERTEX_POINT('',#12514);
#6062=VERTEX_POINT('',#12515);
#6063=VERTEX_POINT('',#12520);
#6064=VERTEX_POINT('',#12524);
#6065=VERTEX_POINT('',#12530);
#6066=VERTEX_POINT('',#12531);
#6067=VERTEX_POINT('',#12533);
#6068=VERTEX_POINT('',#12535);
#6069=VERTEX_POINT('',#12539);
#6070=VERTEX_POINT('',#12540);
#6071=VERTEX_POINT('',#12545);
#6072=VERTEX_POINT('',#12549);
#6073=VERTEX_POINT('',#12555);
#6074=VERTEX_POINT('',#12556);
#6075=VERTEX_POINT('',#12558);
#6076=VERTEX_POINT('',#12560);
#6077=VERTEX_POINT('',#12564);
#6078=VERTEX_POINT('',#12565);
#6079=VERTEX_POINT('',#12570);
#6080=VERTEX_POINT('',#12574);
#6081=VERTEX_POINT('',#12580);
#6082=VERTEX_POINT('',#12581);
#6083=VERTEX_POINT('',#12583);
#6084=VERTEX_POINT('',#12585);
#6085=VERTEX_POINT('',#12589);
#6086=VERTEX_POINT('',#12590);
#6087=VERTEX_POINT('',#12595);
#6088=VERTEX_POINT('',#12599);
#6089=VERTEX_POINT('',#12605);
#6090=VERTEX_POINT('',#12606);
#6091=VERTEX_POINT('',#12608);
#6092=VERTEX_POINT('',#12610);
#6093=VERTEX_POINT('',#12614);
#6094=VERTEX_POINT('',#12615);
#6095=VERTEX_POINT('',#12620);
#6096=VERTEX_POINT('',#12624);
#6097=VERTEX_POINT('',#12630);
#6098=VERTEX_POINT('',#12631);
#6099=VERTEX_POINT('',#12633);
#6100=VERTEX_POINT('',#12635);
#6101=VERTEX_POINT('',#12639);
#6102=VERTEX_POINT('',#12640);
#6103=VERTEX_POINT('',#12645);
#6104=VERTEX_POINT('',#12649);
#6105=VERTEX_POINT('',#12655);
#6106=VERTEX_POINT('',#12656);
#6107=VERTEX_POINT('',#12658);
#6108=VERTEX_POINT('',#12660);
#6109=VERTEX_POINT('',#12664);
#6110=VERTEX_POINT('',#12665);
#6111=VERTEX_POINT('',#12670);
#6112=VERTEX_POINT('',#12674);
#6113=VERTEX_POINT('',#12680);
#6114=VERTEX_POINT('',#12681);
#6115=VERTEX_POINT('',#12683);
#6116=VERTEX_POINT('',#12685);
#6117=VERTEX_POINT('',#12689);
#6118=VERTEX_POINT('',#12690);
#6119=VERTEX_POINT('',#12695);
#6120=VERTEX_POINT('',#12699);
#6121=VERTEX_POINT('',#12705);
#6122=VERTEX_POINT('',#12706);
#6123=VERTEX_POINT('',#12708);
#6124=VERTEX_POINT('',#12710);
#6125=VERTEX_POINT('',#12714);
#6126=VERTEX_POINT('',#12715);
#6127=VERTEX_POINT('',#12720);
#6128=VERTEX_POINT('',#12724);
#6129=VERTEX_POINT('',#12730);
#6130=VERTEX_POINT('',#12731);
#6131=VERTEX_POINT('',#12733);
#6132=VERTEX_POINT('',#12735);
#6133=VERTEX_POINT('',#12739);
#6134=VERTEX_POINT('',#12740);
#6135=VERTEX_POINT('',#12745);
#6136=VERTEX_POINT('',#12749);
#6137=VERTEX_POINT('',#12755);
#6138=VERTEX_POINT('',#12756);
#6139=VERTEX_POINT('',#12758);
#6140=VERTEX_POINT('',#12760);
#6141=VERTEX_POINT('',#12764);
#6142=VERTEX_POINT('',#12765);
#6143=VERTEX_POINT('',#12770);
#6144=VERTEX_POINT('',#12774);
#6145=VERTEX_POINT('',#12780);
#6146=VERTEX_POINT('',#12781);
#6147=VERTEX_POINT('',#12783);
#6148=VERTEX_POINT('',#12785);
#6149=VERTEX_POINT('',#12789);
#6150=VERTEX_POINT('',#12790);
#6151=VERTEX_POINT('',#12795);
#6152=VERTEX_POINT('',#12799);
#6153=VERTEX_POINT('',#12805);
#6154=VERTEX_POINT('',#12806);
#6155=VERTEX_POINT('',#12808);
#6156=VERTEX_POINT('',#12810);
#6157=VERTEX_POINT('',#12814);
#6158=VERTEX_POINT('',#12815);
#6159=VERTEX_POINT('',#12820);
#6160=VERTEX_POINT('',#12824);
#6161=VERTEX_POINT('',#12830);
#6162=VERTEX_POINT('',#12831);
#6163=VERTEX_POINT('',#12833);
#6164=VERTEX_POINT('',#12835);
#6165=VERTEX_POINT('',#12839);
#6166=VERTEX_POINT('',#12840);
#6167=VERTEX_POINT('',#12845);
#6168=VERTEX_POINT('',#12849);
#6169=VERTEX_POINT('',#12855);
#6170=VERTEX_POINT('',#12856);
#6171=VERTEX_POINT('',#12858);
#6172=VERTEX_POINT('',#12860);
#6173=VERTEX_POINT('',#12864);
#6174=VERTEX_POINT('',#12865);
#6175=VERTEX_POINT('',#12870);
#6176=VERTEX_POINT('',#12874);
#6177=VERTEX_POINT('',#12880);
#6178=VERTEX_POINT('',#12881);
#6179=VERTEX_POINT('',#12883);
#6180=VERTEX_POINT('',#12885);
#6181=VERTEX_POINT('',#12889);
#6182=VERTEX_POINT('',#12890);
#6183=VERTEX_POINT('',#12895);
#6184=VERTEX_POINT('',#12899);
#6185=VERTEX_POINT('',#12905);
#6186=VERTEX_POINT('',#12906);
#6187=VERTEX_POINT('',#12908);
#6188=VERTEX_POINT('',#12910);
#6189=VERTEX_POINT('',#12914);
#6190=VERTEX_POINT('',#12915);
#6191=VERTEX_POINT('',#12920);
#6192=VERTEX_POINT('',#12924);
#6193=VERTEX_POINT('',#12930);
#6194=VERTEX_POINT('',#12931);
#6195=VERTEX_POINT('',#12933);
#6196=VERTEX_POINT('',#12935);
#6197=VERTEX_POINT('',#12939);
#6198=VERTEX_POINT('',#12941);
#6199=VERTEX_POINT('',#12945);
#6200=VERTEX_POINT('',#12947);
#6201=VERTEX_POINT('',#12954);
#6202=VERTEX_POINT('',#12955);
#6203=VERTEX_POINT('',#12957);
#6204=VERTEX_POINT('',#12959);
#6205=VERTEX_POINT('',#12963);
#6206=VERTEX_POINT('',#12965);
#6207=VERTEX_POINT('',#12969);
#6208=VERTEX_POINT('',#12971);
#6209=VERTEX_POINT('',#12978);
#6210=VERTEX_POINT('',#12979);
#6211=VERTEX_POINT('',#12981);
#6212=VERTEX_POINT('',#12983);
#6213=VERTEX_POINT('',#12987);
#6214=VERTEX_POINT('',#12989);
#6215=VERTEX_POINT('',#12993);
#6216=VERTEX_POINT('',#12995);
#6217=VERTEX_POINT('',#13002);
#6218=VERTEX_POINT('',#13003);
#6219=VERTEX_POINT('',#13005);
#6220=VERTEX_POINT('',#13007);
#6221=VERTEX_POINT('',#13011);
#6222=VERTEX_POINT('',#13013);
#6223=VERTEX_POINT('',#13017);
#6224=VERTEX_POINT('',#13019);
#6225=VERTEX_POINT('',#13026);
#6226=VERTEX_POINT('',#13027);
#6227=VERTEX_POINT('',#13029);
#6228=VERTEX_POINT('',#13031);
#6229=VERTEX_POINT('',#13035);
#6230=VERTEX_POINT('',#13037);
#6231=VERTEX_POINT('',#13041);
#6232=VERTEX_POINT('',#13043);
#6233=VERTEX_POINT('',#13050);
#6234=VERTEX_POINT('',#13051);
#6235=VERTEX_POINT('',#13053);
#6236=VERTEX_POINT('',#13055);
#6237=VERTEX_POINT('',#13059);
#6238=VERTEX_POINT('',#13061);
#6239=VERTEX_POINT('',#13065);
#6240=VERTEX_POINT('',#13067);
#6241=VERTEX_POINT('',#13074);
#6242=VERTEX_POINT('',#13075);
#6243=VERTEX_POINT('',#13077);
#6244=VERTEX_POINT('',#13079);
#6245=VERTEX_POINT('',#13083);
#6246=VERTEX_POINT('',#13085);
#6247=VERTEX_POINT('',#13089);
#6248=VERTEX_POINT('',#13091);
#6249=VERTEX_POINT('',#13098);
#6250=VERTEX_POINT('',#13099);
#6251=VERTEX_POINT('',#13101);
#6252=VERTEX_POINT('',#13103);
#6253=VERTEX_POINT('',#13107);
#6254=VERTEX_POINT('',#13109);
#6255=VERTEX_POINT('',#13113);
#6256=VERTEX_POINT('',#13115);
#6257=VERTEX_POINT('',#13122);
#6258=VERTEX_POINT('',#13123);
#6259=VERTEX_POINT('',#13125);
#6260=VERTEX_POINT('',#13127);
#6261=VERTEX_POINT('',#13131);
#6262=VERTEX_POINT('',#13133);
#6263=VERTEX_POINT('',#13137);
#6264=VERTEX_POINT('',#13139);
#6265=VERTEX_POINT('',#13146);
#6266=VERTEX_POINT('',#13147);
#6267=VERTEX_POINT('',#13149);
#6268=VERTEX_POINT('',#13151);
#6269=VERTEX_POINT('',#13155);
#6270=VERTEX_POINT('',#13157);
#6271=VERTEX_POINT('',#13161);
#6272=VERTEX_POINT('',#13163);
#6273=VERTEX_POINT('',#13170);
#6274=VERTEX_POINT('',#13171);
#6275=VERTEX_POINT('',#13173);
#6276=VERTEX_POINT('',#13175);
#6277=VERTEX_POINT('',#13179);
#6278=VERTEX_POINT('',#13181);
#6279=VERTEX_POINT('',#13185);
#6280=VERTEX_POINT('',#13187);
#6281=VERTEX_POINT('',#13194);
#6282=VERTEX_POINT('',#13195);
#6283=VERTEX_POINT('',#13197);
#6284=VERTEX_POINT('',#13199);
#6285=VERTEX_POINT('',#13203);
#6286=VERTEX_POINT('',#13205);
#6287=VERTEX_POINT('',#13209);
#6288=VERTEX_POINT('',#13211);
#6289=VERTEX_POINT('',#13218);
#6290=VERTEX_POINT('',#13219);
#6291=VERTEX_POINT('',#13221);
#6292=VERTEX_POINT('',#13223);
#6293=VERTEX_POINT('',#13227);
#6294=VERTEX_POINT('',#13229);
#6295=VERTEX_POINT('',#13233);
#6296=VERTEX_POINT('',#13235);
#6297=VERTEX_POINT('',#13242);
#6298=VERTEX_POINT('',#13243);
#6299=VERTEX_POINT('',#13245);
#6300=VERTEX_POINT('',#13247);
#6301=VERTEX_POINT('',#13251);
#6302=VERTEX_POINT('',#13253);
#6303=VERTEX_POINT('',#13257);
#6304=VERTEX_POINT('',#13259);
#6305=VERTEX_POINT('',#13266);
#6306=VERTEX_POINT('',#13267);
#6307=VERTEX_POINT('',#13269);
#6308=VERTEX_POINT('',#13271);
#6309=VERTEX_POINT('',#13275);
#6310=VERTEX_POINT('',#13277);
#6311=VERTEX_POINT('',#13281);
#6312=VERTEX_POINT('',#13283);
#6313=VERTEX_POINT('',#13290);
#6314=VERTEX_POINT('',#13291);
#6315=VERTEX_POINT('',#13293);
#6316=VERTEX_POINT('',#13295);
#6317=VERTEX_POINT('',#13299);
#6318=VERTEX_POINT('',#13300);
#6319=VERTEX_POINT('',#13305);
#6320=VERTEX_POINT('',#13309);
#6321=VERTEX_POINT('',#13315);
#6322=VERTEX_POINT('',#13316);
#6323=VERTEX_POINT('',#13318);
#6324=VERTEX_POINT('',#13320);
#6325=VERTEX_POINT('',#13324);
#6326=VERTEX_POINT('',#13326);
#6327=VERTEX_POINT('',#13330);
#6328=VERTEX_POINT('',#13332);
#6329=VERTEX_POINT('',#13339);
#6330=VERTEX_POINT('',#13340);
#6331=VERTEX_POINT('',#13342);
#6332=VERTEX_POINT('',#13344);
#6333=VERTEX_POINT('',#13348);
#6334=VERTEX_POINT('',#13350);
#6335=VERTEX_POINT('',#13354);
#6336=VERTEX_POINT('',#13356);
#6337=VERTEX_POINT('',#13363);
#6338=VERTEX_POINT('',#13364);
#6339=VERTEX_POINT('',#13366);
#6340=VERTEX_POINT('',#13368);
#6341=VERTEX_POINT('',#13372);
#6342=VERTEX_POINT('',#13374);
#6343=VERTEX_POINT('',#13378);
#6344=VERTEX_POINT('',#13380);
#6345=VERTEX_POINT('',#13387);
#6346=VERTEX_POINT('',#13388);
#6347=VERTEX_POINT('',#13390);
#6348=VERTEX_POINT('',#13392);
#6349=VERTEX_POINT('',#13396);
#6350=VERTEX_POINT('',#13398);
#6351=VERTEX_POINT('',#13402);
#6352=VERTEX_POINT('',#13404);
#6353=VERTEX_POINT('',#13411);
#6354=VERTEX_POINT('',#13412);
#6355=VERTEX_POINT('',#13414);
#6356=VERTEX_POINT('',#13416);
#6357=VERTEX_POINT('',#13420);
#6358=VERTEX_POINT('',#13422);
#6359=VERTEX_POINT('',#13426);
#6360=VERTEX_POINT('',#13428);
#6361=VERTEX_POINT('',#13435);
#6362=VERTEX_POINT('',#13436);
#6363=VERTEX_POINT('',#13438);
#6364=VERTEX_POINT('',#13440);
#6365=VERTEX_POINT('',#13444);
#6366=VERTEX_POINT('',#13446);
#6367=VERTEX_POINT('',#13450);
#6368=VERTEX_POINT('',#13452);
#6369=VERTEX_POINT('',#13459);
#6370=VERTEX_POINT('',#13460);
#6371=VERTEX_POINT('',#13462);
#6372=VERTEX_POINT('',#13464);
#6373=VERTEX_POINT('',#13468);
#6374=VERTEX_POINT('',#13470);
#6375=VERTEX_POINT('',#13474);
#6376=VERTEX_POINT('',#13476);
#6377=VERTEX_POINT('',#13483);
#6378=VERTEX_POINT('',#13484);
#6379=VERTEX_POINT('',#13486);
#6380=VERTEX_POINT('',#13488);
#6381=VERTEX_POINT('',#13492);
#6382=VERTEX_POINT('',#13494);
#6383=VERTEX_POINT('',#13498);
#6384=VERTEX_POINT('',#13500);
#6385=VERTEX_POINT('',#13507);
#6386=VERTEX_POINT('',#13508);
#6387=VERTEX_POINT('',#13510);
#6388=VERTEX_POINT('',#13512);
#6389=VERTEX_POINT('',#13516);
#6390=VERTEX_POINT('',#13518);
#6391=VERTEX_POINT('',#13522);
#6392=VERTEX_POINT('',#13524);
#6393=VERTEX_POINT('',#13531);
#6394=VERTEX_POINT('',#13532);
#6395=VERTEX_POINT('',#13534);
#6396=VERTEX_POINT('',#13536);
#6397=VERTEX_POINT('',#13540);
#6398=VERTEX_POINT('',#13542);
#6399=VERTEX_POINT('',#13546);
#6400=VERTEX_POINT('',#13548);
#6401=VERTEX_POINT('',#13555);
#6402=VERTEX_POINT('',#13556);
#6403=VERTEX_POINT('',#13558);
#6404=VERTEX_POINT('',#13560);
#6405=VERTEX_POINT('',#13564);
#6406=VERTEX_POINT('',#13566);
#6407=VERTEX_POINT('',#13570);
#6408=VERTEX_POINT('',#13572);
#6409=VERTEX_POINT('',#13579);
#6410=VERTEX_POINT('',#13580);
#6411=VERTEX_POINT('',#13582);
#6412=VERTEX_POINT('',#13584);
#6413=VERTEX_POINT('',#13588);
#6414=VERTEX_POINT('',#13590);
#6415=VERTEX_POINT('',#13594);
#6416=VERTEX_POINT('',#13596);
#6417=VERTEX_POINT('',#13603);
#6418=VERTEX_POINT('',#13604);
#6419=VERTEX_POINT('',#13606);
#6420=VERTEX_POINT('',#13608);
#6421=VERTEX_POINT('',#13612);
#6422=VERTEX_POINT('',#13614);
#6423=VERTEX_POINT('',#13618);
#6424=VERTEX_POINT('',#13620);
#6425=VERTEX_POINT('',#13627);
#6426=VERTEX_POINT('',#13628);
#6427=VERTEX_POINT('',#13630);
#6428=VERTEX_POINT('',#13632);
#6429=VERTEX_POINT('',#13636);
#6430=VERTEX_POINT('',#13638);
#6431=VERTEX_POINT('',#13642);
#6432=VERTEX_POINT('',#13644);
#6433=VERTEX_POINT('',#13651);
#6434=VERTEX_POINT('',#13652);
#6435=VERTEX_POINT('',#13654);
#6436=VERTEX_POINT('',#13656);
#6437=VERTEX_POINT('',#13658);
#6438=VERTEX_POINT('',#13660);
#6439=VERTEX_POINT('',#13662);
#6440=VERTEX_POINT('',#13664);
#6441=VERTEX_POINT('',#13667);
#6442=VERTEX_POINT('',#13669);
#6443=VERTEX_POINT('',#13671);
#6444=VERTEX_POINT('',#13673);
#6445=VERTEX_POINT('',#13676);
#6446=VERTEX_POINT('',#13678);
#6447=VERTEX_POINT('',#13682);
#6448=VERTEX_POINT('',#13686);
#6449=VERTEX_POINT('',#13690);
#6450=VERTEX_POINT('',#13692);
#6451=VERTEX_POINT('',#13694);
#6452=VERTEX_POINT('',#13696);
#6453=VERTEX_POINT('',#13699);
#6454=VERTEX_POINT('',#13701);
#6455=VERTEX_POINT('',#13703);
#6456=VERTEX_POINT('',#13705);
#6457=VERTEX_POINT('',#13751);
#6458=VERTEX_POINT('',#13753);
#6459=VERTEX_POINT('',#13756);
#6460=VERTEX_POINT('',#13760);
#6461=VERTEX_POINT('',#13761);
#6462=VERTEX_POINT('',#13763);
#6463=VERTEX_POINT('',#13765);
#6464=VERTEX_POINT('',#13775);
#6465=VERTEX_POINT('',#13776);
#6466=VERTEX_POINT('',#13778);
#6467=VERTEX_POINT('',#13780);
#6468=VERTEX_POINT('',#13784);
#6469=VERTEX_POINT('',#13786);
#6470=VERTEX_POINT('',#13790);
#6471=VERTEX_POINT('',#13792);
#6472=VERTEX_POINT('',#13802);
#6473=VERTEX_POINT('',#13803);
#6474=VERTEX_POINT('',#13805);
#6475=VERTEX_POINT('',#13807);
#6476=VERTEX_POINT('',#13811);
#6477=VERTEX_POINT('',#13813);
#6478=VERTEX_POINT('',#13817);
#6479=VERTEX_POINT('',#13819);
#6480=VERTEX_POINT('',#13826);
#6481=VERTEX_POINT('',#13829);
#6482=VERTEX_POINT('',#13834);
#6483=VERTEX_POINT('',#13835);
#6484=VERTEX_POINT('',#13837);
#6485=VERTEX_POINT('',#13839);
#6486=VERTEX_POINT('',#13841);
#6487=VERTEX_POINT('',#13845);
#6488=VERTEX_POINT('',#13847);
#6489=VERTEX_POINT('',#13849);
#6490=VERTEX_POINT('',#13853);
#6491=VERTEX_POINT('',#13855);
#6492=VERTEX_POINT('',#13857);
#6493=VERTEX_POINT('',#13859);
#6494=VERTEX_POINT('',#13863);
#6495=VERTEX_POINT('',#13864);
#6496=VERTEX_POINT('',#13866);
#6497=VERTEX_POINT('',#13868);
#6498=VERTEX_POINT('',#13870);
#6499=VERTEX_POINT('',#13872);
#6500=VERTEX_POINT('',#13874);
#6501=VERTEX_POINT('',#13876);
#6502=VERTEX_POINT('',#13880);
#6503=VERTEX_POINT('',#13881);
#6504=VERTEX_POINT('',#13883);
#6505=VERTEX_POINT('',#13885);
#6506=VERTEX_POINT('',#13889);
#6507=VERTEX_POINT('',#13890);
#6508=VERTEX_POINT('',#13893);
#6509=VERTEX_POINT('',#13895);
#6510=VERTEX_POINT('',#13899);
#6511=VERTEX_POINT('',#13901);
#6512=VERTEX_POINT('',#13903);
#6513=VERTEX_POINT('',#13905);
#6514=VERTEX_POINT('',#13909);
#6515=VERTEX_POINT('',#13910);
#6516=VERTEX_POINT('',#13915);
#6517=VERTEX_POINT('',#13919);
#6518=VERTEX_POINT('',#13923);
#6519=VERTEX_POINT('',#13924);
#6520=VERTEX_POINT('',#13926);
#6521=VERTEX_POINT('',#13928);
#6522=VERTEX_POINT('',#13932);
#6523=VERTEX_POINT('',#13934);
#6524=VERTEX_POINT('',#13936);
#6525=VERTEX_POINT('',#13938);
#6526=VERTEX_POINT('',#13940);
#6527=VERTEX_POINT('',#13943);
#6528=VERTEX_POINT('',#13945);
#6529=VERTEX_POINT('',#13949);
#6530=VERTEX_POINT('',#13953);
#6531=VERTEX_POINT('',#13954);
#6532=VERTEX_POINT('',#13956);
#6533=VERTEX_POINT('',#13958);
#6534=VERTEX_POINT('',#13960);
#6535=VERTEX_POINT('',#13963);
#6536=VERTEX_POINT('',#13965);
#6537=VERTEX_POINT('',#13970);
#6538=VERTEX_POINT('',#13974);
#6539=VERTEX_POINT('',#13976);
#6540=VERTEX_POINT('',#13980);
#6541=VERTEX_POINT('',#13981);
#6542=VERTEX_POINT('',#13983);
#6543=VERTEX_POINT('',#13985);
#6544=VERTEX_POINT('',#13989);
#6545=VERTEX_POINT('',#13991);
#6546=VERTEX_POINT('',#13993);
#6547=VERTEX_POINT('',#13996);
#6548=VERTEX_POINT('',#13998);
#6549=VERTEX_POINT('',#14006);
#6550=VERTEX_POINT('',#14008);
#6551=VERTEX_POINT('',#14010);
#6552=VERTEX_POINT('',#14012);
#6553=VERTEX_POINT('',#14014);
#6554=VERTEX_POINT('',#14016);
#6555=VERTEX_POINT('',#14022);
#6556=VERTEX_POINT('',#14025);
#6557=VERTEX_POINT('',#14030);
#6558=VERTEX_POINT('',#14033);
#6559=VERTEX_POINT('',#14037);
#6560=VERTEX_POINT('',#14041);
#6561=VERTEX_POINT('',#14050);
#6562=VERTEX_POINT('',#14051);
#6563=VERTEX_POINT('',#14061);
#6564=VERTEX_POINT('',#14063);
#6565=VERTEX_POINT('',#14082);
#6566=VERTEX_POINT('',#14086);
#6567=VERTEX_POINT('',#14090);
#6568=VERTEX_POINT('',#14096);
#6569=VERTEX_POINT('',#14103);
#6570=VERTEX_POINT('',#14107);
#6571=VERTEX_POINT('',#14111);
#6572=CIRCLE('',#9249,0.007);
#6573=CIRCLE('',#9250,0.007);
#6574=CIRCLE('',#9252,0.0025);
#6575=CIRCLE('',#9254,0.0065);
#6576=CIRCLE('',#9260,0.0065);
#6577=CIRCLE('',#9267,0.007);
#6578=CIRCLE('',#9268,0.007);
#6579=CIRCLE('',#9270,0.0025);
#6580=CIRCLE('',#9273,0.0025);
#6581=CIRCLE('',#9276,0.0025);
#6582=CIRCLE('',#9284,0.00234536740683466);
#6583=CIRCLE('',#9287,0.00234536740683466);
#6584=CIRCLE('',#9289,0.00223227489119315);
#6585=CIRCLE('',#9291,0.00223227489119315);
#6586=CIRCLE('',#9298,0.001);
#6587=CIRCLE('',#9300,0.001);
#6588=CIRCLE('',#9302,0.001);
#6589=CIRCLE('',#9305,0.001);
#6590=CIRCLE('',#9313,0.00405);
#6591=CIRCLE('',#9314,0.00405);
#6592=CIRCLE('',#9315,0.00405);
#6593=CIRCLE('',#9316,0.00405);
#6594=CIRCLE('',#9317,0.00405);
#6595=CIRCLE('',#9318,0.00405);
#6596=CIRCLE('',#9319,0.00405);
#6597=CIRCLE('',#9320,0.00405);
#6598=CIRCLE('',#9322,0.00465);
#6599=CIRCLE('',#9325,0.00465);
#6600=CIRCLE('',#9327,0.00465);
#6601=CIRCLE('',#9329,0.00255);
#6602=CIRCLE('',#9330,0.00255);
#6603=CIRCLE('',#9332,0.00305);
#6604=CIRCLE('',#9333,0.00305);
#6605=CIRCLE('',#9337,0.00465);
#6606=CIRCLE('',#9344,0.00465);
#6607=CIRCLE('',#9346,0.00465);
#6608=CIRCLE('',#9348,0.00465);
#6609=CIRCLE('',#9350,0.00465);
#6610=CIRCLE('',#9351,0.00465);
#6611=CIRCLE('',#9361,0.00285);
#6612=CIRCLE('',#9363,0.00285);
#6613=CIRCLE('',#9638,0.0015);
#6614=CIRCLE('',#9639,0.0015);
#6615=CIRCLE('',#9640,0.0015);
#6616=CIRCLE('',#9641,0.0015);
#6617=CIRCLE('',#9642,0.0016);
#6618=CIRCLE('',#9643,0.0016);
#6619=CIRCLE('',#9644,0.0016);
#6620=CIRCLE('',#9645,0.0016);
#6621=CIRCLE('',#9648,0.0015);
#6622=CIRCLE('',#9650,0.0015);
#6623=CIRCLE('',#9652,0.0015);
#6624=CIRCLE('',#9653,0.0015);
#6625=CIRCLE('',#9654,0.0016);
#6626=CIRCLE('',#9655,0.0016);
#6627=CIRCLE('',#9656,0.0016);
#6628=CIRCLE('',#9657,0.0016);
#6629=CIRCLE('',#9698,0.018);
#6630=CIRCLE('',#9699,0.018);
#6631=CIRCLE('',#9701,0.004);
#6632=CIRCLE('',#9704,0.004);
#6633=CIRCLE('',#9705,0.004);
#6634=CIRCLE('',#9722,0.00285);
#6635=CIRCLE('',#9724,0.00285);
#6636=CIRCLE('',#9731,0.038863390475898);
#6637=CIRCLE('',#9732,0.038863390475898);
#6638=CIRCLE('',#9733,0.038863390475898);
#6639=CIRCLE('',#9734,0.038863390475898);
#6640=CIRCLE('',#9744,0.040027521172216);
#6641=CIRCLE('',#9745,0.040027521172216);
#6642=CIRCLE('',#9746,0.040027521172216);
#6643=CIRCLE('',#9747,0.040027521172216);
#6644=EDGE_LOOP('',(#2639));
#6645=EDGE_LOOP('',(#2640));
#6646=EDGE_LOOP('',(#2641));
#6647=EDGE_LOOP('',(#2642));
#6648=EDGE_LOOP('',(#2643,#2644,#2645,#2646,#2647,#2648,#2649,#2650,#2651,
#2652));
#6649=EDGE_LOOP('',(#2653));
#6650=EDGE_LOOP('',(#2654,#2655,#2656,#2657));
#6651=EDGE_LOOP('',(#2658,#2659,#2660,#2661));
#6652=EDGE_LOOP('',(#2662,#2663,#2664,#2665));
#6653=EDGE_LOOP('',(#2666,#2667,#2668,#2669));
#6654=EDGE_LOOP('',(#2670,#2671,#2672,#2673));
#6655=EDGE_LOOP('',(#2674,#2675,#2676,#2677));
#6656=EDGE_LOOP('',(#2678,#2679,#2680,#2681));
#6657=EDGE_LOOP('',(#2682,#2683,#2684,#2685));
#6658=EDGE_LOOP('',(#2686,#2687,#2688,#2689));
#6659=EDGE_LOOP('',(#2690,#2691,#2692,#2693));
#6660=EDGE_LOOP('',(#2694));
#6661=EDGE_LOOP('',(#2695));
#6662=EDGE_LOOP('',(#2696));
#6663=EDGE_LOOP('',(#2697));
#6664=EDGE_LOOP('',(#2698,#2699,#2700,#2701,#2702,#2703,#2704,#2705,#2706,
#2707));
#6665=EDGE_LOOP('',(#2708));
#6666=EDGE_LOOP('',(#2709));
#6667=EDGE_LOOP('',(#2710));
#6668=EDGE_LOOP('',(#2711));
#6669=EDGE_LOOP('',(#2712));
#6670=EDGE_LOOP('',(#2713));
#6671=EDGE_LOOP('',(#2714));
#6672=EDGE_LOOP('',(#2715,#2716,#2717,#2718));
#6673=EDGE_LOOP('',(#2719,#2720,#2721,#2722));
#6674=EDGE_LOOP('',(#2723,#2724,#2725,#2726));
#6675=EDGE_LOOP('',(#2727,#2728,#2729,#2730));
#6676=EDGE_LOOP('',(#2731));
#6677=EDGE_LOOP('',(#2732,#2733,#2734,#2735));
#6678=EDGE_LOOP('',(#2736,#2737,#2738,#2739));
#6679=EDGE_LOOP('',(#2740));
#6680=EDGE_LOOP('',(#2741));
#6681=EDGE_LOOP('',(#2742));
#6682=EDGE_LOOP('',(#2743));
#6683=EDGE_LOOP('',(#2744));
#6684=EDGE_LOOP('',(#2745));
#6685=EDGE_LOOP('',(#2746,#2747,#2748,#2749));
#6686=EDGE_LOOP('',(#2750,#2751,#2752,#2753));
#6687=EDGE_LOOP('',(#2754,#2755,#2756,#2757));
#6688=EDGE_LOOP('',(#2758,#2759,#2760,#2761));
#6689=EDGE_LOOP('',(#2762,#2763,#2764,#2765));
#6690=EDGE_LOOP('',(#2766));
#6691=EDGE_LOOP('',(#2767,#2768,#2769,#2770,#2771));
#6692=EDGE_LOOP('',(#2772,#2773,#2774,#2775));
#6693=EDGE_LOOP('',(#2776,#2777,#2778,#2779));
#6694=EDGE_LOOP('',(#2780,#2781,#2782));
#6695=EDGE_LOOP('',(#2783,#2784,#2785,#2786));
#6696=EDGE_LOOP('',(#2787,#2788,#2789,#2790));
#6697=EDGE_LOOP('',(#2791,#2792,#2793,#2794));
#6698=EDGE_LOOP('',(#2795,#2796,#2797,#2798,#2799,#2800,#2801,#2802,#2803,
#2804));
#6699=EDGE_LOOP('',(#2805,#2806,#2807));
#6700=EDGE_LOOP('',(#2808,#2809,#2810,#2811,#2812,#2813));
#6701=EDGE_LOOP('',(#2814,#2815,#2816));
#6702=EDGE_LOOP('',(#2817,#2818,#2819));
#6703=EDGE_LOOP('',(#2820));
#6704=EDGE_LOOP('',(#2821));
#6705=EDGE_LOOP('',(#2822));
#6706=EDGE_LOOP('',(#2823));
#6707=EDGE_LOOP('',(#2824));
#6708=EDGE_LOOP('',(#2825));
#6709=EDGE_LOOP('',(#2826));
#6710=EDGE_LOOP('',(#2827,#2828,#2829,#2830));
#6711=EDGE_LOOP('',(#2831,#2832,#2833));
#6712=EDGE_LOOP('',(#2834,#2835,#2836,#2837,#2838,#2839));
#6713=EDGE_LOOP('',(#2840,#2841,#2842,#2843,#2844,#2845,#2846,#2847));
#6714=EDGE_LOOP('',(#2848,#2849,#2850,#2851,#2852,#2853,#2854,#2855));
#6715=EDGE_LOOP('',(#2856,#2857,#2858,#2859,#2860,#2861,#2862,#2863));
#6716=EDGE_LOOP('',(#2864));
#6717=EDGE_LOOP('',(#2865,#2866,#2867,#2868));
#6718=EDGE_LOOP('',(#2869,#2870,#2871,#2872,#2873,#2874));
#6719=EDGE_LOOP('',(#2875,#2876,#2877,#2878));
#6720=EDGE_LOOP('',(#2879));
#6721=EDGE_LOOP('',(#2880,#2881,#2882,#2883,#2884,#2885,#2886,#2887));
#6722=EDGE_LOOP('',(#2888,#2889));
#6723=EDGE_LOOP('',(#2890));
#6724=EDGE_LOOP('',(#2891,#2892));
#6725=EDGE_LOOP('',(#2893,#2894,#2895,#2896));
#6726=EDGE_LOOP('',(#2897,#2898,#2899,#2900));
#6727=EDGE_LOOP('',(#2901,#2902,#2903,#2904));
#6728=EDGE_LOOP('',(#2905,#2906,#2907,#2908));
#6729=EDGE_LOOP('',(#2909,#2910,#2911,#2912));
#6730=EDGE_LOOP('',(#2913));
#6731=EDGE_LOOP('',(#2914,#2915,#2916,#2917));
#6732=EDGE_LOOP('',(#2918));
#6733=EDGE_LOOP('',(#2919,#2920,#2921,#2922));
#6734=EDGE_LOOP('',(#2923));
#6735=EDGE_LOOP('',(#2924));
#6736=EDGE_LOOP('',(#2925,#2926,#2927,#2928));
#6737=EDGE_LOOP('',(#2929,#2930,#2931,#2932));
#6738=EDGE_LOOP('',(#2933,#2934,#2935,#2936));
#6739=EDGE_LOOP('',(#2937,#2938,#2939,#2940));
#6740=EDGE_LOOP('',(#2941,#2942,#2943,#2944));
#6741=EDGE_LOOP('',(#2945,#2946,#2947,#2948));
#6742=EDGE_LOOP('',(#2949,#2950,#2951,#2952));
#6743=EDGE_LOOP('',(#2953,#2954,#2955,#2956));
#6744=EDGE_LOOP('',(#2957,#2958,#2959,#2960));
#6745=EDGE_LOOP('',(#2961,#2962,#2963,#2964));
#6746=EDGE_LOOP('',(#2965,#2966,#2967,#2968));
#6747=EDGE_LOOP('',(#2969,#2970,#2971,#2972));
#6748=EDGE_LOOP('',(#2973,#2974,#2975,#2976));
#6749=EDGE_LOOP('',(#2977,#2978,#2979,#2980));
#6750=EDGE_LOOP('',(#2981,#2982,#2983,#2984));
#6751=EDGE_LOOP('',(#2985,#2986,#2987,#2988));
#6752=EDGE_LOOP('',(#2989,#2990,#2991,#2992));
#6753=EDGE_LOOP('',(#2993,#2994,#2995,#2996));
#6754=EDGE_LOOP('',(#2997,#2998,#2999,#3000));
#6755=EDGE_LOOP('',(#3001,#3002,#3003,#3004));
#6756=EDGE_LOOP('',(#3005,#3006,#3007,#3008));
#6757=EDGE_LOOP('',(#3009,#3010,#3011,#3012));
#6758=EDGE_LOOP('',(#3013,#3014,#3015,#3016));
#6759=EDGE_LOOP('',(#3017,#3018,#3019,#3020));
#6760=EDGE_LOOP('',(#3021,#3022,#3023,#3024));
#6761=EDGE_LOOP('',(#3025,#3026,#3027,#3028));
#6762=EDGE_LOOP('',(#3029,#3030,#3031,#3032));
#6763=EDGE_LOOP('',(#3033,#3034,#3035,#3036));
#6764=EDGE_LOOP('',(#3037,#3038,#3039,#3040));
#6765=EDGE_LOOP('',(#3041,#3042,#3043,#3044));
#6766=EDGE_LOOP('',(#3045,#3046,#3047,#3048));
#6767=EDGE_LOOP('',(#3049,#3050,#3051,#3052));
#6768=EDGE_LOOP('',(#3053,#3054,#3055,#3056));
#6769=EDGE_LOOP('',(#3057,#3058,#3059,#3060));
#6770=EDGE_LOOP('',(#3061,#3062,#3063,#3064));
#6771=EDGE_LOOP('',(#3065,#3066,#3067,#3068));
#6772=EDGE_LOOP('',(#3069,#3070,#3071,#3072));
#6773=EDGE_LOOP('',(#3073,#3074,#3075,#3076));
#6774=EDGE_LOOP('',(#3077,#3078,#3079,#3080));
#6775=EDGE_LOOP('',(#3081,#3082,#3083,#3084));
#6776=EDGE_LOOP('',(#3085,#3086,#3087,#3088));
#6777=EDGE_LOOP('',(#3089,#3090,#3091,#3092));
#6778=EDGE_LOOP('',(#3093,#3094,#3095,#3096));
#6779=EDGE_LOOP('',(#3097,#3098,#3099,#3100));
#6780=EDGE_LOOP('',(#3101,#3102,#3103,#3104));
#6781=EDGE_LOOP('',(#3105,#3106,#3107,#3108));
#6782=EDGE_LOOP('',(#3109,#3110,#3111,#3112));
#6783=EDGE_LOOP('',(#3113,#3114,#3115,#3116));
#6784=EDGE_LOOP('',(#3117,#3118,#3119,#3120));
#6785=EDGE_LOOP('',(#3121,#3122,#3123,#3124));
#6786=EDGE_LOOP('',(#3125,#3126,#3127,#3128));
#6787=EDGE_LOOP('',(#3129,#3130,#3131,#3132));
#6788=EDGE_LOOP('',(#3133,#3134,#3135,#3136));
#6789=EDGE_LOOP('',(#3137,#3138,#3139,#3140));
#6790=EDGE_LOOP('',(#3141,#3142,#3143,#3144));
#6791=EDGE_LOOP('',(#3145,#3146,#3147,#3148));
#6792=EDGE_LOOP('',(#3149,#3150,#3151,#3152));
#6793=EDGE_LOOP('',(#3153,#3154,#3155,#3156));
#6794=EDGE_LOOP('',(#3157,#3158,#3159,#3160));
#6795=EDGE_LOOP('',(#3161,#3162,#3163,#3164));
#6796=EDGE_LOOP('',(#3165,#3166,#3167,#3168));
#6797=EDGE_LOOP('',(#3169,#3170,#3171,#3172));
#6798=EDGE_LOOP('',(#3173,#3174,#3175,#3176));
#6799=EDGE_LOOP('',(#3177,#3178,#3179,#3180));
#6800=EDGE_LOOP('',(#3181,#3182,#3183,#3184));
#6801=EDGE_LOOP('',(#3185,#3186,#3187,#3188));
#6802=EDGE_LOOP('',(#3189,#3190,#3191,#3192));
#6803=EDGE_LOOP('',(#3193,#3194,#3195,#3196));
#6804=EDGE_LOOP('',(#3197,#3198,#3199,#3200));
#6805=EDGE_LOOP('',(#3201,#3202,#3203,#3204));
#6806=EDGE_LOOP('',(#3205,#3206,#3207,#3208));
#6807=EDGE_LOOP('',(#3209,#3210,#3211,#3212));
#6808=EDGE_LOOP('',(#3213,#3214,#3215,#3216));
#6809=EDGE_LOOP('',(#3217,#3218,#3219,#3220));
#6810=EDGE_LOOP('',(#3221,#3222,#3223,#3224));
#6811=EDGE_LOOP('',(#3225,#3226,#3227,#3228));
#6812=EDGE_LOOP('',(#3229,#3230,#3231,#3232));
#6813=EDGE_LOOP('',(#3233,#3234,#3235,#3236));
#6814=EDGE_LOOP('',(#3237,#3238,#3239,#3240));
#6815=EDGE_LOOP('',(#3241,#3242,#3243,#3244));
#6816=EDGE_LOOP('',(#3245,#3246,#3247,#3248));
#6817=EDGE_LOOP('',(#3249,#3250,#3251,#3252));
#6818=EDGE_LOOP('',(#3253,#3254,#3255,#3256));
#6819=EDGE_LOOP('',(#3257,#3258,#3259,#3260));
#6820=EDGE_LOOP('',(#3261,#3262,#3263,#3264));
#6821=EDGE_LOOP('',(#3265,#3266,#3267,#3268));
#6822=EDGE_LOOP('',(#3269,#3270,#3271,#3272));
#6823=EDGE_LOOP('',(#3273,#3274,#3275,#3276));
#6824=EDGE_LOOP('',(#3277,#3278,#3279,#3280));
#6825=EDGE_LOOP('',(#3281,#3282,#3283,#3284));
#6826=EDGE_LOOP('',(#3285,#3286,#3287,#3288));
#6827=EDGE_LOOP('',(#3289,#3290,#3291,#3292));
#6828=EDGE_LOOP('',(#3293,#3294,#3295,#3296));
#6829=EDGE_LOOP('',(#3297,#3298,#3299,#3300));
#6830=EDGE_LOOP('',(#3301,#3302,#3303,#3304));
#6831=EDGE_LOOP('',(#3305,#3306,#3307,#3308));
#6832=EDGE_LOOP('',(#3309,#3310,#3311,#3312));
#6833=EDGE_LOOP('',(#3313,#3314,#3315,#3316));
#6834=EDGE_LOOP('',(#3317,#3318,#3319,#3320));
#6835=EDGE_LOOP('',(#3321,#3322,#3323,#3324));
#6836=EDGE_LOOP('',(#3325,#3326,#3327,#3328));
#6837=EDGE_LOOP('',(#3329,#3330,#3331,#3332));
#6838=EDGE_LOOP('',(#3333,#3334,#3335,#3336));
#6839=EDGE_LOOP('',(#3337,#3338,#3339,#3340));
#6840=EDGE_LOOP('',(#3341,#3342,#3343,#3344));
#6841=EDGE_LOOP('',(#3345,#3346,#3347,#3348));
#6842=EDGE_LOOP('',(#3349,#3350,#3351,#3352));
#6843=EDGE_LOOP('',(#3353,#3354,#3355,#3356));
#6844=EDGE_LOOP('',(#3357,#3358,#3359,#3360));
#6845=EDGE_LOOP('',(#3361,#3362,#3363,#3364));
#6846=EDGE_LOOP('',(#3365,#3366,#3367,#3368));
#6847=EDGE_LOOP('',(#3369,#3370,#3371,#3372));
#6848=EDGE_LOOP('',(#3373,#3374,#3375,#3376));
#6849=EDGE_LOOP('',(#3377,#3378,#3379,#3380));
#6850=EDGE_LOOP('',(#3381,#3382,#3383,#3384));
#6851=EDGE_LOOP('',(#3385,#3386,#3387,#3388));
#6852=EDGE_LOOP('',(#3389,#3390,#3391,#3392));
#6853=EDGE_LOOP('',(#3393,#3394,#3395,#3396));
#6854=EDGE_LOOP('',(#3397,#3398,#3399,#3400));
#6855=EDGE_LOOP('',(#3401,#3402,#3403,#3404));
#6856=EDGE_LOOP('',(#3405,#3406,#3407,#3408));
#6857=EDGE_LOOP('',(#3409,#3410,#3411,#3412));
#6858=EDGE_LOOP('',(#3413,#3414,#3415,#3416));
#6859=EDGE_LOOP('',(#3417,#3418,#3419,#3420));
#6860=EDGE_LOOP('',(#3421,#3422,#3423,#3424));
#6861=EDGE_LOOP('',(#3425,#3426,#3427,#3428));
#6862=EDGE_LOOP('',(#3429,#3430,#3431,#3432));
#6863=EDGE_LOOP('',(#3433,#3434,#3435,#3436));
#6864=EDGE_LOOP('',(#3437,#3438,#3439,#3440));
#6865=EDGE_LOOP('',(#3441,#3442,#3443,#3444));
#6866=EDGE_LOOP('',(#3445,#3446,#3447,#3448));
#6867=EDGE_LOOP('',(#3449,#3450,#3451,#3452));
#6868=EDGE_LOOP('',(#3453,#3454,#3455,#3456));
#6869=EDGE_LOOP('',(#3457,#3458,#3459,#3460));
#6870=EDGE_LOOP('',(#3461,#3462,#3463,#3464));
#6871=EDGE_LOOP('',(#3465,#3466,#3467,#3468));
#6872=EDGE_LOOP('',(#3469,#3470,#3471,#3472));
#6873=EDGE_LOOP('',(#3473,#3474,#3475,#3476));
#6874=EDGE_LOOP('',(#3477,#3478,#3479,#3480));
#6875=EDGE_LOOP('',(#3481,#3482,#3483,#3484));
#6876=EDGE_LOOP('',(#3485,#3486,#3487,#3488));
#6877=EDGE_LOOP('',(#3489,#3490,#3491,#3492));
#6878=EDGE_LOOP('',(#3493,#3494,#3495,#3496));
#6879=EDGE_LOOP('',(#3497,#3498,#3499,#3500));
#6880=EDGE_LOOP('',(#3501,#3502,#3503,#3504));
#6881=EDGE_LOOP('',(#3505,#3506,#3507,#3508));
#6882=EDGE_LOOP('',(#3509,#3510,#3511,#3512));
#6883=EDGE_LOOP('',(#3513,#3514,#3515,#3516));
#6884=EDGE_LOOP('',(#3517,#3518,#3519,#3520));
#6885=EDGE_LOOP('',(#3521,#3522,#3523,#3524));
#6886=EDGE_LOOP('',(#3525,#3526,#3527,#3528));
#6887=EDGE_LOOP('',(#3529,#3530,#3531,#3532));
#6888=EDGE_LOOP('',(#3533,#3534,#3535,#3536));
#6889=EDGE_LOOP('',(#3537,#3538,#3539,#3540));
#6890=EDGE_LOOP('',(#3541,#3542,#3543,#3544));
#6891=EDGE_LOOP('',(#3545,#3546,#3547,#3548));
#6892=EDGE_LOOP('',(#3549,#3550,#3551,#3552));
#6893=EDGE_LOOP('',(#3553,#3554,#3555,#3556));
#6894=EDGE_LOOP('',(#3557,#3558,#3559,#3560));
#6895=EDGE_LOOP('',(#3561,#3562,#3563,#3564));
#6896=EDGE_LOOP('',(#3565,#3566,#3567,#3568));
#6897=EDGE_LOOP('',(#3569,#3570,#3571,#3572));
#6898=EDGE_LOOP('',(#3573,#3574,#3575,#3576));
#6899=EDGE_LOOP('',(#3577,#3578,#3579,#3580));
#6900=EDGE_LOOP('',(#3581,#3582,#3583,#3584));
#6901=EDGE_LOOP('',(#3585,#3586,#3587,#3588));
#6902=EDGE_LOOP('',(#3589,#3590,#3591,#3592));
#6903=EDGE_LOOP('',(#3593,#3594,#3595,#3596));
#6904=EDGE_LOOP('',(#3597,#3598,#3599,#3600));
#6905=EDGE_LOOP('',(#3601,#3602,#3603,#3604));
#6906=EDGE_LOOP('',(#3605,#3606,#3607,#3608));
#6907=EDGE_LOOP('',(#3609,#3610,#3611,#3612));
#6908=EDGE_LOOP('',(#3613,#3614,#3615,#3616));
#6909=EDGE_LOOP('',(#3617,#3618,#3619,#3620));
#6910=EDGE_LOOP('',(#3621,#3622,#3623,#3624));
#6911=EDGE_LOOP('',(#3625,#3626,#3627,#3628));
#6912=EDGE_LOOP('',(#3629,#3630,#3631,#3632));
#6913=EDGE_LOOP('',(#3633,#3634,#3635,#3636));
#6914=EDGE_LOOP('',(#3637,#3638,#3639,#3640));
#6915=EDGE_LOOP('',(#3641,#3642,#3643,#3644));
#6916=EDGE_LOOP('',(#3645,#3646,#3647,#3648));
#6917=EDGE_LOOP('',(#3649,#3650,#3651,#3652));
#6918=EDGE_LOOP('',(#3653,#3654,#3655,#3656));
#6919=EDGE_LOOP('',(#3657,#3658,#3659,#3660));
#6920=EDGE_LOOP('',(#3661,#3662,#3663,#3664));
#6921=EDGE_LOOP('',(#3665,#3666,#3667,#3668));
#6922=EDGE_LOOP('',(#3669,#3670,#3671,#3672));
#6923=EDGE_LOOP('',(#3673,#3674,#3675,#3676));
#6924=EDGE_LOOP('',(#3677,#3678,#3679,#3680));
#6925=EDGE_LOOP('',(#3681,#3682,#3683,#3684));
#6926=EDGE_LOOP('',(#3685,#3686,#3687,#3688));
#6927=EDGE_LOOP('',(#3689,#3690,#3691,#3692));
#6928=EDGE_LOOP('',(#3693,#3694,#3695,#3696));
#6929=EDGE_LOOP('',(#3697,#3698,#3699,#3700));
#6930=EDGE_LOOP('',(#3701,#3702,#3703,#3704));
#6931=EDGE_LOOP('',(#3705,#3706,#3707,#3708));
#6932=EDGE_LOOP('',(#3709,#3710,#3711,#3712));
#6933=EDGE_LOOP('',(#3713,#3714,#3715,#3716));
#6934=EDGE_LOOP('',(#3717,#3718,#3719,#3720));
#6935=EDGE_LOOP('',(#3721,#3722,#3723,#3724));
#6936=EDGE_LOOP('',(#3725,#3726,#3727,#3728));
#6937=EDGE_LOOP('',(#3729,#3730,#3731,#3732));
#6938=EDGE_LOOP('',(#3733,#3734,#3735,#3736));
#6939=EDGE_LOOP('',(#3737,#3738,#3739,#3740));
#6940=EDGE_LOOP('',(#3741,#3742,#3743,#3744));
#6941=EDGE_LOOP('',(#3745,#3746,#3747,#3748));
#6942=EDGE_LOOP('',(#3749,#3750,#3751,#3752));
#6943=EDGE_LOOP('',(#3753,#3754,#3755,#3756));
#6944=EDGE_LOOP('',(#3757,#3758,#3759,#3760));
#6945=EDGE_LOOP('',(#3761,#3762,#3763,#3764));
#6946=EDGE_LOOP('',(#3765,#3766,#3767,#3768));
#6947=EDGE_LOOP('',(#3769,#3770,#3771,#3772));
#6948=EDGE_LOOP('',(#3773,#3774,#3775,#3776));
#6949=EDGE_LOOP('',(#3777,#3778,#3779,#3780));
#6950=EDGE_LOOP('',(#3781,#3782,#3783,#3784));
#6951=EDGE_LOOP('',(#3785,#3786,#3787,#3788));
#6952=EDGE_LOOP('',(#3789,#3790,#3791,#3792));
#6953=EDGE_LOOP('',(#3793,#3794,#3795,#3796));
#6954=EDGE_LOOP('',(#3797,#3798,#3799,#3800));
#6955=EDGE_LOOP('',(#3801,#3802,#3803,#3804));
#6956=EDGE_LOOP('',(#3805,#3806,#3807,#3808));
#6957=EDGE_LOOP('',(#3809,#3810,#3811,#3812));
#6958=EDGE_LOOP('',(#3813,#3814,#3815,#3816));
#6959=EDGE_LOOP('',(#3817,#3818,#3819,#3820));
#6960=EDGE_LOOP('',(#3821,#3822,#3823,#3824));
#6961=EDGE_LOOP('',(#3825,#3826,#3827,#3828));
#6962=EDGE_LOOP('',(#3829,#3830,#3831,#3832));
#6963=EDGE_LOOP('',(#3833,#3834,#3835,#3836));
#6964=EDGE_LOOP('',(#3837,#3838,#3839,#3840));
#6965=EDGE_LOOP('',(#3841,#3842,#3843,#3844));
#6966=EDGE_LOOP('',(#3845,#3846,#3847,#3848));
#6967=EDGE_LOOP('',(#3849,#3850,#3851,#3852));
#6968=EDGE_LOOP('',(#3853,#3854,#3855,#3856));
#6969=EDGE_LOOP('',(#3857,#3858,#3859,#3860));
#6970=EDGE_LOOP('',(#3861,#3862,#3863,#3864));
#6971=EDGE_LOOP('',(#3865,#3866,#3867,#3868));
#6972=EDGE_LOOP('',(#3869,#3870,#3871,#3872));
#6973=EDGE_LOOP('',(#3873,#3874,#3875,#3876));
#6974=EDGE_LOOP('',(#3877,#3878,#3879,#3880));
#6975=EDGE_LOOP('',(#3881,#3882,#3883,#3884));
#6976=EDGE_LOOP('',(#3885,#3886,#3887,#3888));
#6977=EDGE_LOOP('',(#3889,#3890,#3891,#3892));
#6978=EDGE_LOOP('',(#3893,#3894,#3895,#3896));
#6979=EDGE_LOOP('',(#3897,#3898,#3899,#3900));
#6980=EDGE_LOOP('',(#3901,#3902,#3903,#3904));
#6981=EDGE_LOOP('',(#3905,#3906,#3907,#3908));
#6982=EDGE_LOOP('',(#3909,#3910,#3911,#3912));
#6983=EDGE_LOOP('',(#3913,#3914,#3915,#3916));
#6984=EDGE_LOOP('',(#3917,#3918,#3919,#3920));
#6985=EDGE_LOOP('',(#3921,#3922,#3923,#3924));
#6986=EDGE_LOOP('',(#3925,#3926,#3927,#3928));
#6987=EDGE_LOOP('',(#3929,#3930,#3931,#3932));
#6988=EDGE_LOOP('',(#3933,#3934,#3935,#3936));
#6989=EDGE_LOOP('',(#3937,#3938,#3939,#3940));
#6990=EDGE_LOOP('',(#3941,#3942,#3943,#3944));
#6991=EDGE_LOOP('',(#3945,#3946,#3947,#3948));
#6992=EDGE_LOOP('',(#3949,#3950,#3951,#3952));
#6993=EDGE_LOOP('',(#3953,#3954,#3955,#3956));
#6994=EDGE_LOOP('',(#3957,#3958,#3959,#3960));
#6995=EDGE_LOOP('',(#3961,#3962,#3963,#3964));
#6996=EDGE_LOOP('',(#3965,#3966,#3967,#3968));
#6997=EDGE_LOOP('',(#3969,#3970,#3971,#3972));
#6998=EDGE_LOOP('',(#3973,#3974,#3975,#3976));
#6999=EDGE_LOOP('',(#3977,#3978,#3979,#3980));
#7000=EDGE_LOOP('',(#3981,#3982,#3983,#3984));
#7001=EDGE_LOOP('',(#3985,#3986,#3987,#3988));
#7002=EDGE_LOOP('',(#3989,#3990,#3991,#3992));
#7003=EDGE_LOOP('',(#3993,#3994,#3995,#3996));
#7004=EDGE_LOOP('',(#3997,#3998,#3999,#4000));
#7005=EDGE_LOOP('',(#4001,#4002,#4003,#4004));
#7006=EDGE_LOOP('',(#4005,#4006,#4007,#4008));
#7007=EDGE_LOOP('',(#4009,#4010,#4011,#4012));
#7008=EDGE_LOOP('',(#4013,#4014,#4015,#4016,#4017,#4018,#4019,#4020));
#7009=EDGE_LOOP('',(#4021));
#7010=EDGE_LOOP('',(#4022));
#7011=EDGE_LOOP('',(#4023));
#7012=EDGE_LOOP('',(#4024));
#7013=EDGE_LOOP('',(#4025,#4026,#4027,#4028));
#7014=EDGE_LOOP('',(#4029,#4030,#4031,#4032));
#7015=EDGE_LOOP('',(#4033,#4034,#4035,#4036));
#7016=EDGE_LOOP('',(#4037,#4038,#4039,#4040));
#7017=EDGE_LOOP('',(#4041,#4042,#4043,#4044));
#7018=EDGE_LOOP('',(#4045,#4046,#4047,#4048));
#7019=EDGE_LOOP('',(#4049,#4050,#4051,#4052));
#7020=EDGE_LOOP('',(#4053,#4054,#4055,#4056));
#7021=EDGE_LOOP('',(#4057,#4058,#4059,#4060));
#7022=EDGE_LOOP('',(#4061,#4062,#4063,#4064));
#7023=EDGE_LOOP('',(#4065,#4066,#4067,#4068));
#7024=EDGE_LOOP('',(#4069,#4070,#4071,#4072));
#7025=EDGE_LOOP('',(#4073,#4074,#4075,#4076));
#7026=EDGE_LOOP('',(#4077,#4078,#4079,#4080));
#7027=EDGE_LOOP('',(#4081,#4082,#4083,#4084));
#7028=EDGE_LOOP('',(#4085,#4086,#4087,#4088));
#7029=EDGE_LOOP('',(#4089,#4090,#4091,#4092));
#7030=EDGE_LOOP('',(#4093,#4094,#4095,#4096));
#7031=EDGE_LOOP('',(#4097,#4098,#4099,#4100));
#7032=EDGE_LOOP('',(#4101,#4102,#4103,#4104));
#7033=EDGE_LOOP('',(#4105,#4106,#4107,#4108));
#7034=EDGE_LOOP('',(#4109,#4110,#4111,#4112));
#7035=EDGE_LOOP('',(#4113,#4114,#4115,#4116));
#7036=EDGE_LOOP('',(#4117,#4118,#4119,#4120));
#7037=EDGE_LOOP('',(#4121,#4122,#4123,#4124));
#7038=EDGE_LOOP('',(#4125,#4126,#4127,#4128));
#7039=EDGE_LOOP('',(#4129,#4130,#4131,#4132));
#7040=EDGE_LOOP('',(#4133,#4134,#4135,#4136));
#7041=EDGE_LOOP('',(#4137,#4138,#4139,#4140));
#7042=EDGE_LOOP('',(#4141,#4142,#4143,#4144));
#7043=EDGE_LOOP('',(#4145,#4146,#4147,#4148));
#7044=EDGE_LOOP('',(#4149,#4150,#4151,#4152));
#7045=EDGE_LOOP('',(#4153,#4154,#4155,#4156));
#7046=EDGE_LOOP('',(#4157,#4158,#4159,#4160,#4161,#4162,#4163,#4164));
#7047=EDGE_LOOP('',(#4165));
#7048=EDGE_LOOP('',(#4166));
#7049=EDGE_LOOP('',(#4167));
#7050=EDGE_LOOP('',(#4168));
#7051=EDGE_LOOP('',(#4169,#4170,#4171,#4172));
#7052=EDGE_LOOP('',(#4173,#4174,#4175,#4176));
#7053=EDGE_LOOP('',(#4177,#4178,#4179,#4180));
#7054=EDGE_LOOP('',(#4181,#4182,#4183,#4184));
#7055=EDGE_LOOP('',(#4185,#4186,#4187,#4188));
#7056=EDGE_LOOP('',(#4189,#4190,#4191,#4192));
#7057=EDGE_LOOP('',(#4193,#4194,#4195,#4196));
#7058=EDGE_LOOP('',(#4197,#4198,#4199,#4200));
#7059=EDGE_LOOP('',(#4201,#4202,#4203,#4204));
#7060=EDGE_LOOP('',(#4205,#4206,#4207,#4208));
#7061=EDGE_LOOP('',(#4209,#4210,#4211,#4212));
#7062=EDGE_LOOP('',(#4213,#4214,#4215,#4216));
#7063=EDGE_LOOP('',(#4217,#4218,#4219,#4220));
#7064=EDGE_LOOP('',(#4221,#4222,#4223,#4224));
#7065=EDGE_LOOP('',(#4225,#4226,#4227,#4228));
#7066=EDGE_LOOP('',(#4229,#4230,#4231,#4232));
#7067=EDGE_LOOP('',(#4233,#4234,#4235,#4236));
#7068=EDGE_LOOP('',(#4237,#4238,#4239,#4240));
#7069=EDGE_LOOP('',(#4241,#4242,#4243,#4244));
#7070=EDGE_LOOP('',(#4245,#4246,#4247,#4248));
#7071=EDGE_LOOP('',(#4249,#4250,#4251,#4252));
#7072=EDGE_LOOP('',(#4253,#4254,#4255,#4256));
#7073=EDGE_LOOP('',(#4257,#4258,#4259,#4260));
#7074=EDGE_LOOP('',(#4261,#4262,#4263,#4264));
#7075=EDGE_LOOP('',(#4265,#4266,#4267,#4268));
#7076=EDGE_LOOP('',(#4269,#4270,#4271,#4272));
#7077=EDGE_LOOP('',(#4273,#4274,#4275,#4276));
#7078=EDGE_LOOP('',(#4277,#4278,#4279,#4280));
#7079=EDGE_LOOP('',(#4281,#4282,#4283,#4284));
#7080=EDGE_LOOP('',(#4285,#4286,#4287,#4288));
#7081=EDGE_LOOP('',(#4289,#4290,#4291,#4292));
#7082=EDGE_LOOP('',(#4293,#4294,#4295,#4296));
#7083=EDGE_LOOP('',(#4297,#4298,#4299,#4300));
#7084=EDGE_LOOP('',(#4301,#4302,#4303,#4304));
#7085=EDGE_LOOP('',(#4305,#4306,#4307,#4308));
#7086=EDGE_LOOP('',(#4309,#4310,#4311,#4312));
#7087=EDGE_LOOP('',(#4313,#4314,#4315,#4316));
#7088=EDGE_LOOP('',(#4317,#4318,#4319,#4320));
#7089=EDGE_LOOP('',(#4321,#4322,#4323,#4324));
#7090=EDGE_LOOP('',(#4325,#4326,#4327,#4328));
#7091=EDGE_LOOP('',(#4329,#4330,#4331,#4332));
#7092=EDGE_LOOP('',(#4333,#4334,#4335,#4336));
#7093=EDGE_LOOP('',(#4337,#4338,#4339,#4340));
#7094=EDGE_LOOP('',(#4341,#4342,#4343,#4344));
#7095=EDGE_LOOP('',(#4345,#4346,#4347,#4348));
#7096=EDGE_LOOP('',(#4349,#4350,#4351,#4352));
#7097=EDGE_LOOP('',(#4353,#4354,#4355,#4356));
#7098=EDGE_LOOP('',(#4357,#4358,#4359,#4360));
#7099=EDGE_LOOP('',(#4361,#4362,#4363,#4364));
#7100=EDGE_LOOP('',(#4365,#4366,#4367,#4368));
#7101=EDGE_LOOP('',(#4369,#4370,#4371,#4372));
#7102=EDGE_LOOP('',(#4373,#4374,#4375,#4376));
#7103=EDGE_LOOP('',(#4377,#4378,#4379,#4380));
#7104=EDGE_LOOP('',(#4381,#4382,#4383,#4384));
#7105=EDGE_LOOP('',(#4385,#4386,#4387,#4388));
#7106=EDGE_LOOP('',(#4389,#4390,#4391,#4392));
#7107=EDGE_LOOP('',(#4393,#4394,#4395,#4396));
#7108=EDGE_LOOP('',(#4397,#4398,#4399,#4400));
#7109=EDGE_LOOP('',(#4401,#4402,#4403,#4404));
#7110=EDGE_LOOP('',(#4405,#4406,#4407,#4408));
#7111=EDGE_LOOP('',(#4409,#4410,#4411,#4412));
#7112=EDGE_LOOP('',(#4413,#4414,#4415,#4416));
#7113=EDGE_LOOP('',(#4417,#4418,#4419,#4420));
#7114=EDGE_LOOP('',(#4421));
#7115=EDGE_LOOP('',(#4422));
#7116=EDGE_LOOP('',(#4423));
#7117=EDGE_LOOP('',(#4424));
#7118=EDGE_LOOP('',(#4425));
#7119=EDGE_LOOP('',(#4426));
#7120=EDGE_LOOP('',(#4427));
#7121=EDGE_LOOP('',(#4428));
#7122=EDGE_LOOP('',(#4429));
#7123=EDGE_LOOP('',(#4430));
#7124=EDGE_LOOP('',(#4431));
#7125=EDGE_LOOP('',(#4432));
#7126=EDGE_LOOP('',(#4433));
#7127=EDGE_LOOP('',(#4434,#4435,#4436,#4437));
#7128=EDGE_LOOP('',(#4438));
#7129=EDGE_LOOP('',(#4439,#4440));
#7130=EDGE_LOOP('',(#4441,#4442,#4443,#4444));
#7131=EDGE_LOOP('',(#4445,#4446));
#7132=EDGE_LOOP('',(#4447,#4448,#4449,#4450));
#7133=EDGE_LOOP('',(#4451,#4452,#4453,#4454));
#7134=EDGE_LOOP('',(#4455,#4456,#4457,#4458));
#7135=EDGE_LOOP('',(#4459,#4460,#4461,#4462));
#7136=EDGE_LOOP('',(#4463,#4464,#4465,#4466));
#7137=EDGE_LOOP('',(#4467,#4468,#4469,#4470));
#7138=EDGE_LOOP('',(#4471,#4472,#4473,#4474));
#7139=EDGE_LOOP('',(#4475,#4476,#4477,#4478));
#7140=EDGE_LOOP('',(#4479,#4480,#4481,#4482));
#7141=EDGE_LOOP('',(#4483,#4484,#4485,#4486));
#7142=EDGE_LOOP('',(#4487));
#7143=EDGE_LOOP('',(#4488,#4489,#4490,#4491));
#7144=EDGE_LOOP('',(#4492));
#7145=EDGE_LOOP('',(#4493,#4494,#4495,#4496));
#7146=EDGE_LOOP('',(#4497));
#7147=EDGE_LOOP('',(#4498));
#7148=EDGE_LOOP('',(#4499,#4500,#4501,#4502,#4503));
#7149=EDGE_LOOP('',(#4504,#4505,#4506,#4507,#4508));
#7150=EDGE_LOOP('',(#4509,#4510,#4511,#4512,#4513,#4514));
#7151=EDGE_LOOP('',(#4515,#4516,#4517,#4518,#4519,#4520,#4521,#4522));
#7152=EDGE_LOOP('',(#4523,#4524,#4525,#4526));
#7153=EDGE_LOOP('',(#4527,#4528,#4529,#4530,#4531,#4532));
#7154=EDGE_LOOP('',(#4533,#4534,#4535,#4536,#4537,#4538));
#7155=EDGE_LOOP('',(#4539,#4540,#4541,#4542));
#7156=EDGE_LOOP('',(#4543,#4544,#4545,#4546));
#7157=EDGE_LOOP('',(#4547,#4548,#4549,#4550));
#7158=EDGE_LOOP('',(#4551,#4552,#4553,#4554,#4555,#4556,#4557,#4558,#4559,
#4560,#4561,#4562,#4563,#4564,#4565,#4566));
#7159=EDGE_LOOP('',(#4567,#4568,#4569,#4570,#4571));
#7160=EDGE_LOOP('',(#4572,#4573,#4574,#4575,#4576,#4577,#4578,#4579));
#7161=EDGE_LOOP('',(#4580,#4581,#4582,#4583,#4584,#4585));
#7162=EDGE_LOOP('',(#4586,#4587,#4588,#4589,#4590));
#7163=EDGE_LOOP('',(#4591,#4592,#4593,#4594));
#7164=EDGE_LOOP('',(#4595,#4596,#4597,#4598));
#7165=EDGE_LOOP('',(#4599,#4600,#4601,#4602,#4603,#4604,#4605,#4606,#4607));
#7166=EDGE_LOOP('',(#4608,#4609,#4610,#4611,#4612,#4613));
#7167=EDGE_LOOP('',(#4614,#4615,#4616,#4617,#4618,#4619,#4620,#4621,#4622,
#4623));
#7168=EDGE_LOOP('',(#4624,#4625,#4626,#4627));
#7169=EDGE_LOOP('',(#4628,#4629,#4630,#4631,#4632,#4633));
#7170=EDGE_LOOP('',(#4634,#4635,#4636,#4637,#4638));
#7171=EDGE_LOOP('',(#4639,#4640,#4641,#4642,#4643));
#7172=EDGE_LOOP('',(#4644,#4645,#4646,#4647,#4648,#4649));
#7173=EDGE_LOOP('',(#4650,#4651,#4652,#4653,#4654));
#7174=EDGE_LOOP('',(#4655,#4656,#4657,#4658));
#7175=EDGE_LOOP('',(#4659,#4660,#4661,#4662));
#7176=EDGE_LOOP('',(#4663,#4664,#4665,#4666));
#7177=EDGE_LOOP('',(#4667,#4668,#4669,#4670));
#7178=EDGE_LOOP('',(#4671,#4672,#4673,#4674));
#7179=EDGE_LOOP('',(#4675,#4676,#4677,#4678));
#7180=EDGE_LOOP('',(#4679,#4680,#4681,#4682));
#7181=EDGE_LOOP('',(#4683,#4684,#4685,#4686));
#7182=EDGE_LOOP('',(#4687,#4688,#4689,#4690,#4691,#4692));
#7183=EDGE_LOOP('',(#4693,#4694,#4695,#4696));
#7184=EDGE_LOOP('',(#4697,#4698,#4699,#4700,#4701,#4702));
#7185=EDGE_LOOP('',(#4703,#4704,#4705,#4706));
#7186=EDGE_LOOP('',(#4707,#4708,#4709,#4710));
#7187=EDGE_LOOP('',(#4711,#4712,#4713,#4714,#4715,#4716,#4717,#4718));
#7188=EDGE_LOOP('',(#4719,#4720,#4721,#4722,#4723,#4724,#4725,#4726));
#7189=EDGE_LOOP('',(#4727,#4728,#4729,#4730));
#7190=EDGE_LOOP('',(#4731,#4732,#4733,#4734,#4735));
#7191=EDGE_LOOP('',(#4736,#4737,#4738,#4739));
#7192=EDGE_LOOP('',(#4740,#4741,#4742,#4743,#4744,#4745));
#7193=EDGE_LOOP('',(#4746,#4747,#4748,#4749));
#7194=EDGE_LOOP('',(#4750,#4751,#4752,#4753,#4754,#4755));
#7195=EDGE_LOOP('',(#4756,#4757,#4758,#4759));
#7196=EDGE_LOOP('',(#4760,#4761,#4762,#4763));
#7197=EDGE_LOOP('',(#4764,#4765,#4766,#4767));
#7198=EDGE_LOOP('',(#4768,#4769,#4770,#4771));
#7199=EDGE_LOOP('',(#4772,#4773,#4774,#4775,#4776));
#7200=EDGE_LOOP('',(#4777,#4778,#4779,#4780,#4781,#4782,#4783,#4784));
#7201=FACE_BOUND('',#6644,.T.);
#7202=FACE_BOUND('',#6645,.T.);
#7203=FACE_BOUND('',#6646,.T.);
#7204=FACE_BOUND('',#6647,.T.);
#7205=FACE_BOUND('',#6648,.T.);
#7206=FACE_BOUND('',#6649,.T.);
#7207=FACE_BOUND('',#6650,.T.);
#7208=FACE_BOUND('',#6651,.T.);
#7209=FACE_BOUND('',#6652,.T.);
#7210=FACE_BOUND('',#6653,.T.);
#7211=FACE_BOUND('',#6654,.T.);
#7212=FACE_BOUND('',#6655,.T.);
#7213=FACE_BOUND('',#6656,.T.);
#7214=FACE_BOUND('',#6657,.T.);
#7215=FACE_BOUND('',#6658,.T.);
#7216=FACE_BOUND('',#6659,.T.);
#7217=FACE_BOUND('',#6660,.T.);
#7218=FACE_BOUND('',#6661,.T.);
#7219=FACE_BOUND('',#6662,.T.);
#7220=FACE_BOUND('',#6663,.T.);
#7221=FACE_BOUND('',#6664,.T.);
#7222=FACE_BOUND('',#6665,.T.);
#7223=FACE_BOUND('',#6666,.T.);
#7224=FACE_BOUND('',#6667,.T.);
#7225=FACE_BOUND('',#6668,.T.);
#7226=FACE_BOUND('',#6669,.T.);
#7227=FACE_BOUND('',#6670,.T.);
#7228=FACE_BOUND('',#6671,.T.);
#7229=FACE_BOUND('',#6672,.T.);
#7230=FACE_BOUND('',#6673,.T.);
#7231=FACE_BOUND('',#6674,.T.);
#7232=FACE_BOUND('',#6675,.T.);
#7233=FACE_BOUND('',#6676,.T.);
#7234=FACE_BOUND('',#6677,.T.);
#7235=FACE_BOUND('',#6678,.T.);
#7236=FACE_BOUND('',#6679,.T.);
#7237=FACE_BOUND('',#6680,.T.);
#7238=FACE_BOUND('',#6681,.T.);
#7239=FACE_BOUND('',#6682,.T.);
#7240=FACE_BOUND('',#6683,.T.);
#7241=FACE_BOUND('',#6684,.T.);
#7242=FACE_BOUND('',#6685,.T.);
#7243=FACE_BOUND('',#6686,.T.);
#7244=FACE_BOUND('',#6687,.T.);
#7245=FACE_BOUND('',#6688,.T.);
#7246=FACE_BOUND('',#6689,.T.);
#7247=FACE_BOUND('',#6690,.T.);
#7248=FACE_BOUND('',#6691,.T.);
#7249=FACE_BOUND('',#6692,.T.);
#7250=FACE_BOUND('',#6693,.T.);
#7251=FACE_BOUND('',#6694,.T.);
#7252=FACE_BOUND('',#6695,.T.);
#7253=FACE_BOUND('',#6696,.T.);
#7254=FACE_BOUND('',#6697,.T.);
#7255=FACE_BOUND('',#6698,.T.);
#7256=FACE_BOUND('',#6699,.T.);
#7257=FACE_BOUND('',#6700,.T.);
#7258=FACE_BOUND('',#6701,.T.);
#7259=FACE_BOUND('',#6702,.T.);
#7260=FACE_BOUND('',#6703,.T.);
#7261=FACE_BOUND('',#6704,.T.);
#7262=FACE_BOUND('',#6705,.T.);
#7263=FACE_BOUND('',#6706,.T.);
#7264=FACE_BOUND('',#6707,.T.);
#7265=FACE_BOUND('',#6708,.T.);
#7266=FACE_BOUND('',#6709,.T.);
#7267=FACE_BOUND('',#6710,.T.);
#7268=FACE_BOUND('',#6711,.T.);
#7269=FACE_BOUND('',#6712,.T.);
#7270=FACE_BOUND('',#6713,.T.);
#7271=FACE_BOUND('',#6714,.T.);
#7272=FACE_BOUND('',#6715,.T.);
#7273=FACE_BOUND('',#6716,.T.);
#7274=FACE_BOUND('',#6717,.T.);
#7275=FACE_BOUND('',#6718,.T.);
#7276=FACE_BOUND('',#6719,.T.);
#7277=FACE_BOUND('',#6720,.T.);
#7278=FACE_BOUND('',#6721,.T.);
#7279=FACE_BOUND('',#6722,.T.);
#7280=FACE_BOUND('',#6723,.T.);
#7281=FACE_BOUND('',#6724,.T.);
#7282=FACE_BOUND('',#6725,.T.);
#7283=FACE_BOUND('',#6726,.T.);
#7284=FACE_BOUND('',#6727,.T.);
#7285=FACE_BOUND('',#6728,.T.);
#7286=FACE_BOUND('',#6729,.T.);
#7287=FACE_BOUND('',#6730,.T.);
#7288=FACE_BOUND('',#6731,.T.);
#7289=FACE_BOUND('',#6732,.T.);
#7290=FACE_BOUND('',#6733,.T.);
#7291=FACE_BOUND('',#6734,.T.);
#7292=FACE_BOUND('',#6735,.T.);
#7293=FACE_BOUND('',#6736,.T.);
#7294=FACE_BOUND('',#6737,.T.);
#7295=FACE_BOUND('',#6738,.T.);
#7296=FACE_BOUND('',#6739,.T.);
#7297=FACE_BOUND('',#6740,.T.);
#7298=FACE_BOUND('',#6741,.T.);
#7299=FACE_BOUND('',#6742,.T.);
#7300=FACE_BOUND('',#6743,.T.);
#7301=FACE_BOUND('',#6744,.T.);
#7302=FACE_BOUND('',#6745,.T.);
#7303=FACE_BOUND('',#6746,.T.);
#7304=FACE_BOUND('',#6747,.T.);
#7305=FACE_BOUND('',#6748,.T.);
#7306=FACE_BOUND('',#6749,.T.);
#7307=FACE_BOUND('',#6750,.T.);
#7308=FACE_BOUND('',#6751,.T.);
#7309=FACE_BOUND('',#6752,.T.);
#7310=FACE_BOUND('',#6753,.T.);
#7311=FACE_BOUND('',#6754,.T.);
#7312=FACE_BOUND('',#6755,.T.);
#7313=FACE_BOUND('',#6756,.T.);
#7314=FACE_BOUND('',#6757,.T.);
#7315=FACE_BOUND('',#6758,.T.);
#7316=FACE_BOUND('',#6759,.T.);
#7317=FACE_BOUND('',#6760,.T.);
#7318=FACE_BOUND('',#6761,.T.);
#7319=FACE_BOUND('',#6762,.T.);
#7320=FACE_BOUND('',#6763,.T.);
#7321=FACE_BOUND('',#6764,.T.);
#7322=FACE_BOUND('',#6765,.T.);
#7323=FACE_BOUND('',#6766,.T.);
#7324=FACE_BOUND('',#6767,.T.);
#7325=FACE_BOUND('',#6768,.T.);
#7326=FACE_BOUND('',#6769,.T.);
#7327=FACE_BOUND('',#6770,.T.);
#7328=FACE_BOUND('',#6771,.T.);
#7329=FACE_BOUND('',#6772,.T.);
#7330=FACE_BOUND('',#6773,.T.);
#7331=FACE_BOUND('',#6774,.T.);
#7332=FACE_BOUND('',#6775,.T.);
#7333=FACE_BOUND('',#6776,.T.);
#7334=FACE_BOUND('',#6777,.T.);
#7335=FACE_BOUND('',#6778,.T.);
#7336=FACE_BOUND('',#6779,.T.);
#7337=FACE_BOUND('',#6780,.T.);
#7338=FACE_BOUND('',#6781,.T.);
#7339=FACE_BOUND('',#6782,.T.);
#7340=FACE_BOUND('',#6783,.T.);
#7341=FACE_BOUND('',#6784,.T.);
#7342=FACE_BOUND('',#6785,.T.);
#7343=FACE_BOUND('',#6786,.T.);
#7344=FACE_BOUND('',#6787,.T.);
#7345=FACE_BOUND('',#6788,.T.);
#7346=FACE_BOUND('',#6789,.T.);
#7347=FACE_BOUND('',#6790,.T.);
#7348=FACE_BOUND('',#6791,.T.);
#7349=FACE_BOUND('',#6792,.T.);
#7350=FACE_BOUND('',#6793,.T.);
#7351=FACE_BOUND('',#6794,.T.);
#7352=FACE_BOUND('',#6795,.T.);
#7353=FACE_BOUND('',#6796,.T.);
#7354=FACE_BOUND('',#6797,.T.);
#7355=FACE_BOUND('',#6798,.T.);
#7356=FACE_BOUND('',#6799,.T.);
#7357=FACE_BOUND('',#6800,.T.);
#7358=FACE_BOUND('',#6801,.T.);
#7359=FACE_BOUND('',#6802,.T.);
#7360=FACE_BOUND('',#6803,.T.);
#7361=FACE_BOUND('',#6804,.T.);
#7362=FACE_BOUND('',#6805,.T.);
#7363=FACE_BOUND('',#6806,.T.);
#7364=FACE_BOUND('',#6807,.T.);
#7365=FACE_BOUND('',#6808,.T.);
#7366=FACE_BOUND('',#6809,.T.);
#7367=FACE_BOUND('',#6810,.T.);
#7368=FACE_BOUND('',#6811,.T.);
#7369=FACE_BOUND('',#6812,.T.);
#7370=FACE_BOUND('',#6813,.T.);
#7371=FACE_BOUND('',#6814,.T.);
#7372=FACE_BOUND('',#6815,.T.);
#7373=FACE_BOUND('',#6816,.T.);
#7374=FACE_BOUND('',#6817,.T.);
#7375=FACE_BOUND('',#6818,.T.);
#7376=FACE_BOUND('',#6819,.T.);
#7377=FACE_BOUND('',#6820,.T.);
#7378=FACE_BOUND('',#6821,.T.);
#7379=FACE_BOUND('',#6822,.T.);
#7380=FACE_BOUND('',#6823,.T.);
#7381=FACE_BOUND('',#6824,.T.);
#7382=FACE_BOUND('',#6825,.T.);
#7383=FACE_BOUND('',#6826,.T.);
#7384=FACE_BOUND('',#6827,.T.);
#7385=FACE_BOUND('',#6828,.T.);
#7386=FACE_BOUND('',#6829,.T.);
#7387=FACE_BOUND('',#6830,.T.);
#7388=FACE_BOUND('',#6831,.T.);
#7389=FACE_BOUND('',#6832,.T.);
#7390=FACE_BOUND('',#6833,.T.);
#7391=FACE_BOUND('',#6834,.T.);
#7392=FACE_BOUND('',#6835,.T.);
#7393=FACE_BOUND('',#6836,.T.);
#7394=FACE_BOUND('',#6837,.T.);
#7395=FACE_BOUND('',#6838,.T.);
#7396=FACE_BOUND('',#6839,.T.);
#7397=FACE_BOUND('',#6840,.T.);
#7398=FACE_BOUND('',#6841,.T.);
#7399=FACE_BOUND('',#6842,.T.);
#7400=FACE_BOUND('',#6843,.T.);
#7401=FACE_BOUND('',#6844,.T.);
#7402=FACE_BOUND('',#6845,.T.);
#7403=FACE_BOUND('',#6846,.T.);
#7404=FACE_BOUND('',#6847,.T.);
#7405=FACE_BOUND('',#6848,.T.);
#7406=FACE_BOUND('',#6849,.T.);
#7407=FACE_BOUND('',#6850,.T.);
#7408=FACE_BOUND('',#6851,.T.);
#7409=FACE_BOUND('',#6852,.T.);
#7410=FACE_BOUND('',#6853,.T.);
#7411=FACE_BOUND('',#6854,.T.);
#7412=FACE_BOUND('',#6855,.T.);
#7413=FACE_BOUND('',#6856,.T.);
#7414=FACE_BOUND('',#6857,.T.);
#7415=FACE_BOUND('',#6858,.T.);
#7416=FACE_BOUND('',#6859,.T.);
#7417=FACE_BOUND('',#6860,.T.);
#7418=FACE_BOUND('',#6861,.T.);
#7419=FACE_BOUND('',#6862,.T.);
#7420=FACE_BOUND('',#6863,.T.);
#7421=FACE_BOUND('',#6864,.T.);
#7422=FACE_BOUND('',#6865,.T.);
#7423=FACE_BOUND('',#6866,.T.);
#7424=FACE_BOUND('',#6867,.T.);
#7425=FACE_BOUND('',#6868,.T.);
#7426=FACE_BOUND('',#6869,.T.);
#7427=FACE_BOUND('',#6870,.T.);
#7428=FACE_BOUND('',#6871,.T.);
#7429=FACE_BOUND('',#6872,.T.);
#7430=FACE_BOUND('',#6873,.T.);
#7431=FACE_BOUND('',#6874,.T.);
#7432=FACE_BOUND('',#6875,.T.);
#7433=FACE_BOUND('',#6876,.T.);
#7434=FACE_BOUND('',#6877,.T.);
#7435=FACE_BOUND('',#6878,.T.);
#7436=FACE_BOUND('',#6879,.T.);
#7437=FACE_BOUND('',#6880,.T.);
#7438=FACE_BOUND('',#6881,.T.);
#7439=FACE_BOUND('',#6882,.T.);
#7440=FACE_BOUND('',#6883,.T.);
#7441=FACE_BOUND('',#6884,.T.);
#7442=FACE_BOUND('',#6885,.T.);
#7443=FACE_BOUND('',#6886,.T.);
#7444=FACE_BOUND('',#6887,.T.);
#7445=FACE_BOUND('',#6888,.T.);
#7446=FACE_BOUND('',#6889,.T.);
#7447=FACE_BOUND('',#6890,.T.);
#7448=FACE_BOUND('',#6891,.T.);
#7449=FACE_BOUND('',#6892,.T.);
#7450=FACE_BOUND('',#6893,.T.);
#7451=FACE_BOUND('',#6894,.T.);
#7452=FACE_BOUND('',#6895,.T.);
#7453=FACE_BOUND('',#6896,.T.);
#7454=FACE_BOUND('',#6897,.T.);
#7455=FACE_BOUND('',#6898,.T.);
#7456=FACE_BOUND('',#6899,.T.);
#7457=FACE_BOUND('',#6900,.T.);
#7458=FACE_BOUND('',#6901,.T.);
#7459=FACE_BOUND('',#6902,.T.);
#7460=FACE_BOUND('',#6903,.T.);
#7461=FACE_BOUND('',#6904,.T.);
#7462=FACE_BOUND('',#6905,.T.);
#7463=FACE_BOUND('',#6906,.T.);
#7464=FACE_BOUND('',#6907,.T.);
#7465=FACE_BOUND('',#6908,.T.);
#7466=FACE_BOUND('',#6909,.T.);
#7467=FACE_BOUND('',#6910,.T.);
#7468=FACE_BOUND('',#6911,.T.);
#7469=FACE_BOUND('',#6912,.T.);
#7470=FACE_BOUND('',#6913,.T.);
#7471=FACE_BOUND('',#6914,.T.);
#7472=FACE_BOUND('',#6915,.T.);
#7473=FACE_BOUND('',#6916,.T.);
#7474=FACE_BOUND('',#6917,.T.);
#7475=FACE_BOUND('',#6918,.T.);
#7476=FACE_BOUND('',#6919,.T.);
#7477=FACE_BOUND('',#6920,.T.);
#7478=FACE_BOUND('',#6921,.T.);
#7479=FACE_BOUND('',#6922,.T.);
#7480=FACE_BOUND('',#6923,.T.);
#7481=FACE_BOUND('',#6924,.T.);
#7482=FACE_BOUND('',#6925,.T.);
#7483=FACE_BOUND('',#6926,.T.);
#7484=FACE_BOUND('',#6927,.T.);
#7485=FACE_BOUND('',#6928,.T.);
#7486=FACE_BOUND('',#6929,.T.);
#7487=FACE_BOUND('',#6930,.T.);
#7488=FACE_BOUND('',#6931,.T.);
#7489=FACE_BOUND('',#6932,.T.);
#7490=FACE_BOUND('',#6933,.T.);
#7491=FACE_BOUND('',#6934,.T.);
#7492=FACE_BOUND('',#6935,.T.);
#7493=FACE_BOUND('',#6936,.T.);
#7494=FACE_BOUND('',#6937,.T.);
#7495=FACE_BOUND('',#6938,.T.);
#7496=FACE_BOUND('',#6939,.T.);
#7497=FACE_BOUND('',#6940,.T.);
#7498=FACE_BOUND('',#6941,.T.);
#7499=FACE_BOUND('',#6942,.T.);
#7500=FACE_BOUND('',#6943,.T.);
#7501=FACE_BOUND('',#6944,.T.);
#7502=FACE_BOUND('',#6945,.T.);
#7503=FACE_BOUND('',#6946,.T.);
#7504=FACE_BOUND('',#6947,.T.);
#7505=FACE_BOUND('',#6948,.T.);
#7506=FACE_BOUND('',#6949,.T.);
#7507=FACE_BOUND('',#6950,.T.);
#7508=FACE_BOUND('',#6951,.T.);
#7509=FACE_BOUND('',#6952,.T.);
#7510=FACE_BOUND('',#6953,.T.);
#7511=FACE_BOUND('',#6954,.T.);
#7512=FACE_BOUND('',#6955,.T.);
#7513=FACE_BOUND('',#6956,.T.);
#7514=FACE_BOUND('',#6957,.T.);
#7515=FACE_BOUND('',#6958,.T.);
#7516=FACE_BOUND('',#6959,.T.);
#7517=FACE_BOUND('',#6960,.T.);
#7518=FACE_BOUND('',#6961,.T.);
#7519=FACE_BOUND('',#6962,.T.);
#7520=FACE_BOUND('',#6963,.T.);
#7521=FACE_BOUND('',#6964,.T.);
#7522=FACE_BOUND('',#6965,.T.);
#7523=FACE_BOUND('',#6966,.T.);
#7524=FACE_BOUND('',#6967,.T.);
#7525=FACE_BOUND('',#6968,.T.);
#7526=FACE_BOUND('',#6969,.T.);
#7527=FACE_BOUND('',#6970,.T.);
#7528=FACE_BOUND('',#6971,.T.);
#7529=FACE_BOUND('',#6972,.T.);
#7530=FACE_BOUND('',#6973,.T.);
#7531=FACE_BOUND('',#6974,.T.);
#7532=FACE_BOUND('',#6975,.T.);
#7533=FACE_BOUND('',#6976,.T.);
#7534=FACE_BOUND('',#6977,.T.);
#7535=FACE_BOUND('',#6978,.T.);
#7536=FACE_BOUND('',#6979,.T.);
#7537=FACE_BOUND('',#6980,.T.);
#7538=FACE_BOUND('',#6981,.T.);
#7539=FACE_BOUND('',#6982,.T.);
#7540=FACE_BOUND('',#6983,.T.);
#7541=FACE_BOUND('',#6984,.T.);
#7542=FACE_BOUND('',#6985,.T.);
#7543=FACE_BOUND('',#6986,.T.);
#7544=FACE_BOUND('',#6987,.T.);
#7545=FACE_BOUND('',#6988,.T.);
#7546=FACE_BOUND('',#6989,.T.);
#7547=FACE_BOUND('',#6990,.T.);
#7548=FACE_BOUND('',#6991,.T.);
#7549=FACE_BOUND('',#6992,.T.);
#7550=FACE_BOUND('',#6993,.T.);
#7551=FACE_BOUND('',#6994,.T.);
#7552=FACE_BOUND('',#6995,.T.);
#7553=FACE_BOUND('',#6996,.T.);
#7554=FACE_BOUND('',#6997,.T.);
#7555=FACE_BOUND('',#6998,.T.);
#7556=FACE_BOUND('',#6999,.T.);
#7557=FACE_BOUND('',#7000,.T.);
#7558=FACE_BOUND('',#7001,.T.);
#7559=FACE_BOUND('',#7002,.T.);
#7560=FACE_BOUND('',#7003,.T.);
#7561=FACE_BOUND('',#7004,.T.);
#7562=FACE_BOUND('',#7005,.T.);
#7563=FACE_BOUND('',#7006,.T.);
#7564=FACE_BOUND('',#7007,.T.);
#7565=FACE_BOUND('',#7008,.T.);
#7566=FACE_BOUND('',#7009,.T.);
#7567=FACE_BOUND('',#7010,.T.);
#7568=FACE_BOUND('',#7011,.T.);
#7569=FACE_BOUND('',#7012,.T.);
#7570=FACE_BOUND('',#7013,.T.);
#7571=FACE_BOUND('',#7014,.T.);
#7572=FACE_BOUND('',#7015,.T.);
#7573=FACE_BOUND('',#7016,.T.);
#7574=FACE_BOUND('',#7017,.T.);
#7575=FACE_BOUND('',#7018,.T.);
#7576=FACE_BOUND('',#7019,.T.);
#7577=FACE_BOUND('',#7020,.T.);
#7578=FACE_BOUND('',#7021,.T.);
#7579=FACE_BOUND('',#7022,.T.);
#7580=FACE_BOUND('',#7023,.T.);
#7581=FACE_BOUND('',#7024,.T.);
#7582=FACE_BOUND('',#7025,.T.);
#7583=FACE_BOUND('',#7026,.T.);
#7584=FACE_BOUND('',#7027,.T.);
#7585=FACE_BOUND('',#7028,.T.);
#7586=FACE_BOUND('',#7029,.T.);
#7587=FACE_BOUND('',#7030,.T.);
#7588=FACE_BOUND('',#7031,.T.);
#7589=FACE_BOUND('',#7032,.T.);
#7590=FACE_BOUND('',#7033,.T.);
#7591=FACE_BOUND('',#7034,.T.);
#7592=FACE_BOUND('',#7035,.T.);
#7593=FACE_BOUND('',#7036,.T.);
#7594=FACE_BOUND('',#7037,.T.);
#7595=FACE_BOUND('',#7038,.T.);
#7596=FACE_BOUND('',#7039,.T.);
#7597=FACE_BOUND('',#7040,.T.);
#7598=FACE_BOUND('',#7041,.T.);
#7599=FACE_BOUND('',#7042,.T.);
#7600=FACE_BOUND('',#7043,.T.);
#7601=FACE_BOUND('',#7044,.T.);
#7602=FACE_BOUND('',#7045,.T.);
#7603=FACE_BOUND('',#7046,.T.);
#7604=FACE_BOUND('',#7047,.T.);
#7605=FACE_BOUND('',#7048,.T.);
#7606=FACE_BOUND('',#7049,.T.);
#7607=FACE_BOUND('',#7050,.T.);
#7608=FACE_BOUND('',#7051,.T.);
#7609=FACE_BOUND('',#7052,.T.);
#7610=FACE_BOUND('',#7053,.T.);
#7611=FACE_BOUND('',#7054,.T.);
#7612=FACE_BOUND('',#7055,.T.);
#7613=FACE_BOUND('',#7056,.T.);
#7614=FACE_BOUND('',#7057,.T.);
#7615=FACE_BOUND('',#7058,.T.);
#7616=FACE_BOUND('',#7059,.T.);
#7617=FACE_BOUND('',#7060,.T.);
#7618=FACE_BOUND('',#7061,.T.);
#7619=FACE_BOUND('',#7062,.T.);
#7620=FACE_BOUND('',#7063,.T.);
#7621=FACE_BOUND('',#7064,.T.);
#7622=FACE_BOUND('',#7065,.T.);
#7623=FACE_BOUND('',#7066,.T.);
#7624=FACE_BOUND('',#7067,.T.);
#7625=FACE_BOUND('',#7068,.T.);
#7626=FACE_BOUND('',#7069,.T.);
#7627=FACE_BOUND('',#7070,.T.);
#7628=FACE_BOUND('',#7071,.T.);
#7629=FACE_BOUND('',#7072,.T.);
#7630=FACE_BOUND('',#7073,.T.);
#7631=FACE_BOUND('',#7074,.T.);
#7632=FACE_BOUND('',#7075,.T.);
#7633=FACE_BOUND('',#7076,.T.);
#7634=FACE_BOUND('',#7077,.T.);
#7635=FACE_BOUND('',#7078,.T.);
#7636=FACE_BOUND('',#7079,.T.);
#7637=FACE_BOUND('',#7080,.T.);
#7638=FACE_BOUND('',#7081,.T.);
#7639=FACE_BOUND('',#7082,.T.);
#7640=FACE_BOUND('',#7083,.T.);
#7641=FACE_BOUND('',#7084,.T.);
#7642=FACE_BOUND('',#7085,.T.);
#7643=FACE_BOUND('',#7086,.T.);
#7644=FACE_BOUND('',#7087,.T.);
#7645=FACE_BOUND('',#7088,.T.);
#7646=FACE_BOUND('',#7089,.T.);
#7647=FACE_BOUND('',#7090,.T.);
#7648=FACE_BOUND('',#7091,.T.);
#7649=FACE_BOUND('',#7092,.T.);
#7650=FACE_BOUND('',#7093,.T.);
#7651=FACE_BOUND('',#7094,.T.);
#7652=FACE_BOUND('',#7095,.T.);
#7653=FACE_BOUND('',#7096,.T.);
#7654=FACE_BOUND('',#7097,.T.);
#7655=FACE_BOUND('',#7098,.T.);
#7656=FACE_BOUND('',#7099,.T.);
#7657=FACE_BOUND('',#7100,.T.);
#7658=FACE_BOUND('',#7101,.T.);
#7659=FACE_BOUND('',#7102,.T.);
#7660=FACE_BOUND('',#7103,.T.);
#7661=FACE_BOUND('',#7104,.T.);
#7662=FACE_BOUND('',#7105,.T.);
#7663=FACE_BOUND('',#7106,.T.);
#7664=FACE_BOUND('',#7107,.T.);
#7665=FACE_BOUND('',#7108,.T.);
#7666=FACE_BOUND('',#7109,.T.);
#7667=FACE_BOUND('',#7110,.T.);
#7668=FACE_BOUND('',#7111,.T.);
#7669=FACE_BOUND('',#7112,.T.);
#7670=FACE_BOUND('',#7113,.T.);
#7671=FACE_BOUND('',#7114,.T.);
#7672=FACE_BOUND('',#7115,.T.);
#7673=FACE_BOUND('',#7116,.T.);
#7674=FACE_BOUND('',#7117,.T.);
#7675=FACE_BOUND('',#7118,.T.);
#7676=FACE_BOUND('',#7119,.T.);
#7677=FACE_BOUND('',#7120,.T.);
#7678=FACE_BOUND('',#7121,.T.);
#7679=FACE_BOUND('',#7122,.T.);
#7680=FACE_BOUND('',#7123,.T.);
#7681=FACE_BOUND('',#7124,.T.);
#7682=FACE_BOUND('',#7125,.T.);
#7683=FACE_BOUND('',#7126,.T.);
#7684=FACE_BOUND('',#7127,.T.);
#7685=FACE_BOUND('',#7128,.T.);
#7686=FACE_BOUND('',#7129,.T.);
#7687=FACE_BOUND('',#7130,.T.);
#7688=FACE_BOUND('',#7131,.T.);
#7689=FACE_BOUND('',#7132,.T.);
#7690=FACE_BOUND('',#7133,.T.);
#7691=FACE_BOUND('',#7134,.T.);
#7692=FACE_BOUND('',#7135,.T.);
#7693=FACE_BOUND('',#7136,.T.);
#7694=FACE_BOUND('',#7137,.T.);
#7695=FACE_BOUND('',#7138,.T.);
#7696=FACE_BOUND('',#7139,.T.);
#7697=FACE_BOUND('',#7140,.T.);
#7698=FACE_BOUND('',#7141,.T.);
#7699=FACE_BOUND('',#7142,.T.);
#7700=FACE_BOUND('',#7143,.T.);
#7701=FACE_BOUND('',#7144,.T.);
#7702=FACE_BOUND('',#7145,.T.);
#7703=FACE_BOUND('',#7146,.T.);
#7704=FACE_BOUND('',#7147,.T.);
#7705=FACE_BOUND('',#7148,.T.);
#7706=FACE_BOUND('',#7149,.T.);
#7707=FACE_BOUND('',#7150,.T.);
#7708=FACE_BOUND('',#7151,.T.);
#7709=FACE_BOUND('',#7152,.T.);
#7710=FACE_BOUND('',#7153,.T.);
#7711=FACE_BOUND('',#7154,.T.);
#7712=FACE_BOUND('',#7155,.T.);
#7713=FACE_BOUND('',#7156,.T.);
#7714=FACE_BOUND('',#7157,.T.);
#7715=FACE_BOUND('',#7158,.T.);
#7716=FACE_BOUND('',#7159,.T.);
#7717=FACE_BOUND('',#7160,.T.);
#7718=FACE_BOUND('',#7161,.T.);
#7719=FACE_BOUND('',#7162,.T.);
#7720=FACE_BOUND('',#7163,.T.);
#7721=FACE_BOUND('',#7164,.T.);
#7722=FACE_BOUND('',#7165,.T.);
#7723=FACE_BOUND('',#7166,.T.);
#7724=FACE_BOUND('',#7167,.T.);
#7725=FACE_BOUND('',#7168,.T.);
#7726=FACE_BOUND('',#7169,.T.);
#7727=FACE_BOUND('',#7170,.T.);
#7728=FACE_BOUND('',#7171,.T.);
#7729=FACE_BOUND('',#7172,.T.);
#7730=FACE_BOUND('',#7173,.T.);
#7731=FACE_BOUND('',#7174,.T.);
#7732=FACE_BOUND('',#7175,.T.);
#7733=FACE_BOUND('',#7176,.T.);
#7734=FACE_BOUND('',#7177,.T.);
#7735=FACE_BOUND('',#7178,.T.);
#7736=FACE_BOUND('',#7179,.T.);
#7737=FACE_BOUND('',#7180,.T.);
#7738=FACE_BOUND('',#7181,.T.);
#7739=FACE_BOUND('',#7182,.T.);
#7740=FACE_BOUND('',#7183,.T.);
#7741=FACE_BOUND('',#7184,.T.);
#7742=FACE_BOUND('',#7185,.T.);
#7743=FACE_BOUND('',#7186,.T.);
#7744=FACE_BOUND('',#7187,.T.);
#7745=FACE_BOUND('',#7188,.T.);
#7746=FACE_BOUND('',#7189,.T.);
#7747=FACE_BOUND('',#7190,.T.);
#7748=FACE_BOUND('',#7191,.T.);
#7749=FACE_BOUND('',#7192,.T.);
#7750=FACE_BOUND('',#7193,.T.);
#7751=FACE_BOUND('',#7194,.T.);
#7752=FACE_BOUND('',#7195,.T.);
#7753=FACE_BOUND('',#7196,.T.);
#7754=FACE_BOUND('',#7197,.T.);
#7755=FACE_BOUND('',#7198,.T.);
#7756=FACE_BOUND('',#7199,.T.);
#7757=FACE_BOUND('',#7200,.T.);
#7758=CYLINDRICAL_SURFACE('',#9248,0.007);
#7759=CYLINDRICAL_SURFACE('',#9259,0.0065);
#7760=CYLINDRICAL_SURFACE('',#9266,0.007);
#7761=CYLINDRICAL_SURFACE('',#9272,0.0025);
#7762=CYLINDRICAL_SURFACE('',#9275,0.0025);
#7763=CYLINDRICAL_SURFACE('',#9290,0.00223227489119315);
#7764=CYLINDRICAL_SURFACE('',#9299,0.001);
#7765=CYLINDRICAL_SURFACE('',#9301,0.001);
#7766=CYLINDRICAL_SURFACE('',#9306,0.001);
#7767=CYLINDRICAL_SURFACE('',#9308,0.001);
#7768=CYLINDRICAL_SURFACE('',#9310,0.001);
#7769=CYLINDRICAL_SURFACE('',#9312,0.00405);
#7770=CYLINDRICAL_SURFACE('',#9328,0.00255);
#7771=CYLINDRICAL_SURFACE('',#9331,0.00305);
#7772=CYLINDRICAL_SURFACE('',#9349,0.00465);
#7773=CYLINDRICAL_SURFACE('',#9364,0.00285);
#7774=CYLINDRICAL_SURFACE('',#9647,0.0015);
#7775=CYLINDRICAL_SURFACE('',#9649,0.0015);
#7776=CYLINDRICAL_SURFACE('',#9659,0.0015);
#7777=CYLINDRICAL_SURFACE('',#9661,0.0015);
#7778=CYLINDRICAL_SURFACE('',#9692,0.0016);
#7779=CYLINDRICAL_SURFACE('',#9693,0.0016);
#7780=CYLINDRICAL_SURFACE('',#9694,0.0016);
#7781=CYLINDRICAL_SURFACE('',#9695,0.0016);
#7782=CYLINDRICAL_SURFACE('',#9697,0.018);
#7783=CYLINDRICAL_SURFACE('',#9703,0.004);
#7784=CYLINDRICAL_SURFACE('',#9725,0.00285);
#7785=CYLINDRICAL_SURFACE('',#9730,0.038863390475898);
#7786=CYLINDRICAL_SURFACE('',#9743,0.040027521172216);
#7787=ADVANCED_FACE('',(#7201,#7202),#7758,.T.);
#7788=ADVANCED_FACE('',(#7203,#7204),#2215,.T.);
#7789=ADVANCED_FACE('',(#7205,#7206),#2216,.F.);
#7790=ADVANCED_FACE('',(#7207),#2217,.T.);
#7791=ADVANCED_FACE('',(#7208),#2218,.T.);
#7792=ADVANCED_FACE('',(#7209),#2219,.T.);
#7793=ADVANCED_FACE('',(#7210),#2220,.T.);
#7794=ADVANCED_FACE('',(#7211),#7759,.T.);
#7795=ADVANCED_FACE('',(#7212),#2221,.T.);
#7796=ADVANCED_FACE('',(#7213),#2222,.F.);
#7797=ADVANCED_FACE('',(#7214),#2223,.F.);
#7798=ADVANCED_FACE('',(#7215),#2224,.F.);
#7799=ADVANCED_FACE('',(#7216),#2225,.T.);
#7800=ADVANCED_FACE('',(#7217,#7218),#7760,.T.);
#7801=ADVANCED_FACE('',(#7219,#7220),#2226,.T.);
#7802=ADVANCED_FACE('',(#7221,#7222),#2227,.F.);
#7803=ADVANCED_FACE('',(#7223,#7224),#7761,.T.);
#7804=ADVANCED_FACE('',(#7225),#2228,.T.);
#7805=ADVANCED_FACE('',(#7226,#7227),#7762,.T.);
#7806=ADVANCED_FACE('',(#7228),#2229,.F.);
#7807=ADVANCED_FACE('',(#7229),#2230,.T.);
#7808=ADVANCED_FACE('',(#7230),#2231,.F.);
#7809=ADVANCED_FACE('',(#7231),#2232,.F.);
#7810=ADVANCED_FACE('',(#7232),#2233,.T.);
#7811=ADVANCED_FACE('',(#7233,#7234),#2234,.T.);
#7812=ADVANCED_FACE('',(#7235),#2235,.F.);
#7813=ADVANCED_FACE('',(#7236,#7237),#164,.T.);
#7814=ADVANCED_FACE('',(#7238,#7239),#2236,.T.);
#7815=ADVANCED_FACE('',(#7240,#7241),#7763,.T.);
#7816=ADVANCED_FACE('',(#7242),#2237,.T.);
#7817=ADVANCED_FACE('',(#7243),#2238,.F.);
#7818=ADVANCED_FACE('',(#7244),#2239,.F.);
#7819=ADVANCED_FACE('',(#7245),#2240,.T.);
#7820=ADVANCED_FACE('',(#7246),#2241,.T.);
#7821=ADVANCED_FACE('',(#7247,#7248),#2242,.F.);
#7822=ADVANCED_FACE('',(#7249),#7764,.T.);
#7823=ADVANCED_FACE('',(#7250),#7765,.T.);
#7824=ADVANCED_FACE('',(#7251),#160,.T.);
#7825=ADVANCED_FACE('',(#7252),#7766,.T.);
#7826=ADVANCED_FACE('',(#7253),#7767,.T.);
#7827=ADVANCED_FACE('',(#7254),#7768,.T.);
#7828=ADVANCED_FACE('',(#7255),#7769,.F.);
#7829=ADVANCED_FACE('',(#7256),#2243,.T.);
#7830=ADVANCED_FACE('',(#7257),#2244,.T.);
#7831=ADVANCED_FACE('',(#7258),#2245,.T.);
#7832=ADVANCED_FACE('',(#7259),#2246,.T.);
#7833=ADVANCED_FACE('',(#7260,#7261),#7770,.F.);
#7834=ADVANCED_FACE('',(#7262,#7263),#7771,.T.);
#7835=ADVANCED_FACE('',(#7264,#7265),#2247,.F.);
#7836=ADVANCED_FACE('',(#7266,#7267),#2248,.F.);
#7837=ADVANCED_FACE('',(#7268),#2249,.T.);
#7838=ADVANCED_FACE('',(#7269),#2250,.T.);
#7839=ADVANCED_FACE('',(#7270),#2251,.F.);
#7840=ADVANCED_FACE('',(#7271),#2252,.F.);
#7841=ADVANCED_FACE('',(#7272),#2253,.T.);
#7842=ADVANCED_FACE('',(#7273),#2254,.F.);
#7843=ADVANCED_FACE('',(#7274),#2255,.F.);
#7844=ADVANCED_FACE('',(#7275),#2256,.F.);
#7845=ADVANCED_FACE('',(#7276),#2257,.F.);
#7846=ADVANCED_FACE('',(#7277,#7278),#7772,.T.);
#7847=ADVANCED_FACE('',(#7279,#7280),#2258,.T.);
#7848=ADVANCED_FACE('',(#7281),#2259,.F.);
#7849=ADVANCED_FACE('',(#7282),#2260,.F.);
#7850=ADVANCED_FACE('',(#7283),#2261,.T.);
#7851=ADVANCED_FACE('',(#7284),#2262,.F.);
#7852=ADVANCED_FACE('',(#7285),#2263,.F.);
#7853=ADVANCED_FACE('',(#7286),#2264,.T.);
#7854=ADVANCED_FACE('',(#7287,#7288),#2265,.T.);
#7855=ADVANCED_FACE('',(#7289,#7290),#2266,.F.);
#7856=ADVANCED_FACE('',(#7291,#7292),#7773,.F.);
#7857=ADVANCED_FACE('',(#7293),#2267,.F.);
#7858=ADVANCED_FACE('',(#7294),#2268,.F.);
#7859=ADVANCED_FACE('',(#7295),#2269,.F.);
#7860=ADVANCED_FACE('',(#7296),#2270,.F.);
#7861=ADVANCED_FACE('',(#7297),#2271,.F.);
#7862=ADVANCED_FACE('',(#7298),#2272,.F.);
#7863=ADVANCED_FACE('',(#7299),#2273,.F.);
#7864=ADVANCED_FACE('',(#7300),#2274,.F.);
#7865=ADVANCED_FACE('',(#7301),#2275,.F.);
#7866=ADVANCED_FACE('',(#7302),#2276,.F.);
#7867=ADVANCED_FACE('',(#7303),#2277,.F.);
#7868=ADVANCED_FACE('',(#7304),#2278,.F.);
#7869=ADVANCED_FACE('',(#7305),#2279,.F.);
#7870=ADVANCED_FACE('',(#7306),#2280,.F.);
#7871=ADVANCED_FACE('',(#7307),#2281,.F.);
#7872=ADVANCED_FACE('',(#7308),#2282,.F.);
#7873=ADVANCED_FACE('',(#7309),#2283,.F.);
#7874=ADVANCED_FACE('',(#7310),#2284,.F.);
#7875=ADVANCED_FACE('',(#7311),#2285,.F.);
#7876=ADVANCED_FACE('',(#7312),#2286,.F.);
#7877=ADVANCED_FACE('',(#7313),#2287,.F.);
#7878=ADVANCED_FACE('',(#7314),#2288,.F.);
#7879=ADVANCED_FACE('',(#7315),#2289,.F.);
#7880=ADVANCED_FACE('',(#7316),#2290,.F.);
#7881=ADVANCED_FACE('',(#7317),#2291,.F.);
#7882=ADVANCED_FACE('',(#7318),#2292,.F.);
#7883=ADVANCED_FACE('',(#7319),#2293,.F.);
#7884=ADVANCED_FACE('',(#7320),#2294,.F.);
#7885=ADVANCED_FACE('',(#7321),#2295,.F.);
#7886=ADVANCED_FACE('',(#7322),#2296,.F.);
#7887=ADVANCED_FACE('',(#7323),#2297,.F.);
#7888=ADVANCED_FACE('',(#7324),#2298,.F.);
#7889=ADVANCED_FACE('',(#7325),#2299,.F.);
#7890=ADVANCED_FACE('',(#7326),#2300,.F.);
#7891=ADVANCED_FACE('',(#7327),#2301,.F.);
#7892=ADVANCED_FACE('',(#7328),#2302,.F.);
#7893=ADVANCED_FACE('',(#7329),#2303,.F.);
#7894=ADVANCED_FACE('',(#7330),#2304,.F.);
#7895=ADVANCED_FACE('',(#7331),#2305,.F.);
#7896=ADVANCED_FACE('',(#7332),#2306,.F.);
#7897=ADVANCED_FACE('',(#7333),#2307,.F.);
#7898=ADVANCED_FACE('',(#7334),#2308,.F.);
#7899=ADVANCED_FACE('',(#7335),#2309,.F.);
#7900=ADVANCED_FACE('',(#7336),#2310,.F.);
#7901=ADVANCED_FACE('',(#7337),#2311,.F.);
#7902=ADVANCED_FACE('',(#7338),#2312,.F.);
#7903=ADVANCED_FACE('',(#7339),#2313,.F.);
#7904=ADVANCED_FACE('',(#7340),#2314,.F.);
#7905=ADVANCED_FACE('',(#7341),#2315,.F.);
#7906=ADVANCED_FACE('',(#7342),#2316,.F.);
#7907=ADVANCED_FACE('',(#7343),#2317,.F.);
#7908=ADVANCED_FACE('',(#7344),#2318,.F.);
#7909=ADVANCED_FACE('',(#7345),#2319,.F.);
#7910=ADVANCED_FACE('',(#7346),#2320,.F.);
#7911=ADVANCED_FACE('',(#7347),#2321,.F.);
#7912=ADVANCED_FACE('',(#7348),#2322,.F.);
#7913=ADVANCED_FACE('',(#7349),#2323,.F.);
#7914=ADVANCED_FACE('',(#7350),#2324,.F.);
#7915=ADVANCED_FACE('',(#7351),#2325,.F.);
#7916=ADVANCED_FACE('',(#7352),#2326,.F.);
#7917=ADVANCED_FACE('',(#7353),#2327,.F.);
#7918=ADVANCED_FACE('',(#7354),#2328,.F.);
#7919=ADVANCED_FACE('',(#7355),#2329,.F.);
#7920=ADVANCED_FACE('',(#7356),#2330,.F.);
#7921=ADVANCED_FACE('',(#7357),#2331,.F.);
#7922=ADVANCED_FACE('',(#7358),#2332,.F.);
#7923=ADVANCED_FACE('',(#7359),#2333,.F.);
#7924=ADVANCED_FACE('',(#7360),#2334,.F.);
#7925=ADVANCED_FACE('',(#7361),#2335,.F.);
#7926=ADVANCED_FACE('',(#7362),#2336,.F.);
#7927=ADVANCED_FACE('',(#7363),#2337,.F.);
#7928=ADVANCED_FACE('',(#7364),#2338,.F.);
#7929=ADVANCED_FACE('',(#7365),#2339,.F.);
#7930=ADVANCED_FACE('',(#7366),#2340,.F.);
#7931=ADVANCED_FACE('',(#7367),#2341,.F.);
#7932=ADVANCED_FACE('',(#7368),#2342,.F.);
#7933=ADVANCED_FACE('',(#7369),#2343,.F.);
#7934=ADVANCED_FACE('',(#7370),#2344,.F.);
#7935=ADVANCED_FACE('',(#7371),#2345,.F.);
#7936=ADVANCED_FACE('',(#7372),#2346,.F.);
#7937=ADVANCED_FACE('',(#7373),#2347,.F.);
#7938=ADVANCED_FACE('',(#7374),#2348,.F.);
#7939=ADVANCED_FACE('',(#7375),#2349,.F.);
#7940=ADVANCED_FACE('',(#7376),#2350,.F.);
#7941=ADVANCED_FACE('',(#7377),#2351,.F.);
#7942=ADVANCED_FACE('',(#7378),#2352,.F.);
#7943=ADVANCED_FACE('',(#7379),#2353,.F.);
#7944=ADVANCED_FACE('',(#7380),#2354,.F.);
#7945=ADVANCED_FACE('',(#7381),#2355,.F.);
#7946=ADVANCED_FACE('',(#7382),#2356,.F.);
#7947=ADVANCED_FACE('',(#7383),#2357,.F.);
#7948=ADVANCED_FACE('',(#7384),#2358,.F.);
#7949=ADVANCED_FACE('',(#7385),#2359,.F.);
#7950=ADVANCED_FACE('',(#7386),#2360,.F.);
#7951=ADVANCED_FACE('',(#7387),#2361,.F.);
#7952=ADVANCED_FACE('',(#7388),#2362,.F.);
#7953=ADVANCED_FACE('',(#7389),#2363,.F.);
#7954=ADVANCED_FACE('',(#7390),#2364,.F.);
#7955=ADVANCED_FACE('',(#7391),#2365,.F.);
#7956=ADVANCED_FACE('',(#7392),#2366,.F.);
#7957=ADVANCED_FACE('',(#7393),#2367,.F.);
#7958=ADVANCED_FACE('',(#7394),#2368,.F.);
#7959=ADVANCED_FACE('',(#7395),#2369,.F.);
#7960=ADVANCED_FACE('',(#7396),#2370,.F.);
#7961=ADVANCED_FACE('',(#7397),#2371,.F.);
#7962=ADVANCED_FACE('',(#7398),#2372,.F.);
#7963=ADVANCED_FACE('',(#7399),#2373,.F.);
#7964=ADVANCED_FACE('',(#7400),#2374,.F.);
#7965=ADVANCED_FACE('',(#7401),#2375,.F.);
#7966=ADVANCED_FACE('',(#7402),#2376,.F.);
#7967=ADVANCED_FACE('',(#7403),#2377,.F.);
#7968=ADVANCED_FACE('',(#7404),#2378,.F.);
#7969=ADVANCED_FACE('',(#7405),#2379,.F.);
#7970=ADVANCED_FACE('',(#7406),#2380,.F.);
#7971=ADVANCED_FACE('',(#7407),#2381,.F.);
#7972=ADVANCED_FACE('',(#7408),#2382,.F.);
#7973=ADVANCED_FACE('',(#7409),#2383,.F.);
#7974=ADVANCED_FACE('',(#7410),#2384,.F.);
#7975=ADVANCED_FACE('',(#7411),#2385,.F.);
#7976=ADVANCED_FACE('',(#7412),#2386,.F.);
#7977=ADVANCED_FACE('',(#7413),#2387,.F.);
#7978=ADVANCED_FACE('',(#7414),#2388,.F.);
#7979=ADVANCED_FACE('',(#7415),#2389,.F.);
#7980=ADVANCED_FACE('',(#7416),#2390,.F.);
#7981=ADVANCED_FACE('',(#7417),#2391,.F.);
#7982=ADVANCED_FACE('',(#7418),#2392,.F.);
#7983=ADVANCED_FACE('',(#7419),#2393,.F.);
#7984=ADVANCED_FACE('',(#7420),#2394,.F.);
#7985=ADVANCED_FACE('',(#7421),#2395,.F.);
#7986=ADVANCED_FACE('',(#7422),#2396,.F.);
#7987=ADVANCED_FACE('',(#7423),#2397,.F.);
#7988=ADVANCED_FACE('',(#7424),#2398,.F.);
#7989=ADVANCED_FACE('',(#7425),#2399,.F.);
#7990=ADVANCED_FACE('',(#7426),#2400,.F.);
#7991=ADVANCED_FACE('',(#7427),#2401,.F.);
#7992=ADVANCED_FACE('',(#7428),#2402,.F.);
#7993=ADVANCED_FACE('',(#7429),#2403,.F.);
#7994=ADVANCED_FACE('',(#7430),#2404,.F.);
#7995=ADVANCED_FACE('',(#7431),#2405,.F.);
#7996=ADVANCED_FACE('',(#7432),#2406,.F.);
#7997=ADVANCED_FACE('',(#7433),#2407,.F.);
#7998=ADVANCED_FACE('',(#7434),#2408,.F.);
#7999=ADVANCED_FACE('',(#7435),#2409,.F.);
#8000=ADVANCED_FACE('',(#7436),#2410,.F.);
#8001=ADVANCED_FACE('',(#7437),#2411,.F.);
#8002=ADVANCED_FACE('',(#7438),#2412,.F.);
#8003=ADVANCED_FACE('',(#7439),#2413,.F.);
#8004=ADVANCED_FACE('',(#7440),#2414,.F.);
#8005=ADVANCED_FACE('',(#7441),#2415,.F.);
#8006=ADVANCED_FACE('',(#7442),#2416,.F.);
#8007=ADVANCED_FACE('',(#7443),#2417,.F.);
#8008=ADVANCED_FACE('',(#7444),#2418,.F.);
#8009=ADVANCED_FACE('',(#7445),#2419,.F.);
#8010=ADVANCED_FACE('',(#7446),#2420,.F.);
#8011=ADVANCED_FACE('',(#7447),#2421,.F.);
#8012=ADVANCED_FACE('',(#7448),#2422,.F.);
#8013=ADVANCED_FACE('',(#7449),#2423,.F.);
#8014=ADVANCED_FACE('',(#7450),#2424,.F.);
#8015=ADVANCED_FACE('',(#7451),#2425,.F.);
#8016=ADVANCED_FACE('',(#7452),#2426,.F.);
#8017=ADVANCED_FACE('',(#7453),#2427,.F.);
#8018=ADVANCED_FACE('',(#7454),#2428,.F.);
#8019=ADVANCED_FACE('',(#7455),#2429,.F.);
#8020=ADVANCED_FACE('',(#7456),#2430,.F.);
#8021=ADVANCED_FACE('',(#7457),#2431,.F.);
#8022=ADVANCED_FACE('',(#7458),#2432,.F.);
#8023=ADVANCED_FACE('',(#7459),#2433,.F.);
#8024=ADVANCED_FACE('',(#7460),#2434,.F.);
#8025=ADVANCED_FACE('',(#7461),#2435,.F.);
#8026=ADVANCED_FACE('',(#7462),#2436,.F.);
#8027=ADVANCED_FACE('',(#7463),#2437,.F.);
#8028=ADVANCED_FACE('',(#7464),#2438,.F.);
#8029=ADVANCED_FACE('',(#7465),#2439,.F.);
#8030=ADVANCED_FACE('',(#7466),#2440,.F.);
#8031=ADVANCED_FACE('',(#7467),#2441,.F.);
#8032=ADVANCED_FACE('',(#7468),#2442,.F.);
#8033=ADVANCED_FACE('',(#7469),#2443,.F.);
#8034=ADVANCED_FACE('',(#7470),#2444,.F.);
#8035=ADVANCED_FACE('',(#7471),#2445,.F.);
#8036=ADVANCED_FACE('',(#7472),#2446,.F.);
#8037=ADVANCED_FACE('',(#7473),#2447,.F.);
#8038=ADVANCED_FACE('',(#7474),#2448,.F.);
#8039=ADVANCED_FACE('',(#7475),#2449,.F.);
#8040=ADVANCED_FACE('',(#7476),#2450,.F.);
#8041=ADVANCED_FACE('',(#7477),#2451,.F.);
#8042=ADVANCED_FACE('',(#7478),#2452,.F.);
#8043=ADVANCED_FACE('',(#7479),#2453,.F.);
#8044=ADVANCED_FACE('',(#7480),#2454,.F.);
#8045=ADVANCED_FACE('',(#7481),#2455,.F.);
#8046=ADVANCED_FACE('',(#7482),#2456,.F.);
#8047=ADVANCED_FACE('',(#7483),#2457,.F.);
#8048=ADVANCED_FACE('',(#7484),#2458,.F.);
#8049=ADVANCED_FACE('',(#7485),#2459,.F.);
#8050=ADVANCED_FACE('',(#7486),#2460,.F.);
#8051=ADVANCED_FACE('',(#7487),#2461,.F.);
#8052=ADVANCED_FACE('',(#7488),#2462,.F.);
#8053=ADVANCED_FACE('',(#7489),#2463,.F.);
#8054=ADVANCED_FACE('',(#7490),#2464,.F.);
#8055=ADVANCED_FACE('',(#7491),#2465,.F.);
#8056=ADVANCED_FACE('',(#7492),#2466,.F.);
#8057=ADVANCED_FACE('',(#7493),#2467,.F.);
#8058=ADVANCED_FACE('',(#7494),#2468,.F.);
#8059=ADVANCED_FACE('',(#7495),#2469,.F.);
#8060=ADVANCED_FACE('',(#7496),#2470,.F.);
#8061=ADVANCED_FACE('',(#7497),#2471,.F.);
#8062=ADVANCED_FACE('',(#7498),#2472,.F.);
#8063=ADVANCED_FACE('',(#7499),#2473,.F.);
#8064=ADVANCED_FACE('',(#7500),#2474,.F.);
#8065=ADVANCED_FACE('',(#7501),#2475,.F.);
#8066=ADVANCED_FACE('',(#7502),#2476,.F.);
#8067=ADVANCED_FACE('',(#7503,#7504),#2477,.F.);
#8068=ADVANCED_FACE('',(#7505),#2478,.F.);
#8069=ADVANCED_FACE('',(#7506),#2479,.F.);
#8070=ADVANCED_FACE('',(#7507),#2480,.F.);
#8071=ADVANCED_FACE('',(#7508),#2481,.F.);
#8072=ADVANCED_FACE('',(#7509),#2482,.F.);
#8073=ADVANCED_FACE('',(#7510),#2483,.F.);
#8074=ADVANCED_FACE('',(#7511),#2484,.F.);
#8075=ADVANCED_FACE('',(#7512),#2485,.F.);
#8076=ADVANCED_FACE('',(#7513),#2486,.F.);
#8077=ADVANCED_FACE('',(#7514),#2487,.F.);
#8078=ADVANCED_FACE('',(#7515),#2488,.F.);
#8079=ADVANCED_FACE('',(#7516),#2489,.F.);
#8080=ADVANCED_FACE('',(#7517),#2490,.F.);
#8081=ADVANCED_FACE('',(#7518),#2491,.F.);
#8082=ADVANCED_FACE('',(#7519),#2492,.F.);
#8083=ADVANCED_FACE('',(#7520),#2493,.F.);
#8084=ADVANCED_FACE('',(#7521),#2494,.F.);
#8085=ADVANCED_FACE('',(#7522),#2495,.F.);
#8086=ADVANCED_FACE('',(#7523),#2496,.F.);
#8087=ADVANCED_FACE('',(#7524),#2497,.F.);
#8088=ADVANCED_FACE('',(#7525),#2498,.F.);
#8089=ADVANCED_FACE('',(#7526),#2499,.F.);
#8090=ADVANCED_FACE('',(#7527),#2500,.F.);
#8091=ADVANCED_FACE('',(#7528),#2501,.F.);
#8092=ADVANCED_FACE('',(#7529),#2502,.F.);
#8093=ADVANCED_FACE('',(#7530),#2503,.F.);
#8094=ADVANCED_FACE('',(#7531),#2504,.F.);
#8095=ADVANCED_FACE('',(#7532),#2505,.F.);
#8096=ADVANCED_FACE('',(#7533),#2506,.F.);
#8097=ADVANCED_FACE('',(#7534),#2507,.F.);
#8098=ADVANCED_FACE('',(#7535),#2508,.F.);
#8099=ADVANCED_FACE('',(#7536),#2509,.F.);
#8100=ADVANCED_FACE('',(#7537),#2510,.F.);
#8101=ADVANCED_FACE('',(#7538),#2511,.F.);
#8102=ADVANCED_FACE('',(#7539),#2512,.F.);
#8103=ADVANCED_FACE('',(#7540),#2513,.F.);
#8104=ADVANCED_FACE('',(#7541),#2514,.F.);
#8105=ADVANCED_FACE('',(#7542),#2515,.F.);
#8106=ADVANCED_FACE('',(#7543),#2516,.F.);
#8107=ADVANCED_FACE('',(#7544),#2517,.F.);
#8108=ADVANCED_FACE('',(#7545),#2518,.F.);
#8109=ADVANCED_FACE('',(#7546),#2519,.F.);
#8110=ADVANCED_FACE('',(#7547),#2520,.F.);
#8111=ADVANCED_FACE('',(#7548),#2521,.F.);
#8112=ADVANCED_FACE('',(#7549),#2522,.F.);
#8113=ADVANCED_FACE('',(#7550),#2523,.F.);
#8114=ADVANCED_FACE('',(#7551),#2524,.F.);
#8115=ADVANCED_FACE('',(#7552),#2525,.F.);
#8116=ADVANCED_FACE('',(#7553),#2526,.F.);
#8117=ADVANCED_FACE('',(#7554),#2527,.F.);
#8118=ADVANCED_FACE('',(#7555),#2528,.F.);
#8119=ADVANCED_FACE('',(#7556),#2529,.F.);
#8120=ADVANCED_FACE('',(#7557),#2530,.F.);
#8121=ADVANCED_FACE('',(#7558),#2531,.F.);
#8122=ADVANCED_FACE('',(#7559),#2532,.F.);
#8123=ADVANCED_FACE('',(#7560),#2533,.F.);
#8124=ADVANCED_FACE('',(#7561),#2534,.F.);
#8125=ADVANCED_FACE('',(#7562),#2535,.F.);
#8126=ADVANCED_FACE('',(#7563),#2536,.F.);
#8127=ADVANCED_FACE('',(#7564),#2537,.F.);
#8128=ADVANCED_FACE('',(#7565,#7566,#7567,#7568,#7569,#7570,#7571,#7572,
#7573,#7574,#7575,#7576,#7577,#7578,#7579,#7580,#7581,#7582,#7583,#7584,
#7585,#7586,#7587,#7588,#7589,#7590,#7591,#7592,#7593,#7594,#7595,#7596,
#7597,#7598,#7599),#2538,.T.);
#8129=ADVANCED_FACE('',(#7600),#2539,.F.);
#8130=ADVANCED_FACE('',(#7601),#7774,.T.);
#8131=ADVANCED_FACE('',(#7602),#7775,.T.);
#8132=ADVANCED_FACE('',(#7603,#7604,#7605,#7606,#7607),#2540,.T.);
#8133=ADVANCED_FACE('',(#7608),#2541,.F.);
#8134=ADVANCED_FACE('',(#7609),#7776,.T.);
#8135=ADVANCED_FACE('',(#7610),#2542,.F.);
#8136=ADVANCED_FACE('',(#7611),#7777,.T.);
#8137=ADVANCED_FACE('',(#7612),#2543,.F.);
#8138=ADVANCED_FACE('',(#7613,#7614),#2544,.F.);
#8139=ADVANCED_FACE('',(#7615,#7616),#2545,.F.);
#8140=ADVANCED_FACE('',(#7617,#7618),#2546,.F.);
#8141=ADVANCED_FACE('',(#7619,#7620),#2547,.F.);
#8142=ADVANCED_FACE('',(#7621,#7622),#2548,.F.);
#8143=ADVANCED_FACE('',(#7623,#7624),#2549,.F.);
#8144=ADVANCED_FACE('',(#7625,#7626),#2550,.F.);
#8145=ADVANCED_FACE('',(#7627,#7628),#2551,.F.);
#8146=ADVANCED_FACE('',(#7629,#7630),#2552,.F.);
#8147=ADVANCED_FACE('',(#7631,#7632),#2553,.F.);
#8148=ADVANCED_FACE('',(#7633,#7634),#2554,.F.);
#8149=ADVANCED_FACE('',(#7635,#7636),#2555,.F.);
#8150=ADVANCED_FACE('',(#7637,#7638),#2556,.F.);
#8151=ADVANCED_FACE('',(#7639,#7640),#2557,.F.);
#8152=ADVANCED_FACE('',(#7641,#7642),#2558,.F.);
#8153=ADVANCED_FACE('',(#7643,#7644),#2559,.F.);
#8154=ADVANCED_FACE('',(#7645,#7646),#2560,.F.);
#8155=ADVANCED_FACE('',(#7647,#7648),#2561,.F.);
#8156=ADVANCED_FACE('',(#7649,#7650),#2562,.F.);
#8157=ADVANCED_FACE('',(#7651,#7652),#2563,.F.);
#8158=ADVANCED_FACE('',(#7653,#7654),#2564,.F.);
#8159=ADVANCED_FACE('',(#7655,#7656),#2565,.F.);
#8160=ADVANCED_FACE('',(#7657,#7658),#2566,.F.);
#8161=ADVANCED_FACE('',(#7659,#7660),#2567,.F.);
#8162=ADVANCED_FACE('',(#7661,#7662),#2568,.F.);
#8163=ADVANCED_FACE('',(#7663,#7664),#2569,.F.);
#8164=ADVANCED_FACE('',(#7665,#7666),#2570,.F.);
#8165=ADVANCED_FACE('',(#7667,#7668),#2571,.F.);
#8166=ADVANCED_FACE('',(#7669,#7670),#2572,.F.);
#8167=ADVANCED_FACE('',(#7671,#7672),#7778,.F.);
#8168=ADVANCED_FACE('',(#7673,#7674),#7779,.F.);
#8169=ADVANCED_FACE('',(#7675,#7676),#7780,.F.);
#8170=ADVANCED_FACE('',(#7677,#7678),#7781,.F.);
#8171=ADVANCED_FACE('',(#7679,#7680),#7782,.T.);
#8172=ADVANCED_FACE('',(#7681,#7682),#2573,.T.);
#8173=ADVANCED_FACE('',(#7683),#2574,.F.);
#8174=ADVANCED_FACE('',(#7684,#7685),#7783,.T.);
#8175=ADVANCED_FACE('',(#7686),#2575,.T.);
#8176=ADVANCED_FACE('',(#7687),#2576,.F.);
#8177=ADVANCED_FACE('',(#7688),#2577,.T.);
#8178=ADVANCED_FACE('',(#7689),#2578,.T.);
#8179=ADVANCED_FACE('',(#7690),#2579,.F.);
#8180=ADVANCED_FACE('',(#7691),#2580,.T.);
#8181=ADVANCED_FACE('',(#7692),#2581,.F.);
#8182=ADVANCED_FACE('',(#7693),#2582,.T.);
#8183=ADVANCED_FACE('',(#7694),#2583,.F.);
#8184=ADVANCED_FACE('',(#7695),#2584,.T.);
#8185=ADVANCED_FACE('',(#7696),#2585,.F.);
#8186=ADVANCED_FACE('',(#7697),#2586,.F.);
#8187=ADVANCED_FACE('',(#7698),#2587,.T.);
#8188=ADVANCED_FACE('',(#7699,#7700),#2588,.T.);
#8189=ADVANCED_FACE('',(#7701,#7702),#2589,.F.);
#8190=ADVANCED_FACE('',(#7703,#7704),#7784,.F.);
#8191=ADVANCED_FACE('',(#7705),#2590,.T.);
#8192=ADVANCED_FACE('',(#7706),#2591,.T.);
#8193=ADVANCED_FACE('',(#7707),#2592,.F.);
#8194=ADVANCED_FACE('',(#7708),#7785,.F.);
#8195=ADVANCED_FACE('',(#7709),#2593,.T.);
#8196=ADVANCED_FACE('',(#7710),#2594,.T.);
#8197=ADVANCED_FACE('',(#7711),#2595,.F.);
#8198=ADVANCED_FACE('',(#7712),#2596,.F.);
#8199=ADVANCED_FACE('',(#7713),#2597,.F.);
#8200=ADVANCED_FACE('',(#7714),#2598,.T.);
#8201=ADVANCED_FACE('',(#7715),#2599,.T.);
#8202=ADVANCED_FACE('',(#7716),#2600,.F.);
#8203=ADVANCED_FACE('',(#7717),#7786,.F.);
#8204=ADVANCED_FACE('',(#7718),#2601,.F.);
#8205=ADVANCED_FACE('',(#7719),#2602,.F.);
#8206=ADVANCED_FACE('',(#7720,#7721,#7722),#2603,.F.);
#8207=ADVANCED_FACE('',(#7723),#2604,.F.);
#8208=ADVANCED_FACE('',(#7724),#2605,.T.);
#8209=ADVANCED_FACE('',(#7725),#2606,.F.);
#8210=ADVANCED_FACE('',(#7726),#2607,.T.);
#8211=ADVANCED_FACE('',(#7727),#2608,.F.);
#8212=ADVANCED_FACE('',(#7728),#2609,.T.);
#8213=ADVANCED_FACE('',(#7729),#2610,.F.);
#8214=ADVANCED_FACE('',(#7730),#2611,.F.);
#8215=ADVANCED_FACE('',(#7731),#2612,.T.);
#8216=ADVANCED_FACE('',(#7732),#2613,.T.);
#8217=ADVANCED_FACE('',(#7733),#2614,.F.);
#8218=ADVANCED_FACE('',(#7734),#2615,.T.);
#8219=ADVANCED_FACE('',(#7735),#2616,.F.);
#8220=ADVANCED_FACE('',(#7736),#2617,.T.);
#8221=ADVANCED_FACE('',(#7737),#2618,.F.);
#8222=ADVANCED_FACE('',(#7738),#2619,.F.);
#8223=ADVANCED_FACE('',(#7739),#2620,.F.);
#8224=ADVANCED_FACE('',(#7740),#2621,.T.);
#8225=ADVANCED_FACE('',(#7741),#2622,.T.);
#8226=ADVANCED_FACE('',(#7742),#2623,.T.);
#8227=ADVANCED_FACE('',(#7743),#2624,.F.);
#8228=ADVANCED_FACE('',(#7744),#2625,.F.);
#8229=ADVANCED_FACE('',(#7745),#2626,.T.);
#8230=ADVANCED_FACE('',(#7746),#2627,.F.);
#8231=ADVANCED_FACE('',(#7747),#2628,.F.);
#8232=ADVANCED_FACE('',(#7748),#2629,.T.);
#8233=ADVANCED_FACE('',(#7749),#2630,.T.);
#8234=ADVANCED_FACE('',(#7750),#2631,.F.);
#8235=ADVANCED_FACE('',(#7751),#2632,.F.);
#8236=ADVANCED_FACE('',(#7752),#2633,.T.);
#8237=ADVANCED_FACE('',(#7753),#2634,.T.);
#8238=ADVANCED_FACE('',(#7754),#2635,.T.);
#8239=ADVANCED_FACE('',(#7755),#2636,.T.);
#8240=ADVANCED_FACE('',(#7756),#2637,.T.);
#8241=ADVANCED_FACE('',(#7757),#2638,.T.);
#8242=CLOSED_SHELL('',(#7787,#7788,#7789,#7790,#7791,#7792,#7793,#7794,
#7795,#7796,#7797,#7798,#7799,#7800,#7801,#7802,#7803,#7804,#7805,#7806));
#8243=CLOSED_SHELL('',(#7807,#7808,#7809,#7810,#7811,#7812,#7813,#7814,
#7815,#7816,#7817,#7818,#7819,#7820,#7821,#7822,#7823,#7824,#7825,#7826,
#7827));
#8244=CLOSED_SHELL('',(#7828,#7829,#7830,#7831,#7832,#7833,#7834,#7835,
#7836,#7837,#7838,#7839,#7840,#7841,#7842,#7843,#7844,#7845,#7846,#7847,
#7848,#7849));
#8245=CLOSED_SHELL('',(#7850,#7851,#7852,#7853,#7854,#7855,#7856));
#8246=CLOSED_SHELL('',(#7857,#7858,#7859,#7860,#7861,#7862,#7863,#7864,
#7865,#7866,#7867,#7868,#7869,#7870,#7871,#7872,#7873,#7874,#7875,#7876,
#7877,#7878,#7879,#7880,#7881,#7882,#7883,#7884,#7885,#7886,#7887,#7888,
#7889,#7890,#7891,#7892,#7893,#7894,#7895,#7896,#7897,#7898,#7899,#7900,
#7901,#7902,#7903,#7904,#7905,#7906,#7907,#7908,#7909,#7910,#7911,#7912,
#7913,#7914,#7915,#7916,#7917,#7918,#7919,#7920,#7921,#7922,#7923,#7924,
#7925,#7926,#7927,#7928,#7929,#7930,#7931,#7932,#7933,#7934,#7935,#7936,
#7937,#7938,#7939,#7940,#7941,#7942,#7943,#7944,#7945,#7946,#7947,#7948,
#7949,#7950,#7951,#7952,#7953,#7954,#7955,#7956,#7957,#7958,#7959,#7960,
#7961,#7962,#7963,#7964,#7965,#7966,#7967,#7968,#7969,#7970,#7971,#7972,
#7973,#7974,#7975,#7976,#7977,#7978,#7979,#7980,#7981,#7982,#7983,#7984,
#7985,#7986,#7987,#7988,#7989,#7990,#7991,#7992,#7993,#7994,#7995,#7996,
#7997,#7998,#7999,#8000,#8001,#8002,#8003,#8004,#8005,#8006,#8007,#8008,
#8009,#8010,#8011,#8012,#8013,#8014,#8015,#8016,#8017,#8018,#8019,#8020,
#8021,#8022,#8023,#8024,#8025,#8026,#8027,#8028,#8029,#8030,#8031,#8032,
#8033,#8034,#8035,#8036,#8037,#8038,#8039,#8040,#8041,#8042,#8043,#8044,
#8045,#8046,#8047,#8048,#8049,#8050,#8051,#8052,#8053,#8054,#8055,#8056,
#8057,#8058,#8059,#8060,#8061,#8062,#8063,#8064,#8065,#8066,#8067,#8068,
#8069,#8070,#8071,#8072,#8073,#8074,#8075,#8076,#8077,#8078,#8079,#8080,
#8081,#8082,#8083,#8084,#8085,#8086,#8087,#8088,#8089,#8090,#8091,#8092,
#8093,#8094,#8095,#8096,#8097,#8098,#8099,#8100,#8101,#8102,#8103,#8104,
#8105,#8106,#8107,#8108,#8109,#8110,#8111,#8112,#8113,#8114,#8115,#8116,
#8117,#8118,#8119,#8120,#8121,#8122,#8123,#8124,#8125,#8126,#8127,#8128,
#8129,#8130,#8131,#8132,#8133,#8134,#8135,#8136,#8137,#8138,#8139,#8140,
#8141,#8142,#8143,#8144,#8145,#8146,#8147,#8148,#8149,#8150,#8151,#8152,
#8153,#8154,#8155,#8156,#8157,#8158,#8159,#8160,#8161,#8162,#8163,#8164,
#8165,#8166,#8167,#8168,#8169,#8170));
#8247=CLOSED_SHELL('',(#8171,#8172,#8173,#8174,#8175,#8176,#8177));
#8248=CLOSED_SHELL('',(#8178,#8179,#8180,#8181,#8182,#8183));
#8249=CLOSED_SHELL('',(#8184,#8185,#8186,#8187,#8188,#8189,#8190));
#8250=CLOSED_SHELL('',(#8191,#8192,#8193,#8194,#8195,#8196,#8197,#8198,
#8199,#8200,#8201,#8202,#8203,#8204,#8205,#8206,#8207,#8208,#8209,#8210,
#8211,#8212,#8213,#8214,#8215,#8216,#8217,#8218,#8219,#8220,#8221,#8222,
#8223,#8224,#8225,#8226,#8227,#8228,#8229,#8230,#8231,#8232,#8233,#8234,
#8235,#8236,#8237,#8238,#8239,#8240,#8241));
#8251=STYLED_ITEM('',(#8260),#9218);
#8252=STYLED_ITEM('',(#8261),#9219);
#8253=STYLED_ITEM('',(#8262),#9220);
#8254=STYLED_ITEM('',(#8263),#9221);
#8255=STYLED_ITEM('',(#8264),#9222);
#8256=STYLED_ITEM('',(#8415),#9223);
#8257=STYLED_ITEM('',(#8416),#9224);
#8258=STYLED_ITEM('',(#8417),#9225);
#8259=STYLED_ITEM('',(#8418),#9226);
#8260=PRESENTATION_STYLE_ASSIGNMENT((#8419));
#8261=PRESENTATION_STYLE_ASSIGNMENT((#8420));
#8262=PRESENTATION_STYLE_ASSIGNMENT((#8421));
#8263=PRESENTATION_STYLE_ASSIGNMENT((#8422));
#8264=PRESENTATION_STYLE_ASSIGNMENT((#8423));
#8265=PRESENTATION_STYLE_ASSIGNMENT((#8424));
#8266=PRESENTATION_STYLE_ASSIGNMENT((#8425));
#8267=PRESENTATION_STYLE_ASSIGNMENT((#8426));
#8268=PRESENTATION_STYLE_ASSIGNMENT((#8427));
#8269=PRESENTATION_STYLE_ASSIGNMENT((#8428));
#8270=PRESENTATION_STYLE_ASSIGNMENT((#8429));
#8271=PRESENTATION_STYLE_ASSIGNMENT((#8430));
#8272=PRESENTATION_STYLE_ASSIGNMENT((#8431));
#8273=PRESENTATION_STYLE_ASSIGNMENT((#8432));
#8274=PRESENTATION_STYLE_ASSIGNMENT((#8433));
#8275=PRESENTATION_STYLE_ASSIGNMENT((#8434));
#8276=PRESENTATION_STYLE_ASSIGNMENT((#8435));
#8277=PRESENTATION_STYLE_ASSIGNMENT((#8436));
#8278=PRESENTATION_STYLE_ASSIGNMENT((#8437));
#8279=PRESENTATION_STYLE_ASSIGNMENT((#8438));
#8280=PRESENTATION_STYLE_ASSIGNMENT((#8439));
#8281=PRESENTATION_STYLE_ASSIGNMENT((#8440));
#8282=PRESENTATION_STYLE_ASSIGNMENT((#8441));
#8283=PRESENTATION_STYLE_ASSIGNMENT((#8442));
#8284=PRESENTATION_STYLE_ASSIGNMENT((#8443));
#8285=PRESENTATION_STYLE_ASSIGNMENT((#8444));
#8286=PRESENTATION_STYLE_ASSIGNMENT((#8445));
#8287=PRESENTATION_STYLE_ASSIGNMENT((#8446));
#8288=PRESENTATION_STYLE_ASSIGNMENT((#8447));
#8289=PRESENTATION_STYLE_ASSIGNMENT((#8448));
#8290=PRESENTATION_STYLE_ASSIGNMENT((#8449));
#8291=PRESENTATION_STYLE_ASSIGNMENT((#8450));
#8292=PRESENTATION_STYLE_ASSIGNMENT((#8451));
#8293=PRESENTATION_STYLE_ASSIGNMENT((#8452));
#8294=PRESENTATION_STYLE_ASSIGNMENT((#8453));
#8295=PRESENTATION_STYLE_ASSIGNMENT((#8454));
#8296=PRESENTATION_STYLE_ASSIGNMENT((#8455));
#8297=PRESENTATION_STYLE_ASSIGNMENT((#8456));
#8298=PRESENTATION_STYLE_ASSIGNMENT((#8457));
#8299=PRESENTATION_STYLE_ASSIGNMENT((#8458));
#8300=PRESENTATION_STYLE_ASSIGNMENT((#8459));
#8301=PRESENTATION_STYLE_ASSIGNMENT((#8460));
#8302=PRESENTATION_STYLE_ASSIGNMENT((#8461));
#8303=PRESENTATION_STYLE_ASSIGNMENT((#8462));
#8304=PRESENTATION_STYLE_ASSIGNMENT((#8463));
#8305=PRESENTATION_STYLE_ASSIGNMENT((#8464));
#8306=PRESENTATION_STYLE_ASSIGNMENT((#8465));
#8307=PRESENTATION_STYLE_ASSIGNMENT((#8466));
#8308=PRESENTATION_STYLE_ASSIGNMENT((#8467));
#8309=PRESENTATION_STYLE_ASSIGNMENT((#8468));
#8310=PRESENTATION_STYLE_ASSIGNMENT((#8469));
#8311=PRESENTATION_STYLE_ASSIGNMENT((#8470));
#8312=PRESENTATION_STYLE_ASSIGNMENT((#8471));
#8313=PRESENTATION_STYLE_ASSIGNMENT((#8472));
#8314=PRESENTATION_STYLE_ASSIGNMENT((#8473));
#8315=PRESENTATION_STYLE_ASSIGNMENT((#8474));
#8316=PRESENTATION_STYLE_ASSIGNMENT((#8475));
#8317=PRESENTATION_STYLE_ASSIGNMENT((#8476));
#8318=PRESENTATION_STYLE_ASSIGNMENT((#8477));
#8319=PRESENTATION_STYLE_ASSIGNMENT((#8478));
#8320=PRESENTATION_STYLE_ASSIGNMENT((#8479));
#8321=PRESENTATION_STYLE_ASSIGNMENT((#8480));
#8322=PRESENTATION_STYLE_ASSIGNMENT((#8481));
#8323=PRESENTATION_STYLE_ASSIGNMENT((#8482));
#8324=PRESENTATION_STYLE_ASSIGNMENT((#8483));
#8325=PRESENTATION_STYLE_ASSIGNMENT((#8484));
#8326=PRESENTATION_STYLE_ASSIGNMENT((#8485));
#8327=PRESENTATION_STYLE_ASSIGNMENT((#8486));
#8328=PRESENTATION_STYLE_ASSIGNMENT((#8487));
#8329=PRESENTATION_STYLE_ASSIGNMENT((#8488));
#8330=PRESENTATION_STYLE_ASSIGNMENT((#8489));
#8331=PRESENTATION_STYLE_ASSIGNMENT((#8490));
#8332=PRESENTATION_STYLE_ASSIGNMENT((#8491));
#8333=PRESENTATION_STYLE_ASSIGNMENT((#8492));
#8334=PRESENTATION_STYLE_ASSIGNMENT((#8493));
#8335=PRESENTATION_STYLE_ASSIGNMENT((#8494));
#8336=PRESENTATION_STYLE_ASSIGNMENT((#8495));
#8337=PRESENTATION_STYLE_ASSIGNMENT((#8496));
#8338=PRESENTATION_STYLE_ASSIGNMENT((#8497));
#8339=PRESENTATION_STYLE_ASSIGNMENT((#8498));
#8340=PRESENTATION_STYLE_ASSIGNMENT((#8499));
#8341=PRESENTATION_STYLE_ASSIGNMENT((#8500));
#8342=PRESENTATION_STYLE_ASSIGNMENT((#8501));
#8343=PRESENTATION_STYLE_ASSIGNMENT((#8502));
#8344=PRESENTATION_STYLE_ASSIGNMENT((#8503));
#8345=PRESENTATION_STYLE_ASSIGNMENT((#8504));
#8346=PRESENTATION_STYLE_ASSIGNMENT((#8505));
#8347=PRESENTATION_STYLE_ASSIGNMENT((#8506));
#8348=PRESENTATION_STYLE_ASSIGNMENT((#8507));
#8349=PRESENTATION_STYLE_ASSIGNMENT((#8508));
#8350=PRESENTATION_STYLE_ASSIGNMENT((#8509));
#8351=PRESENTATION_STYLE_ASSIGNMENT((#8510));
#8352=PRESENTATION_STYLE_ASSIGNMENT((#8511));
#8353=PRESENTATION_STYLE_ASSIGNMENT((#8512));
#8354=PRESENTATION_STYLE_ASSIGNMENT((#8513));
#8355=PRESENTATION_STYLE_ASSIGNMENT((#8514));
#8356=PRESENTATION_STYLE_ASSIGNMENT((#8515));
#8357=PRESENTATION_STYLE_ASSIGNMENT((#8516));
#8358=PRESENTATION_STYLE_ASSIGNMENT((#8517));
#8359=PRESENTATION_STYLE_ASSIGNMENT((#8518));
#8360=PRESENTATION_STYLE_ASSIGNMENT((#8519));
#8361=PRESENTATION_STYLE_ASSIGNMENT((#8520));
#8362=PRESENTATION_STYLE_ASSIGNMENT((#8521));
#8363=PRESENTATION_STYLE_ASSIGNMENT((#8522));
#8364=PRESENTATION_STYLE_ASSIGNMENT((#8523));
#8365=PRESENTATION_STYLE_ASSIGNMENT((#8524));
#8366=PRESENTATION_STYLE_ASSIGNMENT((#8525));
#8367=PRESENTATION_STYLE_ASSIGNMENT((#8526));
#8368=PRESENTATION_STYLE_ASSIGNMENT((#8527));
#8369=PRESENTATION_STYLE_ASSIGNMENT((#8528));
#8370=PRESENTATION_STYLE_ASSIGNMENT((#8529));
#8371=PRESENTATION_STYLE_ASSIGNMENT((#8530));
#8372=PRESENTATION_STYLE_ASSIGNMENT((#8531));
#8373=PRESENTATION_STYLE_ASSIGNMENT((#8532));
#8374=PRESENTATION_STYLE_ASSIGNMENT((#8533));
#8375=PRESENTATION_STYLE_ASSIGNMENT((#8534));
#8376=PRESENTATION_STYLE_ASSIGNMENT((#8535));
#8377=PRESENTATION_STYLE_ASSIGNMENT((#8536));
#8378=PRESENTATION_STYLE_ASSIGNMENT((#8537));
#8379=PRESENTATION_STYLE_ASSIGNMENT((#8538));
#8380=PRESENTATION_STYLE_ASSIGNMENT((#8539));
#8381=PRESENTATION_STYLE_ASSIGNMENT((#8540));
#8382=PRESENTATION_STYLE_ASSIGNMENT((#8541));
#8383=PRESENTATION_STYLE_ASSIGNMENT((#8542));
#8384=PRESENTATION_STYLE_ASSIGNMENT((#8543));
#8385=PRESENTATION_STYLE_ASSIGNMENT((#8544));
#8386=PRESENTATION_STYLE_ASSIGNMENT((#8545));
#8387=PRESENTATION_STYLE_ASSIGNMENT((#8546));
#8388=PRESENTATION_STYLE_ASSIGNMENT((#8547));
#8389=PRESENTATION_STYLE_ASSIGNMENT((#8548));
#8390=PRESENTATION_STYLE_ASSIGNMENT((#8549));
#8391=PRESENTATION_STYLE_ASSIGNMENT((#8550));
#8392=PRESENTATION_STYLE_ASSIGNMENT((#8551));
#8393=PRESENTATION_STYLE_ASSIGNMENT((#8552));
#8394=PRESENTATION_STYLE_ASSIGNMENT((#8553));
#8395=PRESENTATION_STYLE_ASSIGNMENT((#8554));
#8396=PRESENTATION_STYLE_ASSIGNMENT((#8555));
#8397=PRESENTATION_STYLE_ASSIGNMENT((#8556));
#8398=PRESENTATION_STYLE_ASSIGNMENT((#8557));
#8399=PRESENTATION_STYLE_ASSIGNMENT((#8558));
#8400=PRESENTATION_STYLE_ASSIGNMENT((#8559));
#8401=PRESENTATION_STYLE_ASSIGNMENT((#8560));
#8402=PRESENTATION_STYLE_ASSIGNMENT((#8561));
#8403=PRESENTATION_STYLE_ASSIGNMENT((#8562));
#8404=PRESENTATION_STYLE_ASSIGNMENT((#8563));
#8405=PRESENTATION_STYLE_ASSIGNMENT((#8564));
#8406=PRESENTATION_STYLE_ASSIGNMENT((#8565));
#8407=PRESENTATION_STYLE_ASSIGNMENT((#8566));
#8408=PRESENTATION_STYLE_ASSIGNMENT((#8567));
#8409=PRESENTATION_STYLE_ASSIGNMENT((#8568));
#8410=PRESENTATION_STYLE_ASSIGNMENT((#8569));
#8411=PRESENTATION_STYLE_ASSIGNMENT((#8570));
#8412=PRESENTATION_STYLE_ASSIGNMENT((#8571));
#8413=PRESENTATION_STYLE_ASSIGNMENT((#8572));
#8414=PRESENTATION_STYLE_ASSIGNMENT((#8573));
#8415=PRESENTATION_STYLE_ASSIGNMENT((#8574));
#8416=PRESENTATION_STYLE_ASSIGNMENT((#8575));
#8417=PRESENTATION_STYLE_ASSIGNMENT((#8576));
#8418=PRESENTATION_STYLE_ASSIGNMENT((#8577));
#8419=SURFACE_STYLE_USAGE(.BOTH.,#8578);
#8420=SURFACE_STYLE_USAGE(.BOTH.,#8579);
#8421=SURFACE_STYLE_USAGE(.BOTH.,#8580);
#8422=SURFACE_STYLE_USAGE(.BOTH.,#8581);
#8423=SURFACE_STYLE_USAGE(.BOTH.,#8582);
#8424=SURFACE_STYLE_USAGE(.BOTH.,#8583);
#8425=SURFACE_STYLE_USAGE(.BOTH.,#8584);
#8426=SURFACE_STYLE_USAGE(.BOTH.,#8585);
#8427=SURFACE_STYLE_USAGE(.BOTH.,#8586);
#8428=SURFACE_STYLE_USAGE(.BOTH.,#8587);
#8429=SURFACE_STYLE_USAGE(.BOTH.,#8588);
#8430=SURFACE_STYLE_USAGE(.BOTH.,#8589);
#8431=SURFACE_STYLE_USAGE(.BOTH.,#8590);
#8432=SURFACE_STYLE_USAGE(.BOTH.,#8591);
#8433=SURFACE_STYLE_USAGE(.BOTH.,#8592);
#8434=SURFACE_STYLE_USAGE(.BOTH.,#8593);
#8435=SURFACE_STYLE_USAGE(.BOTH.,#8594);
#8436=SURFACE_STYLE_USAGE(.BOTH.,#8595);
#8437=SURFACE_STYLE_USAGE(.BOTH.,#8596);
#8438=SURFACE_STYLE_USAGE(.BOTH.,#8597);
#8439=SURFACE_STYLE_USAGE(.BOTH.,#8598);
#8440=SURFACE_STYLE_USAGE(.BOTH.,#8599);
#8441=SURFACE_STYLE_USAGE(.BOTH.,#8600);
#8442=SURFACE_STYLE_USAGE(.BOTH.,#8601);
#8443=SURFACE_STYLE_USAGE(.BOTH.,#8602);
#8444=SURFACE_STYLE_USAGE(.BOTH.,#8603);
#8445=SURFACE_STYLE_USAGE(.BOTH.,#8604);
#8446=SURFACE_STYLE_USAGE(.BOTH.,#8605);
#8447=SURFACE_STYLE_USAGE(.BOTH.,#8606);
#8448=SURFACE_STYLE_USAGE(.BOTH.,#8607);
#8449=SURFACE_STYLE_USAGE(.BOTH.,#8608);
#8450=SURFACE_STYLE_USAGE(.BOTH.,#8609);
#8451=SURFACE_STYLE_USAGE(.BOTH.,#8610);
#8452=SURFACE_STYLE_USAGE(.BOTH.,#8611);
#8453=SURFACE_STYLE_USAGE(.BOTH.,#8612);
#8454=SURFACE_STYLE_USAGE(.BOTH.,#8613);
#8455=SURFACE_STYLE_USAGE(.BOTH.,#8614);
#8456=SURFACE_STYLE_USAGE(.BOTH.,#8615);
#8457=SURFACE_STYLE_USAGE(.BOTH.,#8616);
#8458=SURFACE_STYLE_USAGE(.BOTH.,#8617);
#8459=SURFACE_STYLE_USAGE(.BOTH.,#8618);
#8460=SURFACE_STYLE_USAGE(.BOTH.,#8619);
#8461=SURFACE_STYLE_USAGE(.BOTH.,#8620);
#8462=SURFACE_STYLE_USAGE(.BOTH.,#8621);
#8463=SURFACE_STYLE_USAGE(.BOTH.,#8622);
#8464=SURFACE_STYLE_USAGE(.BOTH.,#8623);
#8465=SURFACE_STYLE_USAGE(.BOTH.,#8624);
#8466=SURFACE_STYLE_USAGE(.BOTH.,#8625);
#8467=SURFACE_STYLE_USAGE(.BOTH.,#8626);
#8468=SURFACE_STYLE_USAGE(.BOTH.,#8627);
#8469=SURFACE_STYLE_USAGE(.BOTH.,#8628);
#8470=SURFACE_STYLE_USAGE(.BOTH.,#8629);
#8471=SURFACE_STYLE_USAGE(.BOTH.,#8630);
#8472=SURFACE_STYLE_USAGE(.BOTH.,#8631);
#8473=SURFACE_STYLE_USAGE(.BOTH.,#8632);
#8474=SURFACE_STYLE_USAGE(.BOTH.,#8633);
#8475=SURFACE_STYLE_USAGE(.BOTH.,#8634);
#8476=SURFACE_STYLE_USAGE(.BOTH.,#8635);
#8477=SURFACE_STYLE_USAGE(.BOTH.,#8636);
#8478=SURFACE_STYLE_USAGE(.BOTH.,#8637);
#8479=SURFACE_STYLE_USAGE(.BOTH.,#8638);
#8480=SURFACE_STYLE_USAGE(.BOTH.,#8639);
#8481=SURFACE_STYLE_USAGE(.BOTH.,#8640);
#8482=SURFACE_STYLE_USAGE(.BOTH.,#8641);
#8483=SURFACE_STYLE_USAGE(.BOTH.,#8642);
#8484=SURFACE_STYLE_USAGE(.BOTH.,#8643);
#8485=SURFACE_STYLE_USAGE(.BOTH.,#8644);
#8486=SURFACE_STYLE_USAGE(.BOTH.,#8645);
#8487=SURFACE_STYLE_USAGE(.BOTH.,#8646);
#8488=SURFACE_STYLE_USAGE(.BOTH.,#8647);
#8489=SURFACE_STYLE_USAGE(.BOTH.,#8648);
#8490=SURFACE_STYLE_USAGE(.BOTH.,#8649);
#8491=SURFACE_STYLE_USAGE(.BOTH.,#8650);
#8492=SURFACE_STYLE_USAGE(.BOTH.,#8651);
#8493=SURFACE_STYLE_USAGE(.BOTH.,#8652);
#8494=SURFACE_STYLE_USAGE(.BOTH.,#8653);
#8495=SURFACE_STYLE_USAGE(.BOTH.,#8654);
#8496=SURFACE_STYLE_USAGE(.BOTH.,#8655);
#8497=SURFACE_STYLE_USAGE(.BOTH.,#8656);
#8498=SURFACE_STYLE_USAGE(.BOTH.,#8657);
#8499=SURFACE_STYLE_USAGE(.BOTH.,#8658);
#8500=SURFACE_STYLE_USAGE(.BOTH.,#8659);
#8501=SURFACE_STYLE_USAGE(.BOTH.,#8660);
#8502=SURFACE_STYLE_USAGE(.BOTH.,#8661);
#8503=SURFACE_STYLE_USAGE(.BOTH.,#8662);
#8504=SURFACE_STYLE_USAGE(.BOTH.,#8663);
#8505=SURFACE_STYLE_USAGE(.BOTH.,#8664);
#8506=SURFACE_STYLE_USAGE(.BOTH.,#8665);
#8507=SURFACE_STYLE_USAGE(.BOTH.,#8666);
#8508=SURFACE_STYLE_USAGE(.BOTH.,#8667);
#8509=SURFACE_STYLE_USAGE(.BOTH.,#8668);
#8510=SURFACE_STYLE_USAGE(.BOTH.,#8669);
#8511=SURFACE_STYLE_USAGE(.BOTH.,#8670);
#8512=SURFACE_STYLE_USAGE(.BOTH.,#8671);
#8513=SURFACE_STYLE_USAGE(.BOTH.,#8672);
#8514=SURFACE_STYLE_USAGE(.BOTH.,#8673);
#8515=SURFACE_STYLE_USAGE(.BOTH.,#8674);
#8516=SURFACE_STYLE_USAGE(.BOTH.,#8675);
#8517=SURFACE_STYLE_USAGE(.BOTH.,#8676);
#8518=SURFACE_STYLE_USAGE(.BOTH.,#8677);
#8519=SURFACE_STYLE_USAGE(.BOTH.,#8678);
#8520=SURFACE_STYLE_USAGE(.BOTH.,#8679);
#8521=SURFACE_STYLE_USAGE(.BOTH.,#8680);
#8522=SURFACE_STYLE_USAGE(.BOTH.,#8681);
#8523=SURFACE_STYLE_USAGE(.BOTH.,#8682);
#8524=SURFACE_STYLE_USAGE(.BOTH.,#8683);
#8525=SURFACE_STYLE_USAGE(.BOTH.,#8684);
#8526=SURFACE_STYLE_USAGE(.BOTH.,#8685);
#8527=SURFACE_STYLE_USAGE(.BOTH.,#8686);
#8528=SURFACE_STYLE_USAGE(.BOTH.,#8687);
#8529=SURFACE_STYLE_USAGE(.BOTH.,#8688);
#8530=SURFACE_STYLE_USAGE(.BOTH.,#8689);
#8531=SURFACE_STYLE_USAGE(.BOTH.,#8690);
#8532=SURFACE_STYLE_USAGE(.BOTH.,#8691);
#8533=SURFACE_STYLE_USAGE(.BOTH.,#8692);
#8534=SURFACE_STYLE_USAGE(.BOTH.,#8693);
#8535=SURFACE_STYLE_USAGE(.BOTH.,#8694);
#8536=SURFACE_STYLE_USAGE(.BOTH.,#8695);
#8537=SURFACE_STYLE_USAGE(.BOTH.,#8696);
#8538=SURFACE_STYLE_USAGE(.BOTH.,#8697);
#8539=SURFACE_STYLE_USAGE(.BOTH.,#8698);
#8540=SURFACE_STYLE_USAGE(.BOTH.,#8699);
#8541=SURFACE_STYLE_USAGE(.BOTH.,#8700);
#8542=SURFACE_STYLE_USAGE(.BOTH.,#8701);
#8543=SURFACE_STYLE_USAGE(.BOTH.,#8702);
#8544=SURFACE_STYLE_USAGE(.BOTH.,#8703);
#8545=SURFACE_STYLE_USAGE(.BOTH.,#8704);
#8546=SURFACE_STYLE_USAGE(.BOTH.,#8705);
#8547=SURFACE_STYLE_USAGE(.BOTH.,#8706);
#8548=SURFACE_STYLE_USAGE(.BOTH.,#8707);
#8549=SURFACE_STYLE_USAGE(.BOTH.,#8708);
#8550=SURFACE_STYLE_USAGE(.BOTH.,#8709);
#8551=SURFACE_STYLE_USAGE(.BOTH.,#8710);
#8552=SURFACE_STYLE_USAGE(.BOTH.,#8711);
#8553=SURFACE_STYLE_USAGE(.BOTH.,#8712);
#8554=SURFACE_STYLE_USAGE(.BOTH.,#8713);
#8555=SURFACE_STYLE_USAGE(.BOTH.,#8714);
#8556=SURFACE_STYLE_USAGE(.BOTH.,#8715);
#8557=SURFACE_STYLE_USAGE(.BOTH.,#8716);
#8558=SURFACE_STYLE_USAGE(.BOTH.,#8717);
#8559=SURFACE_STYLE_USAGE(.BOTH.,#8718);
#8560=SURFACE_STYLE_USAGE(.BOTH.,#8719);
#8561=SURFACE_STYLE_USAGE(.BOTH.,#8720);
#8562=SURFACE_STYLE_USAGE(.BOTH.,#8721);
#8563=SURFACE_STYLE_USAGE(.BOTH.,#8722);
#8564=SURFACE_STYLE_USAGE(.BOTH.,#8723);
#8565=SURFACE_STYLE_USAGE(.BOTH.,#8724);
#8566=SURFACE_STYLE_USAGE(.BOTH.,#8725);
#8567=SURFACE_STYLE_USAGE(.BOTH.,#8726);
#8568=SURFACE_STYLE_USAGE(.BOTH.,#8727);
#8569=SURFACE_STYLE_USAGE(.BOTH.,#8728);
#8570=SURFACE_STYLE_USAGE(.BOTH.,#8729);
#8571=SURFACE_STYLE_USAGE(.BOTH.,#8730);
#8572=SURFACE_STYLE_USAGE(.BOTH.,#8731);
#8573=SURFACE_STYLE_USAGE(.BOTH.,#8732);
#8574=SURFACE_STYLE_USAGE(.BOTH.,#8733);
#8575=SURFACE_STYLE_USAGE(.BOTH.,#8734);
#8576=SURFACE_STYLE_USAGE(.BOTH.,#8735);
#8577=SURFACE_STYLE_USAGE(.BOTH.,#8736);
#8578=SURFACE_SIDE_STYLE('',(#8737));
#8579=SURFACE_SIDE_STYLE('',(#8738));
#8580=SURFACE_SIDE_STYLE('',(#8739));
#8581=SURFACE_SIDE_STYLE('',(#8740));
#8582=SURFACE_SIDE_STYLE('',(#8741));
#8583=SURFACE_SIDE_STYLE('',(#8742));
#8584=SURFACE_SIDE_STYLE('',(#8743));
#8585=SURFACE_SIDE_STYLE('',(#8744));
#8586=SURFACE_SIDE_STYLE('',(#8745));
#8587=SURFACE_SIDE_STYLE('',(#8746));
#8588=SURFACE_SIDE_STYLE('',(#8747));
#8589=SURFACE_SIDE_STYLE('',(#8748));
#8590=SURFACE_SIDE_STYLE('',(#8749));
#8591=SURFACE_SIDE_STYLE('',(#8750));
#8592=SURFACE_SIDE_STYLE('',(#8751));
#8593=SURFACE_SIDE_STYLE('',(#8752));
#8594=SURFACE_SIDE_STYLE('',(#8753));
#8595=SURFACE_SIDE_STYLE('',(#8754));
#8596=SURFACE_SIDE_STYLE('',(#8755));
#8597=SURFACE_SIDE_STYLE('',(#8756));
#8598=SURFACE_SIDE_STYLE('',(#8757));
#8599=SURFACE_SIDE_STYLE('',(#8758));
#8600=SURFACE_SIDE_STYLE('',(#8759));
#8601=SURFACE_SIDE_STYLE('',(#8760));
#8602=SURFACE_SIDE_STYLE('',(#8761));
#8603=SURFACE_SIDE_STYLE('',(#8762));
#8604=SURFACE_SIDE_STYLE('',(#8763));
#8605=SURFACE_SIDE_STYLE('',(#8764));
#8606=SURFACE_SIDE_STYLE('',(#8765));
#8607=SURFACE_SIDE_STYLE('',(#8766));
#8608=SURFACE_SIDE_STYLE('',(#8767));
#8609=SURFACE_SIDE_STYLE('',(#8768));
#8610=SURFACE_SIDE_STYLE('',(#8769));
#8611=SURFACE_SIDE_STYLE('',(#8770));
#8612=SURFACE_SIDE_STYLE('',(#8771));
#8613=SURFACE_SIDE_STYLE('',(#8772));
#8614=SURFACE_SIDE_STYLE('',(#8773));
#8615=SURFACE_SIDE_STYLE('',(#8774));
#8616=SURFACE_SIDE_STYLE('',(#8775));
#8617=SURFACE_SIDE_STYLE('',(#8776));
#8618=SURFACE_SIDE_STYLE('',(#8777));
#8619=SURFACE_SIDE_STYLE('',(#8778));
#8620=SURFACE_SIDE_STYLE('',(#8779));
#8621=SURFACE_SIDE_STYLE('',(#8780));
#8622=SURFACE_SIDE_STYLE('',(#8781));
#8623=SURFACE_SIDE_STYLE('',(#8782));
#8624=SURFACE_SIDE_STYLE('',(#8783));
#8625=SURFACE_SIDE_STYLE('',(#8784));
#8626=SURFACE_SIDE_STYLE('',(#8785));
#8627=SURFACE_SIDE_STYLE('',(#8786));
#8628=SURFACE_SIDE_STYLE('',(#8787));
#8629=SURFACE_SIDE_STYLE('',(#8788));
#8630=SURFACE_SIDE_STYLE('',(#8789));
#8631=SURFACE_SIDE_STYLE('',(#8790));
#8632=SURFACE_SIDE_STYLE('',(#8791));
#8633=SURFACE_SIDE_STYLE('',(#8792));
#8634=SURFACE_SIDE_STYLE('',(#8793));
#8635=SURFACE_SIDE_STYLE('',(#8794));
#8636=SURFACE_SIDE_STYLE('',(#8795));
#8637=SURFACE_SIDE_STYLE('',(#8796));
#8638=SURFACE_SIDE_STYLE('',(#8797));
#8639=SURFACE_SIDE_STYLE('',(#8798));
#8640=SURFACE_SIDE_STYLE('',(#8799));
#8641=SURFACE_SIDE_STYLE('',(#8800));
#8642=SURFACE_SIDE_STYLE('',(#8801));
#8643=SURFACE_SIDE_STYLE('',(#8802));
#8644=SURFACE_SIDE_STYLE('',(#8803));
#8645=SURFACE_SIDE_STYLE('',(#8804));
#8646=SURFACE_SIDE_STYLE('',(#8805));
#8647=SURFACE_SIDE_STYLE('',(#8806));
#8648=SURFACE_SIDE_STYLE('',(#8807));
#8649=SURFACE_SIDE_STYLE('',(#8808));
#8650=SURFACE_SIDE_STYLE('',(#8809));
#8651=SURFACE_SIDE_STYLE('',(#8810));
#8652=SURFACE_SIDE_STYLE('',(#8811));
#8653=SURFACE_SIDE_STYLE('',(#8812));
#8654=SURFACE_SIDE_STYLE('',(#8813));
#8655=SURFACE_SIDE_STYLE('',(#8814));
#8656=SURFACE_SIDE_STYLE('',(#8815));
#8657=SURFACE_SIDE_STYLE('',(#8816));
#8658=SURFACE_SIDE_STYLE('',(#8817));
#8659=SURFACE_SIDE_STYLE('',(#8818));
#8660=SURFACE_SIDE_STYLE('',(#8819));
#8661=SURFACE_SIDE_STYLE('',(#8820));
#8662=SURFACE_SIDE_STYLE('',(#8821));
#8663=SURFACE_SIDE_STYLE('',(#8822));
#8664=SURFACE_SIDE_STYLE('',(#8823));
#8665=SURFACE_SIDE_STYLE('',(#8824));
#8666=SURFACE_SIDE_STYLE('',(#8825));
#8667=SURFACE_SIDE_STYLE('',(#8826));
#8668=SURFACE_SIDE_STYLE('',(#8827));
#8669=SURFACE_SIDE_STYLE('',(#8828));
#8670=SURFACE_SIDE_STYLE('',(#8829));
#8671=SURFACE_SIDE_STYLE('',(#8830));
#8672=SURFACE_SIDE_STYLE('',(#8831));
#8673=SURFACE_SIDE_STYLE('',(#8832));
#8674=SURFACE_SIDE_STYLE('',(#8833));
#8675=SURFACE_SIDE_STYLE('',(#8834));
#8676=SURFACE_SIDE_STYLE('',(#8835));
#8677=SURFACE_SIDE_STYLE('',(#8836));
#8678=SURFACE_SIDE_STYLE('',(#8837));
#8679=SURFACE_SIDE_STYLE('',(#8838));
#8680=SURFACE_SIDE_STYLE('',(#8839));
#8681=SURFACE_SIDE_STYLE('',(#8840));
#8682=SURFACE_SIDE_STYLE('',(#8841));
#8683=SURFACE_SIDE_STYLE('',(#8842));
#8684=SURFACE_SIDE_STYLE('',(#8843));
#8685=SURFACE_SIDE_STYLE('',(#8844));
#8686=SURFACE_SIDE_STYLE('',(#8845));
#8687=SURFACE_SIDE_STYLE('',(#8846));
#8688=SURFACE_SIDE_STYLE('',(#8847));
#8689=SURFACE_SIDE_STYLE('',(#8848));
#8690=SURFACE_SIDE_STYLE('',(#8849));
#8691=SURFACE_SIDE_STYLE('',(#8850));
#8692=SURFACE_SIDE_STYLE('',(#8851));
#8693=SURFACE_SIDE_STYLE('',(#8852));
#8694=SURFACE_SIDE_STYLE('',(#8853));
#8695=SURFACE_SIDE_STYLE('',(#8854));
#8696=SURFACE_SIDE_STYLE('',(#8855));
#8697=SURFACE_SIDE_STYLE('',(#8856));
#8698=SURFACE_SIDE_STYLE('',(#8857));
#8699=SURFACE_SIDE_STYLE('',(#8858));
#8700=SURFACE_SIDE_STYLE('',(#8859));
#8701=SURFACE_SIDE_STYLE('',(#8860));
#8702=SURFACE_SIDE_STYLE('',(#8861));
#8703=SURFACE_SIDE_STYLE('',(#8862));
#8704=SURFACE_SIDE_STYLE('',(#8863));
#8705=SURFACE_SIDE_STYLE('',(#8864));
#8706=SURFACE_SIDE_STYLE('',(#8865));
#8707=SURFACE_SIDE_STYLE('',(#8866));
#8708=SURFACE_SIDE_STYLE('',(#8867));
#8709=SURFACE_SIDE_STYLE('',(#8868));
#8710=SURFACE_SIDE_STYLE('',(#8869));
#8711=SURFACE_SIDE_STYLE('',(#8870));
#8712=SURFACE_SIDE_STYLE('',(#8871));
#8713=SURFACE_SIDE_STYLE('',(#8872));
#8714=SURFACE_SIDE_STYLE('',(#8873));
#8715=SURFACE_SIDE_STYLE('',(#8874));
#8716=SURFACE_SIDE_STYLE('',(#8875));
#8717=SURFACE_SIDE_STYLE('',(#8876));
#8718=SURFACE_SIDE_STYLE('',(#8877));
#8719=SURFACE_SIDE_STYLE('',(#8878));
#8720=SURFACE_SIDE_STYLE('',(#8879));
#8721=SURFACE_SIDE_STYLE('',(#8880));
#8722=SURFACE_SIDE_STYLE('',(#8881));
#8723=SURFACE_SIDE_STYLE('',(#8882));
#8724=SURFACE_SIDE_STYLE('',(#8883));
#8725=SURFACE_SIDE_STYLE('',(#8884));
#8726=SURFACE_SIDE_STYLE('',(#8885));
#8727=SURFACE_SIDE_STYLE('',(#8886));
#8728=SURFACE_SIDE_STYLE('',(#8887));
#8729=SURFACE_SIDE_STYLE('',(#8888));
#8730=SURFACE_SIDE_STYLE('',(#8889));
#8731=SURFACE_SIDE_STYLE('',(#8890));
#8732=SURFACE_SIDE_STYLE('',(#8891));
#8733=SURFACE_SIDE_STYLE('',(#8892));
#8734=SURFACE_SIDE_STYLE('',(#8893));
#8735=SURFACE_SIDE_STYLE('',(#8894));
#8736=SURFACE_SIDE_STYLE('',(#8895));
#8737=SURFACE_STYLE_FILL_AREA(#8896);
#8738=SURFACE_STYLE_FILL_AREA(#8897);
#8739=SURFACE_STYLE_FILL_AREA(#8898);
#8740=SURFACE_STYLE_FILL_AREA(#8899);
#8741=SURFACE_STYLE_FILL_AREA(#8900);
#8742=SURFACE_STYLE_FILL_AREA(#8901);
#8743=SURFACE_STYLE_FILL_AREA(#8902);
#8744=SURFACE_STYLE_FILL_AREA(#8903);
#8745=SURFACE_STYLE_FILL_AREA(#8904);
#8746=SURFACE_STYLE_FILL_AREA(#8905);
#8747=SURFACE_STYLE_FILL_AREA(#8906);
#8748=SURFACE_STYLE_FILL_AREA(#8907);
#8749=SURFACE_STYLE_FILL_AREA(#8908);
#8750=SURFACE_STYLE_FILL_AREA(#8909);
#8751=SURFACE_STYLE_FILL_AREA(#8910);
#8752=SURFACE_STYLE_FILL_AREA(#8911);
#8753=SURFACE_STYLE_FILL_AREA(#8912);
#8754=SURFACE_STYLE_FILL_AREA(#8913);
#8755=SURFACE_STYLE_FILL_AREA(#8914);
#8756=SURFACE_STYLE_FILL_AREA(#8915);
#8757=SURFACE_STYLE_FILL_AREA(#8916);
#8758=SURFACE_STYLE_FILL_AREA(#8917);
#8759=SURFACE_STYLE_FILL_AREA(#8918);
#8760=SURFACE_STYLE_FILL_AREA(#8919);
#8761=SURFACE_STYLE_FILL_AREA(#8920);
#8762=SURFACE_STYLE_FILL_AREA(#8921);
#8763=SURFACE_STYLE_FILL_AREA(#8922);
#8764=SURFACE_STYLE_FILL_AREA(#8923);
#8765=SURFACE_STYLE_FILL_AREA(#8924);
#8766=SURFACE_STYLE_FILL_AREA(#8925);
#8767=SURFACE_STYLE_FILL_AREA(#8926);
#8768=SURFACE_STYLE_FILL_AREA(#8927);
#8769=SURFACE_STYLE_FILL_AREA(#8928);
#8770=SURFACE_STYLE_FILL_AREA(#8929);
#8771=SURFACE_STYLE_FILL_AREA(#8930);
#8772=SURFACE_STYLE_FILL_AREA(#8931);
#8773=SURFACE_STYLE_FILL_AREA(#8932);
#8774=SURFACE_STYLE_FILL_AREA(#8933);
#8775=SURFACE_STYLE_FILL_AREA(#8934);
#8776=SURFACE_STYLE_FILL_AREA(#8935);
#8777=SURFACE_STYLE_FILL_AREA(#8936);
#8778=SURFACE_STYLE_FILL_AREA(#8937);
#8779=SURFACE_STYLE_FILL_AREA(#8938);
#8780=SURFACE_STYLE_FILL_AREA(#8939);
#8781=SURFACE_STYLE_FILL_AREA(#8940);
#8782=SURFACE_STYLE_FILL_AREA(#8941);
#8783=SURFACE_STYLE_FILL_AREA(#8942);
#8784=SURFACE_STYLE_FILL_AREA(#8943);
#8785=SURFACE_STYLE_FILL_AREA(#8944);
#8786=SURFACE_STYLE_FILL_AREA(#8945);
#8787=SURFACE_STYLE_FILL_AREA(#8946);
#8788=SURFACE_STYLE_FILL_AREA(#8947);
#8789=SURFACE_STYLE_FILL_AREA(#8948);
#8790=SURFACE_STYLE_FILL_AREA(#8949);
#8791=SURFACE_STYLE_FILL_AREA(#8950);
#8792=SURFACE_STYLE_FILL_AREA(#8951);
#8793=SURFACE_STYLE_FILL_AREA(#8952);
#8794=SURFACE_STYLE_FILL_AREA(#8953);
#8795=SURFACE_STYLE_FILL_AREA(#8954);
#8796=SURFACE_STYLE_FILL_AREA(#8955);
#8797=SURFACE_STYLE_FILL_AREA(#8956);
#8798=SURFACE_STYLE_FILL_AREA(#8957);
#8799=SURFACE_STYLE_FILL_AREA(#8958);
#8800=SURFACE_STYLE_FILL_AREA(#8959);
#8801=SURFACE_STYLE_FILL_AREA(#8960);
#8802=SURFACE_STYLE_FILL_AREA(#8961);
#8803=SURFACE_STYLE_FILL_AREA(#8962);
#8804=SURFACE_STYLE_FILL_AREA(#8963);
#8805=SURFACE_STYLE_FILL_AREA(#8964);
#8806=SURFACE_STYLE_FILL_AREA(#8965);
#8807=SURFACE_STYLE_FILL_AREA(#8966);
#8808=SURFACE_STYLE_FILL_AREA(#8967);
#8809=SURFACE_STYLE_FILL_AREA(#8968);
#8810=SURFACE_STYLE_FILL_AREA(#8969);
#8811=SURFACE_STYLE_FILL_AREA(#8970);
#8812=SURFACE_STYLE_FILL_AREA(#8971);
#8813=SURFACE_STYLE_FILL_AREA(#8972);
#8814=SURFACE_STYLE_FILL_AREA(#8973);
#8815=SURFACE_STYLE_FILL_AREA(#8974);
#8816=SURFACE_STYLE_FILL_AREA(#8975);
#8817=SURFACE_STYLE_FILL_AREA(#8976);
#8818=SURFACE_STYLE_FILL_AREA(#8977);
#8819=SURFACE_STYLE_FILL_AREA(#8978);
#8820=SURFACE_STYLE_FILL_AREA(#8979);
#8821=SURFACE_STYLE_FILL_AREA(#8980);
#8822=SURFACE_STYLE_FILL_AREA(#8981);
#8823=SURFACE_STYLE_FILL_AREA(#8982);
#8824=SURFACE_STYLE_FILL_AREA(#8983);
#8825=SURFACE_STYLE_FILL_AREA(#8984);
#8826=SURFACE_STYLE_FILL_AREA(#8985);
#8827=SURFACE_STYLE_FILL_AREA(#8986);
#8828=SURFACE_STYLE_FILL_AREA(#8987);
#8829=SURFACE_STYLE_FILL_AREA(#8988);
#8830=SURFACE_STYLE_FILL_AREA(#8989);
#8831=SURFACE_STYLE_FILL_AREA(#8990);
#8832=SURFACE_STYLE_FILL_AREA(#8991);
#8833=SURFACE_STYLE_FILL_AREA(#8992);
#8834=SURFACE_STYLE_FILL_AREA(#8993);
#8835=SURFACE_STYLE_FILL_AREA(#8994);
#8836=SURFACE_STYLE_FILL_AREA(#8995);
#8837=SURFACE_STYLE_FILL_AREA(#8996);
#8838=SURFACE_STYLE_FILL_AREA(#8997);
#8839=SURFACE_STYLE_FILL_AREA(#8998);
#8840=SURFACE_STYLE_FILL_AREA(#8999);
#8841=SURFACE_STYLE_FILL_AREA(#9000);
#8842=SURFACE_STYLE_FILL_AREA(#9001);
#8843=SURFACE_STYLE_FILL_AREA(#9002);
#8844=SURFACE_STYLE_FILL_AREA(#9003);
#8845=SURFACE_STYLE_FILL_AREA(#9004);
#8846=SURFACE_STYLE_FILL_AREA(#9005);
#8847=SURFACE_STYLE_FILL_AREA(#9006);
#8848=SURFACE_STYLE_FILL_AREA(#9007);
#8849=SURFACE_STYLE_FILL_AREA(#9008);
#8850=SURFACE_STYLE_FILL_AREA(#9009);
#8851=SURFACE_STYLE_FILL_AREA(#9010);
#8852=SURFACE_STYLE_FILL_AREA(#9011);
#8853=SURFACE_STYLE_FILL_AREA(#9012);
#8854=SURFACE_STYLE_FILL_AREA(#9013);
#8855=SURFACE_STYLE_FILL_AREA(#9014);
#8856=SURFACE_STYLE_FILL_AREA(#9015);
#8857=SURFACE_STYLE_FILL_AREA(#9016);
#8858=SURFACE_STYLE_FILL_AREA(#9017);
#8859=SURFACE_STYLE_FILL_AREA(#9018);
#8860=SURFACE_STYLE_FILL_AREA(#9019);
#8861=SURFACE_STYLE_FILL_AREA(#9020);
#8862=SURFACE_STYLE_FILL_AREA(#9021);
#8863=SURFACE_STYLE_FILL_AREA(#9022);
#8864=SURFACE_STYLE_FILL_AREA(#9023);
#8865=SURFACE_STYLE_FILL_AREA(#9024);
#8866=SURFACE_STYLE_FILL_AREA(#9025);
#8867=SURFACE_STYLE_FILL_AREA(#9026);
#8868=SURFACE_STYLE_FILL_AREA(#9027);
#8869=SURFACE_STYLE_FILL_AREA(#9028);
#8870=SURFACE_STYLE_FILL_AREA(#9029);
#8871=SURFACE_STYLE_FILL_AREA(#9030);
#8872=SURFACE_STYLE_FILL_AREA(#9031);
#8873=SURFACE_STYLE_FILL_AREA(#9032);
#8874=SURFACE_STYLE_FILL_AREA(#9033);
#8875=SURFACE_STYLE_FILL_AREA(#9034);
#8876=SURFACE_STYLE_FILL_AREA(#9035);
#8877=SURFACE_STYLE_FILL_AREA(#9036);
#8878=SURFACE_STYLE_FILL_AREA(#9037);
#8879=SURFACE_STYLE_FILL_AREA(#9038);
#8880=SURFACE_STYLE_FILL_AREA(#9039);
#8881=SURFACE_STYLE_FILL_AREA(#9040);
#8882=SURFACE_STYLE_FILL_AREA(#9041);
#8883=SURFACE_STYLE_FILL_AREA(#9042);
#8884=SURFACE_STYLE_FILL_AREA(#9043);
#8885=SURFACE_STYLE_FILL_AREA(#9044);
#8886=SURFACE_STYLE_FILL_AREA(#9045);
#8887=SURFACE_STYLE_FILL_AREA(#9046);
#8888=SURFACE_STYLE_FILL_AREA(#9047);
#8889=SURFACE_STYLE_FILL_AREA(#9048);
#8890=SURFACE_STYLE_FILL_AREA(#9049);
#8891=SURFACE_STYLE_FILL_AREA(#9050);
#8892=SURFACE_STYLE_FILL_AREA(#9051);
#8893=SURFACE_STYLE_FILL_AREA(#9052);
#8894=SURFACE_STYLE_FILL_AREA(#9053);
#8895=SURFACE_STYLE_FILL_AREA(#9054);
#8896=FILL_AREA_STYLE('',(#9055));
#8897=FILL_AREA_STYLE('',(#9056));
#8898=FILL_AREA_STYLE('',(#9057));
#8899=FILL_AREA_STYLE('',(#9058));
#8900=FILL_AREA_STYLE('',(#9059));
#8901=FILL_AREA_STYLE('',(#9060));
#8902=FILL_AREA_STYLE('',(#9061));
#8903=FILL_AREA_STYLE('',(#9062));
#8904=FILL_AREA_STYLE('',(#9063));
#8905=FILL_AREA_STYLE('',(#9064));
#8906=FILL_AREA_STYLE('',(#9065));
#8907=FILL_AREA_STYLE('',(#9066));
#8908=FILL_AREA_STYLE('',(#9067));
#8909=FILL_AREA_STYLE('',(#9068));
#8910=FILL_AREA_STYLE('',(#9069));
#8911=FILL_AREA_STYLE('',(#9070));
#8912=FILL_AREA_STYLE('',(#9071));
#8913=FILL_AREA_STYLE('',(#9072));
#8914=FILL_AREA_STYLE('',(#9073));
#8915=FILL_AREA_STYLE('',(#9074));
#8916=FILL_AREA_STYLE('',(#9075));
#8917=FILL_AREA_STYLE('',(#9076));
#8918=FILL_AREA_STYLE('',(#9077));
#8919=FILL_AREA_STYLE('',(#9078));
#8920=FILL_AREA_STYLE('',(#9079));
#8921=FILL_AREA_STYLE('',(#9080));
#8922=FILL_AREA_STYLE('',(#9081));
#8923=FILL_AREA_STYLE('',(#9082));
#8924=FILL_AREA_STYLE('',(#9083));
#8925=FILL_AREA_STYLE('',(#9084));
#8926=FILL_AREA_STYLE('',(#9085));
#8927=FILL_AREA_STYLE('',(#9086));
#8928=FILL_AREA_STYLE('',(#9087));
#8929=FILL_AREA_STYLE('',(#9088));
#8930=FILL_AREA_STYLE('',(#9089));
#8931=FILL_AREA_STYLE('',(#9090));
#8932=FILL_AREA_STYLE('',(#9091));
#8933=FILL_AREA_STYLE('',(#9092));
#8934=FILL_AREA_STYLE('',(#9093));
#8935=FILL_AREA_STYLE('',(#9094));
#8936=FILL_AREA_STYLE('',(#9095));
#8937=FILL_AREA_STYLE('',(#9096));
#8938=FILL_AREA_STYLE('',(#9097));
#8939=FILL_AREA_STYLE('',(#9098));
#8940=FILL_AREA_STYLE('',(#9099));
#8941=FILL_AREA_STYLE('',(#9100));
#8942=FILL_AREA_STYLE('',(#9101));
#8943=FILL_AREA_STYLE('',(#9102));
#8944=FILL_AREA_STYLE('',(#9103));
#8945=FILL_AREA_STYLE('',(#9104));
#8946=FILL_AREA_STYLE('',(#9105));
#8947=FILL_AREA_STYLE('',(#9106));
#8948=FILL_AREA_STYLE('',(#9107));
#8949=FILL_AREA_STYLE('',(#9108));
#8950=FILL_AREA_STYLE('',(#9109));
#8951=FILL_AREA_STYLE('',(#9110));
#8952=FILL_AREA_STYLE('',(#9111));
#8953=FILL_AREA_STYLE('',(#9112));
#8954=FILL_AREA_STYLE('',(#9113));
#8955=FILL_AREA_STYLE('',(#9114));
#8956=FILL_AREA_STYLE('',(#9115));
#8957=FILL_AREA_STYLE('',(#9116));
#8958=FILL_AREA_STYLE('',(#9117));
#8959=FILL_AREA_STYLE('',(#9118));
#8960=FILL_AREA_STYLE('',(#9119));
#8961=FILL_AREA_STYLE('',(#9120));
#8962=FILL_AREA_STYLE('',(#9121));
#8963=FILL_AREA_STYLE('',(#9122));
#8964=FILL_AREA_STYLE('',(#9123));
#8965=FILL_AREA_STYLE('',(#9124));
#8966=FILL_AREA_STYLE('',(#9125));
#8967=FILL_AREA_STYLE('',(#9126));
#8968=FILL_AREA_STYLE('',(#9127));
#8969=FILL_AREA_STYLE('',(#9128));
#8970=FILL_AREA_STYLE('',(#9129));
#8971=FILL_AREA_STYLE('',(#9130));
#8972=FILL_AREA_STYLE('',(#9131));
#8973=FILL_AREA_STYLE('',(#9132));
#8974=FILL_AREA_STYLE('',(#9133));
#8975=FILL_AREA_STYLE('',(#9134));
#8976=FILL_AREA_STYLE('',(#9135));
#8977=FILL_AREA_STYLE('',(#9136));
#8978=FILL_AREA_STYLE('',(#9137));
#8979=FILL_AREA_STYLE('',(#9138));
#8980=FILL_AREA_STYLE('',(#9139));
#8981=FILL_AREA_STYLE('',(#9140));
#8982=FILL_AREA_STYLE('',(#9141));
#8983=FILL_AREA_STYLE('',(#9142));
#8984=FILL_AREA_STYLE('',(#9143));
#8985=FILL_AREA_STYLE('',(#9144));
#8986=FILL_AREA_STYLE('',(#9145));
#8987=FILL_AREA_STYLE('',(#9146));
#8988=FILL_AREA_STYLE('',(#9147));
#8989=FILL_AREA_STYLE('',(#9148));
#8990=FILL_AREA_STYLE('',(#9149));
#8991=FILL_AREA_STYLE('',(#9150));
#8992=FILL_AREA_STYLE('',(#9151));
#8993=FILL_AREA_STYLE('',(#9152));
#8994=FILL_AREA_STYLE('',(#9153));
#8995=FILL_AREA_STYLE('',(#9154));
#8996=FILL_AREA_STYLE('',(#9155));
#8997=FILL_AREA_STYLE('',(#9156));
#8998=FILL_AREA_STYLE('',(#9157));
#8999=FILL_AREA_STYLE('',(#9158));
#9000=FILL_AREA_STYLE('',(#9159));
#9001=FILL_AREA_STYLE('',(#9160));
#9002=FILL_AREA_STYLE('',(#9161));
#9003=FILL_AREA_STYLE('',(#9162));
#9004=FILL_AREA_STYLE('',(#9163));
#9005=FILL_AREA_STYLE('',(#9164));
#9006=FILL_AREA_STYLE('',(#9165));
#9007=FILL_AREA_STYLE('',(#9166));
#9008=FILL_AREA_STYLE('',(#9167));
#9009=FILL_AREA_STYLE('',(#9168));
#9010=FILL_AREA_STYLE('',(#9169));
#9011=FILL_AREA_STYLE('',(#9170));
#9012=FILL_AREA_STYLE('',(#9171));
#9013=FILL_AREA_STYLE('',(#9172));
#9014=FILL_AREA_STYLE('',(#9173));
#9015=FILL_AREA_STYLE('',(#9174));
#9016=FILL_AREA_STYLE('',(#9175));
#9017=FILL_AREA_STYLE('',(#9176));
#9018=FILL_AREA_STYLE('',(#9177));
#9019=FILL_AREA_STYLE('',(#9178));
#9020=FILL_AREA_STYLE('',(#9179));
#9021=FILL_AREA_STYLE('',(#9180));
#9022=FILL_AREA_STYLE('',(#9181));
#9023=FILL_AREA_STYLE('',(#9182));
#9024=FILL_AREA_STYLE('',(#9183));
#9025=FILL_AREA_STYLE('',(#9184));
#9026=FILL_AREA_STYLE('',(#9185));
#9027=FILL_AREA_STYLE('',(#9186));
#9028=FILL_AREA_STYLE('',(#9187));
#9029=FILL_AREA_STYLE('',(#9188));
#9030=FILL_AREA_STYLE('',(#9189));
#9031=FILL_AREA_STYLE('',(#9190));
#9032=FILL_AREA_STYLE('',(#9191));
#9033=FILL_AREA_STYLE('',(#9192));
#9034=FILL_AREA_STYLE('',(#9193));
#9035=FILL_AREA_STYLE('',(#9194));
#9036=FILL_AREA_STYLE('',(#9195));
#9037=FILL_AREA_STYLE('',(#9196));
#9038=FILL_AREA_STYLE('',(#9197));
#9039=FILL_AREA_STYLE('',(#9198));
#9040=FILL_AREA_STYLE('',(#9199));
#9041=FILL_AREA_STYLE('',(#9200));
#9042=FILL_AREA_STYLE('',(#9201));
#9043=FILL_AREA_STYLE('',(#9202));
#9044=FILL_AREA_STYLE('',(#9203));
#9045=FILL_AREA_STYLE('',(#9204));
#9046=FILL_AREA_STYLE('',(#9205));
#9047=FILL_AREA_STYLE('',(#9206));
#9048=FILL_AREA_STYLE('',(#9207));
#9049=FILL_AREA_STYLE('',(#9208));
#9050=FILL_AREA_STYLE('',(#9209));
#9051=FILL_AREA_STYLE('',(#9210));
#9052=FILL_AREA_STYLE('',(#9211));
#9053=FILL_AREA_STYLE('',(#9212));
#9054=FILL_AREA_STYLE('',(#9213));
#9055=FILL_AREA_STYLE_COLOUR('',#9214);
#9056=FILL_AREA_STYLE_COLOUR('',#9214);
#9057=FILL_AREA_STYLE_COLOUR('',#9215);
#9058=FILL_AREA_STYLE_COLOUR('',#9214);
#9059=FILL_AREA_STYLE_COLOUR('',#9216);
#9060=FILL_AREA_STYLE_COLOUR('',#9217);
#9061=FILL_AREA_STYLE_COLOUR('',#9217);
#9062=FILL_AREA_STYLE_COLOUR('',#9217);
#9063=FILL_AREA_STYLE_COLOUR('',#9217);
#9064=FILL_AREA_STYLE_COLOUR('',#9217);
#9065=FILL_AREA_STYLE_COLOUR('',#9217);
#9066=FILL_AREA_STYLE_COLOUR('',#9217);
#9067=FILL_AREA_STYLE_COLOUR('',#9217);
#9068=FILL_AREA_STYLE_COLOUR('',#9217);
#9069=FILL_AREA_STYLE_COLOUR('',#9217);
#9070=FILL_AREA_STYLE_COLOUR('',#9217);
#9071=FILL_AREA_STYLE_COLOUR('',#9217);
#9072=FILL_AREA_STYLE_COLOUR('',#9217);
#9073=FILL_AREA_STYLE_COLOUR('',#9217);
#9074=FILL_AREA_STYLE_COLOUR('',#9217);
#9075=FILL_AREA_STYLE_COLOUR('',#9217);
#9076=FILL_AREA_STYLE_COLOUR('',#9217);
#9077=FILL_AREA_STYLE_COLOUR('',#9217);
#9078=FILL_AREA_STYLE_COLOUR('',#9217);
#9079=FILL_AREA_STYLE_COLOUR('',#9217);
#9080=FILL_AREA_STYLE_COLOUR('',#9217);
#9081=FILL_AREA_STYLE_COLOUR('',#9217);
#9082=FILL_AREA_STYLE_COLOUR('',#9217);
#9083=FILL_AREA_STYLE_COLOUR('',#9217);
#9084=FILL_AREA_STYLE_COLOUR('',#9217);
#9085=FILL_AREA_STYLE_COLOUR('',#9217);
#9086=FILL_AREA_STYLE_COLOUR('',#9217);
#9087=FILL_AREA_STYLE_COLOUR('',#9217);
#9088=FILL_AREA_STYLE_COLOUR('',#9217);
#9089=FILL_AREA_STYLE_COLOUR('',#9217);
#9090=FILL_AREA_STYLE_COLOUR('',#9217);
#9091=FILL_AREA_STYLE_COLOUR('',#9217);
#9092=FILL_AREA_STYLE_COLOUR('',#9217);
#9093=FILL_AREA_STYLE_COLOUR('',#9217);
#9094=FILL_AREA_STYLE_COLOUR('',#9217);
#9095=FILL_AREA_STYLE_COLOUR('',#9217);
#9096=FILL_AREA_STYLE_COLOUR('',#9217);
#9097=FILL_AREA_STYLE_COLOUR('',#9217);
#9098=FILL_AREA_STYLE_COLOUR('',#9217);
#9099=FILL_AREA_STYLE_COLOUR('',#9217);
#9100=FILL_AREA_STYLE_COLOUR('',#9217);
#9101=FILL_AREA_STYLE_COLOUR('',#9217);
#9102=FILL_AREA_STYLE_COLOUR('',#9217);
#9103=FILL_AREA_STYLE_COLOUR('',#9217);
#9104=FILL_AREA_STYLE_COLOUR('',#9217);
#9105=FILL_AREA_STYLE_COLOUR('',#9217);
#9106=FILL_AREA_STYLE_COLOUR('',#9217);
#9107=FILL_AREA_STYLE_COLOUR('',#9217);
#9108=FILL_AREA_STYLE_COLOUR('',#9217);
#9109=FILL_AREA_STYLE_COLOUR('',#9217);
#9110=FILL_AREA_STYLE_COLOUR('',#9217);
#9111=FILL_AREA_STYLE_COLOUR('',#9217);
#9112=FILL_AREA_STYLE_COLOUR('',#9217);
#9113=FILL_AREA_STYLE_COLOUR('',#9217);
#9114=FILL_AREA_STYLE_COLOUR('',#9217);
#9115=FILL_AREA_STYLE_COLOUR('',#9217);
#9116=FILL_AREA_STYLE_COLOUR('',#9217);
#9117=FILL_AREA_STYLE_COLOUR('',#9217);
#9118=FILL_AREA_STYLE_COLOUR('',#9217);
#9119=FILL_AREA_STYLE_COLOUR('',#9217);
#9120=FILL_AREA_STYLE_COLOUR('',#9217);
#9121=FILL_AREA_STYLE_COLOUR('',#9217);
#9122=FILL_AREA_STYLE_COLOUR('',#9217);
#9123=FILL_AREA_STYLE_COLOUR('',#9217);
#9124=FILL_AREA_STYLE_COLOUR('',#9217);
#9125=FILL_AREA_STYLE_COLOUR('',#9217);
#9126=FILL_AREA_STYLE_COLOUR('',#9217);
#9127=FILL_AREA_STYLE_COLOUR('',#9217);
#9128=FILL_AREA_STYLE_COLOUR('',#9217);
#9129=FILL_AREA_STYLE_COLOUR('',#9217);
#9130=FILL_AREA_STYLE_COLOUR('',#9217);
#9131=FILL_AREA_STYLE_COLOUR('',#9217);
#9132=FILL_AREA_STYLE_COLOUR('',#9217);
#9133=FILL_AREA_STYLE_COLOUR('',#9217);
#9134=FILL_AREA_STYLE_COLOUR('',#9217);
#9135=FILL_AREA_STYLE_COLOUR('',#9217);
#9136=FILL_AREA_STYLE_COLOUR('',#9217);
#9137=FILL_AREA_STYLE_COLOUR('',#9217);
#9138=FILL_AREA_STYLE_COLOUR('',#9217);
#9139=FILL_AREA_STYLE_COLOUR('',#9217);
#9140=FILL_AREA_STYLE_COLOUR('',#9217);
#9141=FILL_AREA_STYLE_COLOUR('',#9217);
#9142=FILL_AREA_STYLE_COLOUR('',#9217);
#9143=FILL_AREA_STYLE_COLOUR('',#9217);
#9144=FILL_AREA_STYLE_COLOUR('',#9217);
#9145=FILL_AREA_STYLE_COLOUR('',#9217);
#9146=FILL_AREA_STYLE_COLOUR('',#9217);
#9147=FILL_AREA_STYLE_COLOUR('',#9217);
#9148=FILL_AREA_STYLE_COLOUR('',#9217);
#9149=FILL_AREA_STYLE_COLOUR('',#9217);
#9150=FILL_AREA_STYLE_COLOUR('',#9217);
#9151=FILL_AREA_STYLE_COLOUR('',#9217);
#9152=FILL_AREA_STYLE_COLOUR('',#9217);
#9153=FILL_AREA_STYLE_COLOUR('',#9217);
#9154=FILL_AREA_STYLE_COLOUR('',#9217);
#9155=FILL_AREA_STYLE_COLOUR('',#9217);
#9156=FILL_AREA_STYLE_COLOUR('',#9217);
#9157=FILL_AREA_STYLE_COLOUR('',#9217);
#9158=FILL_AREA_STYLE_COLOUR('',#9217);
#9159=FILL_AREA_STYLE_COLOUR('',#9217);
#9160=FILL_AREA_STYLE_COLOUR('',#9217);
#9161=FILL_AREA_STYLE_COLOUR('',#9217);
#9162=FILL_AREA_STYLE_COLOUR('',#9217);
#9163=FILL_AREA_STYLE_COLOUR('',#9217);
#9164=FILL_AREA_STYLE_COLOUR('',#9217);
#9165=FILL_AREA_STYLE_COLOUR('',#9217);
#9166=FILL_AREA_STYLE_COLOUR('',#9217);
#9167=FILL_AREA_STYLE_COLOUR('',#9217);
#9168=FILL_AREA_STYLE_COLOUR('',#9217);
#9169=FILL_AREA_STYLE_COLOUR('',#9217);
#9170=FILL_AREA_STYLE_COLOUR('',#9217);
#9171=FILL_AREA_STYLE_COLOUR('',#9217);
#9172=FILL_AREA_STYLE_COLOUR('',#9217);
#9173=FILL_AREA_STYLE_COLOUR('',#9217);
#9174=FILL_AREA_STYLE_COLOUR('',#9217);
#9175=FILL_AREA_STYLE_COLOUR('',#9217);
#9176=FILL_AREA_STYLE_COLOUR('',#9217);
#9177=FILL_AREA_STYLE_COLOUR('',#9217);
#9178=FILL_AREA_STYLE_COLOUR('',#9217);
#9179=FILL_AREA_STYLE_COLOUR('',#9217);
#9180=FILL_AREA_STYLE_COLOUR('',#9217);
#9181=FILL_AREA_STYLE_COLOUR('',#9217);
#9182=FILL_AREA_STYLE_COLOUR('',#9217);
#9183=FILL_AREA_STYLE_COLOUR('',#9217);
#9184=FILL_AREA_STYLE_COLOUR('',#9217);
#9185=FILL_AREA_STYLE_COLOUR('',#9217);
#9186=FILL_AREA_STYLE_COLOUR('',#9217);
#9187=FILL_AREA_STYLE_COLOUR('',#9217);
#9188=FILL_AREA_STYLE_COLOUR('',#9217);
#9189=FILL_AREA_STYLE_COLOUR('',#9217);
#9190=FILL_AREA_STYLE_COLOUR('',#9217);
#9191=FILL_AREA_STYLE_COLOUR('',#9217);
#9192=FILL_AREA_STYLE_COLOUR('',#9217);
#9193=FILL_AREA_STYLE_COLOUR('',#9217);
#9194=FILL_AREA_STYLE_COLOUR('',#9217);
#9195=FILL_AREA_STYLE_COLOUR('',#9217);
#9196=FILL_AREA_STYLE_COLOUR('',#9217);
#9197=FILL_AREA_STYLE_COLOUR('',#9217);
#9198=FILL_AREA_STYLE_COLOUR('',#9217);
#9199=FILL_AREA_STYLE_COLOUR('',#9217);
#9200=FILL_AREA_STYLE_COLOUR('',#9217);
#9201=FILL_AREA_STYLE_COLOUR('',#9217);
#9202=FILL_AREA_STYLE_COLOUR('',#9217);
#9203=FILL_AREA_STYLE_COLOUR('',#9217);
#9204=FILL_AREA_STYLE_COLOUR('',#9217);
#9205=FILL_AREA_STYLE_COLOUR('',#9217);
#9206=FILL_AREA_STYLE_COLOUR('',#9217);
#9207=FILL_AREA_STYLE_COLOUR('',#9217);
#9208=FILL_AREA_STYLE_COLOUR('',#9217);
#9209=FILL_AREA_STYLE_COLOUR('',#9217);
#9210=FILL_AREA_STYLE_COLOUR('',#9214);
#9211=FILL_AREA_STYLE_COLOUR('',#9215);
#9212=FILL_AREA_STYLE_COLOUR('',#9215);
#9213=FILL_AREA_STYLE_COLOUR('',#9214);
#9214=COLOUR_RGB('',0.615686274509804,0.811764705882353,0.929411764705882);
#9215=COLOUR_RGB('',0.647058823529412,0.647058823529412,0.647058823529412);
#9216=COLOUR_RGB('',0.894117647058824,0.894117647058824,0.894117647058824);
#9217=COLOUR_RGB('',0.250980392156863,0.250980392156863,0.250980392156863);
#9218=MANIFOLD_SOLID_BREP('pulley',#8242);
#9219=MANIFOLD_SOLID_BREP('Part 1',#8243);
#9220=MANIFOLD_SOLID_BREP('Part 2',#8244);
#9221=MANIFOLD_SOLID_BREP('Part 1',#8245);
#9222=MANIFOLD_SOLID_BREP('esp32_Wroom_30pins_C-Type',#8246);
#9223=MANIFOLD_SOLID_BREP('motor',#8247);
#9224=MANIFOLD_SOLID_BREP('Part 2',#8248);
#9225=MANIFOLD_SOLID_BREP('Part 2',#8249);
#9226=MANIFOLD_SOLID_BREP('Part 1',#8250);
#9227=SHAPE_DEFINITION_REPRESENTATION(#14141,#9237);
#9228=SHAPE_DEFINITION_REPRESENTATION(#14142,#9238);
#9229=SHAPE_DEFINITION_REPRESENTATION(#14144,#9239);
#9230=SHAPE_DEFINITION_REPRESENTATION(#14146,#9240);
#9231=SHAPE_DEFINITION_REPRESENTATION(#14148,#9241);
#9232=SHAPE_DEFINITION_REPRESENTATION(#14150,#9242);
#9233=SHAPE_DEFINITION_REPRESENTATION(#14152,#9243);
#9234=SHAPE_DEFINITION_REPRESENTATION(#14154,#9244);
#9235=SHAPE_DEFINITION_REPRESENTATION(#14156,#9245);
#9236=SHAPE_DEFINITION_REPRESENTATION(#14158,#9246);
#9237=SHAPE_REPRESENTATION('Assembly 1',(#9247,#9278,#9311,#9355,#9365,
#9696,#9709,#9716,#9726,#9786),#14118);
#9238=SHAPE_REPRESENTATION('pulley',(#9247),#14119);
#9239=SHAPE_REPRESENTATION('Part 1',(#9247),#14120);
#9240=SHAPE_REPRESENTATION('Part 2',(#9247),#14121);
#9241=SHAPE_REPRESENTATION('Part 1',(#9247),#14122);
#9242=SHAPE_REPRESENTATION('esp32_Wroom_30pins_C-Type',(#9247),#14123);
#9243=SHAPE_REPRESENTATION('motor',(#9247),#14124);
#9244=SHAPE_REPRESENTATION('Part 2',(#9247),#14125);
#9245=SHAPE_REPRESENTATION('Part 2',(#9247),#14126);
#9246=SHAPE_REPRESENTATION('Part 1',(#9247),#14127);
#9247=AXIS2_PLACEMENT_3D('',#11865,#9787,#9788);
#9248=AXIS2_PLACEMENT_3D('',#11866,#9789,#9790);
#9249=AXIS2_PLACEMENT_3D('',#11867,#9791,#9792);
#9250=AXIS2_PLACEMENT_3D('',#11869,#9793,#9794);
#9251=AXIS2_PLACEMENT_3D('',#11871,#9795,#9796);
#9252=AXIS2_PLACEMENT_3D('',#11872,#9797,#9798);
#9253=AXIS2_PLACEMENT_3D('',#11874,#9799,#9800);
#9254=AXIS2_PLACEMENT_3D('',#11890,#9808,#9809);
#9255=AXIS2_PLACEMENT_3D('',#11895,#9812,#9813);
#9256=AXIS2_PLACEMENT_3D('',#11901,#9817,#9818);
#9257=AXIS2_PLACEMENT_3D('',#11905,#9821,#9822);
#9258=AXIS2_PLACEMENT_3D('',#11909,#9825,#9826);
#9259=AXIS2_PLACEMENT_3D('',#11913,#9829,#9830);
#9260=AXIS2_PLACEMENT_3D('',#11916,#9832,#9833);
#9261=AXIS2_PLACEMENT_3D('',#11917,#9834,#9835);
#9262=AXIS2_PLACEMENT_3D('',#11921,#9838,#9839);
#9263=AXIS2_PLACEMENT_3D('',#11925,#9842,#9843);
#9264=AXIS2_PLACEMENT_3D('',#11929,#9846,#9847);
#9265=AXIS2_PLACEMENT_3D('',#11933,#9850,#9851);
#9266=AXIS2_PLACEMENT_3D('',#11935,#9853,#9854);
#9267=AXIS2_PLACEMENT_3D('',#11936,#9855,#9856);
#9268=AXIS2_PLACEMENT_3D('',#11938,#9857,#9858);
#9269=AXIS2_PLACEMENT_3D('',#11940,#9859,#9860);
#9270=AXIS2_PLACEMENT_3D('',#11941,#9861,#9862);
#9271=AXIS2_PLACEMENT_3D('',#11943,#9863,#9864);
#9272=AXIS2_PLACEMENT_3D('',#11944,#9865,#9866);
#9273=AXIS2_PLACEMENT_3D('',#11945,#9867,#9868);
#9274=AXIS2_PLACEMENT_3D('',#11947,#9869,#9870);
#9275=AXIS2_PLACEMENT_3D('',#11948,#9871,#9872);
#9276=AXIS2_PLACEMENT_3D('',#11949,#9873,#9874);
#9277=AXIS2_PLACEMENT_3D('',#11951,#9875,#9876);
#9278=AXIS2_PLACEMENT_3D('',#11952,#9877,#9878);
#9279=AXIS2_PLACEMENT_3D('',#11953,#9879,#9880);
#9280=AXIS2_PLACEMENT_3D('',#11962,#9885,#9886);
#9281=AXIS2_PLACEMENT_3D('',#11968,#9890,#9891);
#9282=AXIS2_PLACEMENT_3D('',#11974,#9895,#9896);
#9283=AXIS2_PLACEMENT_3D('',#11977,#9899,#9900);
#9284=AXIS2_PLACEMENT_3D('',#11978,#9901,#9902);
#9285=AXIS2_PLACEMENT_3D('',#11980,#9903,#9904);
#9286=AXIS2_PLACEMENT_3D('',#11981,#9905,#9906);
#9287=AXIS2_PLACEMENT_3D('',#11982,#9907,#9908);
#9288=AXIS2_PLACEMENT_3D('',#11984,#9909,#9910);
#9289=AXIS2_PLACEMENT_3D('',#11985,#9911,#9912);
#9290=AXIS2_PLACEMENT_3D('',#11987,#9913,#9914);
#9291=AXIS2_PLACEMENT_3D('',#11988,#9915,#9916);
#9292=AXIS2_PLACEMENT_3D('',#11990,#9917,#9918);
#9293=AXIS2_PLACEMENT_3D('',#11999,#9923,#9924);
#9294=AXIS2_PLACEMENT_3D('',#12005,#9928,#9929);
#9295=AXIS2_PLACEMENT_3D('',#12011,#9933,#9934);
#9296=AXIS2_PLACEMENT_3D('',#12017,#9938,#9939);
#9297=AXIS2_PLACEMENT_3D('',#12026,#9944,#9945);
#9298=AXIS2_PLACEMENT_3D('',#12027,#9946,#9947);
#9299=AXIS2_PLACEMENT_3D('',#12028,#9948,#9949);
#9300=AXIS2_PLACEMENT_3D('',#12029,#9950,#9951);
#9301=AXIS2_PLACEMENT_3D('',#12030,#9952,#9953);
#9302=AXIS2_PLACEMENT_3D('',#12031,#9954,#9955);
#9303=AXIS2_PLACEMENT_3D('',#12032,#9956,#9957);
#9304=AXIS2_PLACEMENT_3D('',#12033,#9958,#9959);
#9305=AXIS2_PLACEMENT_3D('',#12034,#9960,#9961);
#9306=AXIS2_PLACEMENT_3D('',#12035,#9962,#9963);
#9307=AXIS2_PLACEMENT_3D('',#12036,#9964,#9965);
#9308=AXIS2_PLACEMENT_3D('',#12037,#9966,#9967);
#9309=AXIS2_PLACEMENT_3D('',#12038,#9968,#9969);
#9310=AXIS2_PLACEMENT_3D('',#12039,#9970,#9971);
#9311=AXIS2_PLACEMENT_3D('',#12040,#9972,#9973);
#9312=AXIS2_PLACEMENT_3D('',#12041,#9974,#9975);
#9313=AXIS2_PLACEMENT_3D('',#12042,#9976,#9977);
#9314=AXIS2_PLACEMENT_3D('',#12047,#9979,#9980);
#9315=AXIS2_PLACEMENT_3D('',#12049,#9981,#9982);
#9316=AXIS2_PLACEMENT_3D('',#12051,#9983,#9984);
#9317=AXIS2_PLACEMENT_3D('',#12053,#9985,#9986);
#9318=AXIS2_PLACEMENT_3D('',#12055,#9987,#9988);
#9319=AXIS2_PLACEMENT_3D('',#12057,#9989,#9990);
#9320=AXIS2_PLACEMENT_3D('',#12059,#9991,#9992);
#9321=AXIS2_PLACEMENT_3D('',#12062,#9994,#9995);
#9322=AXIS2_PLACEMENT_3D('',#12063,#9996,#9997);
#9323=AXIS2_PLACEMENT_3D('',#12069,#10000,#10001);
#9324=AXIS2_PLACEMENT_3D('',#12073,#10005,#10006);
#9325=AXIS2_PLACEMENT_3D('',#12074,#10007,#10008);
#9326=AXIS2_PLACEMENT_3D('',#12080,#10011,#10012);
#9327=AXIS2_PLACEMENT_3D('',#12081,#10013,#10014);
#9328=AXIS2_PLACEMENT_3D('',#12087,#10017,#10018);
#9329=AXIS2_PLACEMENT_3D('',#12088,#10019,#10020);
#9330=AXIS2_PLACEMENT_3D('',#12090,#10021,#10022);
#9331=AXIS2_PLACEMENT_3D('',#12092,#10023,#10024);
#9332=AXIS2_PLACEMENT_3D('',#12093,#10025,#10026);
#9333=AXIS2_PLACEMENT_3D('',#12095,#10027,#10028);
#9334=AXIS2_PLACEMENT_3D('',#12097,#10029,#10030);
#9335=AXIS2_PLACEMENT_3D('',#12098,#10031,#10032);
#9336=AXIS2_PLACEMENT_3D('',#12107,#10037,#10038);
#9337=AXIS2_PLACEMENT_3D('',#12108,#10039,#10040);
#9338=AXIS2_PLACEMENT_3D('',#12114,#10043,#10044);
#9339=AXIS2_PLACEMENT_3D('',#12118,#10048,#10049);
#9340=AXIS2_PLACEMENT_3D('',#12122,#10053,#10054);
#9341=AXIS2_PLACEMENT_3D('',#12126,#10058,#10059);
#9342=AXIS2_PLACEMENT_3D('',#12129,#10062,#10063);
#9343=AXIS2_PLACEMENT_3D('',#12130,#10064,#10065);
#9344=AXIS2_PLACEMENT_3D('',#12131,#10066,#10067);
#9345=AXIS2_PLACEMENT_3D('',#12132,#10068,#10069);
#9346=AXIS2_PLACEMENT_3D('',#12134,#10071,#10072);
#9347=AXIS2_PLACEMENT_3D('',#12135,#10073,#10074);
#9348=AXIS2_PLACEMENT_3D('',#12136,#10075,#10076);
#9349=AXIS2_PLACEMENT_3D('',#12137,#10077,#10078);
#9350=AXIS2_PLACEMENT_3D('',#12138,#10079,#10080);
#9351=AXIS2_PLACEMENT_3D('',#12140,#10081,#10082);
#9352=AXIS2_PLACEMENT_3D('',#12141,#10083,#10084);
#9353=AXIS2_PLACEMENT_3D('',#12143,#10086,#10087);
#9354=AXIS2_PLACEMENT_3D('',#12144,#10088,#10089);
#9355=AXIS2_PLACEMENT_3D('',#12145,#10090,#10091);
#9356=AXIS2_PLACEMENT_3D('',#12146,#10092,#10093);
#9357=AXIS2_PLACEMENT_3D('',#12155,#10098,#10099);
#9358=AXIS2_PLACEMENT_3D('',#12161,#10103,#10104);
#9359=AXIS2_PLACEMENT_3D('',#12167,#10108,#10109);
#9360=AXIS2_PLACEMENT_3D('',#12170,#10112,#10113);
#9361=AXIS2_PLACEMENT_3D('',#12171,#10114,#10115);
#9362=AXIS2_PLACEMENT_3D('',#12173,#10116,#10117);
#9363=AXIS2_PLACEMENT_3D('',#12174,#10118,#10119);
#9364=AXIS2_PLACEMENT_3D('',#12176,#10120,#10121);
#9365=AXIS2_PLACEMENT_3D('',#12177,#10122,#10123);
#9366=AXIS2_PLACEMENT_3D('',#12178,#10124,#10125);
#9367=AXIS2_PLACEMENT_3D('',#12187,#10130,#10131);
#9368=AXIS2_PLACEMENT_3D('',#12193,#10135,#10136);
#9369=AXIS2_PLACEMENT_3D('',#12197,#10139,#10140);
#9370=AXIS2_PLACEMENT_3D('',#12201,#10143,#10144);
#9371=AXIS2_PLACEMENT_3D('',#12203,#10146,#10147);
#9372=AXIS2_PLACEMENT_3D('',#12212,#10152,#10153);
#9373=AXIS2_PLACEMENT_3D('',#12218,#10157,#10158);
#9374=AXIS2_PLACEMENT_3D('',#12222,#10161,#10162);
#9375=AXIS2_PLACEMENT_3D('',#12226,#10165,#10166);
#9376=AXIS2_PLACEMENT_3D('',#12228,#10168,#10169);
#9377=AXIS2_PLACEMENT_3D('',#12237,#10174,#10175);
#9378=AXIS2_PLACEMENT_3D('',#12243,#10179,#10180);
#9379=AXIS2_PLACEMENT_3D('',#12247,#10183,#10184);
#9380=AXIS2_PLACEMENT_3D('',#12251,#10187,#10188);
#9381=AXIS2_PLACEMENT_3D('',#12253,#10190,#10191);
#9382=AXIS2_PLACEMENT_3D('',#12262,#10196,#10197);
#9383=AXIS2_PLACEMENT_3D('',#12268,#10201,#10202);
#9384=AXIS2_PLACEMENT_3D('',#12272,#10205,#10206);
#9385=AXIS2_PLACEMENT_3D('',#12276,#10209,#10210);
#9386=AXIS2_PLACEMENT_3D('',#12278,#10212,#10213);
#9387=AXIS2_PLACEMENT_3D('',#12287,#10218,#10219);
#9388=AXIS2_PLACEMENT_3D('',#12293,#10223,#10224);
#9389=AXIS2_PLACEMENT_3D('',#12297,#10227,#10228);
#9390=AXIS2_PLACEMENT_3D('',#12301,#10231,#10232);
#9391=AXIS2_PLACEMENT_3D('',#12303,#10234,#10235);
#9392=AXIS2_PLACEMENT_3D('',#12312,#10240,#10241);
#9393=AXIS2_PLACEMENT_3D('',#12318,#10245,#10246);
#9394=AXIS2_PLACEMENT_3D('',#12322,#10249,#10250);
#9395=AXIS2_PLACEMENT_3D('',#12326,#10253,#10254);
#9396=AXIS2_PLACEMENT_3D('',#12328,#10256,#10257);
#9397=AXIS2_PLACEMENT_3D('',#12337,#10262,#10263);
#9398=AXIS2_PLACEMENT_3D('',#12343,#10267,#10268);
#9399=AXIS2_PLACEMENT_3D('',#12347,#10271,#10272);
#9400=AXIS2_PLACEMENT_3D('',#12351,#10275,#10276);
#9401=AXIS2_PLACEMENT_3D('',#12353,#10278,#10279);
#9402=AXIS2_PLACEMENT_3D('',#12362,#10284,#10285);
#9403=AXIS2_PLACEMENT_3D('',#12368,#10289,#10290);
#9404=AXIS2_PLACEMENT_3D('',#12372,#10293,#10294);
#9405=AXIS2_PLACEMENT_3D('',#12376,#10297,#10298);
#9406=AXIS2_PLACEMENT_3D('',#12378,#10300,#10301);
#9407=AXIS2_PLACEMENT_3D('',#12387,#10306,#10307);
#9408=AXIS2_PLACEMENT_3D('',#12393,#10311,#10312);
#9409=AXIS2_PLACEMENT_3D('',#12397,#10315,#10316);
#9410=AXIS2_PLACEMENT_3D('',#12401,#10319,#10320);
#9411=AXIS2_PLACEMENT_3D('',#12403,#10322,#10323);
#9412=AXIS2_PLACEMENT_3D('',#12412,#10328,#10329);
#9413=AXIS2_PLACEMENT_3D('',#12418,#10333,#10334);
#9414=AXIS2_PLACEMENT_3D('',#12422,#10337,#10338);
#9415=AXIS2_PLACEMENT_3D('',#12426,#10341,#10342);
#9416=AXIS2_PLACEMENT_3D('',#12428,#10344,#10345);
#9417=AXIS2_PLACEMENT_3D('',#12437,#10350,#10351);
#9418=AXIS2_PLACEMENT_3D('',#12443,#10355,#10356);
#9419=AXIS2_PLACEMENT_3D('',#12447,#10359,#10360);
#9420=AXIS2_PLACEMENT_3D('',#12451,#10363,#10364);
#9421=AXIS2_PLACEMENT_3D('',#12453,#10366,#10367);
#9422=AXIS2_PLACEMENT_3D('',#12462,#10372,#10373);
#9423=AXIS2_PLACEMENT_3D('',#12468,#10377,#10378);
#9424=AXIS2_PLACEMENT_3D('',#12472,#10381,#10382);
#9425=AXIS2_PLACEMENT_3D('',#12476,#10385,#10386);
#9426=AXIS2_PLACEMENT_3D('',#12478,#10388,#10389);
#9427=AXIS2_PLACEMENT_3D('',#12487,#10394,#10395);
#9428=AXIS2_PLACEMENT_3D('',#12493,#10399,#10400);
#9429=AXIS2_PLACEMENT_3D('',#12497,#10403,#10404);
#9430=AXIS2_PLACEMENT_3D('',#12501,#10407,#10408);
#9431=AXIS2_PLACEMENT_3D('',#12503,#10410,#10411);
#9432=AXIS2_PLACEMENT_3D('',#12512,#10416,#10417);
#9433=AXIS2_PLACEMENT_3D('',#12518,#10421,#10422);
#9434=AXIS2_PLACEMENT_3D('',#12522,#10425,#10426);
#9435=AXIS2_PLACEMENT_3D('',#12526,#10429,#10430);
#9436=AXIS2_PLACEMENT_3D('',#12528,#10432,#10433);
#9437=AXIS2_PLACEMENT_3D('',#12537,#10438,#10439);
#9438=AXIS2_PLACEMENT_3D('',#12543,#10443,#10444);
#9439=AXIS2_PLACEMENT_3D('',#12547,#10447,#10448);
#9440=AXIS2_PLACEMENT_3D('',#12551,#10451,#10452);
#9441=AXIS2_PLACEMENT_3D('',#12553,#10454,#10455);
#9442=AXIS2_PLACEMENT_3D('',#12562,#10460,#10461);
#9443=AXIS2_PLACEMENT_3D('',#12568,#10465,#10466);
#9444=AXIS2_PLACEMENT_3D('',#12572,#10469,#10470);
#9445=AXIS2_PLACEMENT_3D('',#12576,#10473,#10474);
#9446=AXIS2_PLACEMENT_3D('',#12578,#10476,#10477);
#9447=AXIS2_PLACEMENT_3D('',#12587,#10482,#10483);
#9448=AXIS2_PLACEMENT_3D('',#12593,#10487,#10488);
#9449=AXIS2_PLACEMENT_3D('',#12597,#10491,#10492);
#9450=AXIS2_PLACEMENT_3D('',#12601,#10495,#10496);
#9451=AXIS2_PLACEMENT_3D('',#12603,#10498,#10499);
#9452=AXIS2_PLACEMENT_3D('',#12612,#10504,#10505);
#9453=AXIS2_PLACEMENT_3D('',#12618,#10509,#10510);
#9454=AXIS2_PLACEMENT_3D('',#12622,#10513,#10514);
#9455=AXIS2_PLACEMENT_3D('',#12626,#10517,#10518);
#9456=AXIS2_PLACEMENT_3D('',#12628,#10520,#10521);
#9457=AXIS2_PLACEMENT_3D('',#12637,#10526,#10527);
#9458=AXIS2_PLACEMENT_3D('',#12643,#10531,#10532);
#9459=AXIS2_PLACEMENT_3D('',#12647,#10535,#10536);
#9460=AXIS2_PLACEMENT_3D('',#12651,#10539,#10540);
#9461=AXIS2_PLACEMENT_3D('',#12653,#10542,#10543);
#9462=AXIS2_PLACEMENT_3D('',#12662,#10548,#10549);
#9463=AXIS2_PLACEMENT_3D('',#12668,#10553,#10554);
#9464=AXIS2_PLACEMENT_3D('',#12672,#10557,#10558);
#9465=AXIS2_PLACEMENT_3D('',#12676,#10561,#10562);
#9466=AXIS2_PLACEMENT_3D('',#12678,#10564,#10565);
#9467=AXIS2_PLACEMENT_3D('',#12687,#10570,#10571);
#9468=AXIS2_PLACEMENT_3D('',#12693,#10575,#10576);
#9469=AXIS2_PLACEMENT_3D('',#12697,#10579,#10580);
#9470=AXIS2_PLACEMENT_3D('',#12701,#10583,#10584);
#9471=AXIS2_PLACEMENT_3D('',#12703,#10586,#10587);
#9472=AXIS2_PLACEMENT_3D('',#12712,#10592,#10593);
#9473=AXIS2_PLACEMENT_3D('',#12718,#10597,#10598);
#9474=AXIS2_PLACEMENT_3D('',#12722,#10601,#10602);
#9475=AXIS2_PLACEMENT_3D('',#12726,#10605,#10606);
#9476=AXIS2_PLACEMENT_3D('',#12728,#10608,#10609);
#9477=AXIS2_PLACEMENT_3D('',#12737,#10614,#10615);
#9478=AXIS2_PLACEMENT_3D('',#12743,#10619,#10620);
#9479=AXIS2_PLACEMENT_3D('',#12747,#10623,#10624);
#9480=AXIS2_PLACEMENT_3D('',#12751,#10627,#10628);
#9481=AXIS2_PLACEMENT_3D('',#12753,#10630,#10631);
#9482=AXIS2_PLACEMENT_3D('',#12762,#10636,#10637);
#9483=AXIS2_PLACEMENT_3D('',#12768,#10641,#10642);
#9484=AXIS2_PLACEMENT_3D('',#12772,#10645,#10646);
#9485=AXIS2_PLACEMENT_3D('',#12776,#10649,#10650);
#9486=AXIS2_PLACEMENT_3D('',#12778,#10652,#10653);
#9487=AXIS2_PLACEMENT_3D('',#12787,#10658,#10659);
#9488=AXIS2_PLACEMENT_3D('',#12793,#10663,#10664);
#9489=AXIS2_PLACEMENT_3D('',#12797,#10667,#10668);
#9490=AXIS2_PLACEMENT_3D('',#12801,#10671,#10672);
#9491=AXIS2_PLACEMENT_3D('',#12803,#10674,#10675);
#9492=AXIS2_PLACEMENT_3D('',#12812,#10680,#10681);
#9493=AXIS2_PLACEMENT_3D('',#12818,#10685,#10686);
#9494=AXIS2_PLACEMENT_3D('',#12822,#10689,#10690);
#9495=AXIS2_PLACEMENT_3D('',#12826,#10693,#10694);
#9496=AXIS2_PLACEMENT_3D('',#12828,#10696,#10697);
#9497=AXIS2_PLACEMENT_3D('',#12837,#10702,#10703);
#9498=AXIS2_PLACEMENT_3D('',#12843,#10707,#10708);
#9499=AXIS2_PLACEMENT_3D('',#12847,#10711,#10712);
#9500=AXIS2_PLACEMENT_3D('',#12851,#10715,#10716);
#9501=AXIS2_PLACEMENT_3D('',#12853,#10718,#10719);
#9502=AXIS2_PLACEMENT_3D('',#12862,#10724,#10725);
#9503=AXIS2_PLACEMENT_3D('',#12868,#10729,#10730);
#9504=AXIS2_PLACEMENT_3D('',#12872,#10733,#10734);
#9505=AXIS2_PLACEMENT_3D('',#12876,#10737,#10738);
#9506=AXIS2_PLACEMENT_3D('',#12878,#10740,#10741);
#9507=AXIS2_PLACEMENT_3D('',#12887,#10746,#10747);
#9508=AXIS2_PLACEMENT_3D('',#12893,#10751,#10752);
#9509=AXIS2_PLACEMENT_3D('',#12897,#10755,#10756);
#9510=AXIS2_PLACEMENT_3D('',#12901,#10759,#10760);
#9511=AXIS2_PLACEMENT_3D('',#12903,#10762,#10763);
#9512=AXIS2_PLACEMENT_3D('',#12912,#10768,#10769);
#9513=AXIS2_PLACEMENT_3D('',#12918,#10773,#10774);
#9514=AXIS2_PLACEMENT_3D('',#12922,#10777,#10778);
#9515=AXIS2_PLACEMENT_3D('',#12926,#10781,#10782);
#9516=AXIS2_PLACEMENT_3D('',#12928,#10784,#10785);
#9517=AXIS2_PLACEMENT_3D('',#12937,#10790,#10791);
#9518=AXIS2_PLACEMENT_3D('',#12943,#10795,#10796);
#9519=AXIS2_PLACEMENT_3D('',#12949,#10800,#10801);
#9520=AXIS2_PLACEMENT_3D('',#12952,#10804,#10805);
#9521=AXIS2_PLACEMENT_3D('',#12961,#10810,#10811);
#9522=AXIS2_PLACEMENT_3D('',#12967,#10815,#10816);
#9523=AXIS2_PLACEMENT_3D('',#12973,#10820,#10821);
#9524=AXIS2_PLACEMENT_3D('',#12976,#10824,#10825);
#9525=AXIS2_PLACEMENT_3D('',#12985,#10830,#10831);
#9526=AXIS2_PLACEMENT_3D('',#12991,#10835,#10836);
#9527=AXIS2_PLACEMENT_3D('',#12997,#10840,#10841);
#9528=AXIS2_PLACEMENT_3D('',#13000,#10844,#10845);
#9529=AXIS2_PLACEMENT_3D('',#13009,#10850,#10851);
#9530=AXIS2_PLACEMENT_3D('',#13015,#10855,#10856);
#9531=AXIS2_PLACEMENT_3D('',#13021,#10860,#10861);
#9532=AXIS2_PLACEMENT_3D('',#13024,#10864,#10865);
#9533=AXIS2_PLACEMENT_3D('',#13033,#10870,#10871);
#9534=AXIS2_PLACEMENT_3D('',#13039,#10875,#10876);
#9535=AXIS2_PLACEMENT_3D('',#13045,#10880,#10881);
#9536=AXIS2_PLACEMENT_3D('',#13048,#10884,#10885);
#9537=AXIS2_PLACEMENT_3D('',#13057,#10890,#10891);
#9538=AXIS2_PLACEMENT_3D('',#13063,#10895,#10896);
#9539=AXIS2_PLACEMENT_3D('',#13069,#10900,#10901);
#9540=AXIS2_PLACEMENT_3D('',#13072,#10904,#10905);
#9541=AXIS2_PLACEMENT_3D('',#13081,#10910,#10911);
#9542=AXIS2_PLACEMENT_3D('',#13087,#10915,#10916);
#9543=AXIS2_PLACEMENT_3D('',#13093,#10920,#10921);
#9544=AXIS2_PLACEMENT_3D('',#13096,#10924,#10925);
#9545=AXIS2_PLACEMENT_3D('',#13105,#10930,#10931);
#9546=AXIS2_PLACEMENT_3D('',#13111,#10935,#10936);
#9547=AXIS2_PLACEMENT_3D('',#13117,#10940,#10941);
#9548=AXIS2_PLACEMENT_3D('',#13120,#10944,#10945);
#9549=AXIS2_PLACEMENT_3D('',#13129,#10950,#10951);
#9550=AXIS2_PLACEMENT_3D('',#13135,#10955,#10956);
#9551=AXIS2_PLACEMENT_3D('',#13141,#10960,#10961);
#9552=AXIS2_PLACEMENT_3D('',#13144,#10964,#10965);
#9553=AXIS2_PLACEMENT_3D('',#13153,#10970,#10971);
#9554=AXIS2_PLACEMENT_3D('',#13159,#10975,#10976);
#9555=AXIS2_PLACEMENT_3D('',#13165,#10980,#10981);
#9556=AXIS2_PLACEMENT_3D('',#13168,#10984,#10985);
#9557=AXIS2_PLACEMENT_3D('',#13177,#10990,#10991);
#9558=AXIS2_PLACEMENT_3D('',#13183,#10995,#10996);
#9559=AXIS2_PLACEMENT_3D('',#13189,#11000,#11001);
#9560=AXIS2_PLACEMENT_3D('',#13192,#11004,#11005);
#9561=AXIS2_PLACEMENT_3D('',#13201,#11010,#11011);
#9562=AXIS2_PLACEMENT_3D('',#13207,#11015,#11016);
#9563=AXIS2_PLACEMENT_3D('',#13213,#11020,#11021);
#9564=AXIS2_PLACEMENT_3D('',#13216,#11024,#11025);
#9565=AXIS2_PLACEMENT_3D('',#13225,#11030,#11031);
#9566=AXIS2_PLACEMENT_3D('',#13231,#11035,#11036);
#9567=AXIS2_PLACEMENT_3D('',#13237,#11040,#11041);
#9568=AXIS2_PLACEMENT_3D('',#13240,#11044,#11045);
#9569=AXIS2_PLACEMENT_3D('',#13249,#11050,#11051);
#9570=AXIS2_PLACEMENT_3D('',#13255,#11055,#11056);
#9571=AXIS2_PLACEMENT_3D('',#13261,#11060,#11061);
#9572=AXIS2_PLACEMENT_3D('',#13264,#11064,#11065);
#9573=AXIS2_PLACEMENT_3D('',#13273,#11070,#11071);
#9574=AXIS2_PLACEMENT_3D('',#13279,#11075,#11076);
#9575=AXIS2_PLACEMENT_3D('',#13285,#11080,#11081);
#9576=AXIS2_PLACEMENT_3D('',#13288,#11084,#11085);
#9577=AXIS2_PLACEMENT_3D('',#13297,#11090,#11091);
#9578=AXIS2_PLACEMENT_3D('',#13303,#11095,#11096);
#9579=AXIS2_PLACEMENT_3D('',#13307,#11099,#11100);
#9580=AXIS2_PLACEMENT_3D('',#13311,#11103,#11104);
#9581=AXIS2_PLACEMENT_3D('',#13313,#11106,#11107);
#9582=AXIS2_PLACEMENT_3D('',#13322,#11112,#11113);
#9583=AXIS2_PLACEMENT_3D('',#13328,#11117,#11118);
#9584=AXIS2_PLACEMENT_3D('',#13334,#11122,#11123);
#9585=AXIS2_PLACEMENT_3D('',#13337,#11126,#11127);
#9586=AXIS2_PLACEMENT_3D('',#13346,#11132,#11133);
#9587=AXIS2_PLACEMENT_3D('',#13352,#11137,#11138);
#9588=AXIS2_PLACEMENT_3D('',#13358,#11142,#11143);
#9589=AXIS2_PLACEMENT_3D('',#13361,#11146,#11147);
#9590=AXIS2_PLACEMENT_3D('',#13370,#11152,#11153);
#9591=AXIS2_PLACEMENT_3D('',#13376,#11157,#11158);
#9592=AXIS2_PLACEMENT_3D('',#13382,#11162,#11163);
#9593=AXIS2_PLACEMENT_3D('',#13385,#11166,#11167);
#9594=AXIS2_PLACEMENT_3D('',#13394,#11172,#11173);
#9595=AXIS2_PLACEMENT_3D('',#13400,#11177,#11178);
#9596=AXIS2_PLACEMENT_3D('',#13406,#11182,#11183);
#9597=AXIS2_PLACEMENT_3D('',#13409,#11186,#11187);
#9598=AXIS2_PLACEMENT_3D('',#13418,#11192,#11193);
#9599=AXIS2_PLACEMENT_3D('',#13424,#11197,#11198);
#9600=AXIS2_PLACEMENT_3D('',#13430,#11202,#11203);
#9601=AXIS2_PLACEMENT_3D('',#13433,#11206,#11207);
#9602=AXIS2_PLACEMENT_3D('',#13442,#11212,#11213);
#9603=AXIS2_PLACEMENT_3D('',#13448,#11217,#11218);
#9604=AXIS2_PLACEMENT_3D('',#13454,#11222,#11223);
#9605=AXIS2_PLACEMENT_3D('',#13457,#11226,#11227);
#9606=AXIS2_PLACEMENT_3D('',#13466,#11232,#11233);
#9607=AXIS2_PLACEMENT_3D('',#13472,#11237,#11238);
#9608=AXIS2_PLACEMENT_3D('',#13478,#11242,#11243);
#9609=AXIS2_PLACEMENT_3D('',#13481,#11246,#11247);
#9610=AXIS2_PLACEMENT_3D('',#13490,#11252,#11253);
#9611=AXIS2_PLACEMENT_3D('',#13496,#11257,#11258);
#9612=AXIS2_PLACEMENT_3D('',#13502,#11262,#11263);
#9613=AXIS2_PLACEMENT_3D('',#13505,#11266,#11267);
#9614=AXIS2_PLACEMENT_3D('',#13514,#11272,#11273);
#9615=AXIS2_PLACEMENT_3D('',#13520,#11277,#11278);
#9616=AXIS2_PLACEMENT_3D('',#13526,#11282,#11283);
#9617=AXIS2_PLACEMENT_3D('',#13529,#11286,#11287);
#9618=AXIS2_PLACEMENT_3D('',#13538,#11292,#11293);
#9619=AXIS2_PLACEMENT_3D('',#13544,#11297,#11298);
#9620=AXIS2_PLACEMENT_3D('',#13550,#11302,#11303);
#9621=AXIS2_PLACEMENT_3D('',#13553,#11306,#11307);
#9622=AXIS2_PLACEMENT_3D('',#13562,#11312,#11313);
#9623=AXIS2_PLACEMENT_3D('',#13568,#11317,#11318);
#9624=AXIS2_PLACEMENT_3D('',#13574,#11322,#11323);
#9625=AXIS2_PLACEMENT_3D('',#13577,#11326,#11327);
#9626=AXIS2_PLACEMENT_3D('',#13586,#11332,#11333);
#9627=AXIS2_PLACEMENT_3D('',#13592,#11337,#11338);
#9628=AXIS2_PLACEMENT_3D('',#13598,#11342,#11343);
#9629=AXIS2_PLACEMENT_3D('',#13601,#11346,#11347);
#9630=AXIS2_PLACEMENT_3D('',#13610,#11352,#11353);
#9631=AXIS2_PLACEMENT_3D('',#13616,#11357,#11358);
#9632=AXIS2_PLACEMENT_3D('',#13622,#11362,#11363);
#9633=AXIS2_PLACEMENT_3D('',#13625,#11366,#11367);
#9634=AXIS2_PLACEMENT_3D('',#13634,#11372,#11373);
#9635=AXIS2_PLACEMENT_3D('',#13640,#11377,#11378);
#9636=AXIS2_PLACEMENT_3D('',#13646,#11382,#11383);
#9637=AXIS2_PLACEMENT_3D('',#13649,#11386,#11387);
#9638=AXIS2_PLACEMENT_3D('',#13650,#11388,#11389);
#9639=AXIS2_PLACEMENT_3D('',#13655,#11391,#11392);
#9640=AXIS2_PLACEMENT_3D('',#13659,#11394,#11395);
#9641=AXIS2_PLACEMENT_3D('',#13663,#11397,#11398);
#9642=AXIS2_PLACEMENT_3D('',#13666,#11400,#11401);
#9643=AXIS2_PLACEMENT_3D('',#13668,#11402,#11403);
#9644=AXIS2_PLACEMENT_3D('',#13670,#11404,#11405);
#9645=AXIS2_PLACEMENT_3D('',#13672,#11406,#11407);
#9646=AXIS2_PLACEMENT_3D('',#13674,#11408,#11409);
#9647=AXIS2_PLACEMENT_3D('',#13680,#11413,#11414);
#9648=AXIS2_PLACEMENT_3D('',#13683,#11416,#11417);
#9649=AXIS2_PLACEMENT_3D('',#13684,#11418,#11419);
#9650=AXIS2_PLACEMENT_3D('',#13687,#11421,#11422);
#9651=AXIS2_PLACEMENT_3D('',#13688,#11423,#11424);
#9652=AXIS2_PLACEMENT_3D('',#13691,#11426,#11427);
#9653=AXIS2_PLACEMENT_3D('',#13695,#11429,#11430);
#9654=AXIS2_PLACEMENT_3D('',#13698,#11432,#11433);
#9655=AXIS2_PLACEMENT_3D('',#13700,#11434,#11435);
#9656=AXIS2_PLACEMENT_3D('',#13702,#11436,#11437);
#9657=AXIS2_PLACEMENT_3D('',#13704,#11438,#11439);
#9658=AXIS2_PLACEMENT_3D('',#13706,#11440,#11441);
#9659=AXIS2_PLACEMENT_3D('',#13708,#11443,#11444);
#9660=AXIS2_PLACEMENT_3D('',#13710,#11446,#11447);
#9661=AXIS2_PLACEMENT_3D('',#13712,#11449,#11450);
#9662=AXIS2_PLACEMENT_3D('',#13714,#11452,#11453);
#9663=AXIS2_PLACEMENT_3D('',#13715,#11454,#11455);
#9664=AXIS2_PLACEMENT_3D('',#13716,#11456,#11457);
#9665=AXIS2_PLACEMENT_3D('',#13717,#11458,#11459);
#9666=AXIS2_PLACEMENT_3D('',#13718,#11460,#11461);
#9667=AXIS2_PLACEMENT_3D('',#13719,#11462,#11463);
#9668=AXIS2_PLACEMENT_3D('',#13720,#11464,#11465);
#9669=AXIS2_PLACEMENT_3D('',#13721,#11466,#11467);
#9670=AXIS2_PLACEMENT_3D('',#13722,#11468,#11469);
#9671=AXIS2_PLACEMENT_3D('',#13723,#11470,#11471);
#9672=AXIS2_PLACEMENT_3D('',#13724,#11472,#11473);
#9673=AXIS2_PLACEMENT_3D('',#13725,#11474,#11475);
#9674=AXIS2_PLACEMENT_3D('',#13726,#11476,#11477);
#9675=AXIS2_PLACEMENT_3D('',#13727,#11478,#11479);
#9676=AXIS2_PLACEMENT_3D('',#13728,#11480,#11481);
#9677=AXIS2_PLACEMENT_3D('',#13729,#11482,#11483);
#9678=AXIS2_PLACEMENT_3D('',#13730,#11484,#11485);
#9679=AXIS2_PLACEMENT_3D('',#13731,#11486,#11487);
#9680=AXIS2_PLACEMENT_3D('',#13732,#11488,#11489);
#9681=AXIS2_PLACEMENT_3D('',#13733,#11490,#11491);
#9682=AXIS2_PLACEMENT_3D('',#13734,#11492,#11493);
#9683=AXIS2_PLACEMENT_3D('',#13735,#11494,#11495);
#9684=AXIS2_PLACEMENT_3D('',#13736,#11496,#11497);
#9685=AXIS2_PLACEMENT_3D('',#13737,#11498,#11499);
#9686=AXIS2_PLACEMENT_3D('',#13738,#11500,#11501);
#9687=AXIS2_PLACEMENT_3D('',#13739,#11502,#11503);
#9688=AXIS2_PLACEMENT_3D('',#13740,#11504,#11505);
#9689=AXIS2_PLACEMENT_3D('',#13741,#11506,#11507);
#9690=AXIS2_PLACEMENT_3D('',#13742,#11508,#11509);
#9691=AXIS2_PLACEMENT_3D('',#13743,#11510,#11511);
#9692=AXIS2_PLACEMENT_3D('',#13744,#11512,#11513);
#9693=AXIS2_PLACEMENT_3D('',#13745,#11514,#11515);
#9694=AXIS2_PLACEMENT_3D('',#13746,#11516,#11517);
#9695=AXIS2_PLACEMENT_3D('',#13747,#11518,#11519);
#9696=AXIS2_PLACEMENT_3D('',#13748,#11520,#11521);
#9697=AXIS2_PLACEMENT_3D('',#13749,#11522,#11523);
#9698=AXIS2_PLACEMENT_3D('',#13750,#11524,#11525);
#9699=AXIS2_PLACEMENT_3D('',#13752,#11526,#11527);
#9700=AXIS2_PLACEMENT_3D('',#13754,#11528,#11529);
#9701=AXIS2_PLACEMENT_3D('',#13755,#11530,#11531);
#9702=AXIS2_PLACEMENT_3D('',#13757,#11532,#11533);
#9703=AXIS2_PLACEMENT_3D('',#13758,#11534,#11535);
#9704=AXIS2_PLACEMENT_3D('',#13759,#11536,#11537);
#9705=AXIS2_PLACEMENT_3D('',#13764,#11539,#11540);
#9706=AXIS2_PLACEMENT_3D('',#13767,#11542,#11543);
#9707=AXIS2_PLACEMENT_3D('',#13769,#11545,#11546);
#9708=AXIS2_PLACEMENT_3D('',#13771,#11548,#11549);
#9709=AXIS2_PLACEMENT_3D('',#13772,#11550,#11551);
#9710=AXIS2_PLACEMENT_3D('',#13773,#11552,#11553);
#9711=AXIS2_PLACEMENT_3D('',#13782,#11558,#11559);
#9712=AXIS2_PLACEMENT_3D('',#13788,#11563,#11564);
#9713=AXIS2_PLACEMENT_3D('',#13794,#11568,#11569);
#9714=AXIS2_PLACEMENT_3D('',#13797,#11572,#11573);
#9715=AXIS2_PLACEMENT_3D('',#13798,#11574,#11575);
#9716=AXIS2_PLACEMENT_3D('',#13799,#11576,#11577);
#9717=AXIS2_PLACEMENT_3D('',#13800,#11578,#11579);
#9718=AXIS2_PLACEMENT_3D('',#13809,#11584,#11585);
#9719=AXIS2_PLACEMENT_3D('',#13815,#11589,#11590);
#9720=AXIS2_PLACEMENT_3D('',#13821,#11594,#11595);
#9721=AXIS2_PLACEMENT_3D('',#13824,#11598,#11599);
#9722=AXIS2_PLACEMENT_3D('',#13825,#11600,#11601);
#9723=AXIS2_PLACEMENT_3D('',#13827,#11602,#11603);
#9724=AXIS2_PLACEMENT_3D('',#13828,#11604,#11605);
#9725=AXIS2_PLACEMENT_3D('',#13830,#11606,#11607);
#9726=AXIS2_PLACEMENT_3D('',#13831,#11608,#11609);
#9727=AXIS2_PLACEMENT_3D('',#13832,#11610,#11611);
#9728=AXIS2_PLACEMENT_3D('',#13843,#11617,#11618);
#9729=AXIS2_PLACEMENT_3D('',#13851,#11623,#11624);
#9730=AXIS2_PLACEMENT_3D('',#13861,#11630,#11631);
#9731=AXIS2_PLACEMENT_3D('',#13862,#11632,#11633);
#9732=AXIS2_PLACEMENT_3D('',#13867,#11635,#11636);
#9733=AXIS2_PLACEMENT_3D('',#13871,#11638,#11639);
#9734=AXIS2_PLACEMENT_3D('',#13875,#11641,#11642);
#9735=AXIS2_PLACEMENT_3D('',#13878,#11644,#11645);
#9736=AXIS2_PLACEMENT_3D('',#13887,#11650,#11651);
#9737=AXIS2_PLACEMENT_3D('',#13897,#11657,#11658);
#9738=AXIS2_PLACEMENT_3D('',#13907,#11664,#11665);
#9739=AXIS2_PLACEMENT_3D('',#13913,#11669,#11670);
#9740=AXIS2_PLACEMENT_3D('',#13917,#11673,#11674);
#9741=AXIS2_PLACEMENT_3D('',#13921,#11677,#11678);
#9742=AXIS2_PLACEMENT_3D('',#13947,#11693,#11694);
#9743=AXIS2_PLACEMENT_3D('',#13951,#11697,#11698);
#9744=AXIS2_PLACEMENT_3D('',#13955,#11700,#11701);
#9745=AXIS2_PLACEMENT_3D('',#13959,#11703,#11704);
#9746=AXIS2_PLACEMENT_3D('',#13962,#11706,#11707);
#9747=AXIS2_PLACEMENT_3D('',#13966,#11709,#11710);
#9748=AXIS2_PLACEMENT_3D('',#13967,#11711,#11712);
#9749=AXIS2_PLACEMENT_3D('',#13972,#11716,#11717);
#9750=AXIS2_PLACEMENT_3D('',#13978,#11721,#11722);
#9751=AXIS2_PLACEMENT_3D('',#14000,#11735,#11736);
#9752=AXIS2_PLACEMENT_3D('',#14003,#11739,#11740);
#9753=AXIS2_PLACEMENT_3D('',#14018,#11749,#11750);
#9754=AXIS2_PLACEMENT_3D('',#14020,#11752,#11753);
#9755=AXIS2_PLACEMENT_3D('',#14027,#11758,#11759);
#9756=AXIS2_PLACEMENT_3D('',#14028,#11760,#11761);
#9757=AXIS2_PLACEMENT_3D('',#14035,#11766,#11767);
#9758=AXIS2_PLACEMENT_3D('',#14039,#11770,#11771);
#9759=AXIS2_PLACEMENT_3D('',#14043,#11774,#11775);
#9760=AXIS2_PLACEMENT_3D('',#14045,#11777,#11778);
#9761=AXIS2_PLACEMENT_3D('',#14047,#11780,#11781);
#9762=AXIS2_PLACEMENT_3D('',#14048,#11782,#11783);
#9763=AXIS2_PLACEMENT_3D('',#14054,#11787,#11788);
#9764=AXIS2_PLACEMENT_3D('',#14055,#11789,#11790);
#9765=AXIS2_PLACEMENT_3D('',#14057,#11792,#11793);
#9766=AXIS2_PLACEMENT_3D('',#14059,#11795,#11796);
#9767=AXIS2_PLACEMENT_3D('',#14065,#11800,#11801);
#9768=AXIS2_PLACEMENT_3D('',#14068,#11804,#11805);
#9769=AXIS2_PLACEMENT_3D('',#14070,#11807,#11808);
#9770=AXIS2_PLACEMENT_3D('',#14072,#11810,#11811);
#9771=AXIS2_PLACEMENT_3D('',#14075,#11814,#11815);
#9772=AXIS2_PLACEMENT_3D('',#14078,#11818,#11819);
#9773=AXIS2_PLACEMENT_3D('',#14079,#11820,#11821);
#9774=AXIS2_PLACEMENT_3D('',#14080,#11822,#11823);
#9775=AXIS2_PLACEMENT_3D('',#14084,#11826,#11827);
#9776=AXIS2_PLACEMENT_3D('',#14088,#11830,#11831);
#9777=AXIS2_PLACEMENT_3D('',#14092,#11834,#11835);
#9778=AXIS2_PLACEMENT_3D('',#14094,#11837,#11838);
#9779=AXIS2_PLACEMENT_3D('',#14098,#11841,#11842);
#9780=AXIS2_PLACEMENT_3D('',#14100,#11844,#11845);
#9781=AXIS2_PLACEMENT_3D('',#14101,#11846,#11847);
#9782=AXIS2_PLACEMENT_3D('',#14105,#11850,#11851);
#9783=AXIS2_PLACEMENT_3D('',#14109,#11854,#11855);
#9784=AXIS2_PLACEMENT_3D('',#14113,#11858,#11859);
#9785=AXIS2_PLACEMENT_3D('',#14115,#11861,#11862);
#9786=AXIS2_PLACEMENT_3D('',#14116,#11863,#11864);
#9787=DIRECTION('',(0.,0.,1.));
#9788=DIRECTION('',(1.,0.,0.));
#9789=DIRECTION('',(0.,1.,0.));
#9790=DIRECTION('',(0.,0.,1.));
#9791=DIRECTION('',(0.,-1.,0.));
#9792=DIRECTION('',(0.,0.,-1.));
#9793=DIRECTION('',(0.,-1.,0.));
#9794=DIRECTION('',(0.,0.,-1.));
#9795=DIRECTION('',(0.,-1.,0.));
#9796=DIRECTION('',(1.,0.,0.));
#9797=DIRECTION('',(0.,-1.,0.));
#9798=DIRECTION('',(0.,0.,-1.));
#9799=DIRECTION('',(0.,-1.,0.));
#9800=DIRECTION('',(1.,0.,0.));
#9801=DIRECTION('',(1.,0.,0.));
#9802=DIRECTION('',(0.,0.,-1.));
#9803=DIRECTION('',(-1.,0.,0.));
#9804=DIRECTION('',(-8.9681043912456E-17,0.,-1.));
#9805=DIRECTION('',(-1.,0.,0.));
#9806=DIRECTION('',(0.384675502772407,0.,-0.923051871547204));
#9807=DIRECTION('',(0.,0.,1.));
#9808=DIRECTION('',(0.,1.,0.));
#9809=DIRECTION('',(0.,0.,1.));
#9810=DIRECTION('',(0.,0.,-1.));
#9811=DIRECTION('',(-0.5762352548763,0.,-0.817283874206292));
#9812=DIRECTION('',(-1.,0.,0.));
#9813=DIRECTION('',(0.,0.,1.));
#9814=DIRECTION('',(0.,-1.,0.));
#9815=DIRECTION('',(0.,0.,-1.));
#9816=DIRECTION('',(0.,-1.,0.));
#9817=DIRECTION('',(0.,0.,-1.));
#9818=DIRECTION('',(-1.,0.,0.));
#9819=DIRECTION('',(0.,-1.,0.));
#9820=DIRECTION('',(1.,0.,0.));
#9821=DIRECTION('',(-0.817283874206292,0.,0.5762352548763));
#9822=DIRECTION('',(0.5762352548763,0.,0.817283874206292));
#9823=DIRECTION('',(0.,-1.,0.));
#9824=DIRECTION('',(-0.5762352548763,0.,-0.817283874206292));
#9825=DIRECTION('',(-1.,0.,0.));
#9826=DIRECTION('',(0.,0.,1.));
#9827=DIRECTION('',(0.,-1.,0.));
#9828=DIRECTION('',(0.,0.,-1.));
#9829=DIRECTION('',(0.,-1.,0.));
#9830=DIRECTION('',(0.,0.,-1.));
#9831=DIRECTION('',(0.,-1.,0.));
#9832=DIRECTION('',(0.,1.,0.));
#9833=DIRECTION('',(0.,0.,1.));
#9834=DIRECTION('',(1.,0.,0.));
#9835=DIRECTION('',(0.,0.,-1.));
#9836=DIRECTION('',(0.,-1.,0.));
#9837=DIRECTION('',(0.,0.,1.));
#9838=DIRECTION('',(-0.923051871547204,0.,-0.384675502772407));
#9839=DIRECTION('',(-0.384675502772407,0.,0.923051871547204));
#9840=DIRECTION('',(0.,-1.,0.));
#9841=DIRECTION('',(0.384675502772407,0.,-0.923051871547204));
#9842=DIRECTION('',(0.,0.,1.));
#9843=DIRECTION('',(1.,0.,0.));
#9844=DIRECTION('',(0.,-1.,0.));
#9845=DIRECTION('',(-1.,0.,0.));
#9846=DIRECTION('',(-1.,0.,8.9681043912456E-17));
#9847=DIRECTION('',(8.9681043912456E-17,0.,1.));
#9848=DIRECTION('',(0.,-1.,0.));
#9849=DIRECTION('',(-8.9681043912456E-17,0.,-1.));
#9850=DIRECTION('',(0.,0.,1.));
#9851=DIRECTION('',(1.,0.,0.));
#9852=DIRECTION('',(-1.,0.,0.));
#9853=DIRECTION('',(0.,-1.,0.));
#9854=DIRECTION('',(0.,0.,-1.));
#9855=DIRECTION('',(0.,1.,0.));
#9856=DIRECTION('',(0.,0.,1.));
#9857=DIRECTION('',(0.,1.,0.));
#9858=DIRECTION('',(0.,0.,1.));
#9859=DIRECTION('',(0.,1.,0.));
#9860=DIRECTION('',(-1.,0.,0.));
#9861=DIRECTION('',(0.,1.,0.));
#9862=DIRECTION('',(0.,0.,1.));
#9863=DIRECTION('',(0.,1.,0.));
#9864=DIRECTION('',(-1.,0.,0.));
#9865=DIRECTION('',(0.,1.,0.));
#9866=DIRECTION('',(0.,0.,1.));
#9867=DIRECTION('',(0.,-1.,0.));
#9868=DIRECTION('',(0.,0.,-1.));
#9869=DIRECTION('',(0.,-1.,0.));
#9870=DIRECTION('',(1.,0.,0.));
#9871=DIRECTION('',(0.,-1.,0.));
#9872=DIRECTION('',(0.,0.,-1.));
#9873=DIRECTION('',(0.,-1.,0.));
#9874=DIRECTION('',(0.,0.,-1.));
#9875=DIRECTION('',(0.,-1.,0.));
#9876=DIRECTION('',(1.,0.,0.));
#9877=DIRECTION('',(0.,0.,1.));
#9878=DIRECTION('',(3.40005801291454E-16,-1.,0.));
#9879=DIRECTION('',(0.,0.,1.));
#9880=DIRECTION('',(1.,0.,0.));
#9881=DIRECTION('',(1.,0.,0.));
#9882=DIRECTION('',(0.,1.,0.));
#9883=DIRECTION('',(1.,0.,0.));
#9884=DIRECTION('',(0.,1.,0.));
#9885=DIRECTION('',(1.,0.,0.));
#9886=DIRECTION('',(0.,0.,-1.));
#9887=DIRECTION('',(0.,0.,-1.));
#9888=DIRECTION('',(0.,1.,0.));
#9889=DIRECTION('',(0.,0.,-1.));
#9890=DIRECTION('',(0.,0.,1.));
#9891=DIRECTION('',(1.,0.,0.));
#9892=DIRECTION('',(1.,0.,0.));
#9893=DIRECTION('',(0.,1.,0.));
#9894=DIRECTION('',(1.,0.,0.));
#9895=DIRECTION('',(1.,0.,0.));
#9896=DIRECTION('',(0.,0.,-1.));
#9897=DIRECTION('',(0.,0.,-1.));
#9898=DIRECTION('',(0.,0.,-1.));
#9899=DIRECTION('',(0.,-1.,0.));
#9900=DIRECTION('',(1.,0.,0.));
#9901=DIRECTION('',(0.,-1.,0.));
#9902=DIRECTION('',(0.,0.,-1.));
#9903=DIRECTION('',(0.,-1.,0.));
#9904=DIRECTION('',(1.,0.,0.));
#9905=DIRECTION('',(1.,0.,0.));
#9906=DIRECTION('',(0.,0.,-1.));
#9907=DIRECTION('',(0.,0.17364817766693,0.984807753012208));
#9908=DIRECTION('',(0.,-0.984807753012208,0.17364817766693));
#9909=DIRECTION('',(0.,0.17364817766693,0.984807753012208));
#9910=DIRECTION('',(1.,0.,0.));
#9911=DIRECTION('',(0.,0.17364817766693,0.984807753012208));
#9912=DIRECTION('',(0.,-0.984807753012208,0.17364817766693));
#9913=DIRECTION('',(0.,-0.17364817766693,-0.984807753012208));
#9914=DIRECTION('',(0.,0.984807753012208,-0.17364817766693));
#9915=DIRECTION('',(0.,0.17364817766693,0.984807753012208));
#9916=DIRECTION('',(0.,-0.984807753012208,0.17364817766693));
#9917=DIRECTION('',(-1.,-1.88663487276341E-16,3.32664630813672E-17));
#9918=DIRECTION('',(1.88663487276341E-16,-1.,0.));
#9919=DIRECTION('',(0.,-0.17364817766693,-0.984807753012208));
#9920=DIRECTION('',(-1.91573925671565E-16,0.984807753012208,-0.17364817766693));
#9921=DIRECTION('',(0.,-0.17364817766693,-0.984807753012208));
#9922=DIRECTION('',(-1.91573925671565E-16,0.984807753012208,-0.17364817766693));
#9923=DIRECTION('',(0.,0.984807753012208,-0.17364817766693));
#9924=DIRECTION('',(0.,0.17364817766693,0.984807753012208));
#9925=DIRECTION('',(0.,-0.17364817766693,-0.984807753012208));
#9926=DIRECTION('',(1.,0.,0.));
#9927=DIRECTION('',(1.,0.,0.));
#9928=DIRECTION('',(-1.,-1.88663487276341E-16,3.32664630813672E-17));
#9929=DIRECTION('',(1.88663487276341E-16,-1.,0.));
#9930=DIRECTION('',(0.,-0.17364817766693,-0.984807753012208));
#9931=DIRECTION('',(-1.91573925671565E-16,0.984807753012208,-0.17364817766693));
#9932=DIRECTION('',(-1.91573925671565E-16,0.984807753012208,-0.17364817766693));
#9933=DIRECTION('',(0.,0.984807753012208,-0.17364817766693));
#9934=DIRECTION('',(0.,0.17364817766693,0.984807753012208));
#9935=DIRECTION('',(1.,0.,0.));
#9936=DIRECTION('',(0.,-0.17364817766693,-0.984807753012208));
#9937=DIRECTION('',(1.,0.,0.));
#9938=DIRECTION('',(0.,0.17364817766693,0.984807753012208));
#9939=DIRECTION('',(1.,0.,0.));
#9940=DIRECTION('',(-1.91573925671565E-16,0.984807753012208,-0.17364817766693));
#9941=DIRECTION('',(1.,0.,0.));
#9942=DIRECTION('',(-1.91573925671565E-16,0.984807753012208,-0.17364817766693));
#9943=DIRECTION('',(1.,0.,0.));
#9944=DIRECTION('',(0.,0.17364817766693,0.984807753012208));
#9945=DIRECTION('',(1.,0.,0.));
#9946=DIRECTION('',(0.,0.17364817766693,0.984807753012208));
#9947=DIRECTION('',(0.,-0.984807753012208,0.17364817766693));
#9948=DIRECTION('',(0.,0.17364817766693,0.984807753012208));
#9949=DIRECTION('',(0.,-0.984807753012208,0.17364817766693));
#9950=DIRECTION('',(0.,0.173648177666931,0.984807753012208));
#9951=DIRECTION('',(0.,-0.984807753012208,0.173648177666931));
#9952=DIRECTION('',(1.,0.,0.));
#9953=DIRECTION('',(0.,0.,-1.));
#9954=DIRECTION('',(1.,0.,0.));
#9955=DIRECTION('',(0.,0.,-1.));
#9956=DIRECTION('',(0.707106781186548,0.696364240320019,-0.122787803968973));
#9957=DIRECTION('',(0.707106781186548,-0.696364240320019,0.122787803968973));
#9958=DIRECTION('',(0.,0.984807753012208,-0.173648177666931));
#9959=DIRECTION('',(0.,0.173648177666931,0.984807753012208));
#9960=DIRECTION('',(-8.54184564237123E-16,0.984807753012208,-0.17364817766693));
#9961=DIRECTION('',(0.,0.17364817766693,0.984807753012208));
#9962=DIRECTION('',(-1.91573925671565E-16,0.984807753012208,-0.17364817766693));
#9963=DIRECTION('',(0.,0.17364817766693,0.984807753012208));
#9964=DIRECTION('',(-0.707106781186548,0.696364240320019,-0.122787803968973));
#9965=DIRECTION('',(0.707106781186548,0.696364240320019,-0.122787803968973));
#9966=DIRECTION('',(1.91573925671565E-16,-0.984807753012208,0.17364817766693));
#9967=DIRECTION('',(0.,-0.17364817766693,-0.984807753012208));
#9968=DIRECTION('',(-0.707106781186548,-0.696364240320019,0.122787803968973));
#9969=DIRECTION('',(0.707106781186548,-0.696364240320019,0.122787803968973));
#9970=DIRECTION('',(-1.,0.,0.));
#9971=DIRECTION('',(0.,0.,1.));
#9972=DIRECTION('',(-0.0632748154518045,0.996525716074394,0.0541552853556991));
#9973=DIRECTION('',(-0.99198384628515,-0.0568535523193768,-0.112852657469766));
#9974=DIRECTION('',(0.,1.,0.));
#9975=DIRECTION('',(0.,0.,1.));
#9976=DIRECTION('',(0.,-1.,0.));
#9977=DIRECTION('',(0.,0.,-1.));
#9978=DIRECTION('',(0.,1.,0.));
#9979=DIRECTION('',(0.,-1.,0.));
#9980=DIRECTION('',(0.,0.,-1.));
#9981=DIRECTION('',(0.,-1.,0.));
#9982=DIRECTION('',(0.,0.,-1.));
#9983=DIRECTION('',(0.,-1.,0.));
#9984=DIRECTION('',(0.,0.,-1.));
#9985=DIRECTION('',(0.,-1.,0.));
#9986=DIRECTION('',(0.,0.,-1.));
#9987=DIRECTION('',(0.,-1.,0.));
#9988=DIRECTION('',(0.,0.,-1.));
#9989=DIRECTION('',(0.,-1.,0.));
#9990=DIRECTION('',(0.,0.,-1.));
#9991=DIRECTION('',(0.,-1.,0.));
#9992=DIRECTION('',(0.,0.,-1.));
#9993=DIRECTION('',(0.,1.,0.));
#9994=DIRECTION('',(0.,-1.,0.));
#9995=DIRECTION('',(1.,0.,0.));
#9996=DIRECTION('',(0.,-1.,0.));
#9997=DIRECTION('',(0.,0.,-1.));
#9998=DIRECTION('',(1.,0.,0.));
#9999=DIRECTION('',(0.,0.,-1.));
#10000=DIRECTION('',(0.,-1.,0.));
#10001=DIRECTION('',(1.,0.,0.));
#10002=DIRECTION('',(1.,0.,0.));
#10003=DIRECTION('',(1.,0.,0.));
#10004=DIRECTION('',(0.,0.,-1.));
#10005=DIRECTION('',(0.,-1.,0.));
#10006=DIRECTION('',(1.,0.,0.));
#10007=DIRECTION('',(0.,-1.,0.));
#10008=DIRECTION('',(0.,0.,-1.));
#10009=DIRECTION('',(0.,0.,-1.));
#10010=DIRECTION('',(1.,0.,0.));
#10011=DIRECTION('',(0.,-1.,0.));
#10012=DIRECTION('',(1.,0.,0.));
#10013=DIRECTION('',(0.,-1.,0.));
#10014=DIRECTION('',(0.,0.,-1.));
#10015=DIRECTION('',(1.,0.,0.));
#10016=DIRECTION('',(0.,0.,-1.));
#10017=DIRECTION('',(0.,1.,0.));
#10018=DIRECTION('',(0.,0.,1.));
#10019=DIRECTION('',(0.,-1.,0.));
#10020=DIRECTION('',(0.,0.,-1.));
#10021=DIRECTION('',(0.,-1.,0.));
#10022=DIRECTION('',(0.,0.,-1.));
#10023=DIRECTION('',(0.,1.,0.));
#10024=DIRECTION('',(0.,0.,1.));
#10025=DIRECTION('',(0.,-1.,0.));
#10026=DIRECTION('',(0.,0.,-1.));
#10027=DIRECTION('',(0.,-1.,0.));
#10028=DIRECTION('',(0.,0.,-1.));
#10029=DIRECTION('',(0.,-1.,0.));
#10030=DIRECTION('',(1.,0.,0.));
#10031=DIRECTION('',(0.,-1.,0.));
#10032=DIRECTION('',(1.,0.,0.));
#10033=DIRECTION('',(1.,0.,0.));
#10034=DIRECTION('',(0.,0.,-1.));
#10035=DIRECTION('',(1.,0.,0.));
#10036=DIRECTION('',(0.,0.,-1.));
#10037=DIRECTION('',(0.,-1.,0.));
#10038=DIRECTION('',(1.,0.,0.));
#10039=DIRECTION('',(0.,-1.,0.));
#10040=DIRECTION('',(0.,0.,-1.));
#10041=DIRECTION('',(0.,0.,-1.));
#10042=DIRECTION('',(1.,0.,0.));
#10043=DIRECTION('',(1.,0.,0.));
#10044=DIRECTION('',(0.,0.,-1.));
#10045=DIRECTION('',(0.,1.,0.));
#10046=DIRECTION('',(0.,0.,-1.));
#10047=DIRECTION('',(0.,1.,0.));
#10048=DIRECTION('',(0.,0.,1.));
#10049=DIRECTION('',(1.,0.,0.));
#10050=DIRECTION('',(1.,0.,0.));
#10051=DIRECTION('',(1.,0.,0.));
#10052=DIRECTION('',(0.,1.,0.));
#10053=DIRECTION('',(1.,0.,0.));
#10054=DIRECTION('',(0.,0.,-1.));
#10055=DIRECTION('',(0.,0.,-1.));
#10056=DIRECTION('',(0.,0.,-1.));
#10057=DIRECTION('',(0.,1.,0.));
#10058=DIRECTION('',(0.,0.,1.));
#10059=DIRECTION('',(1.,0.,0.));
#10060=DIRECTION('',(1.,0.,0.));
#10061=DIRECTION('',(1.,0.,0.));
#10062=DIRECTION('',(0.,-1.,0.));
#10063=DIRECTION('',(1.,0.,0.));
#10064=DIRECTION('',(0.,-1.,0.));
#10065=DIRECTION('',(1.,0.,0.));
#10066=DIRECTION('',(0.,-1.,0.));
#10067=DIRECTION('',(0.,0.,-1.));
#10068=DIRECTION('',(0.,-1.,0.));
#10069=DIRECTION('',(1.,0.,0.));
#10070=DIRECTION('',(1.,0.,0.));
#10071=DIRECTION('',(0.,-1.,0.));
#10072=DIRECTION('',(0.,0.,-1.));
#10073=DIRECTION('',(0.,-1.,0.));
#10074=DIRECTION('',(1.,0.,0.));
#10075=DIRECTION('',(0.,-1.,0.));
#10076=DIRECTION('',(0.,0.,-1.));
#10077=DIRECTION('',(0.,1.,0.));
#10078=DIRECTION('',(0.,0.,1.));
#10079=DIRECTION('',(0.,-1.,0.));
#10080=DIRECTION('',(0.,0.,-1.));
#10081=DIRECTION('',(0.,-1.,0.));
#10082=DIRECTION('',(0.,0.,-1.));
#10083=DIRECTION('',(0.,-1.,0.));
#10084=DIRECTION('',(1.,0.,0.));
#10085=DIRECTION('',(1.,0.,0.));
#10086=DIRECTION('',(0.,-1.,0.));
#10087=DIRECTION('',(1.,0.,0.));
#10088=DIRECTION('',(0.,0.,1.));
#10089=DIRECTION('',(1.,0.,0.));
#10090=DIRECTION('',(0.00708606083716835,-0.999973999076585,-0.00133750237153139));
#10091=DIRECTION('',(0.104071753990312,-0.000592795851435059,0.994569614765331));
#10092=DIRECTION('',(0.,0.,1.));
#10093=DIRECTION('',(1.,0.,0.));
#10094=DIRECTION('',(1.,0.,0.));
#10095=DIRECTION('',(0.,1.,0.));
#10096=DIRECTION('',(1.,0.,0.));
#10097=DIRECTION('',(0.,1.,0.));
#10098=DIRECTION('',(1.,0.,0.));
#10099=DIRECTION('',(0.,0.,-1.));
#10100=DIRECTION('',(0.,0.,-1.));
#10101=DIRECTION('',(0.,1.,0.));
#10102=DIRECTION('',(0.,0.,-1.));
#10103=DIRECTION('',(0.,0.,1.));
#10104=DIRECTION('',(1.,0.,0.));
#10105=DIRECTION('',(1.,0.,0.));
#10106=DIRECTION('',(0.,1.,0.));
#10107=DIRECTION('',(1.,0.,0.));
#10108=DIRECTION('',(1.,0.,5.10212787052002E-17));
#10109=DIRECTION('',(5.10212787052002E-17,0.,-1.));
#10110=DIRECTION('',(5.10212787052002E-17,0.,-1.));
#10111=DIRECTION('',(5.10212787052002E-17,0.,-1.));
#10112=DIRECTION('',(0.,-1.,0.));
#10113=DIRECTION('',(1.,0.,0.));
#10114=DIRECTION('',(0.,-1.,0.));
#10115=DIRECTION('',(0.,0.,-1.));
#10116=DIRECTION('',(0.,-1.,0.));
#10117=DIRECTION('',(1.,0.,0.));
#10118=DIRECTION('',(0.,1.,0.));
#10119=DIRECTION('',(0.,0.,1.));
#10120=DIRECTION('',(0.,1.,0.));
#10121=DIRECTION('',(0.,0.,1.));
#10122=DIRECTION('',(0.0160272212228918,0.999871554841176,4.47142295893827E-5));
#10123=DIRECTION('',(0.000731693935088802,3.29914346205271E-5,-0.999999731767739));
#10124=DIRECTION('',(0.,0.,1.));
#10125=DIRECTION('',(1.,0.,0.));
#10126=DIRECTION('',(-1.,0.,0.));
#10127=DIRECTION('',(0.,1.,0.));
#10128=DIRECTION('',(1.,0.,0.));
#10129=DIRECTION('',(0.,-1.,0.));
#10130=DIRECTION('',(-1.,0.,0.));
#10131=DIRECTION('',(0.,0.,1.));
#10132=DIRECTION('',(0.,-1.,0.));
#10133=DIRECTION('',(0.,0.,1.));
#10134=DIRECTION('',(0.,0.,1.));
#10135=DIRECTION('',(0.,-1.,0.));
#10136=DIRECTION('',(0.,0.,-1.));
#10137=DIRECTION('',(1.,0.,0.));
#10138=DIRECTION('',(0.,0.,1.));
#10139=DIRECTION('',(1.,0.,0.));
#10140=DIRECTION('',(0.,0.,-1.));
#10141=DIRECTION('',(0.,1.,0.));
#10142=DIRECTION('',(0.,0.,1.));
#10143=DIRECTION('',(0.,1.,0.));
#10144=DIRECTION('',(0.,0.,1.));
#10145=DIRECTION('',(-1.,0.,0.));
#10146=DIRECTION('',(0.,0.,1.));
#10147=DIRECTION('',(1.,0.,0.));
#10148=DIRECTION('',(0.,1.,0.));
#10149=DIRECTION('',(1.,0.,0.));
#10150=DIRECTION('',(0.,-1.,0.));
#10151=DIRECTION('',(-1.,0.,0.));
#10152=DIRECTION('',(0.,1.,0.));
#10153=DIRECTION('',(0.,0.,1.));
#10154=DIRECTION('',(-1.,0.,0.));
#10155=DIRECTION('',(0.,0.,1.));
#10156=DIRECTION('',(0.,0.,1.));
#10157=DIRECTION('',(-1.,0.,0.));
#10158=DIRECTION('',(0.,0.,1.));
#10159=DIRECTION('',(0.,-1.,0.));
#10160=DIRECTION('',(0.,0.,1.));
#10161=DIRECTION('',(0.,-1.,0.));
#10162=DIRECTION('',(0.,0.,-1.));
#10163=DIRECTION('',(1.,0.,0.));
#10164=DIRECTION('',(0.,0.,1.));
#10165=DIRECTION('',(1.,0.,0.));
#10166=DIRECTION('',(0.,0.,-1.));
#10167=DIRECTION('',(0.,1.,0.));
#10168=DIRECTION('',(0.,0.,1.));
#10169=DIRECTION('',(1.,0.,0.));
#10170=DIRECTION('',(0.,1.,0.));
#10171=DIRECTION('',(1.,0.,0.));
#10172=DIRECTION('',(0.,-1.,0.));
#10173=DIRECTION('',(-1.,0.,0.));
#10174=DIRECTION('',(0.,1.,0.));
#10175=DIRECTION('',(0.,0.,1.));
#10176=DIRECTION('',(-1.,0.,0.));
#10177=DIRECTION('',(0.,0.,1.));
#10178=DIRECTION('',(0.,0.,1.));
#10179=DIRECTION('',(-1.,0.,0.));
#10180=DIRECTION('',(0.,0.,1.));
#10181=DIRECTION('',(0.,-1.,0.));
#10182=DIRECTION('',(0.,0.,1.));
#10183=DIRECTION('',(0.,-1.,0.));
#10184=DIRECTION('',(0.,0.,-1.));
#10185=DIRECTION('',(1.,0.,0.));
#10186=DIRECTION('',(0.,0.,1.));
#10187=DIRECTION('',(1.,0.,0.));
#10188=DIRECTION('',(0.,0.,-1.));
#10189=DIRECTION('',(0.,1.,0.));
#10190=DIRECTION('',(0.,0.,1.));
#10191=DIRECTION('',(1.,0.,0.));
#10192=DIRECTION('',(0.,1.,0.));
#10193=DIRECTION('',(1.,0.,0.));
#10194=DIRECTION('',(0.,-1.,0.));
#10195=DIRECTION('',(-1.,0.,0.));
#10196=DIRECTION('',(0.,1.,0.));
#10197=DIRECTION('',(0.,0.,1.));
#10198=DIRECTION('',(-1.,0.,0.));
#10199=DIRECTION('',(0.,0.,1.));
#10200=DIRECTION('',(0.,0.,1.));
#10201=DIRECTION('',(-1.,0.,0.));
#10202=DIRECTION('',(0.,0.,1.));
#10203=DIRECTION('',(0.,-1.,0.));
#10204=DIRECTION('',(0.,0.,1.));
#10205=DIRECTION('',(0.,-1.,0.));
#10206=DIRECTION('',(0.,0.,-1.));
#10207=DIRECTION('',(1.,0.,0.));
#10208=DIRECTION('',(0.,0.,1.));
#10209=DIRECTION('',(1.,0.,0.));
#10210=DIRECTION('',(0.,0.,-1.));
#10211=DIRECTION('',(0.,1.,0.));
#10212=DIRECTION('',(0.,0.,1.));
#10213=DIRECTION('',(1.,0.,0.));
#10214=DIRECTION('',(0.,1.,0.));
#10215=DIRECTION('',(1.,0.,0.));
#10216=DIRECTION('',(0.,-1.,0.));
#10217=DIRECTION('',(-1.,0.,0.));
#10218=DIRECTION('',(0.,1.,0.));
#10219=DIRECTION('',(0.,0.,1.));
#10220=DIRECTION('',(-1.,0.,0.));
#10221=DIRECTION('',(0.,0.,1.));
#10222=DIRECTION('',(0.,0.,1.));
#10223=DIRECTION('',(-1.,0.,0.));
#10224=DIRECTION('',(0.,0.,1.));
#10225=DIRECTION('',(0.,-1.,0.));
#10226=DIRECTION('',(0.,0.,1.));
#10227=DIRECTION('',(0.,-1.,0.));
#10228=DIRECTION('',(0.,0.,-1.));
#10229=DIRECTION('',(1.,0.,0.));
#10230=DIRECTION('',(0.,0.,1.));
#10231=DIRECTION('',(1.,0.,0.));
#10232=DIRECTION('',(0.,0.,-1.));
#10233=DIRECTION('',(0.,1.,0.));
#10234=DIRECTION('',(0.,0.,1.));
#10235=DIRECTION('',(1.,0.,0.));
#10236=DIRECTION('',(0.,1.,0.));
#10237=DIRECTION('',(1.,0.,0.));
#10238=DIRECTION('',(0.,-1.,0.));
#10239=DIRECTION('',(-1.,0.,0.));
#10240=DIRECTION('',(0.,1.,0.));
#10241=DIRECTION('',(0.,0.,1.));
#10242=DIRECTION('',(-1.,0.,0.));
#10243=DIRECTION('',(0.,0.,1.));
#10244=DIRECTION('',(0.,0.,1.));
#10245=DIRECTION('',(-1.,0.,0.));
#10246=DIRECTION('',(0.,0.,1.));
#10247=DIRECTION('',(0.,-1.,0.));
#10248=DIRECTION('',(0.,0.,1.));
#10249=DIRECTION('',(0.,-1.,0.));
#10250=DIRECTION('',(0.,0.,-1.));
#10251=DIRECTION('',(1.,0.,0.));
#10252=DIRECTION('',(0.,0.,1.));
#10253=DIRECTION('',(1.,0.,0.));
#10254=DIRECTION('',(0.,0.,-1.));
#10255=DIRECTION('',(0.,1.,0.));
#10256=DIRECTION('',(0.,0.,1.));
#10257=DIRECTION('',(1.,0.,0.));
#10258=DIRECTION('',(0.,1.,0.));
#10259=DIRECTION('',(1.,0.,0.));
#10260=DIRECTION('',(0.,-1.,0.));
#10261=DIRECTION('',(-1.,0.,0.));
#10262=DIRECTION('',(0.,1.,0.));
#10263=DIRECTION('',(0.,0.,1.));
#10264=DIRECTION('',(-1.,0.,0.));
#10265=DIRECTION('',(0.,0.,1.));
#10266=DIRECTION('',(0.,0.,1.));
#10267=DIRECTION('',(-1.,0.,0.));
#10268=DIRECTION('',(0.,0.,1.));
#10269=DIRECTION('',(0.,-1.,0.));
#10270=DIRECTION('',(0.,0.,1.));
#10271=DIRECTION('',(0.,-1.,0.));
#10272=DIRECTION('',(0.,0.,-1.));
#10273=DIRECTION('',(1.,0.,0.));
#10274=DIRECTION('',(0.,0.,1.));
#10275=DIRECTION('',(1.,0.,0.));
#10276=DIRECTION('',(0.,0.,-1.));
#10277=DIRECTION('',(0.,1.,0.));
#10278=DIRECTION('',(0.,0.,1.));
#10279=DIRECTION('',(1.,0.,0.));
#10280=DIRECTION('',(0.,1.,0.));
#10281=DIRECTION('',(1.,0.,0.));
#10282=DIRECTION('',(0.,-1.,0.));
#10283=DIRECTION('',(-1.,0.,0.));
#10284=DIRECTION('',(0.,1.,0.));
#10285=DIRECTION('',(0.,0.,1.));
#10286=DIRECTION('',(-1.,0.,0.));
#10287=DIRECTION('',(0.,0.,1.));
#10288=DIRECTION('',(0.,0.,1.));
#10289=DIRECTION('',(-1.,0.,0.));
#10290=DIRECTION('',(0.,0.,1.));
#10291=DIRECTION('',(0.,-1.,0.));
#10292=DIRECTION('',(0.,0.,1.));
#10293=DIRECTION('',(0.,-1.,0.));
#10294=DIRECTION('',(0.,0.,-1.));
#10295=DIRECTION('',(1.,0.,0.));
#10296=DIRECTION('',(0.,0.,1.));
#10297=DIRECTION('',(1.,0.,0.));
#10298=DIRECTION('',(0.,0.,-1.));
#10299=DIRECTION('',(0.,1.,0.));
#10300=DIRECTION('',(0.,0.,1.));
#10301=DIRECTION('',(1.,0.,0.));
#10302=DIRECTION('',(0.,1.,0.));
#10303=DIRECTION('',(1.,0.,0.));
#10304=DIRECTION('',(0.,-1.,0.));
#10305=DIRECTION('',(-1.,0.,0.));
#10306=DIRECTION('',(0.,1.,0.));
#10307=DIRECTION('',(0.,0.,1.));
#10308=DIRECTION('',(-1.,0.,0.));
#10309=DIRECTION('',(0.,0.,1.));
#10310=DIRECTION('',(0.,0.,1.));
#10311=DIRECTION('',(-1.,0.,0.));
#10312=DIRECTION('',(0.,0.,1.));
#10313=DIRECTION('',(0.,-1.,0.));
#10314=DIRECTION('',(0.,0.,1.));
#10315=DIRECTION('',(0.,-1.,0.));
#10316=DIRECTION('',(0.,0.,-1.));
#10317=DIRECTION('',(1.,0.,0.));
#10318=DIRECTION('',(0.,0.,1.));
#10319=DIRECTION('',(1.,0.,0.));
#10320=DIRECTION('',(0.,0.,-1.));
#10321=DIRECTION('',(0.,1.,0.));
#10322=DIRECTION('',(0.,0.,1.));
#10323=DIRECTION('',(1.,0.,0.));
#10324=DIRECTION('',(0.,1.,0.));
#10325=DIRECTION('',(1.,0.,0.));
#10326=DIRECTION('',(0.,-1.,0.));
#10327=DIRECTION('',(-1.,0.,0.));
#10328=DIRECTION('',(0.,1.,0.));
#10329=DIRECTION('',(0.,0.,1.));
#10330=DIRECTION('',(-1.,0.,0.));
#10331=DIRECTION('',(0.,0.,1.));
#10332=DIRECTION('',(0.,0.,1.));
#10333=DIRECTION('',(-1.,0.,0.));
#10334=DIRECTION('',(0.,0.,1.));
#10335=DIRECTION('',(0.,-1.,0.));
#10336=DIRECTION('',(0.,0.,1.));
#10337=DIRECTION('',(0.,-1.,0.));
#10338=DIRECTION('',(0.,0.,-1.));
#10339=DIRECTION('',(1.,0.,0.));
#10340=DIRECTION('',(0.,0.,1.));
#10341=DIRECTION('',(1.,0.,0.));
#10342=DIRECTION('',(0.,0.,-1.));
#10343=DIRECTION('',(0.,1.,0.));
#10344=DIRECTION('',(0.,0.,1.));
#10345=DIRECTION('',(1.,0.,0.));
#10346=DIRECTION('',(0.,1.,0.));
#10347=DIRECTION('',(1.,0.,0.));
#10348=DIRECTION('',(0.,-1.,0.));
#10349=DIRECTION('',(-1.,0.,0.));
#10350=DIRECTION('',(0.,1.,0.));
#10351=DIRECTION('',(0.,0.,1.));
#10352=DIRECTION('',(-1.,0.,0.));
#10353=DIRECTION('',(0.,0.,1.));
#10354=DIRECTION('',(0.,0.,1.));
#10355=DIRECTION('',(-1.,0.,0.));
#10356=DIRECTION('',(0.,0.,1.));
#10357=DIRECTION('',(0.,-1.,0.));
#10358=DIRECTION('',(0.,0.,1.));
#10359=DIRECTION('',(0.,-1.,0.));
#10360=DIRECTION('',(0.,0.,-1.));
#10361=DIRECTION('',(1.,0.,0.));
#10362=DIRECTION('',(0.,0.,1.));
#10363=DIRECTION('',(1.,0.,0.));
#10364=DIRECTION('',(0.,0.,-1.));
#10365=DIRECTION('',(0.,1.,0.));
#10366=DIRECTION('',(0.,0.,1.));
#10367=DIRECTION('',(1.,0.,0.));
#10368=DIRECTION('',(0.,1.,0.));
#10369=DIRECTION('',(1.,0.,0.));
#10370=DIRECTION('',(0.,-1.,0.));
#10371=DIRECTION('',(-1.,0.,0.));
#10372=DIRECTION('',(0.,1.,0.));
#10373=DIRECTION('',(0.,0.,1.));
#10374=DIRECTION('',(-1.,0.,0.));
#10375=DIRECTION('',(0.,0.,1.));
#10376=DIRECTION('',(0.,0.,1.));
#10377=DIRECTION('',(-1.,0.,0.));
#10378=DIRECTION('',(0.,0.,1.));
#10379=DIRECTION('',(0.,-1.,0.));
#10380=DIRECTION('',(0.,0.,1.));
#10381=DIRECTION('',(0.,-1.,0.));
#10382=DIRECTION('',(0.,0.,-1.));
#10383=DIRECTION('',(1.,0.,0.));
#10384=DIRECTION('',(0.,0.,1.));
#10385=DIRECTION('',(1.,0.,0.));
#10386=DIRECTION('',(0.,0.,-1.));
#10387=DIRECTION('',(0.,1.,0.));
#10388=DIRECTION('',(0.,0.,1.));
#10389=DIRECTION('',(1.,0.,0.));
#10390=DIRECTION('',(0.,1.,0.));
#10391=DIRECTION('',(1.,0.,0.));
#10392=DIRECTION('',(0.,-1.,0.));
#10393=DIRECTION('',(-1.,0.,0.));
#10394=DIRECTION('',(0.,1.,0.));
#10395=DIRECTION('',(0.,0.,1.));
#10396=DIRECTION('',(-1.,0.,0.));
#10397=DIRECTION('',(0.,0.,1.));
#10398=DIRECTION('',(0.,0.,1.));
#10399=DIRECTION('',(-1.,0.,0.));
#10400=DIRECTION('',(0.,0.,1.));
#10401=DIRECTION('',(0.,-1.,0.));
#10402=DIRECTION('',(0.,0.,1.));
#10403=DIRECTION('',(0.,-1.,0.));
#10404=DIRECTION('',(0.,0.,-1.));
#10405=DIRECTION('',(1.,0.,0.));
#10406=DIRECTION('',(0.,0.,1.));
#10407=DIRECTION('',(1.,0.,0.));
#10408=DIRECTION('',(0.,0.,-1.));
#10409=DIRECTION('',(0.,1.,0.));
#10410=DIRECTION('',(0.,0.,1.));
#10411=DIRECTION('',(1.,0.,0.));
#10412=DIRECTION('',(0.,1.,0.));
#10413=DIRECTION('',(1.,0.,0.));
#10414=DIRECTION('',(0.,-1.,0.));
#10415=DIRECTION('',(-1.,0.,0.));
#10416=DIRECTION('',(0.,1.,0.));
#10417=DIRECTION('',(0.,0.,1.));
#10418=DIRECTION('',(-1.,0.,0.));
#10419=DIRECTION('',(0.,0.,1.));
#10420=DIRECTION('',(0.,0.,1.));
#10421=DIRECTION('',(-1.,0.,0.));
#10422=DIRECTION('',(0.,0.,1.));
#10423=DIRECTION('',(0.,-1.,0.));
#10424=DIRECTION('',(0.,0.,1.));
#10425=DIRECTION('',(0.,-1.,0.));
#10426=DIRECTION('',(0.,0.,-1.));
#10427=DIRECTION('',(1.,0.,0.));
#10428=DIRECTION('',(0.,0.,1.));
#10429=DIRECTION('',(1.,0.,0.));
#10430=DIRECTION('',(0.,0.,-1.));
#10431=DIRECTION('',(0.,1.,0.));
#10432=DIRECTION('',(0.,0.,1.));
#10433=DIRECTION('',(1.,0.,0.));
#10434=DIRECTION('',(0.,1.,0.));
#10435=DIRECTION('',(1.,0.,0.));
#10436=DIRECTION('',(0.,-1.,0.));
#10437=DIRECTION('',(-1.,0.,0.));
#10438=DIRECTION('',(0.,1.,0.));
#10439=DIRECTION('',(0.,0.,1.));
#10440=DIRECTION('',(-1.,0.,0.));
#10441=DIRECTION('',(0.,0.,1.));
#10442=DIRECTION('',(0.,0.,1.));
#10443=DIRECTION('',(-1.,0.,0.));
#10444=DIRECTION('',(0.,0.,1.));
#10445=DIRECTION('',(0.,-1.,0.));
#10446=DIRECTION('',(0.,0.,1.));
#10447=DIRECTION('',(0.,-1.,0.));
#10448=DIRECTION('',(0.,0.,-1.));
#10449=DIRECTION('',(1.,0.,0.));
#10450=DIRECTION('',(0.,0.,1.));
#10451=DIRECTION('',(1.,0.,0.));
#10452=DIRECTION('',(0.,0.,-1.));
#10453=DIRECTION('',(0.,1.,0.));
#10454=DIRECTION('',(0.,0.,1.));
#10455=DIRECTION('',(1.,0.,0.));
#10456=DIRECTION('',(-1.,0.,0.));
#10457=DIRECTION('',(0.,1.,0.));
#10458=DIRECTION('',(1.,0.,0.));
#10459=DIRECTION('',(0.,-1.,0.));
#10460=DIRECTION('',(-1.,0.,0.));
#10461=DIRECTION('',(0.,0.,1.));
#10462=DIRECTION('',(0.,-1.,0.));
#10463=DIRECTION('',(0.,0.,1.));
#10464=DIRECTION('',(0.,0.,1.));
#10465=DIRECTION('',(0.,-1.,0.));
#10466=DIRECTION('',(0.,0.,-1.));
#10467=DIRECTION('',(1.,0.,0.));
#10468=DIRECTION('',(0.,0.,1.));
#10469=DIRECTION('',(1.,0.,0.));
#10470=DIRECTION('',(0.,0.,-1.));
#10471=DIRECTION('',(0.,1.,0.));
#10472=DIRECTION('',(0.,0.,1.));
#10473=DIRECTION('',(0.,1.,0.));
#10474=DIRECTION('',(0.,0.,1.));
#10475=DIRECTION('',(-1.,0.,0.));
#10476=DIRECTION('',(0.,0.,1.));
#10477=DIRECTION('',(1.,0.,0.));
#10478=DIRECTION('',(-1.,0.,0.));
#10479=DIRECTION('',(0.,1.,0.));
#10480=DIRECTION('',(1.,0.,0.));
#10481=DIRECTION('',(0.,-1.,0.));
#10482=DIRECTION('',(-1.,0.,0.));
#10483=DIRECTION('',(0.,0.,1.));
#10484=DIRECTION('',(0.,-1.,0.));
#10485=DIRECTION('',(0.,0.,1.));
#10486=DIRECTION('',(0.,0.,1.));
#10487=DIRECTION('',(0.,-1.,0.));
#10488=DIRECTION('',(0.,0.,-1.));
#10489=DIRECTION('',(1.,0.,0.));
#10490=DIRECTION('',(0.,0.,1.));
#10491=DIRECTION('',(1.,0.,0.));
#10492=DIRECTION('',(0.,0.,-1.));
#10493=DIRECTION('',(0.,1.,0.));
#10494=DIRECTION('',(0.,0.,1.));
#10495=DIRECTION('',(0.,1.,0.));
#10496=DIRECTION('',(0.,0.,1.));
#10497=DIRECTION('',(-1.,0.,0.));
#10498=DIRECTION('',(0.,0.,1.));
#10499=DIRECTION('',(1.,0.,0.));
#10500=DIRECTION('',(-1.,0.,0.));
#10501=DIRECTION('',(0.,1.,0.));
#10502=DIRECTION('',(1.,0.,0.));
#10503=DIRECTION('',(0.,-1.,0.));
#10504=DIRECTION('',(-1.,0.,0.));
#10505=DIRECTION('',(0.,0.,1.));
#10506=DIRECTION('',(0.,-1.,0.));
#10507=DIRECTION('',(0.,0.,1.));
#10508=DIRECTION('',(0.,0.,1.));
#10509=DIRECTION('',(0.,-1.,0.));
#10510=DIRECTION('',(0.,0.,-1.));
#10511=DIRECTION('',(1.,0.,0.));
#10512=DIRECTION('',(0.,0.,1.));
#10513=DIRECTION('',(1.,0.,0.));
#10514=DIRECTION('',(0.,0.,-1.));
#10515=DIRECTION('',(0.,1.,0.));
#10516=DIRECTION('',(0.,0.,1.));
#10517=DIRECTION('',(0.,1.,0.));
#10518=DIRECTION('',(0.,0.,1.));
#10519=DIRECTION('',(-1.,0.,0.));
#10520=DIRECTION('',(0.,0.,1.));
#10521=DIRECTION('',(1.,0.,0.));
#10522=DIRECTION('',(-1.,0.,0.));
#10523=DIRECTION('',(0.,1.,0.));
#10524=DIRECTION('',(1.,0.,0.));
#10525=DIRECTION('',(0.,-1.,0.));
#10526=DIRECTION('',(-1.,0.,0.));
#10527=DIRECTION('',(0.,0.,1.));
#10528=DIRECTION('',(0.,-1.,0.));
#10529=DIRECTION('',(0.,0.,1.));
#10530=DIRECTION('',(0.,0.,1.));
#10531=DIRECTION('',(0.,-1.,0.));
#10532=DIRECTION('',(0.,0.,-1.));
#10533=DIRECTION('',(1.,0.,0.));
#10534=DIRECTION('',(0.,0.,1.));
#10535=DIRECTION('',(1.,0.,0.));
#10536=DIRECTION('',(0.,0.,-1.));
#10537=DIRECTION('',(0.,1.,0.));
#10538=DIRECTION('',(0.,0.,1.));
#10539=DIRECTION('',(0.,1.,0.));
#10540=DIRECTION('',(0.,0.,1.));
#10541=DIRECTION('',(-1.,0.,0.));
#10542=DIRECTION('',(0.,0.,1.));
#10543=DIRECTION('',(1.,0.,0.));
#10544=DIRECTION('',(-1.,0.,0.));
#10545=DIRECTION('',(0.,1.,0.));
#10546=DIRECTION('',(1.,0.,0.));
#10547=DIRECTION('',(0.,-1.,0.));
#10548=DIRECTION('',(-1.,0.,0.));
#10549=DIRECTION('',(0.,0.,1.));
#10550=DIRECTION('',(0.,-1.,0.));
#10551=DIRECTION('',(0.,0.,1.));
#10552=DIRECTION('',(0.,0.,1.));
#10553=DIRECTION('',(0.,-1.,0.));
#10554=DIRECTION('',(0.,0.,-1.));
#10555=DIRECTION('',(1.,0.,0.));
#10556=DIRECTION('',(0.,0.,1.));
#10557=DIRECTION('',(1.,0.,0.));
#10558=DIRECTION('',(0.,0.,-1.));
#10559=DIRECTION('',(0.,1.,0.));
#10560=DIRECTION('',(0.,0.,1.));
#10561=DIRECTION('',(0.,1.,0.));
#10562=DIRECTION('',(0.,0.,1.));
#10563=DIRECTION('',(-1.,0.,0.));
#10564=DIRECTION('',(0.,0.,1.));
#10565=DIRECTION('',(1.,0.,0.));
#10566=DIRECTION('',(-1.,0.,0.));
#10567=DIRECTION('',(0.,1.,0.));
#10568=DIRECTION('',(1.,0.,0.));
#10569=DIRECTION('',(0.,-1.,0.));
#10570=DIRECTION('',(-1.,0.,0.));
#10571=DIRECTION('',(0.,0.,1.));
#10572=DIRECTION('',(0.,-1.,0.));
#10573=DIRECTION('',(0.,0.,1.));
#10574=DIRECTION('',(0.,0.,1.));
#10575=DIRECTION('',(0.,-1.,0.));
#10576=DIRECTION('',(0.,0.,-1.));
#10577=DIRECTION('',(1.,0.,0.));
#10578=DIRECTION('',(0.,0.,1.));
#10579=DIRECTION('',(1.,0.,0.));
#10580=DIRECTION('',(0.,0.,-1.));
#10581=DIRECTION('',(0.,1.,0.));
#10582=DIRECTION('',(0.,0.,1.));
#10583=DIRECTION('',(0.,1.,0.));
#10584=DIRECTION('',(0.,0.,1.));
#10585=DIRECTION('',(-1.,0.,0.));
#10586=DIRECTION('',(0.,0.,1.));
#10587=DIRECTION('',(1.,0.,0.));
#10588=DIRECTION('',(-1.,0.,0.));
#10589=DIRECTION('',(0.,1.,0.));
#10590=DIRECTION('',(1.,0.,0.));
#10591=DIRECTION('',(0.,-1.,0.));
#10592=DIRECTION('',(-1.,0.,0.));
#10593=DIRECTION('',(0.,0.,1.));
#10594=DIRECTION('',(0.,-1.,0.));
#10595=DIRECTION('',(0.,0.,1.));
#10596=DIRECTION('',(0.,0.,1.));
#10597=DIRECTION('',(0.,-1.,0.));
#10598=DIRECTION('',(0.,0.,-1.));
#10599=DIRECTION('',(1.,0.,0.));
#10600=DIRECTION('',(0.,0.,1.));
#10601=DIRECTION('',(1.,0.,0.));
#10602=DIRECTION('',(0.,0.,-1.));
#10603=DIRECTION('',(0.,1.,0.));
#10604=DIRECTION('',(0.,0.,1.));
#10605=DIRECTION('',(0.,1.,0.));
#10606=DIRECTION('',(0.,0.,1.));
#10607=DIRECTION('',(-1.,0.,0.));
#10608=DIRECTION('',(0.,0.,1.));
#10609=DIRECTION('',(1.,0.,0.));
#10610=DIRECTION('',(0.,1.,0.));
#10611=DIRECTION('',(1.,0.,0.));
#10612=DIRECTION('',(0.,-1.,0.));
#10613=DIRECTION('',(-1.,0.,0.));
#10614=DIRECTION('',(0.,1.,0.));
#10615=DIRECTION('',(0.,0.,1.));
#10616=DIRECTION('',(-1.,0.,0.));
#10617=DIRECTION('',(0.,0.,1.));
#10618=DIRECTION('',(0.,0.,1.));
#10619=DIRECTION('',(-1.,0.,0.));
#10620=DIRECTION('',(0.,0.,1.));
#10621=DIRECTION('',(0.,-1.,0.));
#10622=DIRECTION('',(0.,0.,1.));
#10623=DIRECTION('',(0.,-1.,0.));
#10624=DIRECTION('',(0.,0.,-1.));
#10625=DIRECTION('',(1.,0.,0.));
#10626=DIRECTION('',(0.,0.,1.));
#10627=DIRECTION('',(1.,0.,0.));
#10628=DIRECTION('',(0.,0.,-1.));
#10629=DIRECTION('',(0.,1.,0.));
#10630=DIRECTION('',(0.,0.,1.));
#10631=DIRECTION('',(1.,0.,0.));
#10632=DIRECTION('',(0.,1.,0.));
#10633=DIRECTION('',(1.,0.,0.));
#10634=DIRECTION('',(0.,-1.,0.));
#10635=DIRECTION('',(-1.,0.,0.));
#10636=DIRECTION('',(0.,1.,0.));
#10637=DIRECTION('',(0.,0.,1.));
#10638=DIRECTION('',(-1.,0.,0.));
#10639=DIRECTION('',(0.,0.,1.));
#10640=DIRECTION('',(0.,0.,1.));
#10641=DIRECTION('',(-1.,0.,0.));
#10642=DIRECTION('',(0.,0.,1.));
#10643=DIRECTION('',(0.,-1.,0.));
#10644=DIRECTION('',(0.,0.,1.));
#10645=DIRECTION('',(0.,-1.,0.));
#10646=DIRECTION('',(0.,0.,-1.));
#10647=DIRECTION('',(1.,0.,0.));
#10648=DIRECTION('',(0.,0.,1.));
#10649=DIRECTION('',(1.,0.,0.));
#10650=DIRECTION('',(0.,0.,-1.));
#10651=DIRECTION('',(0.,1.,0.));
#10652=DIRECTION('',(0.,0.,1.));
#10653=DIRECTION('',(1.,0.,0.));
#10654=DIRECTION('',(-1.,0.,0.));
#10655=DIRECTION('',(0.,1.,0.));
#10656=DIRECTION('',(1.,0.,0.));
#10657=DIRECTION('',(0.,-1.,0.));
#10658=DIRECTION('',(-1.,0.,0.));
#10659=DIRECTION('',(0.,0.,1.));
#10660=DIRECTION('',(0.,-1.,0.));
#10661=DIRECTION('',(0.,0.,1.));
#10662=DIRECTION('',(0.,0.,1.));
#10663=DIRECTION('',(0.,-1.,0.));
#10664=DIRECTION('',(0.,0.,-1.));
#10665=DIRECTION('',(1.,0.,0.));
#10666=DIRECTION('',(0.,0.,1.));
#10667=DIRECTION('',(1.,0.,0.));
#10668=DIRECTION('',(0.,0.,-1.));
#10669=DIRECTION('',(0.,1.,0.));
#10670=DIRECTION('',(0.,0.,1.));
#10671=DIRECTION('',(0.,1.,0.));
#10672=DIRECTION('',(0.,0.,1.));
#10673=DIRECTION('',(-1.,0.,0.));
#10674=DIRECTION('',(0.,0.,1.));
#10675=DIRECTION('',(1.,0.,0.));
#10676=DIRECTION('',(-1.,0.,0.));
#10677=DIRECTION('',(0.,1.,0.));
#10678=DIRECTION('',(1.,0.,0.));
#10679=DIRECTION('',(0.,-1.,0.));
#10680=DIRECTION('',(-1.,0.,0.));
#10681=DIRECTION('',(0.,0.,1.));
#10682=DIRECTION('',(0.,-1.,0.));
#10683=DIRECTION('',(0.,0.,1.));
#10684=DIRECTION('',(0.,0.,1.));
#10685=DIRECTION('',(0.,-1.,0.));
#10686=DIRECTION('',(0.,0.,-1.));
#10687=DIRECTION('',(1.,0.,0.));
#10688=DIRECTION('',(0.,0.,1.));
#10689=DIRECTION('',(1.,0.,0.));
#10690=DIRECTION('',(0.,0.,-1.));
#10691=DIRECTION('',(0.,1.,0.));
#10692=DIRECTION('',(0.,0.,1.));
#10693=DIRECTION('',(0.,1.,0.));
#10694=DIRECTION('',(0.,0.,1.));
#10695=DIRECTION('',(-1.,0.,0.));
#10696=DIRECTION('',(0.,0.,1.));
#10697=DIRECTION('',(1.,0.,0.));
#10698=DIRECTION('',(-1.,0.,0.));
#10699=DIRECTION('',(0.,1.,0.));
#10700=DIRECTION('',(1.,0.,0.));
#10701=DIRECTION('',(0.,-1.,0.));
#10702=DIRECTION('',(-1.,0.,0.));
#10703=DIRECTION('',(0.,0.,1.));
#10704=DIRECTION('',(0.,-1.,0.));
#10705=DIRECTION('',(0.,0.,1.));
#10706=DIRECTION('',(0.,0.,1.));
#10707=DIRECTION('',(0.,-1.,0.));
#10708=DIRECTION('',(0.,0.,-1.));
#10709=DIRECTION('',(1.,0.,0.));
#10710=DIRECTION('',(0.,0.,1.));
#10711=DIRECTION('',(1.,0.,0.));
#10712=DIRECTION('',(0.,0.,-1.));
#10713=DIRECTION('',(0.,1.,0.));
#10714=DIRECTION('',(0.,0.,1.));
#10715=DIRECTION('',(0.,1.,0.));
#10716=DIRECTION('',(0.,0.,1.));
#10717=DIRECTION('',(-1.,0.,0.));
#10718=DIRECTION('',(0.,0.,1.));
#10719=DIRECTION('',(1.,0.,0.));
#10720=DIRECTION('',(-1.,0.,0.));
#10721=DIRECTION('',(0.,1.,0.));
#10722=DIRECTION('',(1.,0.,0.));
#10723=DIRECTION('',(0.,-1.,0.));
#10724=DIRECTION('',(-1.,0.,0.));
#10725=DIRECTION('',(0.,0.,1.));
#10726=DIRECTION('',(0.,-1.,0.));
#10727=DIRECTION('',(0.,0.,1.));
#10728=DIRECTION('',(0.,0.,1.));
#10729=DIRECTION('',(0.,-1.,0.));
#10730=DIRECTION('',(0.,0.,-1.));
#10731=DIRECTION('',(1.,0.,0.));
#10732=DIRECTION('',(0.,0.,1.));
#10733=DIRECTION('',(1.,0.,0.));
#10734=DIRECTION('',(0.,0.,-1.));
#10735=DIRECTION('',(0.,1.,0.));
#10736=DIRECTION('',(0.,0.,1.));
#10737=DIRECTION('',(0.,1.,0.));
#10738=DIRECTION('',(0.,0.,1.));
#10739=DIRECTION('',(-1.,0.,0.));
#10740=DIRECTION('',(0.,0.,1.));
#10741=DIRECTION('',(1.,0.,0.));
#10742=DIRECTION('',(-1.,0.,0.));
#10743=DIRECTION('',(0.,1.,0.));
#10744=DIRECTION('',(1.,0.,0.));
#10745=DIRECTION('',(0.,-1.,0.));
#10746=DIRECTION('',(-1.,0.,0.));
#10747=DIRECTION('',(0.,0.,1.));
#10748=DIRECTION('',(0.,-1.,0.));
#10749=DIRECTION('',(0.,0.,1.));
#10750=DIRECTION('',(0.,0.,1.));
#10751=DIRECTION('',(0.,-1.,0.));
#10752=DIRECTION('',(0.,0.,-1.));
#10753=DIRECTION('',(1.,0.,0.));
#10754=DIRECTION('',(0.,0.,1.));
#10755=DIRECTION('',(1.,0.,0.));
#10756=DIRECTION('',(0.,0.,-1.));
#10757=DIRECTION('',(0.,1.,0.));
#10758=DIRECTION('',(0.,0.,1.));
#10759=DIRECTION('',(0.,1.,0.));
#10760=DIRECTION('',(0.,0.,1.));
#10761=DIRECTION('',(-1.,0.,0.));
#10762=DIRECTION('',(0.,0.,1.));
#10763=DIRECTION('',(1.,0.,0.));
#10764=DIRECTION('',(-1.,0.,0.));
#10765=DIRECTION('',(0.,1.,0.));
#10766=DIRECTION('',(1.,0.,0.));
#10767=DIRECTION('',(0.,-1.,0.));
#10768=DIRECTION('',(-1.,0.,0.));
#10769=DIRECTION('',(0.,0.,1.));
#10770=DIRECTION('',(0.,-1.,0.));
#10771=DIRECTION('',(0.,0.,1.));
#10772=DIRECTION('',(0.,0.,1.));
#10773=DIRECTION('',(0.,-1.,0.));
#10774=DIRECTION('',(0.,0.,-1.));
#10775=DIRECTION('',(1.,0.,0.));
#10776=DIRECTION('',(0.,0.,1.));
#10777=DIRECTION('',(1.,0.,0.));
#10778=DIRECTION('',(0.,0.,-1.));
#10779=DIRECTION('',(0.,1.,0.));
#10780=DIRECTION('',(0.,0.,1.));
#10781=DIRECTION('',(0.,1.,0.));
#10782=DIRECTION('',(0.,0.,1.));
#10783=DIRECTION('',(-1.,0.,0.));
#10784=DIRECTION('',(-1.,0.,0.));
#10785=DIRECTION('',(0.,0.,1.));
#10786=DIRECTION('',(0.,-1.,0.));
#10787=DIRECTION('',(0.,0.,1.));
#10788=DIRECTION('',(0.,-1.,0.));
#10789=DIRECTION('',(0.,0.,1.));
#10790=DIRECTION('',(0.,-1.,0.));
#10791=DIRECTION('',(0.,0.,-1.));
#10792=DIRECTION('',(1.,0.,0.));
#10793=DIRECTION('',(1.,0.,0.));
#10794=DIRECTION('',(0.,0.,1.));
#10795=DIRECTION('',(1.,0.,0.));
#10796=DIRECTION('',(0.,0.,-1.));
#10797=DIRECTION('',(0.,1.,0.));
#10798=DIRECTION('',(0.,1.,0.));
#10799=DIRECTION('',(0.,0.,1.));
#10800=DIRECTION('',(0.,1.,0.));
#10801=DIRECTION('',(0.,0.,1.));
#10802=DIRECTION('',(-1.,0.,0.));
#10803=DIRECTION('',(-1.,0.,0.));
#10804=DIRECTION('',(-1.,0.,0.));
#10805=DIRECTION('',(0.,0.,1.));
#10806=DIRECTION('',(0.,-1.,0.));
#10807=DIRECTION('',(0.,0.,1.));
#10808=DIRECTION('',(0.,-1.,0.));
#10809=DIRECTION('',(0.,0.,1.));
#10810=DIRECTION('',(0.,-1.,0.));
#10811=DIRECTION('',(0.,0.,-1.));
#10812=DIRECTION('',(1.,0.,0.));
#10813=DIRECTION('',(1.,0.,0.));
#10814=DIRECTION('',(0.,0.,1.));
#10815=DIRECTION('',(1.,0.,0.));
#10816=DIRECTION('',(0.,0.,-1.));
#10817=DIRECTION('',(0.,1.,0.));
#10818=DIRECTION('',(0.,1.,0.));
#10819=DIRECTION('',(0.,0.,1.));
#10820=DIRECTION('',(0.,1.,0.));
#10821=DIRECTION('',(0.,0.,1.));
#10822=DIRECTION('',(-1.,0.,0.));
#10823=DIRECTION('',(-1.,0.,0.));
#10824=DIRECTION('',(-1.,0.,0.));
#10825=DIRECTION('',(0.,0.,1.));
#10826=DIRECTION('',(0.,-1.,0.));
#10827=DIRECTION('',(0.,0.,1.));
#10828=DIRECTION('',(0.,-1.,0.));
#10829=DIRECTION('',(0.,0.,1.));
#10830=DIRECTION('',(0.,-1.,0.));
#10831=DIRECTION('',(0.,0.,-1.));
#10832=DIRECTION('',(1.,0.,0.));
#10833=DIRECTION('',(1.,0.,0.));
#10834=DIRECTION('',(0.,0.,1.));
#10835=DIRECTION('',(1.,0.,0.));
#10836=DIRECTION('',(0.,0.,-1.));
#10837=DIRECTION('',(0.,1.,0.));
#10838=DIRECTION('',(0.,1.,0.));
#10839=DIRECTION('',(0.,0.,1.));
#10840=DIRECTION('',(0.,1.,0.));
#10841=DIRECTION('',(0.,0.,1.));
#10842=DIRECTION('',(-1.,0.,0.));
#10843=DIRECTION('',(-1.,0.,0.));
#10844=DIRECTION('',(-1.,0.,0.));
#10845=DIRECTION('',(0.,0.,1.));
#10846=DIRECTION('',(0.,-1.,0.));
#10847=DIRECTION('',(0.,0.,1.));
#10848=DIRECTION('',(0.,-1.,0.));
#10849=DIRECTION('',(0.,0.,1.));
#10850=DIRECTION('',(0.,-1.,0.));
#10851=DIRECTION('',(0.,0.,-1.));
#10852=DIRECTION('',(1.,0.,0.));
#10853=DIRECTION('',(1.,0.,0.));
#10854=DIRECTION('',(0.,0.,1.));
#10855=DIRECTION('',(1.,0.,0.));
#10856=DIRECTION('',(0.,0.,-1.));
#10857=DIRECTION('',(0.,1.,0.));
#10858=DIRECTION('',(0.,1.,0.));
#10859=DIRECTION('',(0.,0.,1.));
#10860=DIRECTION('',(0.,1.,0.));
#10861=DIRECTION('',(0.,0.,1.));
#10862=DIRECTION('',(-1.,0.,0.));
#10863=DIRECTION('',(-1.,0.,0.));
#10864=DIRECTION('',(-1.,0.,0.));
#10865=DIRECTION('',(0.,0.,1.));
#10866=DIRECTION('',(0.,-1.,0.));
#10867=DIRECTION('',(0.,0.,1.));
#10868=DIRECTION('',(0.,-1.,0.));
#10869=DIRECTION('',(0.,0.,1.));
#10870=DIRECTION('',(0.,-1.,0.));
#10871=DIRECTION('',(0.,0.,-1.));
#10872=DIRECTION('',(1.,0.,0.));
#10873=DIRECTION('',(1.,0.,0.));
#10874=DIRECTION('',(0.,0.,1.));
#10875=DIRECTION('',(1.,0.,0.));
#10876=DIRECTION('',(0.,0.,-1.));
#10877=DIRECTION('',(0.,1.,0.));
#10878=DIRECTION('',(0.,1.,0.));
#10879=DIRECTION('',(0.,0.,1.));
#10880=DIRECTION('',(0.,1.,0.));
#10881=DIRECTION('',(0.,0.,1.));
#10882=DIRECTION('',(-1.,0.,0.));
#10883=DIRECTION('',(-1.,0.,0.));
#10884=DIRECTION('',(-1.,0.,0.));
#10885=DIRECTION('',(0.,0.,1.));
#10886=DIRECTION('',(0.,-1.,0.));
#10887=DIRECTION('',(0.,0.,1.));
#10888=DIRECTION('',(0.,-1.,0.));
#10889=DIRECTION('',(0.,0.,1.));
#10890=DIRECTION('',(0.,-1.,0.));
#10891=DIRECTION('',(0.,0.,-1.));
#10892=DIRECTION('',(1.,0.,0.));
#10893=DIRECTION('',(1.,0.,0.));
#10894=DIRECTION('',(0.,0.,1.));
#10895=DIRECTION('',(1.,0.,0.));
#10896=DIRECTION('',(0.,0.,-1.));
#10897=DIRECTION('',(0.,1.,0.));
#10898=DIRECTION('',(0.,1.,0.));
#10899=DIRECTION('',(0.,0.,1.));
#10900=DIRECTION('',(0.,1.,0.));
#10901=DIRECTION('',(0.,0.,1.));
#10902=DIRECTION('',(-1.,0.,0.));
#10903=DIRECTION('',(-1.,0.,0.));
#10904=DIRECTION('',(0.,1.,0.));
#10905=DIRECTION('',(0.,0.,1.));
#10906=DIRECTION('',(-1.,0.,0.));
#10907=DIRECTION('',(0.,0.,1.));
#10908=DIRECTION('',(-1.,0.,0.));
#10909=DIRECTION('',(0.,0.,1.));
#10910=DIRECTION('',(-1.,0.,0.));
#10911=DIRECTION('',(0.,0.,1.));
#10912=DIRECTION('',(0.,-1.,0.));
#10913=DIRECTION('',(0.,-1.,0.));
#10914=DIRECTION('',(0.,0.,1.));
#10915=DIRECTION('',(0.,-1.,0.));
#10916=DIRECTION('',(0.,0.,-1.));
#10917=DIRECTION('',(1.,0.,0.));
#10918=DIRECTION('',(1.,0.,0.));
#10919=DIRECTION('',(0.,0.,1.));
#10920=DIRECTION('',(1.,0.,0.));
#10921=DIRECTION('',(0.,0.,-1.));
#10922=DIRECTION('',(0.,1.,0.));
#10923=DIRECTION('',(0.,1.,0.));
#10924=DIRECTION('',(0.,1.,0.));
#10925=DIRECTION('',(0.,0.,1.));
#10926=DIRECTION('',(-1.,0.,0.));
#10927=DIRECTION('',(0.,0.,1.));
#10928=DIRECTION('',(-1.,0.,0.));
#10929=DIRECTION('',(0.,0.,1.));
#10930=DIRECTION('',(-1.,0.,0.));
#10931=DIRECTION('',(0.,0.,1.));
#10932=DIRECTION('',(0.,-1.,0.));
#10933=DIRECTION('',(0.,-1.,0.));
#10934=DIRECTION('',(0.,0.,1.));
#10935=DIRECTION('',(0.,-1.,0.));
#10936=DIRECTION('',(0.,0.,-1.));
#10937=DIRECTION('',(1.,0.,0.));
#10938=DIRECTION('',(1.,0.,0.));
#10939=DIRECTION('',(0.,0.,1.));
#10940=DIRECTION('',(1.,0.,0.));
#10941=DIRECTION('',(0.,0.,-1.));
#10942=DIRECTION('',(0.,1.,0.));
#10943=DIRECTION('',(0.,1.,0.));
#10944=DIRECTION('',(-1.,0.,0.));
#10945=DIRECTION('',(0.,0.,1.));
#10946=DIRECTION('',(0.,-1.,0.));
#10947=DIRECTION('',(0.,0.,1.));
#10948=DIRECTION('',(0.,-1.,0.));
#10949=DIRECTION('',(0.,0.,1.));
#10950=DIRECTION('',(0.,-1.,0.));
#10951=DIRECTION('',(0.,0.,-1.));
#10952=DIRECTION('',(1.,0.,0.));
#10953=DIRECTION('',(1.,0.,0.));
#10954=DIRECTION('',(0.,0.,1.));
#10955=DIRECTION('',(1.,0.,0.));
#10956=DIRECTION('',(0.,0.,-1.));
#10957=DIRECTION('',(0.,1.,0.));
#10958=DIRECTION('',(0.,1.,0.));
#10959=DIRECTION('',(0.,0.,1.));
#10960=DIRECTION('',(0.,1.,0.));
#10961=DIRECTION('',(0.,0.,1.));
#10962=DIRECTION('',(-1.,0.,0.));
#10963=DIRECTION('',(-1.,0.,0.));
#10964=DIRECTION('',(-1.,0.,0.));
#10965=DIRECTION('',(0.,0.,1.));
#10966=DIRECTION('',(0.,-1.,0.));
#10967=DIRECTION('',(0.,0.,1.));
#10968=DIRECTION('',(0.,-1.,0.));
#10969=DIRECTION('',(0.,0.,1.));
#10970=DIRECTION('',(0.,-1.,0.));
#10971=DIRECTION('',(0.,0.,-1.));
#10972=DIRECTION('',(1.,0.,0.));
#10973=DIRECTION('',(1.,0.,0.));
#10974=DIRECTION('',(0.,0.,1.));
#10975=DIRECTION('',(1.,0.,0.));
#10976=DIRECTION('',(0.,0.,-1.));
#10977=DIRECTION('',(0.,1.,0.));
#10978=DIRECTION('',(0.,1.,0.));
#10979=DIRECTION('',(0.,0.,1.));
#10980=DIRECTION('',(0.,1.,0.));
#10981=DIRECTION('',(0.,0.,1.));
#10982=DIRECTION('',(-1.,0.,0.));
#10983=DIRECTION('',(-1.,0.,0.));
#10984=DIRECTION('',(-1.,0.,0.));
#10985=DIRECTION('',(0.,0.,1.));
#10986=DIRECTION('',(0.,-1.,0.));
#10987=DIRECTION('',(0.,0.,1.));
#10988=DIRECTION('',(0.,-1.,0.));
#10989=DIRECTION('',(0.,0.,1.));
#10990=DIRECTION('',(0.,-1.,0.));
#10991=DIRECTION('',(0.,0.,-1.));
#10992=DIRECTION('',(1.,0.,0.));
#10993=DIRECTION('',(1.,0.,0.));
#10994=DIRECTION('',(0.,0.,1.));
#10995=DIRECTION('',(1.,0.,0.));
#10996=DIRECTION('',(0.,0.,-1.));
#10997=DIRECTION('',(0.,1.,0.));
#10998=DIRECTION('',(0.,1.,0.));
#10999=DIRECTION('',(0.,0.,1.));
#11000=DIRECTION('',(0.,1.,0.));
#11001=DIRECTION('',(0.,0.,1.));
#11002=DIRECTION('',(-1.,0.,0.));
#11003=DIRECTION('',(-1.,0.,0.));
#11004=DIRECTION('',(-1.,0.,0.));
#11005=DIRECTION('',(0.,0.,1.));
#11006=DIRECTION('',(0.,-1.,0.));
#11007=DIRECTION('',(0.,0.,1.));
#11008=DIRECTION('',(0.,-1.,0.));
#11009=DIRECTION('',(0.,0.,1.));
#11010=DIRECTION('',(0.,-1.,0.));
#11011=DIRECTION('',(0.,0.,-1.));
#11012=DIRECTION('',(1.,0.,0.));
#11013=DIRECTION('',(1.,0.,0.));
#11014=DIRECTION('',(0.,0.,1.));
#11015=DIRECTION('',(1.,0.,0.));
#11016=DIRECTION('',(0.,0.,-1.));
#11017=DIRECTION('',(0.,1.,0.));
#11018=DIRECTION('',(0.,1.,0.));
#11019=DIRECTION('',(0.,0.,1.));
#11020=DIRECTION('',(0.,1.,0.));
#11021=DIRECTION('',(0.,0.,1.));
#11022=DIRECTION('',(-1.,0.,0.));
#11023=DIRECTION('',(-1.,0.,0.));
#11024=DIRECTION('',(-1.,0.,0.));
#11025=DIRECTION('',(0.,0.,1.));
#11026=DIRECTION('',(0.,-1.,0.));
#11027=DIRECTION('',(0.,0.,1.));
#11028=DIRECTION('',(0.,-1.,0.));
#11029=DIRECTION('',(0.,0.,1.));
#11030=DIRECTION('',(0.,-1.,0.));
#11031=DIRECTION('',(0.,0.,-1.));
#11032=DIRECTION('',(1.,0.,0.));
#11033=DIRECTION('',(1.,0.,0.));
#11034=DIRECTION('',(0.,0.,1.));
#11035=DIRECTION('',(1.,0.,0.));
#11036=DIRECTION('',(0.,0.,-1.));
#11037=DIRECTION('',(0.,1.,0.));
#11038=DIRECTION('',(0.,1.,0.));
#11039=DIRECTION('',(0.,0.,1.));
#11040=DIRECTION('',(0.,1.,0.));
#11041=DIRECTION('',(0.,0.,1.));
#11042=DIRECTION('',(-1.,0.,0.));
#11043=DIRECTION('',(-1.,0.,0.));
#11044=DIRECTION('',(-1.,0.,0.));
#11045=DIRECTION('',(0.,0.,1.));
#11046=DIRECTION('',(0.,-1.,0.));
#11047=DIRECTION('',(0.,0.,1.));
#11048=DIRECTION('',(0.,-1.,0.));
#11049=DIRECTION('',(0.,0.,1.));
#11050=DIRECTION('',(0.,-1.,0.));
#11051=DIRECTION('',(0.,0.,-1.));
#11052=DIRECTION('',(1.,0.,0.));
#11053=DIRECTION('',(1.,0.,0.));
#11054=DIRECTION('',(0.,0.,1.));
#11055=DIRECTION('',(1.,0.,0.));
#11056=DIRECTION('',(0.,0.,-1.));
#11057=DIRECTION('',(0.,1.,0.));
#11058=DIRECTION('',(0.,1.,0.));
#11059=DIRECTION('',(0.,0.,1.));
#11060=DIRECTION('',(0.,1.,0.));
#11061=DIRECTION('',(0.,0.,1.));
#11062=DIRECTION('',(-1.,0.,0.));
#11063=DIRECTION('',(-1.,0.,0.));
#11064=DIRECTION('',(-1.,0.,0.));
#11065=DIRECTION('',(0.,0.,1.));
#11066=DIRECTION('',(0.,-1.,0.));
#11067=DIRECTION('',(0.,0.,1.));
#11068=DIRECTION('',(0.,-1.,0.));
#11069=DIRECTION('',(0.,0.,1.));
#11070=DIRECTION('',(0.,-1.,0.));
#11071=DIRECTION('',(0.,0.,-1.));
#11072=DIRECTION('',(1.,0.,0.));
#11073=DIRECTION('',(1.,0.,0.));
#11074=DIRECTION('',(0.,0.,1.));
#11075=DIRECTION('',(1.,0.,0.));
#11076=DIRECTION('',(0.,0.,-1.));
#11077=DIRECTION('',(0.,1.,0.));
#11078=DIRECTION('',(0.,1.,0.));
#11079=DIRECTION('',(0.,0.,1.));
#11080=DIRECTION('',(0.,1.,0.));
#11081=DIRECTION('',(0.,0.,1.));
#11082=DIRECTION('',(-1.,0.,0.));
#11083=DIRECTION('',(-1.,0.,0.));
#11084=DIRECTION('',(0.,0.,1.));
#11085=DIRECTION('',(1.,0.,0.));
#11086=DIRECTION('',(0.,1.,0.));
#11087=DIRECTION('',(1.,0.,0.));
#11088=DIRECTION('',(0.,-1.,0.));
#11089=DIRECTION('',(-1.,0.,0.));
#11090=DIRECTION('',(0.,1.,0.));
#11091=DIRECTION('',(0.,0.,1.));
#11092=DIRECTION('',(-1.,0.,0.));
#11093=DIRECTION('',(0.,0.,1.));
#11094=DIRECTION('',(0.,0.,1.));
#11095=DIRECTION('',(-1.,0.,0.));
#11096=DIRECTION('',(0.,0.,1.));
#11097=DIRECTION('',(0.,-1.,0.));
#11098=DIRECTION('',(0.,0.,1.));
#11099=DIRECTION('',(0.,-1.,0.));
#11100=DIRECTION('',(0.,0.,-1.));
#11101=DIRECTION('',(1.,0.,0.));
#11102=DIRECTION('',(0.,0.,1.));
#11103=DIRECTION('',(1.,0.,0.));
#11104=DIRECTION('',(0.,0.,-1.));
#11105=DIRECTION('',(0.,1.,0.));
#11106=DIRECTION('',(0.,1.,0.));
#11107=DIRECTION('',(0.,0.,1.));
#11108=DIRECTION('',(-1.,0.,0.));
#11109=DIRECTION('',(0.,0.,1.));
#11110=DIRECTION('',(-1.,0.,0.));
#11111=DIRECTION('',(0.,0.,1.));
#11112=DIRECTION('',(-1.,0.,0.));
#11113=DIRECTION('',(0.,0.,1.));
#11114=DIRECTION('',(0.,-1.,0.));
#11115=DIRECTION('',(0.,-1.,0.));
#11116=DIRECTION('',(0.,0.,1.));
#11117=DIRECTION('',(0.,-1.,0.));
#11118=DIRECTION('',(0.,0.,-1.));
#11119=DIRECTION('',(1.,0.,0.));
#11120=DIRECTION('',(1.,0.,0.));
#11121=DIRECTION('',(0.,0.,1.));
#11122=DIRECTION('',(1.,0.,0.));
#11123=DIRECTION('',(0.,0.,-1.));
#11124=DIRECTION('',(0.,1.,0.));
#11125=DIRECTION('',(0.,1.,0.));
#11126=DIRECTION('',(0.,1.,0.));
#11127=DIRECTION('',(0.,0.,1.));
#11128=DIRECTION('',(-1.,0.,0.));
#11129=DIRECTION('',(0.,0.,1.));
#11130=DIRECTION('',(-1.,0.,0.));
#11131=DIRECTION('',(0.,0.,1.));
#11132=DIRECTION('',(-1.,0.,0.));
#11133=DIRECTION('',(0.,0.,1.));
#11134=DIRECTION('',(0.,-1.,0.));
#11135=DIRECTION('',(0.,-1.,0.));
#11136=DIRECTION('',(0.,0.,1.));
#11137=DIRECTION('',(0.,-1.,0.));
#11138=DIRECTION('',(0.,0.,-1.));
#11139=DIRECTION('',(1.,0.,0.));
#11140=DIRECTION('',(1.,0.,0.));
#11141=DIRECTION('',(0.,0.,1.));
#11142=DIRECTION('',(1.,0.,0.));
#11143=DIRECTION('',(0.,0.,-1.));
#11144=DIRECTION('',(0.,1.,0.));
#11145=DIRECTION('',(0.,1.,0.));
#11146=DIRECTION('',(0.,1.,0.));
#11147=DIRECTION('',(0.,0.,1.));
#11148=DIRECTION('',(-1.,0.,0.));
#11149=DIRECTION('',(0.,0.,1.));
#11150=DIRECTION('',(-1.,0.,0.));
#11151=DIRECTION('',(0.,0.,1.));
#11152=DIRECTION('',(-1.,0.,0.));
#11153=DIRECTION('',(0.,0.,1.));
#11154=DIRECTION('',(0.,-1.,0.));
#11155=DIRECTION('',(0.,-1.,0.));
#11156=DIRECTION('',(0.,0.,1.));
#11157=DIRECTION('',(0.,-1.,0.));
#11158=DIRECTION('',(0.,0.,-1.));
#11159=DIRECTION('',(1.,0.,0.));
#11160=DIRECTION('',(1.,0.,0.));
#11161=DIRECTION('',(0.,0.,1.));
#11162=DIRECTION('',(1.,0.,0.));
#11163=DIRECTION('',(0.,0.,-1.));
#11164=DIRECTION('',(0.,1.,0.));
#11165=DIRECTION('',(0.,1.,0.));
#11166=DIRECTION('',(0.,1.,0.));
#11167=DIRECTION('',(0.,0.,1.));
#11168=DIRECTION('',(-1.,0.,0.));
#11169=DIRECTION('',(0.,0.,1.));
#11170=DIRECTION('',(-1.,0.,0.));
#11171=DIRECTION('',(0.,0.,1.));
#11172=DIRECTION('',(-1.,0.,0.));
#11173=DIRECTION('',(0.,0.,1.));
#11174=DIRECTION('',(0.,-1.,0.));
#11175=DIRECTION('',(0.,-1.,0.));
#11176=DIRECTION('',(0.,0.,1.));
#11177=DIRECTION('',(0.,-1.,0.));
#11178=DIRECTION('',(0.,0.,-1.));
#11179=DIRECTION('',(1.,0.,0.));
#11180=DIRECTION('',(1.,0.,0.));
#11181=DIRECTION('',(0.,0.,1.));
#11182=DIRECTION('',(1.,0.,0.));
#11183=DIRECTION('',(0.,0.,-1.));
#11184=DIRECTION('',(0.,1.,0.));
#11185=DIRECTION('',(0.,1.,0.));
#11186=DIRECTION('',(0.,1.,0.));
#11187=DIRECTION('',(0.,0.,1.));
#11188=DIRECTION('',(-1.,0.,0.));
#11189=DIRECTION('',(0.,0.,1.));
#11190=DIRECTION('',(-1.,0.,0.));
#11191=DIRECTION('',(0.,0.,1.));
#11192=DIRECTION('',(-1.,0.,0.));
#11193=DIRECTION('',(0.,0.,1.));
#11194=DIRECTION('',(0.,-1.,0.));
#11195=DIRECTION('',(0.,-1.,0.));
#11196=DIRECTION('',(0.,0.,1.));
#11197=DIRECTION('',(0.,-1.,0.));
#11198=DIRECTION('',(0.,0.,-1.));
#11199=DIRECTION('',(1.,0.,0.));
#11200=DIRECTION('',(1.,0.,0.));
#11201=DIRECTION('',(0.,0.,1.));
#11202=DIRECTION('',(1.,0.,0.));
#11203=DIRECTION('',(0.,0.,-1.));
#11204=DIRECTION('',(0.,1.,0.));
#11205=DIRECTION('',(0.,1.,0.));
#11206=DIRECTION('',(0.,1.,0.));
#11207=DIRECTION('',(0.,0.,1.));
#11208=DIRECTION('',(-1.,0.,0.));
#11209=DIRECTION('',(0.,0.,1.));
#11210=DIRECTION('',(-1.,0.,0.));
#11211=DIRECTION('',(0.,0.,1.));
#11212=DIRECTION('',(-1.,0.,0.));
#11213=DIRECTION('',(0.,0.,1.));
#11214=DIRECTION('',(0.,-1.,0.));
#11215=DIRECTION('',(0.,-1.,0.));
#11216=DIRECTION('',(0.,0.,1.));
#11217=DIRECTION('',(0.,-1.,0.));
#11218=DIRECTION('',(0.,0.,-1.));
#11219=DIRECTION('',(1.,0.,0.));
#11220=DIRECTION('',(1.,0.,0.));
#11221=DIRECTION('',(0.,0.,1.));
#11222=DIRECTION('',(1.,0.,0.));
#11223=DIRECTION('',(0.,0.,-1.));
#11224=DIRECTION('',(0.,1.,0.));
#11225=DIRECTION('',(0.,1.,0.));
#11226=DIRECTION('',(0.,1.,0.));
#11227=DIRECTION('',(0.,0.,1.));
#11228=DIRECTION('',(-1.,0.,0.));
#11229=DIRECTION('',(0.,0.,1.));
#11230=DIRECTION('',(-1.,0.,0.));
#11231=DIRECTION('',(0.,0.,1.));
#11232=DIRECTION('',(-1.,0.,0.));
#11233=DIRECTION('',(0.,0.,1.));
#11234=DIRECTION('',(0.,-1.,0.));
#11235=DIRECTION('',(0.,-1.,0.));
#11236=DIRECTION('',(0.,0.,1.));
#11237=DIRECTION('',(0.,-1.,0.));
#11238=DIRECTION('',(0.,0.,-1.));
#11239=DIRECTION('',(1.,0.,0.));
#11240=DIRECTION('',(1.,0.,0.));
#11241=DIRECTION('',(0.,0.,1.));
#11242=DIRECTION('',(1.,0.,0.));
#11243=DIRECTION('',(0.,0.,-1.));
#11244=DIRECTION('',(0.,1.,0.));
#11245=DIRECTION('',(0.,1.,0.));
#11246=DIRECTION('',(0.,1.,0.));
#11247=DIRECTION('',(0.,0.,1.));
#11248=DIRECTION('',(-1.,0.,0.));
#11249=DIRECTION('',(0.,0.,1.));
#11250=DIRECTION('',(-1.,0.,0.));
#11251=DIRECTION('',(0.,0.,1.));
#11252=DIRECTION('',(-1.,0.,0.));
#11253=DIRECTION('',(0.,0.,1.));
#11254=DIRECTION('',(0.,-1.,0.));
#11255=DIRECTION('',(0.,-1.,0.));
#11256=DIRECTION('',(0.,0.,1.));
#11257=DIRECTION('',(0.,-1.,0.));
#11258=DIRECTION('',(0.,0.,-1.));
#11259=DIRECTION('',(1.,0.,0.));
#11260=DIRECTION('',(1.,0.,0.));
#11261=DIRECTION('',(0.,0.,1.));
#11262=DIRECTION('',(1.,0.,0.));
#11263=DIRECTION('',(0.,0.,-1.));
#11264=DIRECTION('',(0.,1.,0.));
#11265=DIRECTION('',(0.,1.,0.));
#11266=DIRECTION('',(0.,1.,0.));
#11267=DIRECTION('',(0.,0.,1.));
#11268=DIRECTION('',(-1.,0.,0.));
#11269=DIRECTION('',(0.,0.,1.));
#11270=DIRECTION('',(-1.,0.,0.));
#11271=DIRECTION('',(0.,0.,1.));
#11272=DIRECTION('',(-1.,0.,0.));
#11273=DIRECTION('',(0.,0.,1.));
#11274=DIRECTION('',(0.,-1.,0.));
#11275=DIRECTION('',(0.,-1.,0.));
#11276=DIRECTION('',(0.,0.,1.));
#11277=DIRECTION('',(0.,-1.,0.));
#11278=DIRECTION('',(0.,0.,-1.));
#11279=DIRECTION('',(1.,0.,0.));
#11280=DIRECTION('',(1.,0.,0.));
#11281=DIRECTION('',(0.,0.,1.));
#11282=DIRECTION('',(1.,0.,0.));
#11283=DIRECTION('',(0.,0.,-1.));
#11284=DIRECTION('',(0.,1.,0.));
#11285=DIRECTION('',(0.,1.,0.));
#11286=DIRECTION('',(0.,1.,0.));
#11287=DIRECTION('',(0.,0.,1.));
#11288=DIRECTION('',(-1.,0.,0.));
#11289=DIRECTION('',(0.,0.,1.));
#11290=DIRECTION('',(-1.,0.,0.));
#11291=DIRECTION('',(0.,0.,1.));
#11292=DIRECTION('',(-1.,0.,0.));
#11293=DIRECTION('',(0.,0.,1.));
#11294=DIRECTION('',(0.,-1.,0.));
#11295=DIRECTION('',(0.,-1.,0.));
#11296=DIRECTION('',(0.,0.,1.));
#11297=DIRECTION('',(0.,-1.,0.));
#11298=DIRECTION('',(0.,0.,-1.));
#11299=DIRECTION('',(1.,0.,0.));
#11300=DIRECTION('',(1.,0.,0.));
#11301=DIRECTION('',(0.,0.,1.));
#11302=DIRECTION('',(1.,0.,0.));
#11303=DIRECTION('',(0.,0.,-1.));
#11304=DIRECTION('',(0.,1.,0.));
#11305=DIRECTION('',(0.,1.,0.));
#11306=DIRECTION('',(0.,1.,0.));
#11307=DIRECTION('',(0.,0.,1.));
#11308=DIRECTION('',(-1.,0.,0.));
#11309=DIRECTION('',(0.,0.,1.));
#11310=DIRECTION('',(-1.,0.,0.));
#11311=DIRECTION('',(0.,0.,1.));
#11312=DIRECTION('',(-1.,0.,0.));
#11313=DIRECTION('',(0.,0.,1.));
#11314=DIRECTION('',(0.,-1.,0.));
#11315=DIRECTION('',(0.,-1.,0.));
#11316=DIRECTION('',(0.,0.,1.));
#11317=DIRECTION('',(0.,-1.,0.));
#11318=DIRECTION('',(0.,0.,-1.));
#11319=DIRECTION('',(1.,0.,0.));
#11320=DIRECTION('',(1.,0.,0.));
#11321=DIRECTION('',(0.,0.,1.));
#11322=DIRECTION('',(1.,0.,0.));
#11323=DIRECTION('',(0.,0.,-1.));
#11324=DIRECTION('',(0.,1.,0.));
#11325=DIRECTION('',(0.,1.,0.));
#11326=DIRECTION('',(0.,1.,0.));
#11327=DIRECTION('',(0.,0.,1.));
#11328=DIRECTION('',(-1.,0.,0.));
#11329=DIRECTION('',(0.,0.,1.));
#11330=DIRECTION('',(-1.,0.,0.));
#11331=DIRECTION('',(0.,0.,1.));
#11332=DIRECTION('',(-1.,0.,0.));
#11333=DIRECTION('',(0.,0.,1.));
#11334=DIRECTION('',(0.,-1.,0.));
#11335=DIRECTION('',(0.,-1.,0.));
#11336=DIRECTION('',(0.,0.,1.));
#11337=DIRECTION('',(0.,-1.,0.));
#11338=DIRECTION('',(0.,0.,-1.));
#11339=DIRECTION('',(1.,0.,0.));
#11340=DIRECTION('',(1.,0.,0.));
#11341=DIRECTION('',(0.,0.,1.));
#11342=DIRECTION('',(1.,0.,0.));
#11343=DIRECTION('',(0.,0.,-1.));
#11344=DIRECTION('',(0.,1.,0.));
#11345=DIRECTION('',(0.,1.,0.));
#11346=DIRECTION('',(0.,1.,0.));
#11347=DIRECTION('',(0.,0.,1.));
#11348=DIRECTION('',(-1.,0.,0.));
#11349=DIRECTION('',(0.,0.,1.));
#11350=DIRECTION('',(-1.,0.,0.));
#11351=DIRECTION('',(0.,0.,1.));
#11352=DIRECTION('',(-1.,0.,0.));
#11353=DIRECTION('',(0.,0.,1.));
#11354=DIRECTION('',(0.,-1.,0.));
#11355=DIRECTION('',(0.,-1.,0.));
#11356=DIRECTION('',(0.,0.,1.));
#11357=DIRECTION('',(0.,-1.,0.));
#11358=DIRECTION('',(0.,0.,-1.));
#11359=DIRECTION('',(1.,0.,0.));
#11360=DIRECTION('',(1.,0.,0.));
#11361=DIRECTION('',(0.,0.,1.));
#11362=DIRECTION('',(1.,0.,0.));
#11363=DIRECTION('',(0.,0.,-1.));
#11364=DIRECTION('',(0.,1.,0.));
#11365=DIRECTION('',(0.,1.,0.));
#11366=DIRECTION('',(-1.,0.,0.));
#11367=DIRECTION('',(0.,0.,1.));
#11368=DIRECTION('',(0.,-1.,0.));
#11369=DIRECTION('',(0.,0.,1.));
#11370=DIRECTION('',(0.,-1.,0.));
#11371=DIRECTION('',(0.,0.,1.));
#11372=DIRECTION('',(0.,-1.,0.));
#11373=DIRECTION('',(0.,0.,-1.));
#11374=DIRECTION('',(1.,0.,0.));
#11375=DIRECTION('',(1.,0.,0.));
#11376=DIRECTION('',(0.,0.,1.));
#11377=DIRECTION('',(1.,0.,0.));
#11378=DIRECTION('',(0.,0.,-1.));
#11379=DIRECTION('',(0.,1.,0.));
#11380=DIRECTION('',(0.,1.,0.));
#11381=DIRECTION('',(0.,0.,1.));
#11382=DIRECTION('',(0.,1.,0.));
#11383=DIRECTION('',(0.,0.,1.));
#11384=DIRECTION('',(-1.,0.,0.));
#11385=DIRECTION('',(-1.,0.,0.));
#11386=DIRECTION('',(0.,0.,-1.));
#11387=DIRECTION('',(-1.,0.,0.));
#11388=DIRECTION('',(0.,0.,1.));
#11389=DIRECTION('',(1.,0.,0.));
#11390=DIRECTION('',(0.,-1.,0.));
#11391=DIRECTION('',(0.,0.,1.));
#11392=DIRECTION('',(1.,0.,0.));
#11393=DIRECTION('',(-1.,0.,0.));
#11394=DIRECTION('',(0.,0.,1.));
#11395=DIRECTION('',(1.,0.,0.));
#11396=DIRECTION('',(0.,1.,0.));
#11397=DIRECTION('',(0.,0.,1.));
#11398=DIRECTION('',(1.,0.,0.));
#11399=DIRECTION('',(1.,0.,0.));
#11400=DIRECTION('',(0.,0.,1.));
#11401=DIRECTION('',(1.,0.,0.));
#11402=DIRECTION('',(0.,0.,1.));
#11403=DIRECTION('',(1.,0.,0.));
#11404=DIRECTION('',(0.,0.,1.));
#11405=DIRECTION('',(1.,0.,0.));
#11406=DIRECTION('',(0.,0.,1.));
#11407=DIRECTION('',(1.,0.,0.));
#11408=DIRECTION('',(0.,1.,0.));
#11409=DIRECTION('',(1.,0.,0.));
#11410=DIRECTION('',(0.,0.,-1.));
#11411=DIRECTION('',(0.,0.,-1.));
#11412=DIRECTION('',(1.,0.,0.));
#11413=DIRECTION('',(0.,0.,-1.));
#11414=DIRECTION('',(-1.,0.,0.));
#11415=DIRECTION('',(0.,0.,-1.));
#11416=DIRECTION('',(0.,0.,1.));
#11417=DIRECTION('',(1.,0.,0.));
#11418=DIRECTION('',(0.,0.,-1.));
#11419=DIRECTION('',(-1.,0.,0.));
#11420=DIRECTION('',(0.,0.,-1.));
#11421=DIRECTION('',(0.,0.,1.));
#11422=DIRECTION('',(1.,0.,0.));
#11423=DIRECTION('',(0.,0.,1.));
#11424=DIRECTION('',(1.,0.,0.));
#11425=DIRECTION('',(0.,1.,0.));
#11426=DIRECTION('',(0.,0.,1.));
#11427=DIRECTION('',(1.,0.,0.));
#11428=DIRECTION('',(-1.,0.,0.));
#11429=DIRECTION('',(0.,0.,1.));
#11430=DIRECTION('',(1.,0.,0.));
#11431=DIRECTION('',(0.,-1.,0.));
#11432=DIRECTION('',(0.,0.,1.));
#11433=DIRECTION('',(1.,0.,0.));
#11434=DIRECTION('',(0.,0.,1.));
#11435=DIRECTION('',(1.,0.,0.));
#11436=DIRECTION('',(0.,0.,1.));
#11437=DIRECTION('',(1.,0.,0.));
#11438=DIRECTION('',(0.,0.,1.));
#11439=DIRECTION('',(1.,0.,0.));
#11440=DIRECTION('',(-1.,0.,0.));
#11441=DIRECTION('',(0.,0.,1.));
#11442=DIRECTION('',(0.,0.,-1.));
#11443=DIRECTION('',(0.,0.,-1.));
#11444=DIRECTION('',(-1.,0.,0.));
#11445=DIRECTION('',(0.,0.,-1.));
#11446=DIRECTION('',(0.,-1.,0.));
#11447=DIRECTION('',(0.,0.,-1.));
#11448=DIRECTION('',(0.,0.,-1.));
#11449=DIRECTION('',(0.,0.,-1.));
#11450=DIRECTION('',(-1.,0.,0.));
#11451=DIRECTION('',(0.,0.,-1.));
#11452=DIRECTION('',(1.,0.,0.));
#11453=DIRECTION('',(0.,1.,0.));
#11454=DIRECTION('',(0.,0.,1.));
#11455=DIRECTION('',(1.,0.,0.));
#11456=DIRECTION('',(0.,0.,1.));
#11457=DIRECTION('',(1.,0.,0.));
#11458=DIRECTION('',(0.,0.,1.));
#11459=DIRECTION('',(1.,0.,0.));
#11460=DIRECTION('',(0.,0.,1.));
#11461=DIRECTION('',(1.,0.,0.));
#11462=DIRECTION('',(0.,0.,1.));
#11463=DIRECTION('',(1.,0.,0.));
#11464=DIRECTION('',(0.,0.,1.));
#11465=DIRECTION('',(1.,0.,0.));
#11466=DIRECTION('',(0.,0.,1.));
#11467=DIRECTION('',(1.,0.,0.));
#11468=DIRECTION('',(0.,0.,1.));
#11469=DIRECTION('',(1.,0.,0.));
#11470=DIRECTION('',(0.,0.,1.));
#11471=DIRECTION('',(1.,0.,0.));
#11472=DIRECTION('',(0.,0.,1.));
#11473=DIRECTION('',(1.,0.,0.));
#11474=DIRECTION('',(0.,0.,1.));
#11475=DIRECTION('',(1.,0.,0.));
#11476=DIRECTION('',(0.,0.,1.));
#11477=DIRECTION('',(1.,0.,0.));
#11478=DIRECTION('',(0.,0.,1.));
#11479=DIRECTION('',(1.,0.,0.));
#11480=DIRECTION('',(0.,0.,1.));
#11481=DIRECTION('',(1.,0.,0.));
#11482=DIRECTION('',(0.,0.,1.));
#11483=DIRECTION('',(1.,0.,0.));
#11484=DIRECTION('',(0.,0.,1.));
#11485=DIRECTION('',(1.,0.,0.));
#11486=DIRECTION('',(0.,0.,1.));
#11487=DIRECTION('',(1.,0.,0.));
#11488=DIRECTION('',(0.,0.,1.));
#11489=DIRECTION('',(1.,0.,0.));
#11490=DIRECTION('',(0.,0.,1.));
#11491=DIRECTION('',(1.,0.,0.));
#11492=DIRECTION('',(0.,0.,1.));
#11493=DIRECTION('',(1.,0.,0.));
#11494=DIRECTION('',(0.,0.,1.));
#11495=DIRECTION('',(1.,0.,0.));
#11496=DIRECTION('',(0.,0.,1.));
#11497=DIRECTION('',(1.,0.,0.));
#11498=DIRECTION('',(0.,0.,1.));
#11499=DIRECTION('',(1.,0.,0.));
#11500=DIRECTION('',(0.,0.,1.));
#11501=DIRECTION('',(1.,0.,0.));
#11502=DIRECTION('',(0.,0.,1.));
#11503=DIRECTION('',(1.,0.,0.));
#11504=DIRECTION('',(0.,0.,1.));
#11505=DIRECTION('',(1.,0.,0.));
#11506=DIRECTION('',(0.,0.,1.));
#11507=DIRECTION('',(1.,0.,0.));
#11508=DIRECTION('',(0.,0.,1.));
#11509=DIRECTION('',(1.,0.,0.));
#11510=DIRECTION('',(0.,0.,1.));
#11511=DIRECTION('',(1.,0.,0.));
#11512=DIRECTION('',(0.,0.,1.));
#11513=DIRECTION('',(1.,0.,0.));
#11514=DIRECTION('',(0.,0.,1.));
#11515=DIRECTION('',(1.,0.,0.));
#11516=DIRECTION('',(0.,0.,1.));
#11517=DIRECTION('',(1.,0.,0.));
#11518=DIRECTION('',(0.,0.,1.));
#11519=DIRECTION('',(1.,0.,0.));
#11520=DIRECTION('',(0.0148487706243385,-0.999666182443821,-0.0211432658107497));
#11521=DIRECTION('',(0.0200960495852382,0.0214396936876754,-0.999568150916007));
#11522=DIRECTION('',(-1.,0.,0.));
#11523=DIRECTION('',(0.,0.,1.));
#11524=DIRECTION('',(1.,0.,0.));
#11525=DIRECTION('',(0.,0.,-1.));
#11526=DIRECTION('',(1.,0.,0.));
#11527=DIRECTION('',(0.,0.,-1.));
#11528=DIRECTION('',(1.,0.,0.));
#11529=DIRECTION('',(0.,1.,0.));
#11530=DIRECTION('',(1.,0.,0.));
#11531=DIRECTION('',(0.,0.,-1.));
#11532=DIRECTION('',(1.,0.,0.));
#11533=DIRECTION('',(0.,1.,0.));
#11534=DIRECTION('',(-1.,0.,0.));
#11535=DIRECTION('',(0.,0.,1.));
#11536=DIRECTION('',(1.,0.,0.));
#11537=DIRECTION('',(0.,0.,-1.));
#11538=DIRECTION('',(1.,0.,0.));
#11539=DIRECTION('',(1.,0.,0.));
#11540=DIRECTION('',(0.,0.,-1.));
#11541=DIRECTION('',(1.,0.,0.));
#11542=DIRECTION('',(1.,0.,0.));
#11543=DIRECTION('',(0.,1.,0.));
#11544=DIRECTION('',(0.,1.,0.));
#11545=DIRECTION('',(0.,0.,-1.));
#11546=DIRECTION('',(-1.,0.,0.));
#11547=DIRECTION('',(0.,1.,0.));
#11548=DIRECTION('',(1.,0.,0.));
#11549=DIRECTION('',(0.,1.,0.));
#11550=DIRECTION('',(-2.91433543964103E-16,0.,-1.));
#11551=DIRECTION('',(-1.,0.,2.91433543964103E-16));
#11552=DIRECTION('',(1.,0.,0.));
#11553=DIRECTION('',(0.,0.,-1.));
#11554=DIRECTION('',(0.,0.,1.));
#11555=DIRECTION('',(0.,-1.,0.));
#11556=DIRECTION('',(0.,0.,1.));
#11557=DIRECTION('',(0.,-1.,0.));
#11558=DIRECTION('',(0.,0.,1.));
#11559=DIRECTION('',(1.,0.,0.));
#11560=DIRECTION('',(-1.,0.,0.));
#11561=DIRECTION('',(0.,-1.,0.));
#11562=DIRECTION('',(-1.,0.,0.));
#11563=DIRECTION('',(-1.,0.,0.));
#11564=DIRECTION('',(0.,0.,1.));
#11565=DIRECTION('',(0.,0.,-1.));
#11566=DIRECTION('',(0.,-1.,0.));
#11567=DIRECTION('',(0.,0.,-1.));
#11568=DIRECTION('',(-1.07164384616328E-16,0.,-1.));
#11569=DIRECTION('',(-1.,0.,1.07164384616328E-16));
#11570=DIRECTION('',(1.,0.,-1.07164384616328E-16));
#11571=DIRECTION('',(1.,0.,-1.07164384616328E-16));
#11572=DIRECTION('',(0.,1.,0.));
#11573=DIRECTION('',(-1.,0.,0.));
#11574=DIRECTION('',(0.,1.,0.));
#11575=DIRECTION('',(-1.,0.,0.));
#11576=DIRECTION('',(0.,0.,1.));
#11577=DIRECTION('',(1.,0.,0.));
#11578=DIRECTION('',(0.,0.,1.));
#11579=DIRECTION('',(1.,0.,0.));
#11580=DIRECTION('',(0.,1.,0.));
#11581=DIRECTION('',(-1.,0.,0.));
#11582=DIRECTION('',(0.,1.,0.));
#11583=DIRECTION('',(-1.,0.,0.));
#11584=DIRECTION('',(0.,1.,0.));
#11585=DIRECTION('',(0.,0.,1.));
#11586=DIRECTION('',(0.,0.,-1.));
#11587=DIRECTION('',(-1.,0.,0.));
#11588=DIRECTION('',(0.,0.,-1.));
#11589=DIRECTION('',(0.,0.,1.));
#11590=DIRECTION('',(1.,0.,0.));
#11591=DIRECTION('',(0.,1.,0.));
#11592=DIRECTION('',(-1.,0.,0.));
#11593=DIRECTION('',(0.,1.,0.));
#11594=DIRECTION('',(0.,1.,0.));
#11595=DIRECTION('',(0.,0.,1.));
#11596=DIRECTION('',(0.,0.,-1.));
#11597=DIRECTION('',(0.,0.,-1.));
#11598=DIRECTION('',(1.,0.,0.));
#11599=DIRECTION('',(0.,1.,0.));
#11600=DIRECTION('',(1.,0.,0.));
#11601=DIRECTION('',(0.,0.,-1.));
#11602=DIRECTION('',(1.,0.,0.));
#11603=DIRECTION('',(0.,1.,0.));
#11604=DIRECTION('',(1.,0.,0.));
#11605=DIRECTION('',(0.,0.,-1.));
#11606=DIRECTION('',(1.,0.,0.));
#11607=DIRECTION('',(0.,0.,-1.));
#11608=DIRECTION('',(0.,1.,-6.24500451351651E-17));
#11609=DIRECTION('',(1.,0.,0.));
#11610=DIRECTION('',(1.,0.,0.));
#11611=DIRECTION('',(0.,0.,-1.));
#11612=DIRECTION('',(0.,0.,-1.));
#11613=DIRECTION('',(0.,-1.,0.));
#11614=DIRECTION('',(0.,0.,-1.));
#11615=DIRECTION('',(0.,-0.89914555315704,-0.437649716369063));
#11616=DIRECTION('',(0.,1.,0.));
#11617=DIRECTION('',(0.,1.,0.));
#11618=DIRECTION('',(0.,0.,1.));
#11619=DIRECTION('',(1.,0.,-1.07164384616328E-16));
#11620=DIRECTION('',(0.,0.,-1.));
#11621=DIRECTION('',(-1.,0.,0.));
#11622=DIRECTION('',(0.,0.,-1.));
#11623=DIRECTION('',(1.,0.,0.));
#11624=DIRECTION('',(0.,1.,0.));
#11625=DIRECTION('',(0.,-0.89914555315704,-0.437649716369063));
#11626=DIRECTION('',(0.,-1.,0.));
#11627=DIRECTION('',(0.,0.,-1.));
#11628=DIRECTION('',(0.,-1.,0.));
#11629=DIRECTION('',(0.,0.,-1.));
#11630=DIRECTION('',(1.,0.,0.));
#11631=DIRECTION('',(0.,0.,-1.));
#11632=DIRECTION('',(1.,0.,0.));
#11633=DIRECTION('',(0.,0.,-1.));
#11634=DIRECTION('',(1.,0.,0.));
#11635=DIRECTION('',(1.,0.,0.));
#11636=DIRECTION('',(0.,0.,-1.));
#11637=DIRECTION('',(1.,0.,0.));
#11638=DIRECTION('',(1.,0.,0.));
#11639=DIRECTION('',(0.,0.,-1.));
#11640=DIRECTION('',(1.,0.,0.));
#11641=DIRECTION('',(1.,0.,0.));
#11642=DIRECTION('',(0.,0.,-1.));
#11643=DIRECTION('',(1.,0.,0.));
#11644=DIRECTION('',(1.,0.,0.));
#11645=DIRECTION('',(0.,0.,-1.));
#11646=DIRECTION('',(0.,1.,0.));
#11647=DIRECTION('',(0.,0.,-1.));
#11648=DIRECTION('',(0.,1.,0.));
#11649=DIRECTION('',(0.,0.,-1.));
#11650=DIRECTION('',(0.,0.,-1.));
#11651=DIRECTION('',(-1.,0.,0.));
#11652=DIRECTION('',(0.,-1.,0.));
#11653=DIRECTION('',(-1.,0.,0.));
#11654=DIRECTION('',(-1.,0.,0.));
#11655=DIRECTION('',(0.,1.,0.));
#11656=DIRECTION('',(1.,0.,0.));
#11657=DIRECTION('',(0.,0.,-1.));
#11658=DIRECTION('',(-1.,0.,0.));
#11659=DIRECTION('',(-1.,0.,0.));
#11660=DIRECTION('',(0.,-1.,0.));
#11661=DIRECTION('',(1.,0.,0.));
#11662=DIRECTION('',(0.,1.,0.));
#11663=DIRECTION('',(-1.,0.,0.));
#11664=DIRECTION('',(1.,0.,0.));
#11665=DIRECTION('',(0.,0.,-1.));
#11666=DIRECTION('',(0.,0.,1.));
#11667=DIRECTION('',(0.,1.,0.));
#11668=DIRECTION('',(0.,1.,0.));
#11669=DIRECTION('',(0.,0.,1.));
#11670=DIRECTION('',(1.,0.,0.));
#11671=DIRECTION('',(-1.,0.,0.));
#11672=DIRECTION('',(0.,-1.,0.));
#11673=DIRECTION('',(0.,0.,1.));
#11674=DIRECTION('',(1.,0.,0.));
#11675=DIRECTION('',(-1.,0.,0.));
#11676=DIRECTION('',(0.,-1.,0.));
#11677=DIRECTION('',(0.,-1.,0.));
#11678=DIRECTION('',(1.,0.,0.));
#11679=DIRECTION('',(-1.,0.,0.));
#11680=DIRECTION('',(0.,0.,-1.));
#11681=DIRECTION('',(1.,0.,0.));
#11682=DIRECTION('',(0.,0.,-1.));
#11683=DIRECTION('',(0.,0.,1.));
#11684=DIRECTION('',(0.,0.,-1.));
#11685=DIRECTION('',(1.,0.,0.));
#11686=DIRECTION('',(0.,0.,-1.));
#11687=DIRECTION('',(1.,0.,0.));
#11688=DIRECTION('',(0.,0.,-1.));
#11689=DIRECTION('',(1.,0.,0.));
#11690=DIRECTION('',(0.,0.,-1.));
#11691=DIRECTION('',(-1.,0.,0.));
#11692=DIRECTION('',(0.,0.,1.));
#11693=DIRECTION('',(1.,0.,0.));
#11694=DIRECTION('',(0.,1.,0.));
#11695=DIRECTION('',(0.,-1.,0.));
#11696=DIRECTION('',(0.,-1.,0.));
#11697=DIRECTION('',(-1.,0.,0.));
#11698=DIRECTION('',(0.,0.,1.));
#11699=DIRECTION('',(-1.,0.,0.));
#11700=DIRECTION('',(-1.,0.,0.));
#11701=DIRECTION('',(0.,0.,1.));
#11702=DIRECTION('',(1.,0.,0.));
#11703=DIRECTION('',(-1.,0.,0.));
#11704=DIRECTION('',(0.,0.,1.));
#11705=DIRECTION('',(1.,0.,0.));
#11706=DIRECTION('',(-1.,0.,0.));
#11707=DIRECTION('',(0.,0.,1.));
#11708=DIRECTION('',(-1.,0.,0.));
#11709=DIRECTION('',(1.,0.,0.));
#11710=DIRECTION('',(0.,0.,-1.));
#11711=DIRECTION('',(-1.,0.,0.));
#11712=DIRECTION('',(0.,-1.,0.));
#11713=DIRECTION('',(0.,1.,0.));
#11714=DIRECTION('',(0.,-1.,0.));
#11715=DIRECTION('',(0.,-1.,0.));
#11716=DIRECTION('',(0.,0.,1.));
#11717=DIRECTION('',(1.,0.,0.));
#11718=DIRECTION('',(0.,1.,0.));
#11719=DIRECTION('',(0.,1.,0.));
#11720=DIRECTION('',(1.,0.,0.));
#11721=DIRECTION('',(0.,-1.,0.));
#11722=DIRECTION('',(1.,0.,0.));
#11723=DIRECTION('',(0.,0.,-1.));
#11724=DIRECTION('',(1.,0.,0.));
#11725=DIRECTION('',(0.,0.,-1.));
#11726=DIRECTION('',(1.,0.,0.));
#11727=DIRECTION('',(0.,0.,-1.));
#11728=DIRECTION('',(0.,0.,1.));
#11729=DIRECTION('',(0.,0.,-1.));
#11730=DIRECTION('',(1.,0.,0.));
#11731=DIRECTION('',(0.,0.,-1.));
#11732=DIRECTION('',(1.,0.,0.));
#11733=DIRECTION('',(0.,0.,1.));
#11734=DIRECTION('',(-1.,0.,0.));
#11735=DIRECTION('',(0.,0.,1.));
#11736=DIRECTION('',(1.,0.,0.));
#11737=DIRECTION('',(0.,1.,0.));
#11738=DIRECTION('',(1.,0.,0.));
#11739=DIRECTION('',(0.,-1.,0.));
#11740=DIRECTION('',(1.,0.,0.));
#11741=DIRECTION('',(1.,0.,0.));
#11742=DIRECTION('',(0.,0.,-1.));
#11743=DIRECTION('',(1.,0.,0.));
#11744=DIRECTION('',(0.,0.,-1.));
#11745=DIRECTION('',(-1.,0.,0.));
#11746=DIRECTION('',(0.,0.,-1.));
#11747=DIRECTION('',(1.,0.,0.));
#11748=DIRECTION('',(0.,0.,-1.));
#11749=DIRECTION('',(0.,0.,1.));
#11750=DIRECTION('',(1.,0.,0.));
#11751=DIRECTION('',(0.,1.,0.));
#11752=DIRECTION('',(0.,0.,1.));
#11753=DIRECTION('',(1.,0.,0.));
#11754=DIRECTION('',(0.,-1.,0.));
#11755=DIRECTION('',(0.,1.,0.));
#11756=DIRECTION('',(0.,1.,0.));
#11757=DIRECTION('',(-1.,0.,0.));
#11758=DIRECTION('',(1.,0.,0.));
#11759=DIRECTION('',(0.,0.,-1.));
#11760=DIRECTION('',(1.,0.,0.));
#11761=DIRECTION('',(0.,0.,-1.));
#11762=DIRECTION('',(0.,0.,-1.));
#11763=DIRECTION('',(0.,1.,0.));
#11764=DIRECTION('',(0.,-0.462384693202331,-0.886679420925165));
#11765=DIRECTION('',(0.,-0.89914555315704,-0.437649716369063));
#11766=DIRECTION('',(1.,0.,0.));
#11767=DIRECTION('',(0.,1.,0.));
#11768=DIRECTION('',(0.,-1.,0.));
#11769=DIRECTION('',(0.,-1.,0.));
#11770=DIRECTION('',(-1.,0.,0.));
#11771=DIRECTION('',(0.,-1.,0.));
#11772=DIRECTION('',(0.,-1.,0.));
#11773=DIRECTION('',(0.,-1.,0.));
#11774=DIRECTION('',(-1.,0.,0.));
#11775=DIRECTION('',(0.,0.,1.));
#11776=DIRECTION('',(0.,1.,0.));
#11777=DIRECTION('',(0.,0.,-1.));
#11778=DIRECTION('',(-1.,0.,0.));
#11779=DIRECTION('',(0.,1.,0.));
#11780=DIRECTION('',(-1.,0.,0.));
#11781=DIRECTION('',(0.,0.,1.));
#11782=DIRECTION('',(1.,0.,0.));
#11783=DIRECTION('',(0.,0.,-1.));
#11784=DIRECTION('',(0.,0.,-1.));
#11785=DIRECTION('',(0.,1.,0.));
#11786=DIRECTION('',(0.,1.,0.));
#11787=DIRECTION('',(1.,0.,0.));
#11788=DIRECTION('',(0.,0.,-1.));
#11789=DIRECTION('',(0.,0.,-1.));
#11790=DIRECTION('',(-1.,0.,0.));
#11791=DIRECTION('',(-1.,0.,0.));
#11792=DIRECTION('',(0.,0.,-1.));
#11793=DIRECTION('',(-1.,0.,0.));
#11794=DIRECTION('',(-1.,0.,0.));
#11795=DIRECTION('',(1.,0.,0.));
#11796=DIRECTION('',(0.,0.,-1.));
#11797=DIRECTION('',(0.,1.,0.));
#11798=DIRECTION('',(0.,0.,1.));
#11799=DIRECTION('',(0.,1.,0.));
#11800=DIRECTION('',(0.,0.,1.));
#11801=DIRECTION('',(1.,0.,0.));
#11802=DIRECTION('',(-1.,0.,0.));
#11803=DIRECTION('',(0.,1.,0.));
#11804=DIRECTION('',(1.,0.,0.));
#11805=DIRECTION('',(0.,0.,-1.));
#11806=DIRECTION('',(0.,1.,0.));
#11807=DIRECTION('',(0.,0.,1.));
#11808=DIRECTION('',(1.,0.,0.));
#11809=DIRECTION('',(-1.,0.,0.));
#11810=DIRECTION('',(0.,0.,1.));
#11811=DIRECTION('',(1.,0.,0.));
#11812=DIRECTION('',(-1.,0.,0.));
#11813=DIRECTION('',(-1.,0.,0.));
#11814=DIRECTION('',(0.,0.,1.));
#11815=DIRECTION('',(1.,0.,0.));
#11816=DIRECTION('',(-1.,0.,0.));
#11817=DIRECTION('',(-1.,0.,0.));
#11818=DIRECTION('',(0.,1.,0.));
#11819=DIRECTION('',(0.,0.,1.));
#11820=DIRECTION('',(0.,1.,0.));
#11821=DIRECTION('',(0.,0.,1.));
#11822=DIRECTION('',(0.,0.,1.));
#11823=DIRECTION('',(1.,0.,0.));
#11824=DIRECTION('',(-1.,0.,0.));
#11825=DIRECTION('',(0.,1.,0.));
#11826=DIRECTION('',(0.,1.,0.));
#11827=DIRECTION('',(0.,0.,1.));
#11828=DIRECTION('',(-1.,0.,0.));
#11829=DIRECTION('',(0.,0.,-1.));
#11830=DIRECTION('',(0.,0.,-1.));
#11831=DIRECTION('',(-1.,0.,0.));
#11832=DIRECTION('',(-1.,0.,0.));
#11833=DIRECTION('',(0.,-1.,0.));
#11834=DIRECTION('',(1.,0.,0.));
#11835=DIRECTION('',(0.,1.,0.));
#11836=DIRECTION('',(0.,0.,-1.));
#11837=DIRECTION('',(1.,0.,0.));
#11838=DIRECTION('',(0.,1.,0.));
#11839=DIRECTION('',(0.,-0.89914555315704,-0.437649716369063));
#11840=DIRECTION('',(0.,-0.462384693202331,-0.886679420925165));
#11841=DIRECTION('',(0.,-0.437649716369063,0.89914555315704));
#11842=DIRECTION('',(0.,-0.89914555315704,-0.437649716369063));
#11843=DIRECTION('',(1.,0.,0.));
#11844=DIRECTION('',(0.,-0.886679420925165,0.462384693202331));
#11845=DIRECTION('',(0.,-0.462384693202331,-0.886679420925165));
#11846=DIRECTION('',(-1.,0.,0.));
#11847=DIRECTION('',(0.,0.,1.));
#11848=DIRECTION('',(0.,0.,-1.));
#11849=DIRECTION('',(0.,-1.,0.));
#11850=DIRECTION('',(0.,0.,1.));
#11851=DIRECTION('',(1.,0.,0.));
#11852=DIRECTION('',(0.,-1.,0.));
#11853=DIRECTION('',(-1.,0.,0.));
#11854=DIRECTION('',(-1.,0.,0.));
#11855=DIRECTION('',(0.,0.,1.));
#11856=DIRECTION('',(0.,-1.,0.));
#11857=DIRECTION('',(0.,0.,-1.));
#11858=DIRECTION('',(-1.07164384616328E-16,0.,-1.));
#11859=DIRECTION('',(-1.,0.,1.07164384616328E-16));
#11860=DIRECTION('',(1.,0.,-1.07164384616328E-16));
#11861=DIRECTION('',(0.,1.,0.));
#11862=DIRECTION('',(-1.,0.,0.));
#11863=DIRECTION('',(0.,0.,1.));
#11864=DIRECTION('',(1.,0.,0.));
#11865=CARTESIAN_POINT('',(0.,0.,0.));
#11866=CARTESIAN_POINT('',(0.,-0.002,4.28626379701574E-19));
#11867=CARTESIAN_POINT('',(0.,-0.002,4.28626379701574E-19));
#11868=CARTESIAN_POINT('',(0.,-0.002,-0.007));
#11869=CARTESIAN_POINT('',(0.,0.,4.28626379701574E-19));
#11870=CARTESIAN_POINT('',(0.,0.,-0.007));
#11871=CARTESIAN_POINT('',(0.,-0.002,0.));
#11872=CARTESIAN_POINT('',(0.,-0.002,1.53080849893419E-19));
#11873=CARTESIAN_POINT('',(0.,-0.002,-0.0025));
#11874=CARTESIAN_POINT('',(0.,0.,0.));
#11875=CARTESIAN_POINT('',(0.000567218848788752,0.,0.0058687231503427));
#11876=CARTESIAN_POINT('',(0.000461622839793563,0.,0.0058687231503427));
#11877=CARTESIAN_POINT('',(0.000672814857783941,0.,0.0058687231503427));
#11878=CARTESIAN_POINT('',(0.000672814857783941,0.,0.00571336527355015));
#11879=CARTESIAN_POINT('',(0.000672814857783941,0.,0.0055580073967576));
#11880=CARTESIAN_POINT('',(0.000272814857783941,0.,0.0055580073967576));
#11881=CARTESIAN_POINT('',(-0.000127185142216059,0.,0.0055580073967576));
#11882=CARTESIAN_POINT('',(-0.000127185142216059,0.,0.00570912659168243));
#11883=CARTESIAN_POINT('',(-0.000127185142216059,0.,0.00586024578660727));
#11884=CARTESIAN_POINT('',(-6.35925711080296E-5,0.,0.00586024578660727));
#11885=CARTESIAN_POINT('',(0.,0.,0.00586024578660727));
#11886=CARTESIAN_POINT('',(-6.35925711080296E-5,0.,0.00601283996365964));
#11887=CARTESIAN_POINT('',(-0.000127185142216059,0.,0.00616543414071202));
#11888=CARTESIAN_POINT('',(-0.000127185142216059,0.,0.00648192013384236));
#11889=CARTESIAN_POINT('',(-0.000127185142216059,0.,0.00649875556853768));
#11890=CARTESIAN_POINT('',(-9.30245463992563E-17,0.,-1.27025126528402E-15));
#11891=CARTESIAN_POINT('',(0.000672814857783941,0.,0.00646508469914704));
#11892=CARTESIAN_POINT('',(0.000672814857783941,0.,0.00631667246910587));
#11893=CARTESIAN_POINT('',(0.000672814857783941,0.,0.00616826023906469));
#11894=CARTESIAN_POINT('',(0.000567218848788752,0.,0.0060184916947037));
#11895=CARTESIAN_POINT('',(0.000672814857783941,0.001,0.00571336527355015));
#11896=CARTESIAN_POINT('',(0.000672814857783941,0.001,0.0058687231503427));
#11897=CARTESIAN_POINT('',(0.000672814857783941,0.001,0.0058687231503427));
#11898=CARTESIAN_POINT('',(0.000672814857783941,0.001,0.00571336527355015));
#11899=CARTESIAN_POINT('',(0.000672814857783941,0.001,0.0055580073967576));
#11900=CARTESIAN_POINT('',(0.000672814857783941,0.001,0.0055580073967576));
#11901=CARTESIAN_POINT('',(0.000567218848788752,0.001,0.0058687231503427));
#11902=CARTESIAN_POINT('',(0.000461622839793563,0.001,0.0058687231503427));
#11903=CARTESIAN_POINT('',(0.000461622839793563,0.001,0.0058687231503427));
#11904=CARTESIAN_POINT('',(0.000567218848788752,0.001,0.0058687231503427));
#11905=CARTESIAN_POINT('',(0.000567218848788752,0.001,0.0060184916947037));
#11906=CARTESIAN_POINT('',(0.000672814857783941,0.001,0.00616826023906469));
#11907=CARTESIAN_POINT('',(0.000672814857783941,0.001,0.00616826023906469));
#11908=CARTESIAN_POINT('',(0.000567218848788752,0.001,0.0060184916947037));
#11909=CARTESIAN_POINT('',(0.000672814857783941,0.001,0.00631667246910587));
#11910=CARTESIAN_POINT('',(0.000672814857783941,0.001,0.00646508469914704));
#11911=CARTESIAN_POINT('',(0.000672814857783941,0.001,0.00646508469914704));
#11912=CARTESIAN_POINT('',(0.000672814857783941,0.001,0.00631667246910587));
#11913=CARTESIAN_POINT('',(-9.30245463992563E-17,0.001,-1.27025126528402E-15));
#11914=CARTESIAN_POINT('',(-0.000127185142216059,0.001,0.00649875556853768));
#11915=CARTESIAN_POINT('',(-0.000127185142216059,0.001,0.00649875556853768));
#11916=CARTESIAN_POINT('',(-9.30245463992563E-17,0.001,-1.27025126528402E-15));
#11917=CARTESIAN_POINT('',(-0.000127185142216059,0.001,0.00648192013384236));
#11918=CARTESIAN_POINT('',(-0.000127185142216059,0.001,0.00616543414071202));
#11919=CARTESIAN_POINT('',(-0.000127185142216059,0.001,0.00616543414071202));
#11920=CARTESIAN_POINT('',(-0.000127185142216059,0.001,0.00648192013384236));
#11921=CARTESIAN_POINT('',(-6.35925711080296E-5,0.001,0.00601283996365964));
#11922=CARTESIAN_POINT('',(0.,0.001,0.00586024578660727));
#11923=CARTESIAN_POINT('',(0.,0.001,0.00586024578660727));
#11924=CARTESIAN_POINT('',(-6.35925711080296E-5,0.001,0.00601283996365964));
#11925=CARTESIAN_POINT('',(-6.35925711080296E-5,0.001,0.00586024578660727));
#11926=CARTESIAN_POINT('',(-0.000127185142216059,0.001,0.00586024578660727));
#11927=CARTESIAN_POINT('',(-0.000127185142216059,0.001,0.00586024578660727));
#11928=CARTESIAN_POINT('',(-6.35925711080296E-5,0.001,0.00586024578660727));
#11929=CARTESIAN_POINT('',(-0.000127185142216059,0.001,0.00570912659168243));
#11930=CARTESIAN_POINT('',(-0.000127185142216059,0.001,0.0055580073967576));
#11931=CARTESIAN_POINT('',(-0.000127185142216059,0.001,0.0055580073967576));
#11932=CARTESIAN_POINT('',(-0.000127185142216059,0.001,0.00570912659168243));
#11933=CARTESIAN_POINT('',(0.000272814857783941,0.001,0.0055580073967576));
#11934=CARTESIAN_POINT('',(0.000272814857783941,0.001,0.0055580073967576));
#11935=CARTESIAN_POINT('',(-9.28077059647592E-17,0.003,-1.26982263890431E-15));
#11936=CARTESIAN_POINT('',(-9.28077059647592E-17,0.003,-1.26982263890431E-15));
#11937=CARTESIAN_POINT('',(-9.28077059647592E-17,0.003,0.00699999999999873));
#11938=CARTESIAN_POINT('',(-9.28077059647592E-17,0.001,-1.26982263890431E-15));
#11939=CARTESIAN_POINT('',(-9.28077059647592E-17,0.001,0.00699999999999873));
#11940=CARTESIAN_POINT('',(-9.36750677027476E-17,0.003,-1.26981758441502E-15));
#11941=CARTESIAN_POINT('',(0.,0.003,1.53080849893419E-19));
#11942=CARTESIAN_POINT('',(0.,0.003,0.0025));
#11943=CARTESIAN_POINT('',(-9.36750677027476E-17,0.001,-1.26981758441502E-15));
#11944=CARTESIAN_POINT('',(0.,-0.009,1.53080849893419E-19));
#11945=CARTESIAN_POINT('',(0.,-0.009,1.53080849893419E-19));
#11946=CARTESIAN_POINT('',(0.,-0.009,-0.0025));
#11947=CARTESIAN_POINT('',(0.,-0.009,0.));
#11948=CARTESIAN_POINT('',(0.,0.01,1.53080849893419E-19));
#11949=CARTESIAN_POINT('',(0.,0.01,1.53080849893419E-19));
#11950=CARTESIAN_POINT('',(0.,0.01,-0.0025));
#11951=CARTESIAN_POINT('',(0.,0.01,0.));
#11952=CARTESIAN_POINT('',(-0.0238762213102564,0.00688238594823035,0.0179290080323507));
#11953=CARTESIAN_POINT('',(0.00147071247920394,-0.006,0.0149745335802436));
#11954=CARTESIAN_POINT('',(0.00147071247920394,0.,0.0149745335802436));
#11955=CARTESIAN_POINT('',(-0.0124342115595937,0.,0.0149745335802436));
#11956=CARTESIAN_POINT('',(0.0153756365180016,0.,0.0149745335802436));
#11957=CARTESIAN_POINT('',(-0.0124342115595937,-0.006,0.0149745335802436));
#11958=CARTESIAN_POINT('',(-0.0124342115595937,-0.006,0.0149745335802436));
#11959=CARTESIAN_POINT('',(0.00147071247920394,-0.006,0.0149745335802436));
#11960=CARTESIAN_POINT('',(0.0153756365180016,-0.006,0.0149745335802436));
#11961=CARTESIAN_POINT('',(0.0153756365180016,-0.006,0.0149745335802436));
#11962=CARTESIAN_POINT('',(-0.0124342115595937,-0.006,0.0110971990507096));
#11963=CARTESIAN_POINT('',(-0.0124342115595937,0.,0.0110971990507096));
#11964=CARTESIAN_POINT('',(-0.0124342115595937,0.,0.00721986452117562));
#11965=CARTESIAN_POINT('',(-0.0124342115595937,-0.006,0.00721986452117562));
#11966=CARTESIAN_POINT('',(-0.0124342115595937,-0.006,0.00721986452117562));
#11967=CARTESIAN_POINT('',(-0.0124342115595937,-0.006,0.0110971990507096));
#11968=CARTESIAN_POINT('',(0.00147071247920394,-0.006,0.00721986452117562));
#11969=CARTESIAN_POINT('',(0.00147071247920394,0.,0.00721986452117562));
#11970=CARTESIAN_POINT('',(0.0153756365180016,0.,0.00721986452117562));
#11971=CARTESIAN_POINT('',(0.0153756365180016,-0.006,0.00721986452117562));
#11972=CARTESIAN_POINT('',(0.0153756365180016,-0.006,0.00721986452117562));
#11973=CARTESIAN_POINT('',(0.00147071247920394,-0.006,0.00721986452117562));
#11974=CARTESIAN_POINT('',(0.0153756365180016,-0.006,0.0110971990507096));
#11975=CARTESIAN_POINT('',(0.0153756365180016,0.,0.0110971990507096));
#11976=CARTESIAN_POINT('',(0.0153756365180016,-0.006,0.0110971990507096));
#11977=CARTESIAN_POINT('',(0.00147071247920394,-0.006,0.0110971990507096));
#11978=CARTESIAN_POINT('',(0.,-0.006,0.0111174937337637));
#11979=CARTESIAN_POINT('',(0.,-0.006,0.00877212632692904));
#11980=CARTESIAN_POINT('',(0.00147071247920394,0.,0.0110971990507096));
#11981=CARTESIAN_POINT('',(0.,-0.006,0.0149745335802436));
#11982=CARTESIAN_POINT('',(0.,-0.00979844274449042,0.0156443015207736));
#11983=CARTESIAN_POINT('',(0.,-0.0121081787504033,0.0160515702969298));
#11984=CARTESIAN_POINT('',(0.00147071247920394,-0.00981842910570701,0.0156478256555023));
#11985=CARTESIAN_POINT('',(0.,-0.00979844274449042,0.0156443015207736));
#11986=CARTESIAN_POINT('',(0.,-0.0119968043641919,0.0160319319876809));
#11987=CARTESIAN_POINT('',(0.,-0.00806196096782111,0.0254923790508956));
#11988=CARTESIAN_POINT('',(0.,-0.00806196096782111,0.0254923790508956));
#11989=CARTESIAN_POINT('',(0.,-0.0102603225875226,0.025880009517803));
#11990=CARTESIAN_POINT('',(-0.00228087090434306,-0.00719556214131965,0.030416742621158));
#11991=CARTESIAN_POINT('',(-0.00228087090434305,-0.00942494842455932,0.0308098435733145));
#11992=CARTESIAN_POINT('',(-0.00228087090434305,-0.00959859660222625,0.0298250358203023));
#11993=CARTESIAN_POINT('',(-0.00228087090434305,-0.010293189312894,0.0258858048082535));
#11994=CARTESIAN_POINT('',(-0.00228087090434306,-0.00736921031898658,0.0294319348681458));
#11995=CARTESIAN_POINT('',(-0.00228087090434306,-0.00513982403574692,0.0290388339159893));
#11996=CARTESIAN_POINT('',(-0.00228087090434306,-0.00496617585807999,0.0300236416690015));
#11997=CARTESIAN_POINT('',(-0.00228087090434306,-0.00583441674641464,0.0250996029039404));
#11998=CARTESIAN_POINT('',(-0.00228087090434306,-0.00806380302965431,0.0254927038560969));
#11999=CARTESIAN_POINT('',(5.09884320060291E-6,-0.00942494842455932,0.0308098435733145));
#12000=CARTESIAN_POINT('',(0.00229106859074426,-0.00942494842455932,0.0308098435733145));
#12001=CARTESIAN_POINT('',(0.00229106859074426,-0.00959859660222625,0.0298250358203023));
#12002=CARTESIAN_POINT('',(0.00229106859074426,-0.010293189312894,0.0258858048082535));
#12003=CARTESIAN_POINT('',(-0.00228087090434305,-0.00959859660222625,0.0298250358203023));
#12004=CARTESIAN_POINT('',(5.09884320060291E-6,-0.010293189312894,0.0258858048082535));
#12005=CARTESIAN_POINT('',(0.00229106859074426,-0.00719556214131965,0.030416742621158));
#12006=CARTESIAN_POINT('',(0.00229106859074426,-0.0059509836110922,0.0301972898466684));
#12007=CARTESIAN_POINT('',(0.00229106859074426,-0.00681922449942685,0.0252732510816074));
#12008=CARTESIAN_POINT('',(0.00229106859074426,-0.00612463178875913,0.0292124820936562));
#12009=CARTESIAN_POINT('',(0.00229106859074426,-0.00959859660222625,0.0298250358203023));
#12010=CARTESIAN_POINT('',(0.00229106859074426,-0.00806380302965431,0.0254927038560969));
#12011=CARTESIAN_POINT('',(5.09884320060204E-6,-0.00496617585807999,0.0300236416690015));
#12012=CARTESIAN_POINT('',(5.09884320060204E-6,-0.00513982403574692,0.0290388339159893));
#12013=CARTESIAN_POINT('',(0.00129106859074426,-0.00513982403574692,0.0290388339159893));
#12014=CARTESIAN_POINT('',(0.00129106859074426,-0.00583441674641464,0.0250996029039404));
#12015=CARTESIAN_POINT('',(0.00129106859074426,-0.00583441674641464,0.0250996029039404));
#12016=CARTESIAN_POINT('',(5.09884320060204E-6,-0.00583441674641464,0.0250996029039404));
#12017=CARTESIAN_POINT('',(5.09884320060248E-6,-0.00719556214131965,0.030416742621158));
#12018=CARTESIAN_POINT('',(-0.00128087090434306,-0.00719556214131965,0.030416742621158));
#12019=CARTESIAN_POINT('',(-0.00128087090434306,-0.0059509836110922,0.0301972898466684));
#12020=CARTESIAN_POINT('',(-0.00128087090434306,-0.00844014067154711,0.0306361953956476));
#12021=CARTESIAN_POINT('',(0.00229106859074426,-0.00844014067154711,0.0306361953956476));
#12022=CARTESIAN_POINT('',(0.00129106859074426,-0.00844014067154711,0.0306361953956476));
#12023=CARTESIAN_POINT('',(0.00129106859074426,-0.00496617585807999,0.0300236416690015));
#12024=CARTESIAN_POINT('',(0.00129106859074426,-0.0059509836110922,0.0301972898466684));
#12025=CARTESIAN_POINT('',(5.09884320060248E-6,-0.0059509836110922,0.0301972898466684));
#12026=CARTESIAN_POINT('',(5.09884320060248E-6,-0.00806380302965431,0.0254927038560969));
#12027=CARTESIAN_POINT('',(0.00129106859074426,-0.00681922449942685,0.0252732510816074));
#12028=CARTESIAN_POINT('',(0.00129106859074426,-0.0059509836110922,0.0301972898466684));
#12029=CARTESIAN_POINT('',(0.00129106859074426,-0.00612463178875913,0.0292124820936562));
#12030=CARTESIAN_POINT('',(5.09884320060204E-6,-0.00612463178875913,0.0292124820936562));
#12031=CARTESIAN_POINT('',(0.00129106859074426,-0.00612463178875913,0.0292124820936562));
#12032=CARTESIAN_POINT('',(-0.00128087090434306,-0.00612463178875913,0.0292124820936562));
#12033=CARTESIAN_POINT('',(0.00129106859074426,-0.00612463178875913,0.0292124820936562));
#12034=CARTESIAN_POINT('',(0.00129106859074426,-0.00612463178875913,0.0292124820936562));
#12035=CARTESIAN_POINT('',(-0.00128087090434306,-0.00736921031898658,0.0294319348681458));
#12036=CARTESIAN_POINT('',(-0.00128087090434306,-0.00861378884921404,0.0296513876426354));
#12037=CARTESIAN_POINT('',(0.00129106859074426,-0.00736921031898658,0.0294319348681458));
#12038=CARTESIAN_POINT('',(0.00129106859074426,-0.00861378884921404,0.0296513876426354));
#12039=CARTESIAN_POINT('',(5.09884320060248E-6,-0.00861378884921404,0.0296513876426354));
#12040=CARTESIAN_POINT('',(-0.0908508838522726,0.0891733086819941,0.029344653776917));
#12041=CARTESIAN_POINT('',(-0.0496617369353771,-0.0135,-0.021131869405508));
#12042=CARTESIAN_POINT('',(-0.0496617369353771,-0.0135,-0.021131869405508));
#12043=CARTESIAN_POINT('',(-0.0522073213476487,-0.0135,-0.017981869405508));
#12044=CARTESIAN_POINT('',(-0.0471161525231056,-0.0135,-0.017981869405508));
#12045=CARTESIAN_POINT('',(-0.0471161525231056,-0.0135,-0.017981869405508));
#12046=CARTESIAN_POINT('',(-0.0471161525231056,-0.0085,-0.017981869405508));
#12047=CARTESIAN_POINT('',(-0.0496617369353771,-0.0085,-0.021131869405508));
#12048=CARTESIAN_POINT('',(-0.0467882171820372,-0.0085,-0.018277857452631));
#12049=CARTESIAN_POINT('',(-0.0496617369353771,-0.0085,-0.021131869405508));
#12050=CARTESIAN_POINT('',(-0.0477672945228046,-0.0085,-0.0247114766389132));
#12051=CARTESIAN_POINT('',(-0.0496617369353771,-0.0085,-0.021131869405508));
#12052=CARTESIAN_POINT('',(-0.0515561793479497,-0.0085,-0.0247114766389132));
#12053=CARTESIAN_POINT('',(-0.0496617369353771,-0.0085,-0.021131869405508));
#12054=CARTESIAN_POINT('',(-0.0536444522440434,-0.0085,-0.021867042017971));
#12055=CARTESIAN_POINT('',(-0.0496617369353771,-0.0085,-0.021131869405508));
#12056=CARTESIAN_POINT('',(-0.0536444522440434,-0.0085,-0.020396696793045));
#12057=CARTESIAN_POINT('',(-0.0496617369353771,-0.0085,-0.021131869405508));
#12058=CARTESIAN_POINT('',(-0.0525352566887171,-0.0085,-0.018277857452631));
#12059=CARTESIAN_POINT('',(-0.0496617369353771,-0.0085,-0.021131869405508));
#12060=CARTESIAN_POINT('',(-0.0522073213476487,-0.0085,-0.017981869405508));
#12061=CARTESIAN_POINT('',(-0.0522073213476487,-0.0135,-0.017981869405508));
#12062=CARTESIAN_POINT('',(-0.0494279321283102,-0.0085,-0.0214946670457721));
#12063=CARTESIAN_POINT('',(-0.0496617369353771,-0.0085,-0.021131869405508));
#12064=CARTESIAN_POINT('',(-0.0466937557941712,-0.0085,-0.0247114766389132));
#12065=CARTESIAN_POINT('',(-0.0452114120125771,-0.0085,-0.0224798709194184));
#12066=CARTESIAN_POINT('',(-0.0494279321283102,-0.0085,-0.0247114766389132));
#12067=CARTESIAN_POINT('',(-0.0452114120125771,-0.0085,-0.0247114766389132));
#12068=CARTESIAN_POINT('',(-0.0452114120125771,-0.0085,-0.0214946670457721));
#12069=CARTESIAN_POINT('',(-0.0494279321283102,-0.0085,-0.0214946670457721));
#12070=CARTESIAN_POINT('',(-0.0494279321283102,-0.0085,-0.0247114766389132));
#12071=CARTESIAN_POINT('',(-0.0494279321283102,-0.0085,-0.018277857452631));
#12072=CARTESIAN_POINT('',(-0.0536444522440434,-0.0085,-0.0214946670457721));
#12073=CARTESIAN_POINT('',(-0.0494279321283102,-0.0085,-0.0214946670457721));
#12074=CARTESIAN_POINT('',(-0.0496617369353771,-0.0085,-0.021131869405508));
#12075=CARTESIAN_POINT('',(-0.0452114120125771,-0.0085,-0.0197838678915977));
#12076=CARTESIAN_POINT('',(-0.0459906177909152,-0.0085,-0.018277857452631));
#12077=CARTESIAN_POINT('',(-0.0452114120125771,-0.0085,-0.0214946670457721));
#12078=CARTESIAN_POINT('',(-0.0452114120125771,-0.0085,-0.018277857452631));
#12079=CARTESIAN_POINT('',(-0.0494279321283102,-0.0085,-0.018277857452631));
#12080=CARTESIAN_POINT('',(-0.0494279321283102,-0.0085,-0.0214946670457721));
#12081=CARTESIAN_POINT('',(-0.0496617369353771,-0.0085,-0.021131869405508));
#12082=CARTESIAN_POINT('',(-0.0533328560798391,-0.0085,-0.018277857452631));
#12083=CARTESIAN_POINT('',(-0.0536444522440434,-0.0085,-0.0187317696638066));
#12084=CARTESIAN_POINT('',(-0.0494279321283102,-0.0085,-0.018277857452631));
#12085=CARTESIAN_POINT('',(-0.0536444522440434,-0.0085,-0.018277857452631));
#12086=CARTESIAN_POINT('',(-0.0536444522440434,-0.0085,-0.0214946670457721));
#12087=CARTESIAN_POINT('',(-0.0500934049487114,-0.008,-0.0215853359550237));
#12088=CARTESIAN_POINT('',(-0.0500934049487114,-0.008,-0.0215853359550237));
#12089=CARTESIAN_POINT('',(-0.0500934049487114,-0.008,-0.0241353359550237));
#12090=CARTESIAN_POINT('',(-0.0500934049487114,0.,-0.0215853359550237));
#12091=CARTESIAN_POINT('',(-0.0500934049487114,0.,-0.0241353359550237));
#12092=CARTESIAN_POINT('',(-0.0500934049487114,-0.008,-0.0215853359550237));
#12093=CARTESIAN_POINT('',(-0.0500934049487114,-0.008,-0.0215853359550237));
#12094=CARTESIAN_POINT('',(-0.0500934049487114,-0.008,-0.0246353359550237));
#12095=CARTESIAN_POINT('',(-0.0500934049487114,0.,-0.0215853359550237));
#12096=CARTESIAN_POINT('',(-0.0500934049487114,0.,-0.0246353359550237));
#12097=CARTESIAN_POINT('',(-0.0500934049487114,0.,-0.0215853359550237));
#12098=CARTESIAN_POINT('',(-0.0494279321283102,-0.008,-0.0214946670457721));
#12099=CARTESIAN_POINT('',(-0.0494279321283102,-0.008,-0.018277857452631));
#12100=CARTESIAN_POINT('',(-0.0536444522440434,-0.008,-0.018277857452631));
#12101=CARTESIAN_POINT('',(-0.0452114120125771,-0.008,-0.018277857452631));
#12102=CARTESIAN_POINT('',(-0.0452114120125771,-0.008,-0.0214946670457721));
#12103=CARTESIAN_POINT('',(-0.0452114120125771,-0.008,-0.0247114766389132));
#12104=CARTESIAN_POINT('',(-0.0494279321283102,-0.008,-0.0247114766389132));
#12105=CARTESIAN_POINT('',(-0.0536444522440434,-0.008,-0.0247114766389132));
#12106=CARTESIAN_POINT('',(-0.0536444522440434,-0.008,-0.0214946670457721));
#12107=CARTESIAN_POINT('',(-0.0494279321283102,-0.0085,-0.0214946670457721));
#12108=CARTESIAN_POINT('',(-0.0496617369353771,-0.0085,-0.021131869405508));
#12109=CARTESIAN_POINT('',(-0.0536444522440434,-0.0085,-0.0235319691472095));
#12110=CARTESIAN_POINT('',(-0.052629718076583,-0.0085,-0.0247114766389132));
#12111=CARTESIAN_POINT('',(-0.0536444522440434,-0.0085,-0.0214946670457721));
#12112=CARTESIAN_POINT('',(-0.0536444522440434,-0.0085,-0.0247114766389132));
#12113=CARTESIAN_POINT('',(-0.0494279321283102,-0.0085,-0.0247114766389132));
#12114=CARTESIAN_POINT('',(-0.0452114120125771,-0.0085,-0.0214946670457721));
#12115=CARTESIAN_POINT('',(-0.0452114120125771,-0.0085,-0.018277857452631));
#12116=CARTESIAN_POINT('',(-0.0452114120125771,-0.0085,-0.0214946670457721));
#12117=CARTESIAN_POINT('',(-0.0452114120125771,-0.0085,-0.0247114766389132));
#12118=CARTESIAN_POINT('',(-0.0494279321283102,-0.0085,-0.0247114766389132));
#12119=CARTESIAN_POINT('',(-0.0494279321283102,-0.0085,-0.0247114766389132));
#12120=CARTESIAN_POINT('',(-0.0494279321283102,-0.0085,-0.0247114766389132));
#12121=CARTESIAN_POINT('',(-0.0536444522440434,-0.0085,-0.0247114766389132));
#12122=CARTESIAN_POINT('',(-0.0536444522440434,-0.0085,-0.0214946670457721));
#12123=CARTESIAN_POINT('',(-0.0536444522440434,-0.0085,-0.0214946670457721));
#12124=CARTESIAN_POINT('',(-0.0536444522440434,-0.0085,-0.0214946670457721));
#12125=CARTESIAN_POINT('',(-0.0536444522440434,-0.0085,-0.018277857452631));
#12126=CARTESIAN_POINT('',(-0.0494279321283102,-0.0085,-0.018277857452631));
#12127=CARTESIAN_POINT('',(-0.0494279321283102,-0.0085,-0.018277857452631));
#12128=CARTESIAN_POINT('',(-0.0494279321283102,-0.0085,-0.018277857452631));
#12129=CARTESIAN_POINT('',(-0.0494279321283102,-0.008,-0.0214946670457721));
#12130=CARTESIAN_POINT('',(-0.0496617369353771,-0.0085,-0.021131869405508));
#12131=CARTESIAN_POINT('',(-0.0496617369353771,-0.0085,-0.021131869405508));
#12132=CARTESIAN_POINT('',(-0.0496617369353771,-0.0085,-0.021131869405508));
#12133=CARTESIAN_POINT('',(-0.0496617369353771,-0.0085,-0.017981869405508));
#12134=CARTESIAN_POINT('',(-0.0496617369353771,-0.0085,-0.021131869405508));
#12135=CARTESIAN_POINT('',(-0.0496617369353771,-0.0085,-0.021131869405508));
#12136=CARTESIAN_POINT('',(-0.0496617369353771,-0.0085,-0.021131869405508));
#12137=CARTESIAN_POINT('',(-0.0496617369353771,-0.0135,-0.021131869405508));
#12138=CARTESIAN_POINT('',(-0.0496617369353771,-0.0135,-0.021131869405508));
#12139=CARTESIAN_POINT('',(-0.0496617369353771,-0.0135,-0.025781869405508));
#12140=CARTESIAN_POINT('',(-0.0496617369353771,-0.0085,-0.021131869405508));
#12141=CARTESIAN_POINT('',(-0.0496617369353771,-0.0135,-0.021131869405508));
#12142=CARTESIAN_POINT('',(-0.0496617369353771,-0.0135,-0.017981869405508));
#12143=CARTESIAN_POINT('',(-0.0496617369353771,-0.0085,-0.021131869405508));
#12144=CARTESIAN_POINT('',(-0.0496617369353771,-0.0135,-0.017981869405508));
#12145=CARTESIAN_POINT('',(-0.010930282311137,-0.0151669171854178,0.0678633992428563));
#12146=CARTESIAN_POINT('',(0.00295,-0.003,0.));
#12147=CARTESIAN_POINT('',(0.00295,0.,0.));
#12148=CARTESIAN_POINT('',(0.,0.,0.));
#12149=CARTESIAN_POINT('',(0.0059,0.,0.));
#12150=CARTESIAN_POINT('',(0.,-0.003,0.));
#12151=CARTESIAN_POINT('',(0.,-0.003,0.));
#12152=CARTESIAN_POINT('',(0.00295,-0.003,0.));
#12153=CARTESIAN_POINT('',(0.0059,-0.003,0.));
#12154=CARTESIAN_POINT('',(0.0059,-0.003,0.));
#12155=CARTESIAN_POINT('',(0.,-0.003,-0.0085));
#12156=CARTESIAN_POINT('',(0.,0.,-0.0085));
#12157=CARTESIAN_POINT('',(8.67361737988404E-19,0.,-0.017));
#12158=CARTESIAN_POINT('',(8.67361737988404E-19,-0.003,-0.017));
#12159=CARTESIAN_POINT('',(8.67361737988404E-19,-0.003,-0.017));
#12160=CARTESIAN_POINT('',(0.,-0.003,-0.0085));
#12161=CARTESIAN_POINT('',(0.00295,-0.003,-0.017));
#12162=CARTESIAN_POINT('',(0.00295,0.,-0.017));
#12163=CARTESIAN_POINT('',(0.0059,0.,-0.017));
#12164=CARTESIAN_POINT('',(0.0059,-0.003,-0.017));
#12165=CARTESIAN_POINT('',(0.0059,-0.003,-0.017));
#12166=CARTESIAN_POINT('',(0.00295,-0.003,-0.017));
#12167=CARTESIAN_POINT('',(0.0059,-0.003,-0.0085));
#12168=CARTESIAN_POINT('',(0.0059,0.,-0.0085));
#12169=CARTESIAN_POINT('',(0.0059,-0.003,-0.0085));
#12170=CARTESIAN_POINT('',(0.00295,-0.003,-0.0085));
#12171=CARTESIAN_POINT('',(0.00295,-0.003,-0.00305));
#12172=CARTESIAN_POINT('',(0.00295,-0.003,-0.0059));
#12173=CARTESIAN_POINT('',(0.00295,0.,-0.0085));
#12174=CARTESIAN_POINT('',(0.00295,0.,-0.00305));
#12175=CARTESIAN_POINT('',(0.00295,0.,-0.0002));
#12176=CARTESIAN_POINT('',(0.00295,-0.014,-0.00305));
#12177=CARTESIAN_POINT('',(-0.0188581143053275,0.0100316761112269,0.0208595506350246));
#12178=CARTESIAN_POINT('',(0.,0.,-0.0097));
#12179=CARTESIAN_POINT('',(0.013025,0.016185,-0.0097));
#12180=CARTESIAN_POINT('',(0.013025,0.016185,-0.0097));
#12181=CARTESIAN_POINT('',(0.012375,0.016185,-0.0097));
#12182=CARTESIAN_POINT('',(0.012375,0.016835,-0.0097));
#12183=CARTESIAN_POINT('',(0.012375,0.016835,-0.0097));
#12184=CARTESIAN_POINT('',(0.013025,0.016835,-0.0097));
#12185=CARTESIAN_POINT('',(0.013025,0.016835,-0.0097));
#12186=CARTESIAN_POINT('',(0.013025,0.016835,-0.0097));
#12187=CARTESIAN_POINT('',(0.013025,-0.016185,-0.0097));
#12188=CARTESIAN_POINT('',(0.013025,0.016835,-0.004));
#12189=CARTESIAN_POINT('',(0.013025,0.016835,-0.004));
#12190=CARTESIAN_POINT('',(0.013025,0.016185,-0.004));
#12191=CARTESIAN_POINT('',(0.013025,0.016185,-0.0097));
#12192=CARTESIAN_POINT('',(0.013025,0.016835,-0.0097));
#12193=CARTESIAN_POINT('',(-0.013025,0.016835,-0.0097));
#12194=CARTESIAN_POINT('',(0.013025,0.016835,-0.004));
#12195=CARTESIAN_POINT('',(0.012375,0.016835,-0.004));
#12196=CARTESIAN_POINT('',(0.012375,0.016835,-0.0097));
#12197=CARTESIAN_POINT('',(0.012375,-0.016185,-0.0097));
#12198=CARTESIAN_POINT('',(0.012375,0.016835,-0.004));
#12199=CARTESIAN_POINT('',(0.012375,0.016185,-0.004));
#12200=CARTESIAN_POINT('',(0.012375,0.016185,-0.0097));
#12201=CARTESIAN_POINT('',(-0.013025,0.016185,-0.0097));
#12202=CARTESIAN_POINT('',(0.013025,0.016185,-0.004));
#12203=CARTESIAN_POINT('',(0.,0.,-0.0097));
#12204=CARTESIAN_POINT('',(-0.013025,0.016835,-0.0097));
#12205=CARTESIAN_POINT('',(-0.013025,0.016185,-0.0097));
#12206=CARTESIAN_POINT('',(-0.013025,0.016835,-0.0097));
#12207=CARTESIAN_POINT('',(-0.013025,0.016835,-0.0097));
#12208=CARTESIAN_POINT('',(-0.012375,0.016835,-0.0097));
#12209=CARTESIAN_POINT('',(-0.012375,0.016835,-0.0097));
#12210=CARTESIAN_POINT('',(-0.012375,0.016185,-0.0097));
#12211=CARTESIAN_POINT('',(-0.013025,0.016185,-0.0097));
#12212=CARTESIAN_POINT('',(-0.013025,0.016185,-0.0097));
#12213=CARTESIAN_POINT('',(-0.013025,0.016185,-0.004));
#12214=CARTESIAN_POINT('',(-0.012375,0.016185,-0.004));
#12215=CARTESIAN_POINT('',(-0.013025,0.016185,-0.004));
#12216=CARTESIAN_POINT('',(-0.013025,0.016185,-0.0097));
#12217=CARTESIAN_POINT('',(-0.012375,0.016185,-0.0097));
#12218=CARTESIAN_POINT('',(-0.012375,-0.016185,-0.0097));
#12219=CARTESIAN_POINT('',(-0.012375,0.016835,-0.004));
#12220=CARTESIAN_POINT('',(-0.012375,0.016835,-0.004));
#12221=CARTESIAN_POINT('',(-0.012375,0.016835,-0.0097));
#12222=CARTESIAN_POINT('',(-0.013025,0.016835,-0.0097));
#12223=CARTESIAN_POINT('',(-0.013025,0.016835,-0.004));
#12224=CARTESIAN_POINT('',(-0.013025,0.016835,-0.004));
#12225=CARTESIAN_POINT('',(-0.013025,0.016835,-0.0097));
#12226=CARTESIAN_POINT('',(-0.013025,-0.016185,-0.0097));
#12227=CARTESIAN_POINT('',(-0.013025,0.016835,-0.004));
#12228=CARTESIAN_POINT('',(0.,0.,-0.0097));
#12229=CARTESIAN_POINT('',(-0.013025,0.014295,-0.0097));
#12230=CARTESIAN_POINT('',(-0.013025,0.013645,-0.0097));
#12231=CARTESIAN_POINT('',(-0.013025,0.014295,-0.0097));
#12232=CARTESIAN_POINT('',(-0.013025,0.014295,-0.0097));
#12233=CARTESIAN_POINT('',(-0.012375,0.014295,-0.0097));
#12234=CARTESIAN_POINT('',(-0.012375,0.014295,-0.0097));
#12235=CARTESIAN_POINT('',(-0.012375,0.013645,-0.0097));
#12236=CARTESIAN_POINT('',(-0.013025,0.013645,-0.0097));
#12237=CARTESIAN_POINT('',(-0.013025,0.013645,-0.0097));
#12238=CARTESIAN_POINT('',(-0.013025,0.013645,-0.004));
#12239=CARTESIAN_POINT('',(-0.012375,0.013645,-0.004));
#12240=CARTESIAN_POINT('',(-0.013025,0.013645,-0.004));
#12241=CARTESIAN_POINT('',(-0.013025,0.013645,-0.0097));
#12242=CARTESIAN_POINT('',(-0.012375,0.013645,-0.0097));
#12243=CARTESIAN_POINT('',(-0.012375,-0.016185,-0.0097));
#12244=CARTESIAN_POINT('',(-0.012375,0.014295,-0.004));
#12245=CARTESIAN_POINT('',(-0.012375,0.014295,-0.004));
#12246=CARTESIAN_POINT('',(-0.012375,0.014295,-0.0097));
#12247=CARTESIAN_POINT('',(-0.013025,0.014295,-0.0097));
#12248=CARTESIAN_POINT('',(-0.013025,0.014295,-0.004));
#12249=CARTESIAN_POINT('',(-0.013025,0.014295,-0.004));
#12250=CARTESIAN_POINT('',(-0.013025,0.014295,-0.0097));
#12251=CARTESIAN_POINT('',(-0.013025,-0.016185,-0.0097));
#12252=CARTESIAN_POINT('',(-0.013025,0.014295,-0.004));
#12253=CARTESIAN_POINT('',(0.,0.,-0.0097));
#12254=CARTESIAN_POINT('',(-0.013025,0.011755,-0.0097));
#12255=CARTESIAN_POINT('',(-0.013025,0.011105,-0.0097));
#12256=CARTESIAN_POINT('',(-0.013025,0.011755,-0.0097));
#12257=CARTESIAN_POINT('',(-0.013025,0.011755,-0.0097));
#12258=CARTESIAN_POINT('',(-0.012375,0.011755,-0.0097));
#12259=CARTESIAN_POINT('',(-0.012375,0.011755,-0.0097));
#12260=CARTESIAN_POINT('',(-0.012375,0.011105,-0.0097));
#12261=CARTESIAN_POINT('',(-0.013025,0.011105,-0.0097));
#12262=CARTESIAN_POINT('',(-0.013025,0.011105,-0.0097));
#12263=CARTESIAN_POINT('',(-0.013025,0.011105,-0.004));
#12264=CARTESIAN_POINT('',(-0.012375,0.011105,-0.004));
#12265=CARTESIAN_POINT('',(-0.013025,0.011105,-0.004));
#12266=CARTESIAN_POINT('',(-0.013025,0.011105,-0.0097));
#12267=CARTESIAN_POINT('',(-0.012375,0.011105,-0.0097));
#12268=CARTESIAN_POINT('',(-0.012375,-0.016185,-0.0097));
#12269=CARTESIAN_POINT('',(-0.012375,0.011755,-0.004));
#12270=CARTESIAN_POINT('',(-0.012375,0.011755,-0.004));
#12271=CARTESIAN_POINT('',(-0.012375,0.011755,-0.0097));
#12272=CARTESIAN_POINT('',(-0.013025,0.011755,-0.0097));
#12273=CARTESIAN_POINT('',(-0.013025,0.011755,-0.004));
#12274=CARTESIAN_POINT('',(-0.013025,0.011755,-0.004));
#12275=CARTESIAN_POINT('',(-0.013025,0.011755,-0.0097));
#12276=CARTESIAN_POINT('',(-0.013025,-0.016185,-0.0097));
#12277=CARTESIAN_POINT('',(-0.013025,0.011755,-0.004));
#12278=CARTESIAN_POINT('',(0.,0.,-0.0097));
#12279=CARTESIAN_POINT('',(-0.013025,0.009215,-0.0097));
#12280=CARTESIAN_POINT('',(-0.013025,0.008565,-0.0097));
#12281=CARTESIAN_POINT('',(-0.013025,0.009215,-0.0097));
#12282=CARTESIAN_POINT('',(-0.013025,0.009215,-0.0097));
#12283=CARTESIAN_POINT('',(-0.012375,0.009215,-0.0097));
#12284=CARTESIAN_POINT('',(-0.012375,0.009215,-0.0097));
#12285=CARTESIAN_POINT('',(-0.012375,0.008565,-0.0097));
#12286=CARTESIAN_POINT('',(-0.013025,0.008565,-0.0097));
#12287=CARTESIAN_POINT('',(-0.013025,0.008565,-0.0097));
#12288=CARTESIAN_POINT('',(-0.013025,0.008565,-0.004));
#12289=CARTESIAN_POINT('',(-0.012375,0.008565,-0.004));
#12290=CARTESIAN_POINT('',(-0.013025,0.008565,-0.004));
#12291=CARTESIAN_POINT('',(-0.013025,0.008565,-0.0097));
#12292=CARTESIAN_POINT('',(-0.012375,0.008565,-0.0097));
#12293=CARTESIAN_POINT('',(-0.012375,-0.016185,-0.0097));
#12294=CARTESIAN_POINT('',(-0.012375,0.009215,-0.004));
#12295=CARTESIAN_POINT('',(-0.012375,0.009215,-0.004));
#12296=CARTESIAN_POINT('',(-0.012375,0.009215,-0.0097));
#12297=CARTESIAN_POINT('',(-0.013025,0.009215,-0.0097));
#12298=CARTESIAN_POINT('',(-0.013025,0.009215,-0.004));
#12299=CARTESIAN_POINT('',(-0.013025,0.009215,-0.004));
#12300=CARTESIAN_POINT('',(-0.013025,0.009215,-0.0097));
#12301=CARTESIAN_POINT('',(-0.013025,-0.016185,-0.0097));
#12302=CARTESIAN_POINT('',(-0.013025,0.009215,-0.004));
#12303=CARTESIAN_POINT('',(0.,0.,-0.0097));
#12304=CARTESIAN_POINT('',(-0.013025,0.006675,-0.0097));
#12305=CARTESIAN_POINT('',(-0.013025,0.006025,-0.0097));
#12306=CARTESIAN_POINT('',(-0.013025,0.006675,-0.0097));
#12307=CARTESIAN_POINT('',(-0.013025,0.006675,-0.0097));
#12308=CARTESIAN_POINT('',(-0.012375,0.006675,-0.0097));
#12309=CARTESIAN_POINT('',(-0.012375,0.006675,-0.0097));
#12310=CARTESIAN_POINT('',(-0.012375,0.006025,-0.0097));
#12311=CARTESIAN_POINT('',(-0.013025,0.006025,-0.0097));
#12312=CARTESIAN_POINT('',(-0.013025,0.006025,-0.0097));
#12313=CARTESIAN_POINT('',(-0.013025,0.006025,-0.004));
#12314=CARTESIAN_POINT('',(-0.012375,0.006025,-0.004));
#12315=CARTESIAN_POINT('',(-0.013025,0.006025,-0.004));
#12316=CARTESIAN_POINT('',(-0.013025,0.006025,-0.0097));
#12317=CARTESIAN_POINT('',(-0.012375,0.006025,-0.0097));
#12318=CARTESIAN_POINT('',(-0.012375,-0.016185,-0.0097));
#12319=CARTESIAN_POINT('',(-0.012375,0.006675,-0.004));
#12320=CARTESIAN_POINT('',(-0.012375,0.006675,-0.004));
#12321=CARTESIAN_POINT('',(-0.012375,0.006675,-0.0097));
#12322=CARTESIAN_POINT('',(-0.013025,0.006675,-0.0097));
#12323=CARTESIAN_POINT('',(-0.013025,0.006675,-0.004));
#12324=CARTESIAN_POINT('',(-0.013025,0.006675,-0.004));
#12325=CARTESIAN_POINT('',(-0.013025,0.006675,-0.0097));
#12326=CARTESIAN_POINT('',(-0.013025,-0.016185,-0.0097));
#12327=CARTESIAN_POINT('',(-0.013025,0.006675,-0.004));
#12328=CARTESIAN_POINT('',(0.,0.,-0.0097));
#12329=CARTESIAN_POINT('',(-0.013025,0.004135,-0.0097));
#12330=CARTESIAN_POINT('',(-0.013025,0.003485,-0.0097));
#12331=CARTESIAN_POINT('',(-0.013025,0.004135,-0.0097));
#12332=CARTESIAN_POINT('',(-0.013025,0.004135,-0.0097));
#12333=CARTESIAN_POINT('',(-0.012375,0.004135,-0.0097));
#12334=CARTESIAN_POINT('',(-0.012375,0.004135,-0.0097));
#12335=CARTESIAN_POINT('',(-0.012375,0.003485,-0.0097));
#12336=CARTESIAN_POINT('',(-0.013025,0.003485,-0.0097));
#12337=CARTESIAN_POINT('',(-0.013025,0.003485,-0.0097));
#12338=CARTESIAN_POINT('',(-0.013025,0.003485,-0.004));
#12339=CARTESIAN_POINT('',(-0.012375,0.003485,-0.004));
#12340=CARTESIAN_POINT('',(-0.013025,0.003485,-0.004));
#12341=CARTESIAN_POINT('',(-0.013025,0.003485,-0.0097));
#12342=CARTESIAN_POINT('',(-0.012375,0.003485,-0.0097));
#12343=CARTESIAN_POINT('',(-0.012375,-0.016185,-0.0097));
#12344=CARTESIAN_POINT('',(-0.012375,0.004135,-0.004));
#12345=CARTESIAN_POINT('',(-0.012375,0.004135,-0.004));
#12346=CARTESIAN_POINT('',(-0.012375,0.004135,-0.0097));
#12347=CARTESIAN_POINT('',(-0.013025,0.004135,-0.0097));
#12348=CARTESIAN_POINT('',(-0.013025,0.004135,-0.004));
#12349=CARTESIAN_POINT('',(-0.013025,0.004135,-0.004));
#12350=CARTESIAN_POINT('',(-0.013025,0.004135,-0.0097));
#12351=CARTESIAN_POINT('',(-0.013025,-0.016185,-0.0097));
#12352=CARTESIAN_POINT('',(-0.013025,0.004135,-0.004));
#12353=CARTESIAN_POINT('',(0.,0.,-0.0097));
#12354=CARTESIAN_POINT('',(-0.013025,0.001595,-0.0097));
#12355=CARTESIAN_POINT('',(-0.013025,0.000945,-0.0097));
#12356=CARTESIAN_POINT('',(-0.013025,0.001595,-0.0097));
#12357=CARTESIAN_POINT('',(-0.013025,0.001595,-0.0097));
#12358=CARTESIAN_POINT('',(-0.012375,0.001595,-0.0097));
#12359=CARTESIAN_POINT('',(-0.012375,0.001595,-0.0097));
#12360=CARTESIAN_POINT('',(-0.012375,0.000945,-0.0097));
#12361=CARTESIAN_POINT('',(-0.013025,0.000945,-0.0097));
#12362=CARTESIAN_POINT('',(-0.013025,0.000945,-0.0097));
#12363=CARTESIAN_POINT('',(-0.013025,0.000945,-0.004));
#12364=CARTESIAN_POINT('',(-0.012375,0.000945,-0.004));
#12365=CARTESIAN_POINT('',(-0.013025,0.000945,-0.004));
#12366=CARTESIAN_POINT('',(-0.013025,0.000945,-0.0097));
#12367=CARTESIAN_POINT('',(-0.012375,0.000945,-0.0097));
#12368=CARTESIAN_POINT('',(-0.012375,-0.016185,-0.0097));
#12369=CARTESIAN_POINT('',(-0.012375,0.001595,-0.004));
#12370=CARTESIAN_POINT('',(-0.012375,0.001595,-0.004));
#12371=CARTESIAN_POINT('',(-0.012375,0.001595,-0.0097));
#12372=CARTESIAN_POINT('',(-0.013025,0.001595,-0.0097));
#12373=CARTESIAN_POINT('',(-0.013025,0.001595,-0.004));
#12374=CARTESIAN_POINT('',(-0.013025,0.001595,-0.004));
#12375=CARTESIAN_POINT('',(-0.013025,0.001595,-0.0097));
#12376=CARTESIAN_POINT('',(-0.013025,-0.016185,-0.0097));
#12377=CARTESIAN_POINT('',(-0.013025,0.001595,-0.004));
#12378=CARTESIAN_POINT('',(0.,0.,-0.0097));
#12379=CARTESIAN_POINT('',(-0.013025,-0.000945,-0.0097));
#12380=CARTESIAN_POINT('',(-0.013025,-0.001595,-0.0097));
#12381=CARTESIAN_POINT('',(-0.013025,-0.000945,-0.0097));
#12382=CARTESIAN_POINT('',(-0.013025,-0.000945,-0.0097));
#12383=CARTESIAN_POINT('',(-0.012375,-0.000945,-0.0097));
#12384=CARTESIAN_POINT('',(-0.012375,-0.000945,-0.0097));
#12385=CARTESIAN_POINT('',(-0.012375,-0.001595,-0.0097));
#12386=CARTESIAN_POINT('',(-0.013025,-0.001595,-0.0097));
#12387=CARTESIAN_POINT('',(-0.013025,-0.001595,-0.0097));
#12388=CARTESIAN_POINT('',(-0.013025,-0.001595,-0.004));
#12389=CARTESIAN_POINT('',(-0.012375,-0.001595,-0.004));
#12390=CARTESIAN_POINT('',(-0.013025,-0.001595,-0.004));
#12391=CARTESIAN_POINT('',(-0.013025,-0.001595,-0.0097));
#12392=CARTESIAN_POINT('',(-0.012375,-0.001595,-0.0097));
#12393=CARTESIAN_POINT('',(-0.012375,-0.016185,-0.0097));
#12394=CARTESIAN_POINT('',(-0.012375,-0.000945,-0.004));
#12395=CARTESIAN_POINT('',(-0.012375,-0.000945,-0.004));
#12396=CARTESIAN_POINT('',(-0.012375,-0.000945,-0.0097));
#12397=CARTESIAN_POINT('',(-0.013025,-0.000945,-0.0097));
#12398=CARTESIAN_POINT('',(-0.013025,-0.000945,-0.004));
#12399=CARTESIAN_POINT('',(-0.013025,-0.000945,-0.004));
#12400=CARTESIAN_POINT('',(-0.013025,-0.000945,-0.0097));
#12401=CARTESIAN_POINT('',(-0.013025,-0.016185,-0.0097));
#12402=CARTESIAN_POINT('',(-0.013025,-0.000945,-0.004));
#12403=CARTESIAN_POINT('',(0.,0.,-0.0097));
#12404=CARTESIAN_POINT('',(-0.013025,-0.003485,-0.0097));
#12405=CARTESIAN_POINT('',(-0.013025,-0.004135,-0.0097));
#12406=CARTESIAN_POINT('',(-0.013025,-0.003485,-0.0097));
#12407=CARTESIAN_POINT('',(-0.013025,-0.003485,-0.0097));
#12408=CARTESIAN_POINT('',(-0.012375,-0.003485,-0.0097));
#12409=CARTESIAN_POINT('',(-0.012375,-0.003485,-0.0097));
#12410=CARTESIAN_POINT('',(-0.012375,-0.004135,-0.0097));
#12411=CARTESIAN_POINT('',(-0.013025,-0.004135,-0.0097));
#12412=CARTESIAN_POINT('',(-0.013025,-0.004135,-0.0097));
#12413=CARTESIAN_POINT('',(-0.013025,-0.004135,-0.004));
#12414=CARTESIAN_POINT('',(-0.012375,-0.004135,-0.004));
#12415=CARTESIAN_POINT('',(-0.013025,-0.004135,-0.004));
#12416=CARTESIAN_POINT('',(-0.013025,-0.004135,-0.0097));
#12417=CARTESIAN_POINT('',(-0.012375,-0.004135,-0.0097));
#12418=CARTESIAN_POINT('',(-0.012375,-0.016185,-0.0097));
#12419=CARTESIAN_POINT('',(-0.012375,-0.003485,-0.004));
#12420=CARTESIAN_POINT('',(-0.012375,-0.003485,-0.004));
#12421=CARTESIAN_POINT('',(-0.012375,-0.003485,-0.0097));
#12422=CARTESIAN_POINT('',(-0.013025,-0.003485,-0.0097));
#12423=CARTESIAN_POINT('',(-0.013025,-0.003485,-0.004));
#12424=CARTESIAN_POINT('',(-0.013025,-0.003485,-0.004));
#12425=CARTESIAN_POINT('',(-0.013025,-0.003485,-0.0097));
#12426=CARTESIAN_POINT('',(-0.013025,-0.016185,-0.0097));
#12427=CARTESIAN_POINT('',(-0.013025,-0.003485,-0.004));
#12428=CARTESIAN_POINT('',(0.,0.,-0.0097));
#12429=CARTESIAN_POINT('',(-0.013025,-0.006025,-0.0097));
#12430=CARTESIAN_POINT('',(-0.013025,-0.006675,-0.0097));
#12431=CARTESIAN_POINT('',(-0.013025,-0.006025,-0.0097));
#12432=CARTESIAN_POINT('',(-0.013025,-0.006025,-0.0097));
#12433=CARTESIAN_POINT('',(-0.012375,-0.006025,-0.0097));
#12434=CARTESIAN_POINT('',(-0.012375,-0.006025,-0.0097));
#12435=CARTESIAN_POINT('',(-0.012375,-0.006675,-0.0097));
#12436=CARTESIAN_POINT('',(-0.013025,-0.006675,-0.0097));
#12437=CARTESIAN_POINT('',(-0.013025,-0.006675,-0.0097));
#12438=CARTESIAN_POINT('',(-0.013025,-0.006675,-0.004));
#12439=CARTESIAN_POINT('',(-0.012375,-0.006675,-0.004));
#12440=CARTESIAN_POINT('',(-0.013025,-0.006675,-0.004));
#12441=CARTESIAN_POINT('',(-0.013025,-0.006675,-0.0097));
#12442=CARTESIAN_POINT('',(-0.012375,-0.006675,-0.0097));
#12443=CARTESIAN_POINT('',(-0.012375,-0.016185,-0.0097));
#12444=CARTESIAN_POINT('',(-0.012375,-0.006025,-0.004));
#12445=CARTESIAN_POINT('',(-0.012375,-0.006025,-0.004));
#12446=CARTESIAN_POINT('',(-0.012375,-0.006025,-0.0097));
#12447=CARTESIAN_POINT('',(-0.013025,-0.006025,-0.0097));
#12448=CARTESIAN_POINT('',(-0.013025,-0.006025,-0.004));
#12449=CARTESIAN_POINT('',(-0.013025,-0.006025,-0.004));
#12450=CARTESIAN_POINT('',(-0.013025,-0.006025,-0.0097));
#12451=CARTESIAN_POINT('',(-0.013025,-0.016185,-0.0097));
#12452=CARTESIAN_POINT('',(-0.013025,-0.006025,-0.004));
#12453=CARTESIAN_POINT('',(0.,0.,-0.0097));
#12454=CARTESIAN_POINT('',(-0.013025,-0.008565,-0.0097));
#12455=CARTESIAN_POINT('',(-0.013025,-0.009215,-0.0097));
#12456=CARTESIAN_POINT('',(-0.013025,-0.008565,-0.0097));
#12457=CARTESIAN_POINT('',(-0.013025,-0.008565,-0.0097));
#12458=CARTESIAN_POINT('',(-0.012375,-0.008565,-0.0097));
#12459=CARTESIAN_POINT('',(-0.012375,-0.008565,-0.0097));
#12460=CARTESIAN_POINT('',(-0.012375,-0.009215,-0.0097));
#12461=CARTESIAN_POINT('',(-0.013025,-0.009215,-0.0097));
#12462=CARTESIAN_POINT('',(-0.013025,-0.009215,-0.0097));
#12463=CARTESIAN_POINT('',(-0.013025,-0.009215,-0.004));
#12464=CARTESIAN_POINT('',(-0.012375,-0.009215,-0.004));
#12465=CARTESIAN_POINT('',(-0.013025,-0.009215,-0.004));
#12466=CARTESIAN_POINT('',(-0.013025,-0.009215,-0.0097));
#12467=CARTESIAN_POINT('',(-0.012375,-0.009215,-0.0097));
#12468=CARTESIAN_POINT('',(-0.012375,-0.016185,-0.0097));
#12469=CARTESIAN_POINT('',(-0.012375,-0.008565,-0.004));
#12470=CARTESIAN_POINT('',(-0.012375,-0.008565,-0.004));
#12471=CARTESIAN_POINT('',(-0.012375,-0.008565,-0.0097));
#12472=CARTESIAN_POINT('',(-0.013025,-0.008565,-0.0097));
#12473=CARTESIAN_POINT('',(-0.013025,-0.008565,-0.004));
#12474=CARTESIAN_POINT('',(-0.013025,-0.008565,-0.004));
#12475=CARTESIAN_POINT('',(-0.013025,-0.008565,-0.0097));
#12476=CARTESIAN_POINT('',(-0.013025,-0.016185,-0.0097));
#12477=CARTESIAN_POINT('',(-0.013025,-0.008565,-0.004));
#12478=CARTESIAN_POINT('',(0.,0.,-0.0097));
#12479=CARTESIAN_POINT('',(-0.013025,-0.011105,-0.0097));
#12480=CARTESIAN_POINT('',(-0.013025,-0.011755,-0.0097));
#12481=CARTESIAN_POINT('',(-0.013025,-0.011105,-0.0097));
#12482=CARTESIAN_POINT('',(-0.013025,-0.011105,-0.0097));
#12483=CARTESIAN_POINT('',(-0.012375,-0.011105,-0.0097));
#12484=CARTESIAN_POINT('',(-0.012375,-0.011105,-0.0097));
#12485=CARTESIAN_POINT('',(-0.012375,-0.011755,-0.0097));
#12486=CARTESIAN_POINT('',(-0.013025,-0.011755,-0.0097));
#12487=CARTESIAN_POINT('',(-0.013025,-0.011755,-0.0097));
#12488=CARTESIAN_POINT('',(-0.013025,-0.011755,-0.004));
#12489=CARTESIAN_POINT('',(-0.012375,-0.011755,-0.004));
#12490=CARTESIAN_POINT('',(-0.013025,-0.011755,-0.004));
#12491=CARTESIAN_POINT('',(-0.013025,-0.011755,-0.0097));
#12492=CARTESIAN_POINT('',(-0.012375,-0.011755,-0.0097));
#12493=CARTESIAN_POINT('',(-0.012375,-0.016185,-0.0097));
#12494=CARTESIAN_POINT('',(-0.012375,-0.011105,-0.004));
#12495=CARTESIAN_POINT('',(-0.012375,-0.011105,-0.004));
#12496=CARTESIAN_POINT('',(-0.012375,-0.011105,-0.0097));
#12497=CARTESIAN_POINT('',(-0.013025,-0.011105,-0.0097));
#12498=CARTESIAN_POINT('',(-0.013025,-0.011105,-0.004));
#12499=CARTESIAN_POINT('',(-0.013025,-0.011105,-0.004));
#12500=CARTESIAN_POINT('',(-0.013025,-0.011105,-0.0097));
#12501=CARTESIAN_POINT('',(-0.013025,-0.016185,-0.0097));
#12502=CARTESIAN_POINT('',(-0.013025,-0.011105,-0.004));
#12503=CARTESIAN_POINT('',(0.,0.,-0.0097));
#12504=CARTESIAN_POINT('',(-0.013025,-0.013645,-0.0097));
#12505=CARTESIAN_POINT('',(-0.013025,-0.014295,-0.0097));
#12506=CARTESIAN_POINT('',(-0.013025,-0.013645,-0.0097));
#12507=CARTESIAN_POINT('',(-0.013025,-0.013645,-0.0097));
#12508=CARTESIAN_POINT('',(-0.012375,-0.013645,-0.0097));
#12509=CARTESIAN_POINT('',(-0.012375,-0.013645,-0.0097));
#12510=CARTESIAN_POINT('',(-0.012375,-0.014295,-0.0097));
#12511=CARTESIAN_POINT('',(-0.013025,-0.014295,-0.0097));
#12512=CARTESIAN_POINT('',(-0.013025,-0.014295,-0.0097));
#12513=CARTESIAN_POINT('',(-0.013025,-0.014295,-0.004));
#12514=CARTESIAN_POINT('',(-0.012375,-0.014295,-0.004));
#12515=CARTESIAN_POINT('',(-0.013025,-0.014295,-0.004));
#12516=CARTESIAN_POINT('',(-0.013025,-0.014295,-0.0097));
#12517=CARTESIAN_POINT('',(-0.012375,-0.014295,-0.0097));
#12518=CARTESIAN_POINT('',(-0.012375,-0.016185,-0.0097));
#12519=CARTESIAN_POINT('',(-0.012375,-0.013645,-0.004));
#12520=CARTESIAN_POINT('',(-0.012375,-0.013645,-0.004));
#12521=CARTESIAN_POINT('',(-0.012375,-0.013645,-0.0097));
#12522=CARTESIAN_POINT('',(-0.013025,-0.013645,-0.0097));
#12523=CARTESIAN_POINT('',(-0.013025,-0.013645,-0.004));
#12524=CARTESIAN_POINT('',(-0.013025,-0.013645,-0.004));
#12525=CARTESIAN_POINT('',(-0.013025,-0.013645,-0.0097));
#12526=CARTESIAN_POINT('',(-0.013025,-0.016185,-0.0097));
#12527=CARTESIAN_POINT('',(-0.013025,-0.013645,-0.004));
#12528=CARTESIAN_POINT('',(0.,0.,-0.0097));
#12529=CARTESIAN_POINT('',(0.012375,0.019375,-0.0097));
#12530=CARTESIAN_POINT('',(0.012375,0.018725,-0.0097));
#12531=CARTESIAN_POINT('',(0.012375,0.019375,-0.0097));
#12532=CARTESIAN_POINT('',(0.013025,0.019375,-0.0097));
#12533=CARTESIAN_POINT('',(0.013025,0.019375,-0.0097));
#12534=CARTESIAN_POINT('',(0.013025,0.019375,-0.0097));
#12535=CARTESIAN_POINT('',(0.013025,0.018725,-0.0097));
#12536=CARTESIAN_POINT('',(0.013025,0.018725,-0.0097));
#12537=CARTESIAN_POINT('',(-0.013025,0.018725,-0.0097));
#12538=CARTESIAN_POINT('',(0.013025,0.018725,-0.004));
#12539=CARTESIAN_POINT('',(0.013025,0.018725,-0.004));
#12540=CARTESIAN_POINT('',(0.012375,0.018725,-0.004));
#12541=CARTESIAN_POINT('',(0.012375,0.018725,-0.0097));
#12542=CARTESIAN_POINT('',(0.013025,0.018725,-0.0097));
#12543=CARTESIAN_POINT('',(0.013025,-0.016185,-0.0097));
#12544=CARTESIAN_POINT('',(0.013025,0.019375,-0.004));
#12545=CARTESIAN_POINT('',(0.013025,0.019375,-0.004));
#12546=CARTESIAN_POINT('',(0.013025,0.019375,-0.0097));
#12547=CARTESIAN_POINT('',(-0.013025,0.019375,-0.0097));
#12548=CARTESIAN_POINT('',(0.013025,0.019375,-0.004));
#12549=CARTESIAN_POINT('',(0.012375,0.019375,-0.004));
#12550=CARTESIAN_POINT('',(0.012375,0.019375,-0.0097));
#12551=CARTESIAN_POINT('',(0.012375,-0.016185,-0.0097));
#12552=CARTESIAN_POINT('',(0.012375,0.019375,-0.004));
#12553=CARTESIAN_POINT('',(0.,0.,-0.0097));
#12554=CARTESIAN_POINT('',(0.013025,0.013645,-0.0097));
#12555=CARTESIAN_POINT('',(0.013025,0.013645,-0.0097));
#12556=CARTESIAN_POINT('',(0.012375,0.013645,-0.0097));
#12557=CARTESIAN_POINT('',(0.012375,0.014295,-0.0097));
#12558=CARTESIAN_POINT('',(0.012375,0.014295,-0.0097));
#12559=CARTESIAN_POINT('',(0.013025,0.014295,-0.0097));
#12560=CARTESIAN_POINT('',(0.013025,0.014295,-0.0097));
#12561=CARTESIAN_POINT('',(0.013025,0.014295,-0.0097));
#12562=CARTESIAN_POINT('',(0.013025,-0.016185,-0.0097));
#12563=CARTESIAN_POINT('',(0.013025,0.014295,-0.004));
#12564=CARTESIAN_POINT('',(0.013025,0.014295,-0.004));
#12565=CARTESIAN_POINT('',(0.013025,0.013645,-0.004));
#12566=CARTESIAN_POINT('',(0.013025,0.013645,-0.0097));
#12567=CARTESIAN_POINT('',(0.013025,0.014295,-0.0097));
#12568=CARTESIAN_POINT('',(-0.013025,0.014295,-0.0097));
#12569=CARTESIAN_POINT('',(0.013025,0.014295,-0.004));
#12570=CARTESIAN_POINT('',(0.012375,0.014295,-0.004));
#12571=CARTESIAN_POINT('',(0.012375,0.014295,-0.0097));
#12572=CARTESIAN_POINT('',(0.012375,-0.016185,-0.0097));
#12573=CARTESIAN_POINT('',(0.012375,0.014295,-0.004));
#12574=CARTESIAN_POINT('',(0.012375,0.013645,-0.004));
#12575=CARTESIAN_POINT('',(0.012375,0.013645,-0.0097));
#12576=CARTESIAN_POINT('',(-0.013025,0.013645,-0.0097));
#12577=CARTESIAN_POINT('',(0.013025,0.013645,-0.004));
#12578=CARTESIAN_POINT('',(0.,0.,-0.0097));
#12579=CARTESIAN_POINT('',(0.013025,0.011105,-0.0097));
#12580=CARTESIAN_POINT('',(0.013025,0.011105,-0.0097));
#12581=CARTESIAN_POINT('',(0.012375,0.011105,-0.0097));
#12582=CARTESIAN_POINT('',(0.012375,0.011755,-0.0097));
#12583=CARTESIAN_POINT('',(0.012375,0.011755,-0.0097));
#12584=CARTESIAN_POINT('',(0.013025,0.011755,-0.0097));
#12585=CARTESIAN_POINT('',(0.013025,0.011755,-0.0097));
#12586=CARTESIAN_POINT('',(0.013025,0.011755,-0.0097));
#12587=CARTESIAN_POINT('',(0.013025,-0.016185,-0.0097));
#12588=CARTESIAN_POINT('',(0.013025,0.011755,-0.004));
#12589=CARTESIAN_POINT('',(0.013025,0.011755,-0.004));
#12590=CARTESIAN_POINT('',(0.013025,0.011105,-0.004));
#12591=CARTESIAN_POINT('',(0.013025,0.011105,-0.0097));
#12592=CARTESIAN_POINT('',(0.013025,0.011755,-0.0097));
#12593=CARTESIAN_POINT('',(-0.013025,0.011755,-0.0097));
#12594=CARTESIAN_POINT('',(0.013025,0.011755,-0.004));
#12595=CARTESIAN_POINT('',(0.012375,0.011755,-0.004));
#12596=CARTESIAN_POINT('',(0.012375,0.011755,-0.0097));
#12597=CARTESIAN_POINT('',(0.012375,-0.016185,-0.0097));
#12598=CARTESIAN_POINT('',(0.012375,0.011755,-0.004));
#12599=CARTESIAN_POINT('',(0.012375,0.011105,-0.004));
#12600=CARTESIAN_POINT('',(0.012375,0.011105,-0.0097));
#12601=CARTESIAN_POINT('',(-0.013025,0.011105,-0.0097));
#12602=CARTESIAN_POINT('',(0.013025,0.011105,-0.004));
#12603=CARTESIAN_POINT('',(0.,0.,-0.0097));
#12604=CARTESIAN_POINT('',(0.013025,0.008565,-0.0097));
#12605=CARTESIAN_POINT('',(0.013025,0.008565,-0.0097));
#12606=CARTESIAN_POINT('',(0.012375,0.008565,-0.0097));
#12607=CARTESIAN_POINT('',(0.012375,0.009215,-0.0097));
#12608=CARTESIAN_POINT('',(0.012375,0.009215,-0.0097));
#12609=CARTESIAN_POINT('',(0.013025,0.009215,-0.0097));
#12610=CARTESIAN_POINT('',(0.013025,0.009215,-0.0097));
#12611=CARTESIAN_POINT('',(0.013025,0.009215,-0.0097));
#12612=CARTESIAN_POINT('',(0.013025,-0.016185,-0.0097));
#12613=CARTESIAN_POINT('',(0.013025,0.009215,-0.004));
#12614=CARTESIAN_POINT('',(0.013025,0.009215,-0.004));
#12615=CARTESIAN_POINT('',(0.013025,0.008565,-0.004));
#12616=CARTESIAN_POINT('',(0.013025,0.008565,-0.0097));
#12617=CARTESIAN_POINT('',(0.013025,0.009215,-0.0097));
#12618=CARTESIAN_POINT('',(-0.013025,0.009215,-0.0097));
#12619=CARTESIAN_POINT('',(0.013025,0.009215,-0.004));
#12620=CARTESIAN_POINT('',(0.012375,0.009215,-0.004));
#12621=CARTESIAN_POINT('',(0.012375,0.009215,-0.0097));
#12622=CARTESIAN_POINT('',(0.012375,-0.016185,-0.0097));
#12623=CARTESIAN_POINT('',(0.012375,0.009215,-0.004));
#12624=CARTESIAN_POINT('',(0.012375,0.008565,-0.004));
#12625=CARTESIAN_POINT('',(0.012375,0.008565,-0.0097));
#12626=CARTESIAN_POINT('',(-0.013025,0.008565,-0.0097));
#12627=CARTESIAN_POINT('',(0.013025,0.008565,-0.004));
#12628=CARTESIAN_POINT('',(0.,0.,-0.0097));
#12629=CARTESIAN_POINT('',(0.013025,0.006025,-0.0097));
#12630=CARTESIAN_POINT('',(0.013025,0.006025,-0.0097));
#12631=CARTESIAN_POINT('',(0.012375,0.006025,-0.0097));
#12632=CARTESIAN_POINT('',(0.012375,0.006675,-0.0097));
#12633=CARTESIAN_POINT('',(0.012375,0.006675,-0.0097));
#12634=CARTESIAN_POINT('',(0.013025,0.006675,-0.0097));
#12635=CARTESIAN_POINT('',(0.013025,0.006675,-0.0097));
#12636=CARTESIAN_POINT('',(0.013025,0.006675,-0.0097));
#12637=CARTESIAN_POINT('',(0.013025,-0.016185,-0.0097));
#12638=CARTESIAN_POINT('',(0.013025,0.006675,-0.004));
#12639=CARTESIAN_POINT('',(0.013025,0.006675,-0.004));
#12640=CARTESIAN_POINT('',(0.013025,0.006025,-0.004));
#12641=CARTESIAN_POINT('',(0.013025,0.006025,-0.0097));
#12642=CARTESIAN_POINT('',(0.013025,0.006675,-0.0097));
#12643=CARTESIAN_POINT('',(-0.013025,0.006675,-0.0097));
#12644=CARTESIAN_POINT('',(0.013025,0.006675,-0.004));
#12645=CARTESIAN_POINT('',(0.012375,0.006675,-0.004));
#12646=CARTESIAN_POINT('',(0.012375,0.006675,-0.0097));
#12647=CARTESIAN_POINT('',(0.012375,-0.016185,-0.0097));
#12648=CARTESIAN_POINT('',(0.012375,0.006675,-0.004));
#12649=CARTESIAN_POINT('',(0.012375,0.006025,-0.004));
#12650=CARTESIAN_POINT('',(0.012375,0.006025,-0.0097));
#12651=CARTESIAN_POINT('',(-0.013025,0.006025,-0.0097));
#12652=CARTESIAN_POINT('',(0.013025,0.006025,-0.004));
#12653=CARTESIAN_POINT('',(0.,0.,-0.0097));
#12654=CARTESIAN_POINT('',(0.013025,0.003485,-0.0097));
#12655=CARTESIAN_POINT('',(0.013025,0.003485,-0.0097));
#12656=CARTESIAN_POINT('',(0.012375,0.003485,-0.0097));
#12657=CARTESIAN_POINT('',(0.012375,0.004135,-0.0097));
#12658=CARTESIAN_POINT('',(0.012375,0.004135,-0.0097));
#12659=CARTESIAN_POINT('',(0.013025,0.004135,-0.0097));
#12660=CARTESIAN_POINT('',(0.013025,0.004135,-0.0097));
#12661=CARTESIAN_POINT('',(0.013025,0.004135,-0.0097));
#12662=CARTESIAN_POINT('',(0.013025,-0.016185,-0.0097));
#12663=CARTESIAN_POINT('',(0.013025,0.004135,-0.004));
#12664=CARTESIAN_POINT('',(0.013025,0.004135,-0.004));
#12665=CARTESIAN_POINT('',(0.013025,0.003485,-0.004));
#12666=CARTESIAN_POINT('',(0.013025,0.003485,-0.0097));
#12667=CARTESIAN_POINT('',(0.013025,0.004135,-0.0097));
#12668=CARTESIAN_POINT('',(-0.013025,0.004135,-0.0097));
#12669=CARTESIAN_POINT('',(0.013025,0.004135,-0.004));
#12670=CARTESIAN_POINT('',(0.012375,0.004135,-0.004));
#12671=CARTESIAN_POINT('',(0.012375,0.004135,-0.0097));
#12672=CARTESIAN_POINT('',(0.012375,-0.016185,-0.0097));
#12673=CARTESIAN_POINT('',(0.012375,0.004135,-0.004));
#12674=CARTESIAN_POINT('',(0.012375,0.003485,-0.004));
#12675=CARTESIAN_POINT('',(0.012375,0.003485,-0.0097));
#12676=CARTESIAN_POINT('',(-0.013025,0.003485,-0.0097));
#12677=CARTESIAN_POINT('',(0.013025,0.003485,-0.004));
#12678=CARTESIAN_POINT('',(0.,0.,-0.0097));
#12679=CARTESIAN_POINT('',(0.013025,0.000945,-0.0097));
#12680=CARTESIAN_POINT('',(0.013025,0.000945,-0.0097));
#12681=CARTESIAN_POINT('',(0.012375,0.000945,-0.0097));
#12682=CARTESIAN_POINT('',(0.012375,0.001595,-0.0097));
#12683=CARTESIAN_POINT('',(0.012375,0.001595,-0.0097));
#12684=CARTESIAN_POINT('',(0.013025,0.001595,-0.0097));
#12685=CARTESIAN_POINT('',(0.013025,0.001595,-0.0097));
#12686=CARTESIAN_POINT('',(0.013025,0.001595,-0.0097));
#12687=CARTESIAN_POINT('',(0.013025,-0.016185,-0.0097));
#12688=CARTESIAN_POINT('',(0.013025,0.001595,-0.004));
#12689=CARTESIAN_POINT('',(0.013025,0.001595,-0.004));
#12690=CARTESIAN_POINT('',(0.013025,0.000945,-0.004));
#12691=CARTESIAN_POINT('',(0.013025,0.000945,-0.0097));
#12692=CARTESIAN_POINT('',(0.013025,0.001595,-0.0097));
#12693=CARTESIAN_POINT('',(-0.013025,0.001595,-0.0097));
#12694=CARTESIAN_POINT('',(0.013025,0.001595,-0.004));
#12695=CARTESIAN_POINT('',(0.012375,0.001595,-0.004));
#12696=CARTESIAN_POINT('',(0.012375,0.001595,-0.0097));
#12697=CARTESIAN_POINT('',(0.012375,-0.016185,-0.0097));
#12698=CARTESIAN_POINT('',(0.012375,0.001595,-0.004));
#12699=CARTESIAN_POINT('',(0.012375,0.000945,-0.004));
#12700=CARTESIAN_POINT('',(0.012375,0.000945,-0.0097));
#12701=CARTESIAN_POINT('',(-0.013025,0.000945,-0.0097));
#12702=CARTESIAN_POINT('',(0.013025,0.000945,-0.004));
#12703=CARTESIAN_POINT('',(0.,0.,-0.0097));
#12704=CARTESIAN_POINT('',(0.013025,-0.001595,-0.0097));
#12705=CARTESIAN_POINT('',(0.013025,-0.001595,-0.0097));
#12706=CARTESIAN_POINT('',(0.012375,-0.001595,-0.0097));
#12707=CARTESIAN_POINT('',(0.012375,-0.000945,-0.0097));
#12708=CARTESIAN_POINT('',(0.012375,-0.000945,-0.0097));
#12709=CARTESIAN_POINT('',(0.013025,-0.000945,-0.0097));
#12710=CARTESIAN_POINT('',(0.013025,-0.000945,-0.0097));
#12711=CARTESIAN_POINT('',(0.013025,-0.000945,-0.0097));
#12712=CARTESIAN_POINT('',(0.013025,-0.016185,-0.0097));
#12713=CARTESIAN_POINT('',(0.013025,-0.000945,-0.004));
#12714=CARTESIAN_POINT('',(0.013025,-0.000945,-0.004));
#12715=CARTESIAN_POINT('',(0.013025,-0.001595,-0.004));
#12716=CARTESIAN_POINT('',(0.013025,-0.001595,-0.0097));
#12717=CARTESIAN_POINT('',(0.013025,-0.000945,-0.0097));
#12718=CARTESIAN_POINT('',(-0.013025,-0.000945,-0.0097));
#12719=CARTESIAN_POINT('',(0.013025,-0.000945,-0.004));
#12720=CARTESIAN_POINT('',(0.012375,-0.000945,-0.004));
#12721=CARTESIAN_POINT('',(0.012375,-0.000945,-0.0097));
#12722=CARTESIAN_POINT('',(0.012375,-0.016185,-0.0097));
#12723=CARTESIAN_POINT('',(0.012375,-0.000945,-0.004));
#12724=CARTESIAN_POINT('',(0.012375,-0.001595,-0.004));
#12725=CARTESIAN_POINT('',(0.012375,-0.001595,-0.0097));
#12726=CARTESIAN_POINT('',(-0.013025,-0.001595,-0.0097));
#12727=CARTESIAN_POINT('',(0.013025,-0.001595,-0.004));
#12728=CARTESIAN_POINT('',(0.,0.,-0.0097));
#12729=CARTESIAN_POINT('',(-0.013025,-0.016185,-0.0097));
#12730=CARTESIAN_POINT('',(-0.013025,-0.016835,-0.0097));
#12731=CARTESIAN_POINT('',(-0.013025,-0.016185,-0.0097));
#12732=CARTESIAN_POINT('',(-0.013025,-0.016185,-0.0097));
#12733=CARTESIAN_POINT('',(-0.012375,-0.016185,-0.0097));
#12734=CARTESIAN_POINT('',(-0.012375,-0.016185,-0.0097));
#12735=CARTESIAN_POINT('',(-0.012375,-0.016835,-0.0097));
#12736=CARTESIAN_POINT('',(-0.013025,-0.016835,-0.0097));
#12737=CARTESIAN_POINT('',(-0.013025,-0.016835,-0.0097));
#12738=CARTESIAN_POINT('',(-0.013025,-0.016835,-0.004));
#12739=CARTESIAN_POINT('',(-0.012375,-0.016835,-0.004));
#12740=CARTESIAN_POINT('',(-0.013025,-0.016835,-0.004));
#12741=CARTESIAN_POINT('',(-0.013025,-0.016835,-0.0097));
#12742=CARTESIAN_POINT('',(-0.012375,-0.016835,-0.0097));
#12743=CARTESIAN_POINT('',(-0.012375,-0.016185,-0.0097));
#12744=CARTESIAN_POINT('',(-0.012375,-0.016185,-0.004));
#12745=CARTESIAN_POINT('',(-0.012375,-0.016185,-0.004));
#12746=CARTESIAN_POINT('',(-0.012375,-0.016185,-0.0097));
#12747=CARTESIAN_POINT('',(-0.013025,-0.016185,-0.0097));
#12748=CARTESIAN_POINT('',(-0.013025,-0.016185,-0.004));
#12749=CARTESIAN_POINT('',(-0.013025,-0.016185,-0.004));
#12750=CARTESIAN_POINT('',(-0.013025,-0.016185,-0.0097));
#12751=CARTESIAN_POINT('',(-0.013025,-0.016185,-0.0097));
#12752=CARTESIAN_POINT('',(-0.013025,-0.016185,-0.004));
#12753=CARTESIAN_POINT('',(0.,0.,-0.0097));
#12754=CARTESIAN_POINT('',(-0.013025,0.019375,-0.0097));
#12755=CARTESIAN_POINT('',(-0.013025,0.018725,-0.0097));
#12756=CARTESIAN_POINT('',(-0.013025,0.019375,-0.0097));
#12757=CARTESIAN_POINT('',(-0.013025,0.019375,-0.0097));
#12758=CARTESIAN_POINT('',(-0.012375,0.019375,-0.0097));
#12759=CARTESIAN_POINT('',(-0.012375,0.019375,-0.0097));
#12760=CARTESIAN_POINT('',(-0.012375,0.018725,-0.0097));
#12761=CARTESIAN_POINT('',(-0.013025,0.018725,-0.0097));
#12762=CARTESIAN_POINT('',(-0.013025,0.018725,-0.0097));
#12763=CARTESIAN_POINT('',(-0.013025,0.018725,-0.004));
#12764=CARTESIAN_POINT('',(-0.012375,0.018725,-0.004));
#12765=CARTESIAN_POINT('',(-0.013025,0.018725,-0.004));
#12766=CARTESIAN_POINT('',(-0.013025,0.018725,-0.0097));
#12767=CARTESIAN_POINT('',(-0.012375,0.018725,-0.0097));
#12768=CARTESIAN_POINT('',(-0.012375,-0.016185,-0.0097));
#12769=CARTESIAN_POINT('',(-0.012375,0.019375,-0.004));
#12770=CARTESIAN_POINT('',(-0.012375,0.019375,-0.004));
#12771=CARTESIAN_POINT('',(-0.012375,0.019375,-0.0097));
#12772=CARTESIAN_POINT('',(-0.013025,0.019375,-0.0097));
#12773=CARTESIAN_POINT('',(-0.013025,0.019375,-0.004));
#12774=CARTESIAN_POINT('',(-0.013025,0.019375,-0.004));
#12775=CARTESIAN_POINT('',(-0.013025,0.019375,-0.0097));
#12776=CARTESIAN_POINT('',(-0.013025,-0.016185,-0.0097));
#12777=CARTESIAN_POINT('',(-0.013025,0.019375,-0.004));
#12778=CARTESIAN_POINT('',(0.,0.,-0.0097));
#12779=CARTESIAN_POINT('',(0.013025,-0.016835,-0.0097));
#12780=CARTESIAN_POINT('',(0.013025,-0.016835,-0.0097));
#12781=CARTESIAN_POINT('',(0.012375,-0.016835,-0.0097));
#12782=CARTESIAN_POINT('',(0.012375,-0.016185,-0.0097));
#12783=CARTESIAN_POINT('',(0.012375,-0.016185,-0.0097));
#12784=CARTESIAN_POINT('',(0.013025,-0.016185,-0.0097));
#12785=CARTESIAN_POINT('',(0.013025,-0.016185,-0.0097));
#12786=CARTESIAN_POINT('',(0.013025,-0.016185,-0.0097));
#12787=CARTESIAN_POINT('',(0.013025,-0.016185,-0.0097));
#12788=CARTESIAN_POINT('',(0.013025,-0.016185,-0.004));
#12789=CARTESIAN_POINT('',(0.013025,-0.016185,-0.004));
#12790=CARTESIAN_POINT('',(0.013025,-0.016835,-0.004));
#12791=CARTESIAN_POINT('',(0.013025,-0.016835,-0.0097));
#12792=CARTESIAN_POINT('',(0.013025,-0.016185,-0.0097));
#12793=CARTESIAN_POINT('',(-0.013025,-0.016185,-0.0097));
#12794=CARTESIAN_POINT('',(0.013025,-0.016185,-0.004));
#12795=CARTESIAN_POINT('',(0.012375,-0.016185,-0.004));
#12796=CARTESIAN_POINT('',(0.012375,-0.016185,-0.0097));
#12797=CARTESIAN_POINT('',(0.012375,-0.016185,-0.0097));
#12798=CARTESIAN_POINT('',(0.012375,-0.016185,-0.004));
#12799=CARTESIAN_POINT('',(0.012375,-0.016835,-0.004));
#12800=CARTESIAN_POINT('',(0.012375,-0.016835,-0.0097));
#12801=CARTESIAN_POINT('',(-0.013025,-0.016835,-0.0097));
#12802=CARTESIAN_POINT('',(0.013025,-0.016835,-0.004));
#12803=CARTESIAN_POINT('',(0.,0.,-0.0097));
#12804=CARTESIAN_POINT('',(0.013025,-0.014295,-0.0097));
#12805=CARTESIAN_POINT('',(0.013025,-0.014295,-0.0097));
#12806=CARTESIAN_POINT('',(0.012375,-0.014295,-0.0097));
#12807=CARTESIAN_POINT('',(0.012375,-0.013645,-0.0097));
#12808=CARTESIAN_POINT('',(0.012375,-0.013645,-0.0097));
#12809=CARTESIAN_POINT('',(0.013025,-0.013645,-0.0097));
#12810=CARTESIAN_POINT('',(0.013025,-0.013645,-0.0097));
#12811=CARTESIAN_POINT('',(0.013025,-0.013645,-0.0097));
#12812=CARTESIAN_POINT('',(0.013025,-0.016185,-0.0097));
#12813=CARTESIAN_POINT('',(0.013025,-0.013645,-0.004));
#12814=CARTESIAN_POINT('',(0.013025,-0.013645,-0.004));
#12815=CARTESIAN_POINT('',(0.013025,-0.014295,-0.004));
#12816=CARTESIAN_POINT('',(0.013025,-0.014295,-0.0097));
#12817=CARTESIAN_POINT('',(0.013025,-0.013645,-0.0097));
#12818=CARTESIAN_POINT('',(-0.013025,-0.013645,-0.0097));
#12819=CARTESIAN_POINT('',(0.013025,-0.013645,-0.004));
#12820=CARTESIAN_POINT('',(0.012375,-0.013645,-0.004));
#12821=CARTESIAN_POINT('',(0.012375,-0.013645,-0.0097));
#12822=CARTESIAN_POINT('',(0.012375,-0.016185,-0.0097));
#12823=CARTESIAN_POINT('',(0.012375,-0.013645,-0.004));
#12824=CARTESIAN_POINT('',(0.012375,-0.014295,-0.004));
#12825=CARTESIAN_POINT('',(0.012375,-0.014295,-0.0097));
#12826=CARTESIAN_POINT('',(-0.013025,-0.014295,-0.0097));
#12827=CARTESIAN_POINT('',(0.013025,-0.014295,-0.004));
#12828=CARTESIAN_POINT('',(0.,0.,-0.0097));
#12829=CARTESIAN_POINT('',(0.013025,-0.011755,-0.0097));
#12830=CARTESIAN_POINT('',(0.013025,-0.011755,-0.0097));
#12831=CARTESIAN_POINT('',(0.012375,-0.011755,-0.0097));
#12832=CARTESIAN_POINT('',(0.012375,-0.011105,-0.0097));
#12833=CARTESIAN_POINT('',(0.012375,-0.011105,-0.0097));
#12834=CARTESIAN_POINT('',(0.013025,-0.011105,-0.0097));
#12835=CARTESIAN_POINT('',(0.013025,-0.011105,-0.0097));
#12836=CARTESIAN_POINT('',(0.013025,-0.011105,-0.0097));
#12837=CARTESIAN_POINT('',(0.013025,-0.016185,-0.0097));
#12838=CARTESIAN_POINT('',(0.013025,-0.011105,-0.004));
#12839=CARTESIAN_POINT('',(0.013025,-0.011105,-0.004));
#12840=CARTESIAN_POINT('',(0.013025,-0.011755,-0.004));
#12841=CARTESIAN_POINT('',(0.013025,-0.011755,-0.0097));
#12842=CARTESIAN_POINT('',(0.013025,-0.011105,-0.0097));
#12843=CARTESIAN_POINT('',(-0.013025,-0.011105,-0.0097));
#12844=CARTESIAN_POINT('',(0.013025,-0.011105,-0.004));
#12845=CARTESIAN_POINT('',(0.012375,-0.011105,-0.004));
#12846=CARTESIAN_POINT('',(0.012375,-0.011105,-0.0097));
#12847=CARTESIAN_POINT('',(0.012375,-0.016185,-0.0097));
#12848=CARTESIAN_POINT('',(0.012375,-0.011105,-0.004));
#12849=CARTESIAN_POINT('',(0.012375,-0.011755,-0.004));
#12850=CARTESIAN_POINT('',(0.012375,-0.011755,-0.0097));
#12851=CARTESIAN_POINT('',(-0.013025,-0.011755,-0.0097));
#12852=CARTESIAN_POINT('',(0.013025,-0.011755,-0.004));
#12853=CARTESIAN_POINT('',(0.,0.,-0.0097));
#12854=CARTESIAN_POINT('',(0.013025,-0.009215,-0.0097));
#12855=CARTESIAN_POINT('',(0.013025,-0.009215,-0.0097));
#12856=CARTESIAN_POINT('',(0.012375,-0.009215,-0.0097));
#12857=CARTESIAN_POINT('',(0.012375,-0.008565,-0.0097));
#12858=CARTESIAN_POINT('',(0.012375,-0.008565,-0.0097));
#12859=CARTESIAN_POINT('',(0.013025,-0.008565,-0.0097));
#12860=CARTESIAN_POINT('',(0.013025,-0.008565,-0.0097));
#12861=CARTESIAN_POINT('',(0.013025,-0.008565,-0.0097));
#12862=CARTESIAN_POINT('',(0.013025,-0.016185,-0.0097));
#12863=CARTESIAN_POINT('',(0.013025,-0.008565,-0.004));
#12864=CARTESIAN_POINT('',(0.013025,-0.008565,-0.004));
#12865=CARTESIAN_POINT('',(0.013025,-0.009215,-0.004));
#12866=CARTESIAN_POINT('',(0.013025,-0.009215,-0.0097));
#12867=CARTESIAN_POINT('',(0.013025,-0.008565,-0.0097));
#12868=CARTESIAN_POINT('',(-0.013025,-0.008565,-0.0097));
#12869=CARTESIAN_POINT('',(0.013025,-0.008565,-0.004));
#12870=CARTESIAN_POINT('',(0.012375,-0.008565,-0.004));
#12871=CARTESIAN_POINT('',(0.012375,-0.008565,-0.0097));
#12872=CARTESIAN_POINT('',(0.012375,-0.016185,-0.0097));
#12873=CARTESIAN_POINT('',(0.012375,-0.008565,-0.004));
#12874=CARTESIAN_POINT('',(0.012375,-0.009215,-0.004));
#12875=CARTESIAN_POINT('',(0.012375,-0.009215,-0.0097));
#12876=CARTESIAN_POINT('',(-0.013025,-0.009215,-0.0097));
#12877=CARTESIAN_POINT('',(0.013025,-0.009215,-0.004));
#12878=CARTESIAN_POINT('',(0.,0.,-0.0097));
#12879=CARTESIAN_POINT('',(0.013025,-0.006675,-0.0097));
#12880=CARTESIAN_POINT('',(0.013025,-0.006675,-0.0097));
#12881=CARTESIAN_POINT('',(0.012375,-0.006675,-0.0097));
#12882=CARTESIAN_POINT('',(0.012375,-0.006025,-0.0097));
#12883=CARTESIAN_POINT('',(0.012375,-0.006025,-0.0097));
#12884=CARTESIAN_POINT('',(0.013025,-0.006025,-0.0097));
#12885=CARTESIAN_POINT('',(0.013025,-0.006025,-0.0097));
#12886=CARTESIAN_POINT('',(0.013025,-0.006025,-0.0097));
#12887=CARTESIAN_POINT('',(0.013025,-0.016185,-0.0097));
#12888=CARTESIAN_POINT('',(0.013025,-0.006025,-0.004));
#12889=CARTESIAN_POINT('',(0.013025,-0.006025,-0.004));
#12890=CARTESIAN_POINT('',(0.013025,-0.006675,-0.004));
#12891=CARTESIAN_POINT('',(0.013025,-0.006675,-0.0097));
#12892=CARTESIAN_POINT('',(0.013025,-0.006025,-0.0097));
#12893=CARTESIAN_POINT('',(-0.013025,-0.006025,-0.0097));
#12894=CARTESIAN_POINT('',(0.013025,-0.006025,-0.004));
#12895=CARTESIAN_POINT('',(0.012375,-0.006025,-0.004));
#12896=CARTESIAN_POINT('',(0.012375,-0.006025,-0.0097));
#12897=CARTESIAN_POINT('',(0.012375,-0.016185,-0.0097));
#12898=CARTESIAN_POINT('',(0.012375,-0.006025,-0.004));
#12899=CARTESIAN_POINT('',(0.012375,-0.006675,-0.004));
#12900=CARTESIAN_POINT('',(0.012375,-0.006675,-0.0097));
#12901=CARTESIAN_POINT('',(-0.013025,-0.006675,-0.0097));
#12902=CARTESIAN_POINT('',(0.013025,-0.006675,-0.004));
#12903=CARTESIAN_POINT('',(0.,0.,-0.0097));
#12904=CARTESIAN_POINT('',(0.013025,-0.004135,-0.0097));
#12905=CARTESIAN_POINT('',(0.013025,-0.004135,-0.0097));
#12906=CARTESIAN_POINT('',(0.012375,-0.004135,-0.0097));
#12907=CARTESIAN_POINT('',(0.012375,-0.003485,-0.0097));
#12908=CARTESIAN_POINT('',(0.012375,-0.003485,-0.0097));
#12909=CARTESIAN_POINT('',(0.013025,-0.003485,-0.0097));
#12910=CARTESIAN_POINT('',(0.013025,-0.003485,-0.0097));
#12911=CARTESIAN_POINT('',(0.013025,-0.003485,-0.0097));
#12912=CARTESIAN_POINT('',(0.013025,-0.016185,-0.0097));
#12913=CARTESIAN_POINT('',(0.013025,-0.003485,-0.004));
#12914=CARTESIAN_POINT('',(0.013025,-0.003485,-0.004));
#12915=CARTESIAN_POINT('',(0.013025,-0.004135,-0.004));
#12916=CARTESIAN_POINT('',(0.013025,-0.004135,-0.0097));
#12917=CARTESIAN_POINT('',(0.013025,-0.003485,-0.0097));
#12918=CARTESIAN_POINT('',(-0.013025,-0.003485,-0.0097));
#12919=CARTESIAN_POINT('',(0.013025,-0.003485,-0.004));
#12920=CARTESIAN_POINT('',(0.012375,-0.003485,-0.004));
#12921=CARTESIAN_POINT('',(0.012375,-0.003485,-0.0097));
#12922=CARTESIAN_POINT('',(0.012375,-0.016185,-0.0097));
#12923=CARTESIAN_POINT('',(0.012375,-0.003485,-0.004));
#12924=CARTESIAN_POINT('',(0.012375,-0.004135,-0.004));
#12925=CARTESIAN_POINT('',(0.012375,-0.004135,-0.0097));
#12926=CARTESIAN_POINT('',(-0.013025,-0.004135,-0.0097));
#12927=CARTESIAN_POINT('',(0.013025,-0.004135,-0.004));
#12928=CARTESIAN_POINT('',(0.01395,-0.01526,-0.004));
#12929=CARTESIAN_POINT('',(0.01395,-0.00256,-0.0015));
#12930=CARTESIAN_POINT('',(0.01395,-0.00256,-0.0015));
#12931=CARTESIAN_POINT('',(0.01395,-0.00506,-0.0015));
#12932=CARTESIAN_POINT('',(0.01395,-0.00506,-0.004));
#12933=CARTESIAN_POINT('',(0.01395,-0.00506,-0.004));
#12934=CARTESIAN_POINT('',(0.01395,-0.00256,-0.004));
#12935=CARTESIAN_POINT('',(0.01395,-0.00256,-0.004));
#12936=CARTESIAN_POINT('',(0.01395,-0.00256,-0.004));
#12937=CARTESIAN_POINT('',(-0.01395,-0.00256,-0.004));
#12938=CARTESIAN_POINT('',(0.01395,-0.00256,-0.0015));
#12939=CARTESIAN_POINT('',(0.01145,-0.00256,-0.0015));
#12940=CARTESIAN_POINT('',(0.01395,-0.00256,-0.004));
#12941=CARTESIAN_POINT('',(0.01145,-0.00256,-0.004));
#12942=CARTESIAN_POINT('',(0.01145,-0.00256,-0.004));
#12943=CARTESIAN_POINT('',(0.01145,-0.01526,-0.004));
#12944=CARTESIAN_POINT('',(0.01145,-0.00256,-0.0015));
#12945=CARTESIAN_POINT('',(0.01145,-0.00506,-0.0015));
#12946=CARTESIAN_POINT('',(0.01145,-0.00256,-0.004));
#12947=CARTESIAN_POINT('',(0.01145,-0.00506,-0.004));
#12948=CARTESIAN_POINT('',(0.01145,-0.00506,-0.004));
#12949=CARTESIAN_POINT('',(-0.01395,-0.00506,-0.004));
#12950=CARTESIAN_POINT('',(0.01395,-0.00506,-0.0015));
#12951=CARTESIAN_POINT('',(0.01395,-0.00506,-0.004));
#12952=CARTESIAN_POINT('',(0.01395,-0.01526,-0.004));
#12953=CARTESIAN_POINT('',(0.01395,-0.0051,-0.0015));
#12954=CARTESIAN_POINT('',(0.01395,-0.0051,-0.0015));
#12955=CARTESIAN_POINT('',(0.01395,-0.0076,-0.0015));
#12956=CARTESIAN_POINT('',(0.01395,-0.0076,-0.004));
#12957=CARTESIAN_POINT('',(0.01395,-0.0076,-0.004));
#12958=CARTESIAN_POINT('',(0.01395,-0.0051,-0.004));
#12959=CARTESIAN_POINT('',(0.01395,-0.0051,-0.004));
#12960=CARTESIAN_POINT('',(0.01395,-0.0051,-0.004));
#12961=CARTESIAN_POINT('',(-0.01395,-0.0051,-0.004));
#12962=CARTESIAN_POINT('',(0.01395,-0.0051,-0.0015));
#12963=CARTESIAN_POINT('',(0.01145,-0.0051,-0.0015));
#12964=CARTESIAN_POINT('',(0.01395,-0.0051,-0.004));
#12965=CARTESIAN_POINT('',(0.01145,-0.0051,-0.004));
#12966=CARTESIAN_POINT('',(0.01145,-0.0051,-0.004));
#12967=CARTESIAN_POINT('',(0.01145,-0.01526,-0.004));
#12968=CARTESIAN_POINT('',(0.01145,-0.0051,-0.0015));
#12969=CARTESIAN_POINT('',(0.01145,-0.0076,-0.0015));
#12970=CARTESIAN_POINT('',(0.01145,-0.0051,-0.004));
#12971=CARTESIAN_POINT('',(0.01145,-0.0076,-0.004));
#12972=CARTESIAN_POINT('',(0.01145,-0.0076,-0.004));
#12973=CARTESIAN_POINT('',(-0.01395,-0.0076,-0.004));
#12974=CARTESIAN_POINT('',(0.01395,-0.0076,-0.0015));
#12975=CARTESIAN_POINT('',(0.01395,-0.0076,-0.004));
#12976=CARTESIAN_POINT('',(0.01395,-0.01526,-0.004));
#12977=CARTESIAN_POINT('',(0.01395,-0.00764,-0.0015));
#12978=CARTESIAN_POINT('',(0.01395,-0.00764,-0.0015));
#12979=CARTESIAN_POINT('',(0.01395,-0.01014,-0.0015));
#12980=CARTESIAN_POINT('',(0.01395,-0.01014,-0.004));
#12981=CARTESIAN_POINT('',(0.01395,-0.01014,-0.004));
#12982=CARTESIAN_POINT('',(0.01395,-0.00764,-0.004));
#12983=CARTESIAN_POINT('',(0.01395,-0.00764,-0.004));
#12984=CARTESIAN_POINT('',(0.01395,-0.00764,-0.004));
#12985=CARTESIAN_POINT('',(-0.01395,-0.00764,-0.004));
#12986=CARTESIAN_POINT('',(0.01395,-0.00764,-0.0015));
#12987=CARTESIAN_POINT('',(0.01145,-0.00764,-0.0015));
#12988=CARTESIAN_POINT('',(0.01395,-0.00764,-0.004));
#12989=CARTESIAN_POINT('',(0.01145,-0.00764,-0.004));
#12990=CARTESIAN_POINT('',(0.01145,-0.00764,-0.004));
#12991=CARTESIAN_POINT('',(0.01145,-0.01526,-0.004));
#12992=CARTESIAN_POINT('',(0.01145,-0.00764,-0.0015));
#12993=CARTESIAN_POINT('',(0.01145,-0.01014,-0.0015));
#12994=CARTESIAN_POINT('',(0.01145,-0.00764,-0.004));
#12995=CARTESIAN_POINT('',(0.01145,-0.01014,-0.004));
#12996=CARTESIAN_POINT('',(0.01145,-0.01014,-0.004));
#12997=CARTESIAN_POINT('',(-0.01395,-0.01014,-0.004));
#12998=CARTESIAN_POINT('',(0.01395,-0.01014,-0.0015));
#12999=CARTESIAN_POINT('',(0.01395,-0.01014,-0.004));
#13000=CARTESIAN_POINT('',(0.01395,-0.01526,-0.004));
#13001=CARTESIAN_POINT('',(0.01395,-0.01018,-0.0015));
#13002=CARTESIAN_POINT('',(0.01395,-0.01018,-0.0015));
#13003=CARTESIAN_POINT('',(0.01395,-0.01268,-0.0015));
#13004=CARTESIAN_POINT('',(0.01395,-0.01268,-0.004));
#13005=CARTESIAN_POINT('',(0.01395,-0.01268,-0.004));
#13006=CARTESIAN_POINT('',(0.01395,-0.01018,-0.004));
#13007=CARTESIAN_POINT('',(0.01395,-0.01018,-0.004));
#13008=CARTESIAN_POINT('',(0.01395,-0.01018,-0.004));
#13009=CARTESIAN_POINT('',(-0.01395,-0.01018,-0.004));
#13010=CARTESIAN_POINT('',(0.01395,-0.01018,-0.0015));
#13011=CARTESIAN_POINT('',(0.01145,-0.01018,-0.0015));
#13012=CARTESIAN_POINT('',(0.01395,-0.01018,-0.004));
#13013=CARTESIAN_POINT('',(0.01145,-0.01018,-0.004));
#13014=CARTESIAN_POINT('',(0.01145,-0.01018,-0.004));
#13015=CARTESIAN_POINT('',(0.01145,-0.01526,-0.004));
#13016=CARTESIAN_POINT('',(0.01145,-0.01018,-0.0015));
#13017=CARTESIAN_POINT('',(0.01145,-0.01268,-0.0015));
#13018=CARTESIAN_POINT('',(0.01145,-0.01018,-0.004));
#13019=CARTESIAN_POINT('',(0.01145,-0.01268,-0.004));
#13020=CARTESIAN_POINT('',(0.01145,-0.01268,-0.004));
#13021=CARTESIAN_POINT('',(-0.01395,-0.01268,-0.004));
#13022=CARTESIAN_POINT('',(0.01395,-0.01268,-0.0015));
#13023=CARTESIAN_POINT('',(0.01395,-0.01268,-0.004));
#13024=CARTESIAN_POINT('',(0.01395,-0.01526,-0.004));
#13025=CARTESIAN_POINT('',(0.01395,-0.01272,-0.0015));
#13026=CARTESIAN_POINT('',(0.01395,-0.01272,-0.0015));
#13027=CARTESIAN_POINT('',(0.01395,-0.01522,-0.0015));
#13028=CARTESIAN_POINT('',(0.01395,-0.01522,-0.004));
#13029=CARTESIAN_POINT('',(0.01395,-0.01522,-0.004));
#13030=CARTESIAN_POINT('',(0.01395,-0.01272,-0.004));
#13031=CARTESIAN_POINT('',(0.01395,-0.01272,-0.004));
#13032=CARTESIAN_POINT('',(0.01395,-0.01272,-0.004));
#13033=CARTESIAN_POINT('',(-0.01395,-0.01272,-0.004));
#13034=CARTESIAN_POINT('',(0.01395,-0.01272,-0.0015));
#13035=CARTESIAN_POINT('',(0.01145,-0.01272,-0.0015));
#13036=CARTESIAN_POINT('',(0.01395,-0.01272,-0.004));
#13037=CARTESIAN_POINT('',(0.01145,-0.01272,-0.004));
#13038=CARTESIAN_POINT('',(0.01145,-0.01272,-0.004));
#13039=CARTESIAN_POINT('',(0.01145,-0.01526,-0.004));
#13040=CARTESIAN_POINT('',(0.01145,-0.01272,-0.0015));
#13041=CARTESIAN_POINT('',(0.01145,-0.01522,-0.0015));
#13042=CARTESIAN_POINT('',(0.01145,-0.01272,-0.004));
#13043=CARTESIAN_POINT('',(0.01145,-0.01522,-0.004));
#13044=CARTESIAN_POINT('',(0.01145,-0.01522,-0.004));
#13045=CARTESIAN_POINT('',(-0.01395,-0.01522,-0.004));
#13046=CARTESIAN_POINT('',(0.01395,-0.01522,-0.0015));
#13047=CARTESIAN_POINT('',(0.01395,-0.01522,-0.004));
#13048=CARTESIAN_POINT('',(0.01395,-0.01526,-0.004));
#13049=CARTESIAN_POINT('',(0.01395,-0.01526,-0.0015));
#13050=CARTESIAN_POINT('',(0.01395,-0.01526,-0.0015));
#13051=CARTESIAN_POINT('',(0.01395,-0.01776,-0.0015));
#13052=CARTESIAN_POINT('',(0.01395,-0.01776,-0.004));
#13053=CARTESIAN_POINT('',(0.01395,-0.01776,-0.004));
#13054=CARTESIAN_POINT('',(0.01395,-0.01526,-0.004));
#13055=CARTESIAN_POINT('',(0.01395,-0.01526,-0.004));
#13056=CARTESIAN_POINT('',(0.01395,-0.01526,-0.004));
#13057=CARTESIAN_POINT('',(-0.01395,-0.01526,-0.004));
#13058=CARTESIAN_POINT('',(0.01395,-0.01526,-0.0015));
#13059=CARTESIAN_POINT('',(0.01145,-0.01526,-0.0015));
#13060=CARTESIAN_POINT('',(0.01395,-0.01526,-0.004));
#13061=CARTESIAN_POINT('',(0.01145,-0.01526,-0.004));
#13062=CARTESIAN_POINT('',(0.01145,-0.01526,-0.004));
#13063=CARTESIAN_POINT('',(0.01145,-0.01526,-0.004));
#13064=CARTESIAN_POINT('',(0.01145,-0.01526,-0.0015));
#13065=CARTESIAN_POINT('',(0.01145,-0.01776,-0.0015));
#13066=CARTESIAN_POINT('',(0.01145,-0.01526,-0.004));
#13067=CARTESIAN_POINT('',(0.01145,-0.01776,-0.004));
#13068=CARTESIAN_POINT('',(0.01145,-0.01776,-0.004));
#13069=CARTESIAN_POINT('',(-0.01395,-0.01776,-0.004));
#13070=CARTESIAN_POINT('',(0.01395,-0.01776,-0.0015));
#13071=CARTESIAN_POINT('',(0.01395,-0.01776,-0.004));
#13072=CARTESIAN_POINT('',(-0.01395,0.0178,-0.004));
#13073=CARTESIAN_POINT('',(-0.01395,0.0178,-0.0015));
#13074=CARTESIAN_POINT('',(-0.01145,0.0178,-0.0015));
#13075=CARTESIAN_POINT('',(-0.01395,0.0178,-0.0015));
#13076=CARTESIAN_POINT('',(-0.01395,0.0178,-0.004));
#13077=CARTESIAN_POINT('',(-0.01395,0.0178,-0.004));
#13078=CARTESIAN_POINT('',(-0.01395,0.0178,-0.004));
#13079=CARTESIAN_POINT('',(-0.01145,0.0178,-0.004));
#13080=CARTESIAN_POINT('',(-0.01145,0.0178,-0.004));
#13081=CARTESIAN_POINT('',(-0.01145,-0.01526,-0.004));
#13082=CARTESIAN_POINT('',(-0.01145,0.0203,-0.0015));
#13083=CARTESIAN_POINT('',(-0.01145,0.0203,-0.0015));
#13084=CARTESIAN_POINT('',(-0.01145,0.0203,-0.004));
#13085=CARTESIAN_POINT('',(-0.01145,0.0203,-0.004));
#13086=CARTESIAN_POINT('',(-0.01145,0.0203,-0.004));
#13087=CARTESIAN_POINT('',(-0.01395,0.0203,-0.004));
#13088=CARTESIAN_POINT('',(-0.01395,0.0203,-0.0015));
#13089=CARTESIAN_POINT('',(-0.01395,0.0203,-0.0015));
#13090=CARTESIAN_POINT('',(-0.01395,0.0203,-0.004));
#13091=CARTESIAN_POINT('',(-0.01395,0.0203,-0.004));
#13092=CARTESIAN_POINT('',(-0.01395,0.0203,-0.004));
#13093=CARTESIAN_POINT('',(-0.01395,-0.01526,-0.004));
#13094=CARTESIAN_POINT('',(-0.01395,0.0203,-0.0015));
#13095=CARTESIAN_POINT('',(-0.01395,0.0203,-0.004));
#13096=CARTESIAN_POINT('',(-0.01395,-0.01776,-0.004));
#13097=CARTESIAN_POINT('',(-0.01395,-0.01776,-0.0015));
#13098=CARTESIAN_POINT('',(-0.01145,-0.01776,-0.0015));
#13099=CARTESIAN_POINT('',(-0.01395,-0.01776,-0.0015));
#13100=CARTESIAN_POINT('',(-0.01395,-0.01776,-0.004));
#13101=CARTESIAN_POINT('',(-0.01395,-0.01776,-0.004));
#13102=CARTESIAN_POINT('',(-0.01395,-0.01776,-0.004));
#13103=CARTESIAN_POINT('',(-0.01145,-0.01776,-0.004));
#13104=CARTESIAN_POINT('',(-0.01145,-0.01776,-0.004));
#13105=CARTESIAN_POINT('',(-0.01145,-0.01526,-0.004));
#13106=CARTESIAN_POINT('',(-0.01145,-0.01526,-0.0015));
#13107=CARTESIAN_POINT('',(-0.01145,-0.01526,-0.0015));
#13108=CARTESIAN_POINT('',(-0.01145,-0.01526,-0.004));
#13109=CARTESIAN_POINT('',(-0.01145,-0.01526,-0.004));
#13110=CARTESIAN_POINT('',(-0.01145,-0.01526,-0.004));
#13111=CARTESIAN_POINT('',(-0.01395,-0.01526,-0.004));
#13112=CARTESIAN_POINT('',(-0.01395,-0.01526,-0.0015));
#13113=CARTESIAN_POINT('',(-0.01395,-0.01526,-0.0015));
#13114=CARTESIAN_POINT('',(-0.01395,-0.01526,-0.004));
#13115=CARTESIAN_POINT('',(-0.01395,-0.01526,-0.004));
#13116=CARTESIAN_POINT('',(-0.01395,-0.01526,-0.004));
#13117=CARTESIAN_POINT('',(-0.01395,-0.01526,-0.004));
#13118=CARTESIAN_POINT('',(-0.01395,-0.01526,-0.0015));
#13119=CARTESIAN_POINT('',(-0.01395,-0.01526,-0.004));
#13120=CARTESIAN_POINT('',(0.01395,-0.01526,-0.004));
#13121=CARTESIAN_POINT('',(0.01395,-2.00000000000062E-5,-0.0015));
#13122=CARTESIAN_POINT('',(0.01395,-2.00000000000062E-5,-0.0015));
#13123=CARTESIAN_POINT('',(0.01395,-0.00252,-0.0015));
#13124=CARTESIAN_POINT('',(0.01395,-0.00252,-0.004));
#13125=CARTESIAN_POINT('',(0.01395,-0.00252,-0.004));
#13126=CARTESIAN_POINT('',(0.01395,-2.00000000000062E-5,-0.004));
#13127=CARTESIAN_POINT('',(0.01395,-2.00000000000062E-5,-0.004));
#13128=CARTESIAN_POINT('',(0.01395,-2.00000000000062E-5,-0.004));
#13129=CARTESIAN_POINT('',(-0.01395,-2.00000000000062E-5,-0.004));
#13130=CARTESIAN_POINT('',(0.01395,-2.00000000000062E-5,-0.0015));
#13131=CARTESIAN_POINT('',(0.01145,-2.00000000000062E-5,-0.0015));
#13132=CARTESIAN_POINT('',(0.01395,-2.00000000000062E-5,-0.004));
#13133=CARTESIAN_POINT('',(0.01145,-2.00000000000062E-5,-0.004));
#13134=CARTESIAN_POINT('',(0.01145,-2.00000000000062E-5,-0.004));
#13135=CARTESIAN_POINT('',(0.01145,-0.01526,-0.004));
#13136=CARTESIAN_POINT('',(0.01145,-2.00000000000062E-5,-0.0015));
#13137=CARTESIAN_POINT('',(0.01145,-0.00252,-0.0015));
#13138=CARTESIAN_POINT('',(0.01145,-2.00000000000062E-5,-0.004));
#13139=CARTESIAN_POINT('',(0.01145,-0.00252,-0.004));
#13140=CARTESIAN_POINT('',(0.01145,-0.00252,-0.004));
#13141=CARTESIAN_POINT('',(-0.01395,-0.00252,-0.004));
#13142=CARTESIAN_POINT('',(0.01395,-0.00252,-0.0015));
#13143=CARTESIAN_POINT('',(0.01395,-0.00252,-0.004));
#13144=CARTESIAN_POINT('',(0.01395,-0.01526,-0.004));
#13145=CARTESIAN_POINT('',(0.01395,0.00252,-0.0015));
#13146=CARTESIAN_POINT('',(0.01395,0.00252,-0.0015));
#13147=CARTESIAN_POINT('',(0.01395,1.99999999999957E-5,-0.0015));
#13148=CARTESIAN_POINT('',(0.01395,1.99999999999957E-5,-0.004));
#13149=CARTESIAN_POINT('',(0.01395,1.99999999999957E-5,-0.004));
#13150=CARTESIAN_POINT('',(0.01395,0.00252,-0.004));
#13151=CARTESIAN_POINT('',(0.01395,0.00252,-0.004));
#13152=CARTESIAN_POINT('',(0.01395,0.00252,-0.004));
#13153=CARTESIAN_POINT('',(-0.01395,0.00252,-0.004));
#13154=CARTESIAN_POINT('',(0.01395,0.00252,-0.0015));
#13155=CARTESIAN_POINT('',(0.01145,0.00252,-0.0015));
#13156=CARTESIAN_POINT('',(0.01395,0.00252,-0.004));
#13157=CARTESIAN_POINT('',(0.01145,0.00252,-0.004));
#13158=CARTESIAN_POINT('',(0.01145,0.00252,-0.004));
#13159=CARTESIAN_POINT('',(0.01145,-0.01526,-0.004));
#13160=CARTESIAN_POINT('',(0.01145,0.00252,-0.0015));
#13161=CARTESIAN_POINT('',(0.01145,1.99999999999957E-5,-0.0015));
#13162=CARTESIAN_POINT('',(0.01145,0.00252,-0.004));
#13163=CARTESIAN_POINT('',(0.01145,1.99999999999957E-5,-0.004));
#13164=CARTESIAN_POINT('',(0.01145,1.99999999999957E-5,-0.004));
#13165=CARTESIAN_POINT('',(-0.01395,1.99999999999957E-5,-0.004));
#13166=CARTESIAN_POINT('',(0.01395,1.99999999999957E-5,-0.0015));
#13167=CARTESIAN_POINT('',(0.01395,1.99999999999957E-5,-0.004));
#13168=CARTESIAN_POINT('',(0.01395,-0.01526,-0.004));
#13169=CARTESIAN_POINT('',(0.01395,0.00506,-0.0015));
#13170=CARTESIAN_POINT('',(0.01395,0.00506,-0.0015));
#13171=CARTESIAN_POINT('',(0.01395,0.00256,-0.0015));
#13172=CARTESIAN_POINT('',(0.01395,0.00256,-0.004));
#13173=CARTESIAN_POINT('',(0.01395,0.00256,-0.004));
#13174=CARTESIAN_POINT('',(0.01395,0.00506,-0.004));
#13175=CARTESIAN_POINT('',(0.01395,0.00506,-0.004));
#13176=CARTESIAN_POINT('',(0.01395,0.00506,-0.004));
#13177=CARTESIAN_POINT('',(-0.01395,0.00506,-0.004));
#13178=CARTESIAN_POINT('',(0.01395,0.00506,-0.0015));
#13179=CARTESIAN_POINT('',(0.01145,0.00506,-0.0015));
#13180=CARTESIAN_POINT('',(0.01395,0.00506,-0.004));
#13181=CARTESIAN_POINT('',(0.01145,0.00506,-0.004));
#13182=CARTESIAN_POINT('',(0.01145,0.00506,-0.004));
#13183=CARTESIAN_POINT('',(0.01145,-0.01526,-0.004));
#13184=CARTESIAN_POINT('',(0.01145,0.00506,-0.0015));
#13185=CARTESIAN_POINT('',(0.01145,0.00256,-0.0015));
#13186=CARTESIAN_POINT('',(0.01145,0.00506,-0.004));
#13187=CARTESIAN_POINT('',(0.01145,0.00256,-0.004));
#13188=CARTESIAN_POINT('',(0.01145,0.00256,-0.004));
#13189=CARTESIAN_POINT('',(-0.01395,0.00256,-0.004));
#13190=CARTESIAN_POINT('',(0.01395,0.00256,-0.0015));
#13191=CARTESIAN_POINT('',(0.01395,0.00256,-0.004));
#13192=CARTESIAN_POINT('',(0.01395,-0.01526,-0.004));
#13193=CARTESIAN_POINT('',(0.01395,0.0076,-0.0015));
#13194=CARTESIAN_POINT('',(0.01395,0.0076,-0.0015));
#13195=CARTESIAN_POINT('',(0.01395,0.0051,-0.0015));
#13196=CARTESIAN_POINT('',(0.01395,0.0051,-0.004));
#13197=CARTESIAN_POINT('',(0.01395,0.0051,-0.004));
#13198=CARTESIAN_POINT('',(0.01395,0.0076,-0.004));
#13199=CARTESIAN_POINT('',(0.01395,0.0076,-0.004));
#13200=CARTESIAN_POINT('',(0.01395,0.0076,-0.004));
#13201=CARTESIAN_POINT('',(-0.01395,0.0076,-0.004));
#13202=CARTESIAN_POINT('',(0.01395,0.0076,-0.0015));
#13203=CARTESIAN_POINT('',(0.01145,0.0076,-0.0015));
#13204=CARTESIAN_POINT('',(0.01395,0.0076,-0.004));
#13205=CARTESIAN_POINT('',(0.01145,0.0076,-0.004));
#13206=CARTESIAN_POINT('',(0.01145,0.0076,-0.004));
#13207=CARTESIAN_POINT('',(0.01145,-0.01526,-0.004));
#13208=CARTESIAN_POINT('',(0.01145,0.0076,-0.0015));
#13209=CARTESIAN_POINT('',(0.01145,0.0051,-0.0015));
#13210=CARTESIAN_POINT('',(0.01145,0.0076,-0.004));
#13211=CARTESIAN_POINT('',(0.01145,0.0051,-0.004));
#13212=CARTESIAN_POINT('',(0.01145,0.0051,-0.004));
#13213=CARTESIAN_POINT('',(-0.01395,0.0051,-0.004));
#13214=CARTESIAN_POINT('',(0.01395,0.0051,-0.0015));
#13215=CARTESIAN_POINT('',(0.01395,0.0051,-0.004));
#13216=CARTESIAN_POINT('',(0.01395,-0.01526,-0.004));
#13217=CARTESIAN_POINT('',(0.01395,0.01014,-0.0015));
#13218=CARTESIAN_POINT('',(0.01395,0.01014,-0.0015));
#13219=CARTESIAN_POINT('',(0.01395,0.00764,-0.0015));
#13220=CARTESIAN_POINT('',(0.01395,0.00764,-0.004));
#13221=CARTESIAN_POINT('',(0.01395,0.00764,-0.004));
#13222=CARTESIAN_POINT('',(0.01395,0.01014,-0.004));
#13223=CARTESIAN_POINT('',(0.01395,0.01014,-0.004));
#13224=CARTESIAN_POINT('',(0.01395,0.01014,-0.004));
#13225=CARTESIAN_POINT('',(-0.01395,0.01014,-0.004));
#13226=CARTESIAN_POINT('',(0.01395,0.01014,-0.0015));
#13227=CARTESIAN_POINT('',(0.01145,0.01014,-0.0015));
#13228=CARTESIAN_POINT('',(0.01395,0.01014,-0.004));
#13229=CARTESIAN_POINT('',(0.01145,0.01014,-0.004));
#13230=CARTESIAN_POINT('',(0.01145,0.01014,-0.004));
#13231=CARTESIAN_POINT('',(0.01145,-0.01526,-0.004));
#13232=CARTESIAN_POINT('',(0.01145,0.01014,-0.0015));
#13233=CARTESIAN_POINT('',(0.01145,0.00764,-0.0015));
#13234=CARTESIAN_POINT('',(0.01145,0.01014,-0.004));
#13235=CARTESIAN_POINT('',(0.01145,0.00764,-0.004));
#13236=CARTESIAN_POINT('',(0.01145,0.00764,-0.004));
#13237=CARTESIAN_POINT('',(-0.01395,0.00764,-0.004));
#13238=CARTESIAN_POINT('',(0.01395,0.00764,-0.0015));
#13239=CARTESIAN_POINT('',(0.01395,0.00764,-0.004));
#13240=CARTESIAN_POINT('',(0.01395,-0.01526,-0.004));
#13241=CARTESIAN_POINT('',(0.01395,0.01268,-0.0015));
#13242=CARTESIAN_POINT('',(0.01395,0.01268,-0.0015));
#13243=CARTESIAN_POINT('',(0.01395,0.01018,-0.0015));
#13244=CARTESIAN_POINT('',(0.01395,0.01018,-0.004));
#13245=CARTESIAN_POINT('',(0.01395,0.01018,-0.004));
#13246=CARTESIAN_POINT('',(0.01395,0.01268,-0.004));
#13247=CARTESIAN_POINT('',(0.01395,0.01268,-0.004));
#13248=CARTESIAN_POINT('',(0.01395,0.01268,-0.004));
#13249=CARTESIAN_POINT('',(-0.01395,0.01268,-0.004));
#13250=CARTESIAN_POINT('',(0.01395,0.01268,-0.0015));
#13251=CARTESIAN_POINT('',(0.01145,0.01268,-0.0015));
#13252=CARTESIAN_POINT('',(0.01395,0.01268,-0.004));
#13253=CARTESIAN_POINT('',(0.01145,0.01268,-0.004));
#13254=CARTESIAN_POINT('',(0.01145,0.01268,-0.004));
#13255=CARTESIAN_POINT('',(0.01145,-0.01526,-0.004));
#13256=CARTESIAN_POINT('',(0.01145,0.01268,-0.0015));
#13257=CARTESIAN_POINT('',(0.01145,0.01018,-0.0015));
#13258=CARTESIAN_POINT('',(0.01145,0.01268,-0.004));
#13259=CARTESIAN_POINT('',(0.01145,0.01018,-0.004));
#13260=CARTESIAN_POINT('',(0.01145,0.01018,-0.004));
#13261=CARTESIAN_POINT('',(-0.01395,0.01018,-0.004));
#13262=CARTESIAN_POINT('',(0.01395,0.01018,-0.0015));
#13263=CARTESIAN_POINT('',(0.01395,0.01018,-0.004));
#13264=CARTESIAN_POINT('',(0.01395,-0.01526,-0.004));
#13265=CARTESIAN_POINT('',(0.01395,0.01522,-0.0015));
#13266=CARTESIAN_POINT('',(0.01395,0.01522,-0.0015));
#13267=CARTESIAN_POINT('',(0.01395,0.01272,-0.0015));
#13268=CARTESIAN_POINT('',(0.01395,0.01272,-0.004));
#13269=CARTESIAN_POINT('',(0.01395,0.01272,-0.004));
#13270=CARTESIAN_POINT('',(0.01395,0.01522,-0.004));
#13271=CARTESIAN_POINT('',(0.01395,0.01522,-0.004));
#13272=CARTESIAN_POINT('',(0.01395,0.01522,-0.004));
#13273=CARTESIAN_POINT('',(-0.01395,0.01522,-0.004));
#13274=CARTESIAN_POINT('',(0.01395,0.01522,-0.0015));
#13275=CARTESIAN_POINT('',(0.01145,0.01522,-0.0015));
#13276=CARTESIAN_POINT('',(0.01395,0.01522,-0.004));
#13277=CARTESIAN_POINT('',(0.01145,0.01522,-0.004));
#13278=CARTESIAN_POINT('',(0.01145,0.01522,-0.004));
#13279=CARTESIAN_POINT('',(0.01145,-0.01526,-0.004));
#13280=CARTESIAN_POINT('',(0.01145,0.01522,-0.0015));
#13281=CARTESIAN_POINT('',(0.01145,0.01272,-0.0015));
#13282=CARTESIAN_POINT('',(0.01145,0.01522,-0.004));
#13283=CARTESIAN_POINT('',(0.01145,0.01272,-0.004));
#13284=CARTESIAN_POINT('',(0.01145,0.01272,-0.004));
#13285=CARTESIAN_POINT('',(-0.01395,0.01272,-0.004));
#13286=CARTESIAN_POINT('',(0.01395,0.01272,-0.0015));
#13287=CARTESIAN_POINT('',(0.01395,0.01272,-0.004));
#13288=CARTESIAN_POINT('',(0.,0.,-0.004));
#13289=CARTESIAN_POINT('',(0.01145,0.0203,-0.004));
#13290=CARTESIAN_POINT('',(0.01145,0.0178,-0.004));
#13291=CARTESIAN_POINT('',(0.01145,0.0203,-0.004));
#13292=CARTESIAN_POINT('',(0.01395,0.0203,-0.004));
#13293=CARTESIAN_POINT('',(0.01395,0.0203,-0.004));
#13294=CARTESIAN_POINT('',(0.01395,0.0203,-0.004));
#13295=CARTESIAN_POINT('',(0.01395,0.0178,-0.004));
#13296=CARTESIAN_POINT('',(0.01395,0.0178,-0.004));
#13297=CARTESIAN_POINT('',(-0.01395,0.0178,-0.004));
#13298=CARTESIAN_POINT('',(0.01395,0.0178,-0.0015));
#13299=CARTESIAN_POINT('',(0.01395,0.0178,-0.0015));
#13300=CARTESIAN_POINT('',(0.01145,0.0178,-0.0015));
#13301=CARTESIAN_POINT('',(0.01145,0.0178,-0.004));
#13302=CARTESIAN_POINT('',(0.01395,0.0178,-0.004));
#13303=CARTESIAN_POINT('',(0.01395,-0.01526,-0.004));
#13304=CARTESIAN_POINT('',(0.01395,0.0203,-0.0015));
#13305=CARTESIAN_POINT('',(0.01395,0.0203,-0.0015));
#13306=CARTESIAN_POINT('',(0.01395,0.0203,-0.004));
#13307=CARTESIAN_POINT('',(-0.01395,0.0203,-0.004));
#13308=CARTESIAN_POINT('',(0.01395,0.0203,-0.0015));
#13309=CARTESIAN_POINT('',(0.01145,0.0203,-0.0015));
#13310=CARTESIAN_POINT('',(0.01145,0.0203,-0.004));
#13311=CARTESIAN_POINT('',(0.01145,-0.01526,-0.004));
#13312=CARTESIAN_POINT('',(0.01145,0.0203,-0.0015));
#13313=CARTESIAN_POINT('',(-0.01395,-0.01522,-0.004));
#13314=CARTESIAN_POINT('',(-0.01395,-0.01522,-0.0015));
#13315=CARTESIAN_POINT('',(-0.01145,-0.01522,-0.0015));
#13316=CARTESIAN_POINT('',(-0.01395,-0.01522,-0.0015));
#13317=CARTESIAN_POINT('',(-0.01395,-0.01522,-0.004));
#13318=CARTESIAN_POINT('',(-0.01395,-0.01522,-0.004));
#13319=CARTESIAN_POINT('',(-0.01395,-0.01522,-0.004));
#13320=CARTESIAN_POINT('',(-0.01145,-0.01522,-0.004));
#13321=CARTESIAN_POINT('',(-0.01145,-0.01522,-0.004));
#13322=CARTESIAN_POINT('',(-0.01145,-0.01526,-0.004));
#13323=CARTESIAN_POINT('',(-0.01145,-0.01272,-0.0015));
#13324=CARTESIAN_POINT('',(-0.01145,-0.01272,-0.0015));
#13325=CARTESIAN_POINT('',(-0.01145,-0.01272,-0.004));
#13326=CARTESIAN_POINT('',(-0.01145,-0.01272,-0.004));
#13327=CARTESIAN_POINT('',(-0.01145,-0.01272,-0.004));
#13328=CARTESIAN_POINT('',(-0.01395,-0.01272,-0.004));
#13329=CARTESIAN_POINT('',(-0.01395,-0.01272,-0.0015));
#13330=CARTESIAN_POINT('',(-0.01395,-0.01272,-0.0015));
#13331=CARTESIAN_POINT('',(-0.01395,-0.01272,-0.004));
#13332=CARTESIAN_POINT('',(-0.01395,-0.01272,-0.004));
#13333=CARTESIAN_POINT('',(-0.01395,-0.01272,-0.004));
#13334=CARTESIAN_POINT('',(-0.01395,-0.01526,-0.004));
#13335=CARTESIAN_POINT('',(-0.01395,-0.01272,-0.0015));
#13336=CARTESIAN_POINT('',(-0.01395,-0.01272,-0.004));
#13337=CARTESIAN_POINT('',(-0.01395,-0.01268,-0.004));
#13338=CARTESIAN_POINT('',(-0.01395,-0.01268,-0.0015));
#13339=CARTESIAN_POINT('',(-0.01145,-0.01268,-0.0015));
#13340=CARTESIAN_POINT('',(-0.01395,-0.01268,-0.0015));
#13341=CARTESIAN_POINT('',(-0.01395,-0.01268,-0.004));
#13342=CARTESIAN_POINT('',(-0.01395,-0.01268,-0.004));
#13343=CARTESIAN_POINT('',(-0.01395,-0.01268,-0.004));
#13344=CARTESIAN_POINT('',(-0.01145,-0.01268,-0.004));
#13345=CARTESIAN_POINT('',(-0.01145,-0.01268,-0.004));
#13346=CARTESIAN_POINT('',(-0.01145,-0.01526,-0.004));
#13347=CARTESIAN_POINT('',(-0.01145,-0.01018,-0.0015));
#13348=CARTESIAN_POINT('',(-0.01145,-0.01018,-0.0015));
#13349=CARTESIAN_POINT('',(-0.01145,-0.01018,-0.004));
#13350=CARTESIAN_POINT('',(-0.01145,-0.01018,-0.004));
#13351=CARTESIAN_POINT('',(-0.01145,-0.01018,-0.004));
#13352=CARTESIAN_POINT('',(-0.01395,-0.01018,-0.004));
#13353=CARTESIAN_POINT('',(-0.01395,-0.01018,-0.0015));
#13354=CARTESIAN_POINT('',(-0.01395,-0.01018,-0.0015));
#13355=CARTESIAN_POINT('',(-0.01395,-0.01018,-0.004));
#13356=CARTESIAN_POINT('',(-0.01395,-0.01018,-0.004));
#13357=CARTESIAN_POINT('',(-0.01395,-0.01018,-0.004));
#13358=CARTESIAN_POINT('',(-0.01395,-0.01526,-0.004));
#13359=CARTESIAN_POINT('',(-0.01395,-0.01018,-0.0015));
#13360=CARTESIAN_POINT('',(-0.01395,-0.01018,-0.004));
#13361=CARTESIAN_POINT('',(-0.01395,-0.01014,-0.004));
#13362=CARTESIAN_POINT('',(-0.01395,-0.01014,-0.0015));
#13363=CARTESIAN_POINT('',(-0.01145,-0.01014,-0.0015));
#13364=CARTESIAN_POINT('',(-0.01395,-0.01014,-0.0015));
#13365=CARTESIAN_POINT('',(-0.01395,-0.01014,-0.004));
#13366=CARTESIAN_POINT('',(-0.01395,-0.01014,-0.004));
#13367=CARTESIAN_POINT('',(-0.01395,-0.01014,-0.004));
#13368=CARTESIAN_POINT('',(-0.01145,-0.01014,-0.004));
#13369=CARTESIAN_POINT('',(-0.01145,-0.01014,-0.004));
#13370=CARTESIAN_POINT('',(-0.01145,-0.01526,-0.004));
#13371=CARTESIAN_POINT('',(-0.01145,-0.00764,-0.0015));
#13372=CARTESIAN_POINT('',(-0.01145,-0.00764,-0.0015));
#13373=CARTESIAN_POINT('',(-0.01145,-0.00764,-0.004));
#13374=CARTESIAN_POINT('',(-0.01145,-0.00764,-0.004));
#13375=CARTESIAN_POINT('',(-0.01145,-0.00764,-0.004));
#13376=CARTESIAN_POINT('',(-0.01395,-0.00764,-0.004));
#13377=CARTESIAN_POINT('',(-0.01395,-0.00764,-0.0015));
#13378=CARTESIAN_POINT('',(-0.01395,-0.00764,-0.0015));
#13379=CARTESIAN_POINT('',(-0.01395,-0.00764,-0.004));
#13380=CARTESIAN_POINT('',(-0.01395,-0.00764,-0.004));
#13381=CARTESIAN_POINT('',(-0.01395,-0.00764,-0.004));
#13382=CARTESIAN_POINT('',(-0.01395,-0.01526,-0.004));
#13383=CARTESIAN_POINT('',(-0.01395,-0.00764,-0.0015));
#13384=CARTESIAN_POINT('',(-0.01395,-0.00764,-0.004));
#13385=CARTESIAN_POINT('',(-0.01395,-0.0076,-0.004));
#13386=CARTESIAN_POINT('',(-0.01395,-0.0076,-0.0015));
#13387=CARTESIAN_POINT('',(-0.01145,-0.0076,-0.0015));
#13388=CARTESIAN_POINT('',(-0.01395,-0.0076,-0.0015));
#13389=CARTESIAN_POINT('',(-0.01395,-0.0076,-0.004));
#13390=CARTESIAN_POINT('',(-0.01395,-0.0076,-0.004));
#13391=CARTESIAN_POINT('',(-0.01395,-0.0076,-0.004));
#13392=CARTESIAN_POINT('',(-0.01145,-0.0076,-0.004));
#13393=CARTESIAN_POINT('',(-0.01145,-0.0076,-0.004));
#13394=CARTESIAN_POINT('',(-0.01145,-0.01526,-0.004));
#13395=CARTESIAN_POINT('',(-0.01145,-0.0051,-0.0015));
#13396=CARTESIAN_POINT('',(-0.01145,-0.0051,-0.0015));
#13397=CARTESIAN_POINT('',(-0.01145,-0.0051,-0.004));
#13398=CARTESIAN_POINT('',(-0.01145,-0.0051,-0.004));
#13399=CARTESIAN_POINT('',(-0.01145,-0.0051,-0.004));
#13400=CARTESIAN_POINT('',(-0.01395,-0.0051,-0.004));
#13401=CARTESIAN_POINT('',(-0.01395,-0.0051,-0.0015));
#13402=CARTESIAN_POINT('',(-0.01395,-0.0051,-0.0015));
#13403=CARTESIAN_POINT('',(-0.01395,-0.0051,-0.004));
#13404=CARTESIAN_POINT('',(-0.01395,-0.0051,-0.004));
#13405=CARTESIAN_POINT('',(-0.01395,-0.0051,-0.004));
#13406=CARTESIAN_POINT('',(-0.01395,-0.01526,-0.004));
#13407=CARTESIAN_POINT('',(-0.01395,-0.0051,-0.0015));
#13408=CARTESIAN_POINT('',(-0.01395,-0.0051,-0.004));
#13409=CARTESIAN_POINT('',(-0.01395,-0.00506,-0.004));
#13410=CARTESIAN_POINT('',(-0.01395,-0.00506,-0.0015));
#13411=CARTESIAN_POINT('',(-0.01145,-0.00506,-0.0015));
#13412=CARTESIAN_POINT('',(-0.01395,-0.00506,-0.0015));
#13413=CARTESIAN_POINT('',(-0.01395,-0.00506,-0.004));
#13414=CARTESIAN_POINT('',(-0.01395,-0.00506,-0.004));
#13415=CARTESIAN_POINT('',(-0.01395,-0.00506,-0.004));
#13416=CARTESIAN_POINT('',(-0.01145,-0.00506,-0.004));
#13417=CARTESIAN_POINT('',(-0.01145,-0.00506,-0.004));
#13418=CARTESIAN_POINT('',(-0.01145,-0.01526,-0.004));
#13419=CARTESIAN_POINT('',(-0.01145,-0.00256,-0.0015));
#13420=CARTESIAN_POINT('',(-0.01145,-0.00256,-0.0015));
#13421=CARTESIAN_POINT('',(-0.01145,-0.00256,-0.004));
#13422=CARTESIAN_POINT('',(-0.01145,-0.00256,-0.004));
#13423=CARTESIAN_POINT('',(-0.01145,-0.00256,-0.004));
#13424=CARTESIAN_POINT('',(-0.01395,-0.00256,-0.004));
#13425=CARTESIAN_POINT('',(-0.01395,-0.00256,-0.0015));
#13426=CARTESIAN_POINT('',(-0.01395,-0.00256,-0.0015));
#13427=CARTESIAN_POINT('',(-0.01395,-0.00256,-0.004));
#13428=CARTESIAN_POINT('',(-0.01395,-0.00256,-0.004));
#13429=CARTESIAN_POINT('',(-0.01395,-0.00256,-0.004));
#13430=CARTESIAN_POINT('',(-0.01395,-0.01526,-0.004));
#13431=CARTESIAN_POINT('',(-0.01395,-0.00256,-0.0015));
#13432=CARTESIAN_POINT('',(-0.01395,-0.00256,-0.004));
#13433=CARTESIAN_POINT('',(-0.01395,-0.00252,-0.004));
#13434=CARTESIAN_POINT('',(-0.01395,-0.00252,-0.0015));
#13435=CARTESIAN_POINT('',(-0.01145,-0.00252,-0.0015));
#13436=CARTESIAN_POINT('',(-0.01395,-0.00252,-0.0015));
#13437=CARTESIAN_POINT('',(-0.01395,-0.00252,-0.004));
#13438=CARTESIAN_POINT('',(-0.01395,-0.00252,-0.004));
#13439=CARTESIAN_POINT('',(-0.01395,-0.00252,-0.004));
#13440=CARTESIAN_POINT('',(-0.01145,-0.00252,-0.004));
#13441=CARTESIAN_POINT('',(-0.01145,-0.00252,-0.004));
#13442=CARTESIAN_POINT('',(-0.01145,-0.01526,-0.004));
#13443=CARTESIAN_POINT('',(-0.01145,-2.00000000000062E-5,-0.0015));
#13444=CARTESIAN_POINT('',(-0.01145,-2.00000000000062E-5,-0.0015));
#13445=CARTESIAN_POINT('',(-0.01145,-2.00000000000062E-5,-0.004));
#13446=CARTESIAN_POINT('',(-0.01145,-2.00000000000062E-5,-0.004));
#13447=CARTESIAN_POINT('',(-0.01145,-2.00000000000062E-5,-0.004));
#13448=CARTESIAN_POINT('',(-0.01395,-2.00000000000062E-5,-0.004));
#13449=CARTESIAN_POINT('',(-0.01395,-2.00000000000062E-5,-0.0015));
#13450=CARTESIAN_POINT('',(-0.01395,-2.00000000000062E-5,-0.0015));
#13451=CARTESIAN_POINT('',(-0.01395,-2.00000000000062E-5,-0.004));
#13452=CARTESIAN_POINT('',(-0.01395,-2.00000000000062E-5,-0.004));
#13453=CARTESIAN_POINT('',(-0.01395,-2.00000000000062E-5,-0.004));
#13454=CARTESIAN_POINT('',(-0.01395,-0.01526,-0.004));
#13455=CARTESIAN_POINT('',(-0.01395,-2.00000000000062E-5,-0.0015));
#13456=CARTESIAN_POINT('',(-0.01395,-2.00000000000062E-5,-0.004));
#13457=CARTESIAN_POINT('',(-0.01395,1.99999999999957E-5,-0.004));
#13458=CARTESIAN_POINT('',(-0.01395,1.99999999999957E-5,-0.0015));
#13459=CARTESIAN_POINT('',(-0.01145,1.99999999999957E-5,-0.0015));
#13460=CARTESIAN_POINT('',(-0.01395,1.99999999999957E-5,-0.0015));
#13461=CARTESIAN_POINT('',(-0.01395,1.99999999999957E-5,-0.004));
#13462=CARTESIAN_POINT('',(-0.01395,1.99999999999957E-5,-0.004));
#13463=CARTESIAN_POINT('',(-0.01395,1.99999999999957E-5,-0.004));
#13464=CARTESIAN_POINT('',(-0.01145,1.99999999999957E-5,-0.004));
#13465=CARTESIAN_POINT('',(-0.01145,1.99999999999957E-5,-0.004));
#13466=CARTESIAN_POINT('',(-0.01145,-0.01526,-0.004));
#13467=CARTESIAN_POINT('',(-0.01145,0.00252,-0.0015));
#13468=CARTESIAN_POINT('',(-0.01145,0.00252,-0.0015));
#13469=CARTESIAN_POINT('',(-0.01145,0.00252,-0.004));
#13470=CARTESIAN_POINT('',(-0.01145,0.00252,-0.004));
#13471=CARTESIAN_POINT('',(-0.01145,0.00252,-0.004));
#13472=CARTESIAN_POINT('',(-0.01395,0.00252,-0.004));
#13473=CARTESIAN_POINT('',(-0.01395,0.00252,-0.0015));
#13474=CARTESIAN_POINT('',(-0.01395,0.00252,-0.0015));
#13475=CARTESIAN_POINT('',(-0.01395,0.00252,-0.004));
#13476=CARTESIAN_POINT('',(-0.01395,0.00252,-0.004));
#13477=CARTESIAN_POINT('',(-0.01395,0.00252,-0.004));
#13478=CARTESIAN_POINT('',(-0.01395,-0.01526,-0.004));
#13479=CARTESIAN_POINT('',(-0.01395,0.00252,-0.0015));
#13480=CARTESIAN_POINT('',(-0.01395,0.00252,-0.004));
#13481=CARTESIAN_POINT('',(-0.01395,0.00256,-0.004));
#13482=CARTESIAN_POINT('',(-0.01395,0.00256,-0.0015));
#13483=CARTESIAN_POINT('',(-0.01145,0.00256,-0.0015));
#13484=CARTESIAN_POINT('',(-0.01395,0.00256,-0.0015));
#13485=CARTESIAN_POINT('',(-0.01395,0.00256,-0.004));
#13486=CARTESIAN_POINT('',(-0.01395,0.00256,-0.004));
#13487=CARTESIAN_POINT('',(-0.01395,0.00256,-0.004));
#13488=CARTESIAN_POINT('',(-0.01145,0.00256,-0.004));
#13489=CARTESIAN_POINT('',(-0.01145,0.00256,-0.004));
#13490=CARTESIAN_POINT('',(-0.01145,-0.01526,-0.004));
#13491=CARTESIAN_POINT('',(-0.01145,0.00506,-0.0015));
#13492=CARTESIAN_POINT('',(-0.01145,0.00506,-0.0015));
#13493=CARTESIAN_POINT('',(-0.01145,0.00506,-0.004));
#13494=CARTESIAN_POINT('',(-0.01145,0.00506,-0.004));
#13495=CARTESIAN_POINT('',(-0.01145,0.00506,-0.004));
#13496=CARTESIAN_POINT('',(-0.01395,0.00506,-0.004));
#13497=CARTESIAN_POINT('',(-0.01395,0.00506,-0.0015));
#13498=CARTESIAN_POINT('',(-0.01395,0.00506,-0.0015));
#13499=CARTESIAN_POINT('',(-0.01395,0.00506,-0.004));
#13500=CARTESIAN_POINT('',(-0.01395,0.00506,-0.004));
#13501=CARTESIAN_POINT('',(-0.01395,0.00506,-0.004));
#13502=CARTESIAN_POINT('',(-0.01395,-0.01526,-0.004));
#13503=CARTESIAN_POINT('',(-0.01395,0.00506,-0.0015));
#13504=CARTESIAN_POINT('',(-0.01395,0.00506,-0.004));
#13505=CARTESIAN_POINT('',(-0.01395,0.0051,-0.004));
#13506=CARTESIAN_POINT('',(-0.01395,0.0051,-0.0015));
#13507=CARTESIAN_POINT('',(-0.01145,0.0051,-0.0015));
#13508=CARTESIAN_POINT('',(-0.01395,0.0051,-0.0015));
#13509=CARTESIAN_POINT('',(-0.01395,0.0051,-0.004));
#13510=CARTESIAN_POINT('',(-0.01395,0.0051,-0.004));
#13511=CARTESIAN_POINT('',(-0.01395,0.0051,-0.004));
#13512=CARTESIAN_POINT('',(-0.01145,0.0051,-0.004));
#13513=CARTESIAN_POINT('',(-0.01145,0.0051,-0.004));
#13514=CARTESIAN_POINT('',(-0.01145,-0.01526,-0.004));
#13515=CARTESIAN_POINT('',(-0.01145,0.0076,-0.0015));
#13516=CARTESIAN_POINT('',(-0.01145,0.0076,-0.0015));
#13517=CARTESIAN_POINT('',(-0.01145,0.0076,-0.004));
#13518=CARTESIAN_POINT('',(-0.01145,0.0076,-0.004));
#13519=CARTESIAN_POINT('',(-0.01145,0.0076,-0.004));
#13520=CARTESIAN_POINT('',(-0.01395,0.0076,-0.004));
#13521=CARTESIAN_POINT('',(-0.01395,0.0076,-0.0015));
#13522=CARTESIAN_POINT('',(-0.01395,0.0076,-0.0015));
#13523=CARTESIAN_POINT('',(-0.01395,0.0076,-0.004));
#13524=CARTESIAN_POINT('',(-0.01395,0.0076,-0.004));
#13525=CARTESIAN_POINT('',(-0.01395,0.0076,-0.004));
#13526=CARTESIAN_POINT('',(-0.01395,-0.01526,-0.004));
#13527=CARTESIAN_POINT('',(-0.01395,0.0076,-0.0015));
#13528=CARTESIAN_POINT('',(-0.01395,0.0076,-0.004));
#13529=CARTESIAN_POINT('',(-0.01395,0.00764,-0.004));
#13530=CARTESIAN_POINT('',(-0.01395,0.00764,-0.0015));
#13531=CARTESIAN_POINT('',(-0.01145,0.00764,-0.0015));
#13532=CARTESIAN_POINT('',(-0.01395,0.00764,-0.0015));
#13533=CARTESIAN_POINT('',(-0.01395,0.00764,-0.004));
#13534=CARTESIAN_POINT('',(-0.01395,0.00764,-0.004));
#13535=CARTESIAN_POINT('',(-0.01395,0.00764,-0.004));
#13536=CARTESIAN_POINT('',(-0.01145,0.00764,-0.004));
#13537=CARTESIAN_POINT('',(-0.01145,0.00764,-0.004));
#13538=CARTESIAN_POINT('',(-0.01145,-0.01526,-0.004));
#13539=CARTESIAN_POINT('',(-0.01145,0.01014,-0.0015));
#13540=CARTESIAN_POINT('',(-0.01145,0.01014,-0.0015));
#13541=CARTESIAN_POINT('',(-0.01145,0.01014,-0.004));
#13542=CARTESIAN_POINT('',(-0.01145,0.01014,-0.004));
#13543=CARTESIAN_POINT('',(-0.01145,0.01014,-0.004));
#13544=CARTESIAN_POINT('',(-0.01395,0.01014,-0.004));
#13545=CARTESIAN_POINT('',(-0.01395,0.01014,-0.0015));
#13546=CARTESIAN_POINT('',(-0.01395,0.01014,-0.0015));
#13547=CARTESIAN_POINT('',(-0.01395,0.01014,-0.004));
#13548=CARTESIAN_POINT('',(-0.01395,0.01014,-0.004));
#13549=CARTESIAN_POINT('',(-0.01395,0.01014,-0.004));
#13550=CARTESIAN_POINT('',(-0.01395,-0.01526,-0.004));
#13551=CARTESIAN_POINT('',(-0.01395,0.01014,-0.0015));
#13552=CARTESIAN_POINT('',(-0.01395,0.01014,-0.004));
#13553=CARTESIAN_POINT('',(-0.01395,0.01018,-0.004));
#13554=CARTESIAN_POINT('',(-0.01395,0.01018,-0.0015));
#13555=CARTESIAN_POINT('',(-0.01145,0.01018,-0.0015));
#13556=CARTESIAN_POINT('',(-0.01395,0.01018,-0.0015));
#13557=CARTESIAN_POINT('',(-0.01395,0.01018,-0.004));
#13558=CARTESIAN_POINT('',(-0.01395,0.01018,-0.004));
#13559=CARTESIAN_POINT('',(-0.01395,0.01018,-0.004));
#13560=CARTESIAN_POINT('',(-0.01145,0.01018,-0.004));
#13561=CARTESIAN_POINT('',(-0.01145,0.01018,-0.004));
#13562=CARTESIAN_POINT('',(-0.01145,-0.01526,-0.004));
#13563=CARTESIAN_POINT('',(-0.01145,0.01268,-0.0015));
#13564=CARTESIAN_POINT('',(-0.01145,0.01268,-0.0015));
#13565=CARTESIAN_POINT('',(-0.01145,0.01268,-0.004));
#13566=CARTESIAN_POINT('',(-0.01145,0.01268,-0.004));
#13567=CARTESIAN_POINT('',(-0.01145,0.01268,-0.004));
#13568=CARTESIAN_POINT('',(-0.01395,0.01268,-0.004));
#13569=CARTESIAN_POINT('',(-0.01395,0.01268,-0.0015));
#13570=CARTESIAN_POINT('',(-0.01395,0.01268,-0.0015));
#13571=CARTESIAN_POINT('',(-0.01395,0.01268,-0.004));
#13572=CARTESIAN_POINT('',(-0.01395,0.01268,-0.004));
#13573=CARTESIAN_POINT('',(-0.01395,0.01268,-0.004));
#13574=CARTESIAN_POINT('',(-0.01395,-0.01526,-0.004));
#13575=CARTESIAN_POINT('',(-0.01395,0.01268,-0.0015));
#13576=CARTESIAN_POINT('',(-0.01395,0.01268,-0.004));
#13577=CARTESIAN_POINT('',(-0.01395,0.01272,-0.004));
#13578=CARTESIAN_POINT('',(-0.01395,0.01272,-0.0015));
#13579=CARTESIAN_POINT('',(-0.01145,0.01272,-0.0015));
#13580=CARTESIAN_POINT('',(-0.01395,0.01272,-0.0015));
#13581=CARTESIAN_POINT('',(-0.01395,0.01272,-0.004));
#13582=CARTESIAN_POINT('',(-0.01395,0.01272,-0.004));
#13583=CARTESIAN_POINT('',(-0.01395,0.01272,-0.004));
#13584=CARTESIAN_POINT('',(-0.01145,0.01272,-0.004));
#13585=CARTESIAN_POINT('',(-0.01145,0.01272,-0.004));
#13586=CARTESIAN_POINT('',(-0.01145,-0.01526,-0.004));
#13587=CARTESIAN_POINT('',(-0.01145,0.01522,-0.0015));
#13588=CARTESIAN_POINT('',(-0.01145,0.01522,-0.0015));
#13589=CARTESIAN_POINT('',(-0.01145,0.01522,-0.004));
#13590=CARTESIAN_POINT('',(-0.01145,0.01522,-0.004));
#13591=CARTESIAN_POINT('',(-0.01145,0.01522,-0.004));
#13592=CARTESIAN_POINT('',(-0.01395,0.01522,-0.004));
#13593=CARTESIAN_POINT('',(-0.01395,0.01522,-0.0015));
#13594=CARTESIAN_POINT('',(-0.01395,0.01522,-0.0015));
#13595=CARTESIAN_POINT('',(-0.01395,0.01522,-0.004));
#13596=CARTESIAN_POINT('',(-0.01395,0.01522,-0.004));
#13597=CARTESIAN_POINT('',(-0.01395,0.01522,-0.004));
#13598=CARTESIAN_POINT('',(-0.01395,-0.01526,-0.004));
#13599=CARTESIAN_POINT('',(-0.01395,0.01522,-0.0015));
#13600=CARTESIAN_POINT('',(-0.01395,0.01522,-0.004));
#13601=CARTESIAN_POINT('',(-0.01395,0.01526,-0.004));
#13602=CARTESIAN_POINT('',(-0.01395,0.01526,-0.0015));
#13603=CARTESIAN_POINT('',(-0.01145,0.01526,-0.0015));
#13604=CARTESIAN_POINT('',(-0.01395,0.01526,-0.0015));
#13605=CARTESIAN_POINT('',(-0.01395,0.01526,-0.004));
#13606=CARTESIAN_POINT('',(-0.01395,0.01526,-0.004));
#13607=CARTESIAN_POINT('',(-0.01395,0.01526,-0.004));
#13608=CARTESIAN_POINT('',(-0.01145,0.01526,-0.004));
#13609=CARTESIAN_POINT('',(-0.01145,0.01526,-0.004));
#13610=CARTESIAN_POINT('',(-0.01145,-0.01526,-0.004));
#13611=CARTESIAN_POINT('',(-0.01145,0.01776,-0.0015));
#13612=CARTESIAN_POINT('',(-0.01145,0.01776,-0.0015));
#13613=CARTESIAN_POINT('',(-0.01145,0.01776,-0.004));
#13614=CARTESIAN_POINT('',(-0.01145,0.01776,-0.004));
#13615=CARTESIAN_POINT('',(-0.01145,0.01776,-0.004));
#13616=CARTESIAN_POINT('',(-0.01395,0.01776,-0.004));
#13617=CARTESIAN_POINT('',(-0.01395,0.01776,-0.0015));
#13618=CARTESIAN_POINT('',(-0.01395,0.01776,-0.0015));
#13619=CARTESIAN_POINT('',(-0.01395,0.01776,-0.004));
#13620=CARTESIAN_POINT('',(-0.01395,0.01776,-0.004));
#13621=CARTESIAN_POINT('',(-0.01395,0.01776,-0.004));
#13622=CARTESIAN_POINT('',(-0.01395,-0.01526,-0.004));
#13623=CARTESIAN_POINT('',(-0.01395,0.01776,-0.0015));
#13624=CARTESIAN_POINT('',(-0.01395,0.01776,-0.004));
#13625=CARTESIAN_POINT('',(0.01395,-0.01526,-0.004));
#13626=CARTESIAN_POINT('',(0.01395,0.01776,-0.0015));
#13627=CARTESIAN_POINT('',(0.01395,0.01776,-0.0015));
#13628=CARTESIAN_POINT('',(0.01395,0.01526,-0.0015));
#13629=CARTESIAN_POINT('',(0.01395,0.01526,-0.004));
#13630=CARTESIAN_POINT('',(0.01395,0.01526,-0.004));
#13631=CARTESIAN_POINT('',(0.01395,0.01776,-0.004));
#13632=CARTESIAN_POINT('',(0.01395,0.01776,-0.004));
#13633=CARTESIAN_POINT('',(0.01395,0.01776,-0.004));
#13634=CARTESIAN_POINT('',(-0.01395,0.01776,-0.004));
#13635=CARTESIAN_POINT('',(0.01395,0.01776,-0.0015));
#13636=CARTESIAN_POINT('',(0.01145,0.01776,-0.0015));
#13637=CARTESIAN_POINT('',(0.01395,0.01776,-0.004));
#13638=CARTESIAN_POINT('',(0.01145,0.01776,-0.004));
#13639=CARTESIAN_POINT('',(0.01145,0.01776,-0.004));
#13640=CARTESIAN_POINT('',(0.01145,-0.01526,-0.004));
#13641=CARTESIAN_POINT('',(0.01145,0.01776,-0.0015));
#13642=CARTESIAN_POINT('',(0.01145,0.01526,-0.0015));
#13643=CARTESIAN_POINT('',(0.01145,0.01776,-0.004));
#13644=CARTESIAN_POINT('',(0.01145,0.01526,-0.004));
#13645=CARTESIAN_POINT('',(0.01145,0.01526,-0.004));
#13646=CARTESIAN_POINT('',(-0.01395,0.01526,-0.004));
#13647=CARTESIAN_POINT('',(0.01395,0.01526,-0.0015));
#13648=CARTESIAN_POINT('',(0.01395,0.01526,-0.004));
#13649=CARTESIAN_POINT('',(0.,0.,-0.0015));
#13650=CARTESIAN_POINT('',(-0.01275,-0.0245,-0.0015));
#13651=CARTESIAN_POINT('',(-0.01425,-0.0245,-0.0015));
#13652=CARTESIAN_POINT('',(-0.01275,-0.026,-0.0015));
#13653=CARTESIAN_POINT('',(-0.01425,-0.0245,-0.0015));
#13654=CARTESIAN_POINT('',(-0.01425,0.0245,-0.0015));
#13655=CARTESIAN_POINT('',(-0.01275,0.0245,-0.0015));
#13656=CARTESIAN_POINT('',(-0.01275,0.026,-0.0015));
#13657=CARTESIAN_POINT('',(-0.01275,0.026,-0.0015));
#13658=CARTESIAN_POINT('',(0.01275,0.026,-0.0015));
#13659=CARTESIAN_POINT('',(0.01275,0.0245,-0.0015));
#13660=CARTESIAN_POINT('',(0.01425,0.0245,-0.0015));
#13661=CARTESIAN_POINT('',(0.01425,-0.0245,-0.0015));
#13662=CARTESIAN_POINT('',(0.01425,-0.0245,-0.0015));
#13663=CARTESIAN_POINT('',(0.01275,-0.0245,-0.0015));
#13664=CARTESIAN_POINT('',(0.01275,-0.026,-0.0015));
#13665=CARTESIAN_POINT('',(-0.01275,-0.026,-0.0015));
#13666=CARTESIAN_POINT('',(-0.0116,0.0235,-0.0015));
#13667=CARTESIAN_POINT('',(-0.01,0.0235,-0.0015));
#13668=CARTESIAN_POINT('',(-0.0116,-0.0235,-0.0015));
#13669=CARTESIAN_POINT('',(-0.01,-0.0235,-0.0015));
#13670=CARTESIAN_POINT('',(0.0116,0.0235,-0.0015));
#13671=CARTESIAN_POINT('',(0.0132,0.0235,-0.0015));
#13672=CARTESIAN_POINT('',(0.0116,-0.0235,-0.0015));
#13673=CARTESIAN_POINT('',(0.0132,-0.0235,-0.0015));
#13674=CARTESIAN_POINT('',(-0.01275,-0.026,0.0001));
#13675=CARTESIAN_POINT('',(-0.01275,-0.026,0.0001));
#13676=CARTESIAN_POINT('',(-0.01275,-0.026,0.0001));
#13677=CARTESIAN_POINT('',(0.01275,-0.026,0.0001));
#13678=CARTESIAN_POINT('',(0.01275,-0.026,0.0001));
#13679=CARTESIAN_POINT('',(-0.01275,-0.026,0.0001));
#13680=CARTESIAN_POINT('',(-0.01275,-0.0245,0.0001));
#13681=CARTESIAN_POINT('',(-0.01425,-0.0245,0.0001));
#13682=CARTESIAN_POINT('',(-0.01425,-0.0245,0.0001));
#13683=CARTESIAN_POINT('',(-0.01275,-0.0245,0.0001));
#13684=CARTESIAN_POINT('',(0.01275,-0.0245,0.0001));
#13685=CARTESIAN_POINT('',(0.01425,-0.0245,0.0001));
#13686=CARTESIAN_POINT('',(0.01425,-0.0245,0.0001));
#13687=CARTESIAN_POINT('',(0.01275,-0.0245,0.0001));
#13688=CARTESIAN_POINT('',(-0.01275,-0.0245,0.0001));
#13689=CARTESIAN_POINT('',(0.01425,-0.0245,0.0001));
#13690=CARTESIAN_POINT('',(0.01425,0.0245,0.0001));
#13691=CARTESIAN_POINT('',(0.01275,0.0245,0.0001));
#13692=CARTESIAN_POINT('',(0.01275,0.026,0.0001));
#13693=CARTESIAN_POINT('',(-0.01275,0.026,0.0001));
#13694=CARTESIAN_POINT('',(-0.01275,0.026,0.0001));
#13695=CARTESIAN_POINT('',(-0.01275,0.0245,0.0001));
#13696=CARTESIAN_POINT('',(-0.01425,0.0245,0.0001));
#13697=CARTESIAN_POINT('',(-0.01425,-0.0245,0.0001));
#13698=CARTESIAN_POINT('',(0.0116,-0.0235,0.0001));
#13699=CARTESIAN_POINT('',(0.0132,-0.0235,0.0001));
#13700=CARTESIAN_POINT('',(0.0116,0.0235,0.0001));
#13701=CARTESIAN_POINT('',(0.0132,0.0235,0.0001));
#13702=CARTESIAN_POINT('',(-0.0116,-0.0235,0.0001));
#13703=CARTESIAN_POINT('',(-0.01,-0.0235,0.0001));
#13704=CARTESIAN_POINT('',(-0.0116,0.0235,0.0001));
#13705=CARTESIAN_POINT('',(-0.01,0.0235,0.0001));
#13706=CARTESIAN_POINT('',(0.01425,-0.0245,0.0001));
#13707=CARTESIAN_POINT('',(0.01425,0.0245,0.0001));
#13708=CARTESIAN_POINT('',(0.01275,0.0245,0.0001));
#13709=CARTESIAN_POINT('',(0.01275,0.026,0.0001));
#13710=CARTESIAN_POINT('',(-0.01275,0.026,0.0001));
#13711=CARTESIAN_POINT('',(-0.01275,0.026,0.0001));
#13712=CARTESIAN_POINT('',(-0.01275,0.0245,0.0001));
#13713=CARTESIAN_POINT('',(-0.01425,0.0245,0.0001));
#13714=CARTESIAN_POINT('',(-0.01425,-0.0245,0.0001));
#13715=CARTESIAN_POINT('',(0.,0.,-0.004));
#13716=CARTESIAN_POINT('',(0.,0.,-0.004));
#13717=CARTESIAN_POINT('',(0.,0.,-0.004));
#13718=CARTESIAN_POINT('',(0.,0.,-0.004));
#13719=CARTESIAN_POINT('',(0.,0.,-0.004));
#13720=CARTESIAN_POINT('',(0.,0.,-0.004));
#13721=CARTESIAN_POINT('',(0.,0.,-0.004));
#13722=CARTESIAN_POINT('',(0.,0.,-0.004));
#13723=CARTESIAN_POINT('',(0.,0.,-0.004));
#13724=CARTESIAN_POINT('',(0.,0.,-0.004));
#13725=CARTESIAN_POINT('',(0.,0.,-0.004));
#13726=CARTESIAN_POINT('',(0.,0.,-0.004));
#13727=CARTESIAN_POINT('',(0.,0.,-0.004));
#13728=CARTESIAN_POINT('',(0.,0.,-0.004));
#13729=CARTESIAN_POINT('',(0.,0.,-0.004));
#13730=CARTESIAN_POINT('',(0.,0.,-0.004));
#13731=CARTESIAN_POINT('',(0.,0.,-0.004));
#13732=CARTESIAN_POINT('',(0.,0.,-0.004));
#13733=CARTESIAN_POINT('',(0.,0.,-0.004));
#13734=CARTESIAN_POINT('',(0.,0.,-0.004));
#13735=CARTESIAN_POINT('',(0.,0.,-0.004));
#13736=CARTESIAN_POINT('',(0.,0.,-0.004));
#13737=CARTESIAN_POINT('',(0.,0.,-0.004));
#13738=CARTESIAN_POINT('',(0.,0.,-0.004));
#13739=CARTESIAN_POINT('',(0.,0.,-0.004));
#13740=CARTESIAN_POINT('',(0.,0.,-0.004));
#13741=CARTESIAN_POINT('',(0.,0.,-0.004));
#13742=CARTESIAN_POINT('',(0.,0.,-0.004));
#13743=CARTESIAN_POINT('',(0.,0.,-0.004));
#13744=CARTESIAN_POINT('',(-0.0116,0.0235,-0.00165));
#13745=CARTESIAN_POINT('',(-0.0116,-0.0235,-0.00165));
#13746=CARTESIAN_POINT('',(0.0116,0.0235,-0.00165));
#13747=CARTESIAN_POINT('',(0.0116,-0.0235,-0.00165));
#13748=CARTESIAN_POINT('',(0.0664151333949329,-0.0126101766572869,-0.0148964403488893));
#13749=CARTESIAN_POINT('',(0.082,0.,1.10218211923262E-18));
#13750=CARTESIAN_POINT('',(0.082,0.,1.10218211923262E-18));
#13751=CARTESIAN_POINT('',(0.082,0.,-0.018));
#13752=CARTESIAN_POINT('',(0.,0.,1.10218211923262E-18));
#13753=CARTESIAN_POINT('',(0.,0.,-0.018));
#13754=CARTESIAN_POINT('',(0.082,0.,0.));
#13755=CARTESIAN_POINT('',(0.082,0.,1.34711147906209E-18));
#13756=CARTESIAN_POINT('',(0.082,0.,-0.004));
#13757=CARTESIAN_POINT('',(0.,0.,0.));
#13758=CARTESIAN_POINT('',(0.099,0.,1.34711147906209E-18));
#13759=CARTESIAN_POINT('',(0.084,0.,1.34711147906209E-18));
#13760=CARTESIAN_POINT('',(0.084,0.00264575131106459,0.003));
#13761=CARTESIAN_POINT('',(0.084,-0.00264575131106459,0.003));
#13762=CARTESIAN_POINT('',(0.084,0.00264575131106459,0.003));
#13763=CARTESIAN_POINT('',(0.099,0.00264575131106459,0.003));
#13764=CARTESIAN_POINT('',(0.099,0.,1.34711147906209E-18));
#13765=CARTESIAN_POINT('',(0.099,-0.00264575131106459,0.003));
#13766=CARTESIAN_POINT('',(0.084,-0.00264575131106459,0.003));
#13767=CARTESIAN_POINT('',(0.099,0.,0.));
#13768=CARTESIAN_POINT('',(0.099,0.,0.003));
#13769=CARTESIAN_POINT('',(0.084,0.,0.003));
#13770=CARTESIAN_POINT('',(0.084,0.,0.003));
#13771=CARTESIAN_POINT('',(0.084,0.,1.7347234759768E-18));
#13772=CARTESIAN_POINT('',(0.0950893090128899,0.0059003889143467,0.0166816616535186));
#13773=CARTESIAN_POINT('',(0.124285653427243,0.0285,0.00272113895416258));
#13774=CARTESIAN_POINT('',(0.124285653427243,0.0275,0.00272113895416258));
#13775=CARTESIAN_POINT('',(0.124285653427243,0.0275,-0.0320288610458374));
#13776=CARTESIAN_POINT('',(0.124285653427243,0.0275,0.0374711389541626));
#13777=CARTESIAN_POINT('',(0.124285653427243,0.0285,-0.0320288610458374));
#13778=CARTESIAN_POINT('',(0.124285653427243,0.0285,-0.0320288610458374));
#13779=CARTESIAN_POINT('',(0.124285653427243,0.0285,0.00272113895416258));
#13780=CARTESIAN_POINT('',(0.124285653427243,0.0285,0.0374711389541626));
#13781=CARTESIAN_POINT('',(0.124285653427243,0.0285,0.0374711389541626));
#13782=CARTESIAN_POINT('',(0.124785653427243,0.0285,-0.0320288610458374));
#13783=CARTESIAN_POINT('',(0.124785653427243,0.0275,-0.0320288610458374));
#13784=CARTESIAN_POINT('',(-0.00521434657275677,0.0275,-0.0320288610458374));
#13785=CARTESIAN_POINT('',(-0.00521434657275677,0.0285,-0.0320288610458374));
#13786=CARTESIAN_POINT('',(-0.00521434657275677,0.0285,-0.0320288610458374));
#13787=CARTESIAN_POINT('',(0.124785653427243,0.0285,-0.0320288610458374));
#13788=CARTESIAN_POINT('',(-0.00521434657275677,0.0285,0.0029711389541626));
#13789=CARTESIAN_POINT('',(-0.00521434657275677,0.0275,0.0029711389541626));
#13790=CARTESIAN_POINT('',(-0.00521434657275677,0.0275,0.0374711389541626));
#13791=CARTESIAN_POINT('',(-0.00521434657275677,0.0285,0.0374711389541626));
#13792=CARTESIAN_POINT('',(-0.00521434657275677,0.0285,0.0374711389541626));
#13793=CARTESIAN_POINT('',(-0.00521434657275677,0.0285,0.0029711389541626));
#13794=CARTESIAN_POINT('',(0.0595356534272432,0.0285,0.0374711389541626));
#13795=CARTESIAN_POINT('',(0.0595356534272432,0.0275,0.0374711389541626));
#13796=CARTESIAN_POINT('',(0.0595356534272432,0.0285,0.0374711389541626));
#13797=CARTESIAN_POINT('',(0.0597856534272432,0.0285,0.0029711389541626));
#13798=CARTESIAN_POINT('',(0.0597856534272432,0.0275,0.0029711389541626));
#13799=CARTESIAN_POINT('',(-0.000929782535135738,0.000303188604958426,0.000428860629903871));
#13800=CARTESIAN_POINT('',(0.003,-0.0451595082163811,0.0292420543241645));
#13801=CARTESIAN_POINT('',(0.,-0.0451595082163811,0.0292420543241645));
#13802=CARTESIAN_POINT('',(0.,-0.0481095082163811,0.0292420543241645));
#13803=CARTESIAN_POINT('',(0.,-0.0422095082163811,0.0292420543241645));
#13804=CARTESIAN_POINT('',(0.003,-0.0481095082163811,0.0292420543241645));
#13805=CARTESIAN_POINT('',(0.003,-0.0481095082163811,0.0292420543241645));
#13806=CARTESIAN_POINT('',(0.003,-0.0451595082163811,0.0292420543241645));
#13807=CARTESIAN_POINT('',(0.003,-0.0422095082163811,0.0292420543241645));
#13808=CARTESIAN_POINT('',(0.003,-0.0422095082163811,0.0292420543241645));
#13809=CARTESIAN_POINT('',(0.003,-0.0481095082163811,0.0207420543241645));
#13810=CARTESIAN_POINT('',(0.,-0.0481095082163811,0.0207420543241645));
#13811=CARTESIAN_POINT('',(0.,-0.0481095082163811,0.0122420543241644));
#13812=CARTESIAN_POINT('',(0.003,-0.0481095082163811,0.0122420543241644));
#13813=CARTESIAN_POINT('',(0.003,-0.0481095082163811,0.0122420543241644));
#13814=CARTESIAN_POINT('',(0.003,-0.0481095082163811,0.0207420543241645));
#13815=CARTESIAN_POINT('',(0.003,-0.0451595082163811,0.0122420543241644));
#13816=CARTESIAN_POINT('',(0.,-0.0451595082163811,0.0122420543241644));
#13817=CARTESIAN_POINT('',(0.,-0.0422095082163811,0.0122420543241644));
#13818=CARTESIAN_POINT('',(0.003,-0.0422095082163811,0.0122420543241644));
#13819=CARTESIAN_POINT('',(0.003,-0.0422095082163811,0.0122420543241644));
#13820=CARTESIAN_POINT('',(0.003,-0.0451595082163811,0.0122420543241644));
#13821=CARTESIAN_POINT('',(0.003,-0.0422095082163811,0.0207420543241645));
#13822=CARTESIAN_POINT('',(0.,-0.0422095082163811,0.0207420543241645));
#13823=CARTESIAN_POINT('',(0.003,-0.0422095082163811,0.0207420543241645));
#13824=CARTESIAN_POINT('',(0.003,-0.0451595082163811,0.0207420543241645));
#13825=CARTESIAN_POINT('',(0.003,-0.0451595082163811,0.0261920543241645));
#13826=CARTESIAN_POINT('',(0.003,-0.0451595082163811,0.0233420543241645));
#13827=CARTESIAN_POINT('',(0.,-0.0451595082163811,0.0207420543241645));
#13828=CARTESIAN_POINT('',(0.,-0.0451595082163811,0.0261920543241645));
#13829=CARTESIAN_POINT('',(0.,-0.0451595082163811,0.0233420543241645));
#13830=CARTESIAN_POINT('',(-0.022,-0.0451595082163811,0.0261920543241645));
#13831=CARTESIAN_POINT('',(-0.030094617683239,-0.0188693746919965,-0.0274152063214277));
#13832=CARTESIAN_POINT('',(-0.00521434657275677,-0.005,0.0227292028721422));
#13833=CARTESIAN_POINT('',(-0.00521434657275677,0.,0.0227292028721422));
#13834=CARTESIAN_POINT('',(-0.00521434657275677,0.,0.0374711389541626));
#13835=CARTESIAN_POINT('',(-0.00521434657275677,0.,0.00748726679012179));
#13836=CARTESIAN_POINT('',(-0.00521434657275677,0.0275,0.0374711389541626));
#13837=CARTESIAN_POINT('',(-0.00521434657275677,-0.0125,0.0374711389541626));
#13838=CARTESIAN_POINT('',(-0.00521434657275677,-0.0125,0.0029711389541626));
#13839=CARTESIAN_POINT('',(-0.00521434657275677,-0.0125,0.00383672004466656));
#13840=CARTESIAN_POINT('',(-0.00521434657275677,-0.0217520902582482,-0.00066663835278757));
#13841=CARTESIAN_POINT('',(-0.00521434657275677,-0.005,0.00748726679012179));
#13842=CARTESIAN_POINT('',(-0.00521434657275677,-0.005,0.00748726679012179));
#13843=CARTESIAN_POINT('',(0.124785653427243,-0.0125,0.0029711389541626));
#13844=CARTESIAN_POINT('',(0.0595356534272432,-0.0125,0.0374711389541626));
#13845=CARTESIAN_POINT('',(0.124285653427243,-0.0125,0.0374711389541626));
#13846=CARTESIAN_POINT('',(0.124285653427243,-0.0125,0.00297113895416259));
#13847=CARTESIAN_POINT('',(0.124285653427243,-0.0125,-0.0315288610458374));
#13848=CARTESIAN_POINT('',(0.0595356534272432,-0.0125,-0.0315288610458374));
#13849=CARTESIAN_POINT('',(-0.00521434657275677,-0.0125,-0.0315288610458374));
#13850=CARTESIAN_POINT('',(-0.00521434657275677,-0.0125,0.0029711389541626));
#13851=CARTESIAN_POINT('',(-0.00521434657275677,-0.015,0.0029711389541626));
#13852=CARTESIAN_POINT('',(-0.00521434657275677,-0.0217520902582482,-0.00066663835278757));
#13853=CARTESIAN_POINT('',(-0.00521434657275677,-0.014,0.00310661069557552));
#13854=CARTESIAN_POINT('',(-0.00521434657275677,0.0275,-0.0315288610458374));
#13855=CARTESIAN_POINT('',(-0.00521434657275677,0.0275,-0.0315288610458374));
#13856=CARTESIAN_POINT('',(-0.00521434657275677,0.0275,0.0029711389541626));
#13857=CARTESIAN_POINT('',(-0.00521434657275677,0.0275,-0.0320288610458374));
#13858=CARTESIAN_POINT('',(-0.00521434657275677,-0.01325,-0.0320288610458374));
#13859=CARTESIAN_POINT('',(-0.00521434657275677,-0.014,-0.0320288610458374));
#13860=CARTESIAN_POINT('',(-0.00521434657275677,-0.014,0.0029711389541626));
#13861=CARTESIAN_POINT('',(-0.0302143465727567,-0.0414891208368047,-0.00588835206805373));
#13862=CARTESIAN_POINT('',(-0.00621434657275677,-0.0414891208368047,-0.00588835206805373));
#13863=CARTESIAN_POINT('',(-0.00621434657275677,-0.03,0.0312379623420708));
#13864=CARTESIAN_POINT('',(-0.00621434657275677,-0.005,0.00748726679012179));
#13865=CARTESIAN_POINT('',(-0.0302143465727567,-0.03,0.0312379623420708));
#13866=CARTESIAN_POINT('',(-0.0162143465727567,-0.03,0.0312379623420708));
#13867=CARTESIAN_POINT('',(-0.0162143465727567,-0.0414891208368047,-0.00588835206805373));
#13868=CARTESIAN_POINT('',(-0.0162143465727567,-0.0131131293889177,0.0206666141083803));
#13869=CARTESIAN_POINT('',(-0.0302143465727567,-0.0131131293889177,0.0206666141083803));
#13870=CARTESIAN_POINT('',(-0.0157750892937183,-0.0131131293889177,0.0206666141083803));
#13871=CARTESIAN_POINT('',(-0.0157750892937183,-0.0414891208368047,-0.00588835206805373));
#13872=CARTESIAN_POINT('',(-0.0157750892937183,-0.00856898275185008,0.0147666141083804));
#13873=CARTESIAN_POINT('',(-0.0302143465727567,-0.00856898275185008,0.0147666141083804));
#13874=CARTESIAN_POINT('',(-0.0162143465727567,-0.00856898275185008,0.0147666141083804));
#13875=CARTESIAN_POINT('',(-0.0162143465727567,-0.0414891208368047,-0.00588835206805373));
#13876=CARTESIAN_POINT('',(-0.0162143465727567,-0.005,0.00748726679012179));
#13877=CARTESIAN_POINT('',(-0.0302143465727567,-0.005,0.00748726679012179));
#13878=CARTESIAN_POINT('',(-0.0297750892937183,-0.025,0.0177166141083803));
#13879=CARTESIAN_POINT('',(-0.0297750892937183,-0.025,0.0206666141083803));
#13880=CARTESIAN_POINT('',(-0.0297750892937183,-0.00661018370748286,0.0206666141083803));
#13881=CARTESIAN_POINT('',(-0.0297750892937183,0.,0.0206666141083803));
#13882=CARTESIAN_POINT('',(-0.0297750892937183,-0.00661018370748286,0.0177166141083803));
#13883=CARTESIAN_POINT('',(-0.0297750892937183,-0.00661018370748286,0.0147666141083804));
#13884=CARTESIAN_POINT('',(-0.0297750892937183,-0.025,0.0147666141083804));
#13885=CARTESIAN_POINT('',(-0.0297750892937183,0.,0.0147666141083804));
#13886=CARTESIAN_POINT('',(-0.0297750892937183,0.,0.0177166141083803));
#13887=CARTESIAN_POINT('',(-0.0282750892937183,-0.025,0.0206666141083803));
#13888=CARTESIAN_POINT('',(-0.0292440577745437,-0.015,0.0206666141083803));
#13889=CARTESIAN_POINT('',(-0.0292440577745437,-0.005,0.0206666141083803));
#13890=CARTESIAN_POINT('',(-0.0292440577745437,-0.00661018370748286,0.0206666141083803));
#13891=CARTESIAN_POINT('',(-0.0147750892937183,-0.00661018370748286,0.0206666141083803));
#13892=CARTESIAN_POINT('',(-0.0282750892937183,0.,0.0206666141083803));
#13893=CARTESIAN_POINT('',(-0.0267750892937184,0.,0.0206666141083803));
#13894=CARTESIAN_POINT('',(-0.0267750892937184,-0.025,0.0206666141083803));
#13895=CARTESIAN_POINT('',(-0.0267750892937184,-0.005,0.0206666141083803));
#13896=CARTESIAN_POINT('',(-0.0227292021736502,-0.005,0.0206666141083803));
#13897=CARTESIAN_POINT('',(-0.0282750892937183,-0.025,0.0147666141083804));
#13898=CARTESIAN_POINT('',(-0.0147750892937183,-0.00661018370748286,0.0147666141083804));
#13899=CARTESIAN_POINT('',(-0.0292440577745437,-0.00661018370748286,0.0147666141083804));
#13900=CARTESIAN_POINT('',(-0.0292440577745437,-0.015,0.0147666141083804));
#13901=CARTESIAN_POINT('',(-0.0292440577745437,-0.005,0.0147666141083804));
#13902=CARTESIAN_POINT('',(-0.0227292021736502,-0.005,0.0147666141083804));
#13903=CARTESIAN_POINT('',(-0.0267750892937184,-0.005,0.0147666141083804));
#13904=CARTESIAN_POINT('',(-0.0267750892937184,-0.025,0.0147666141083804));
#13905=CARTESIAN_POINT('',(-0.0267750892937184,0.,0.0147666141083804));
#13906=CARTESIAN_POINT('',(-0.0282750892937183,0.,0.0147666141083804));
#13907=CARTESIAN_POINT('',(-0.0157750892937183,-0.025,0.0177166141083803));
#13908=CARTESIAN_POINT('',(-0.0157750892937183,-0.00844717833143015,0.0177166141083803));
#13909=CARTESIAN_POINT('',(-0.0157750892937183,-0.00844717833143015,0.0147666141083804));
#13910=CARTESIAN_POINT('',(-0.0157750892937183,-0.00844717833143015,0.0206666141083803));
#13911=CARTESIAN_POINT('',(-0.0157750892937183,-0.025,0.0147666141083804));
#13912=CARTESIAN_POINT('',(-0.0157750892937183,-0.025,0.0206666141083803));
#13913=CARTESIAN_POINT('',(-0.0172750892937183,-0.025,0.0206666141083803));
#13914=CARTESIAN_POINT('',(-0.0147750892937183,-0.00844717833143015,0.0206666141083803));
#13915=CARTESIAN_POINT('',(-0.0162143465727567,-0.00844717833143015,0.0206666141083803));
#13916=CARTESIAN_POINT('',(-0.0162143465727567,-0.0175,0.0206666141083803));
#13917=CARTESIAN_POINT('',(-0.0172750892937183,-0.025,0.0147666141083804));
#13918=CARTESIAN_POINT('',(-0.0147750892937183,-0.00844717833143015,0.0147666141083804));
#13919=CARTESIAN_POINT('',(-0.0162143465727567,-0.00844717833143015,0.0147666141083804));
#13920=CARTESIAN_POINT('',(-0.0162143465727567,-0.0175,0.0147666141083804));
#13921=CARTESIAN_POINT('',(-0.0227292021736502,-0.005,0.0227292028721422));
#13922=CARTESIAN_POINT('',(-0.0227292021736502,-0.005,0.0206666141083803));
#13923=CARTESIAN_POINT('',(-0.0162143465727567,-0.005,0.0206666141083803));
#13924=CARTESIAN_POINT('',(-0.0187750892937184,-0.005,0.0206666141083803));
#13925=CARTESIAN_POINT('',(-0.0162143465727567,-0.005,0.0227292028721422));
#13926=CARTESIAN_POINT('',(-0.0162143465727567,-0.005,0.0312379623420708));
#13927=CARTESIAN_POINT('',(-0.0227292021736502,-0.005,0.0312379623420708));
#13928=CARTESIAN_POINT('',(-0.0292440577745437,-0.005,0.0312379623420708));
#13929=CARTESIAN_POINT('',(-0.0292440577745437,-0.005,0.0227292028721422));
#13930=CARTESIAN_POINT('',(-0.0267750892937184,-0.005,0.0227292028721422));
#13931=CARTESIAN_POINT('',(-0.0292440577745437,-0.005,0.0227292028721422));
#13932=CARTESIAN_POINT('',(-0.0292440577745437,-0.005,0.00748726679012179));
#13933=CARTESIAN_POINT('',(-0.0227292021736502,-0.005,0.00748726679012179));
#13934=CARTESIAN_POINT('',(-0.0262143465727567,-0.005,0.00748726679012179));
#13935=CARTESIAN_POINT('',(-0.0262143465727567,-0.005,0.0227292028721422));
#13936=CARTESIAN_POINT('',(-0.0262143465727567,-0.005,0.0234872667901218));
#13937=CARTESIAN_POINT('',(-0.0227292021736502,-0.005,0.0234872667901218));
#13938=CARTESIAN_POINT('',(-0.0192143465727567,-0.005,0.0234872667901218));
#13939=CARTESIAN_POINT('',(-0.0192143465727567,-0.005,0.0227292028721422));
#13940=CARTESIAN_POINT('',(-0.0192143465727567,-0.005,0.00748726679012179));
#13941=CARTESIAN_POINT('',(-0.0227292021736502,-0.005,0.00748726679012179));
#13942=CARTESIAN_POINT('',(-0.0162143465727567,-0.005,0.0227292028721422));
#13943=CARTESIAN_POINT('',(-0.0162143465727567,-0.005,0.0147666141083804));
#13944=CARTESIAN_POINT('',(-0.0227292021736502,-0.005,0.0147666141083804));
#13945=CARTESIAN_POINT('',(-0.0187750892937184,-0.005,0.0147666141083804));
#13946=CARTESIAN_POINT('',(-0.0187750892937184,-0.005,0.0227292028721422));
#13947=CARTESIAN_POINT('',(-0.0162143465727567,-0.0175,0.0193626145660962));
#13948=CARTESIAN_POINT('',(-0.0162143465727567,-0.0175,0.0147666141083804));
#13949=CARTESIAN_POINT('',(-0.0162143465727567,-0.00661018370748286,0.0147666141083804));
#13950=CARTESIAN_POINT('',(-0.0162143465727567,-0.0175,0.0147666141083804));
#13951=CARTESIAN_POINT('',(-0.0292440577745437,-0.042380627369424,-0.00682675251475785));
#13952=CARTESIAN_POINT('',(-0.0292440577745437,-0.0132890952179902,0.0206666141083803));
#13953=CARTESIAN_POINT('',(-0.0292440577745437,-0.0132890952179902,0.0206666141083803));
#13954=CARTESIAN_POINT('',(-0.0297750892937183,-0.0132890952179902,0.0206666141083803));
#13955=CARTESIAN_POINT('',(-0.0292440577745437,-0.042380627369424,-0.00682675251475785));
#13956=CARTESIAN_POINT('',(-0.0292440577745437,-0.03,0.0312379623420708));
#13957=CARTESIAN_POINT('',(-0.0227292021736502,-0.03,0.0312379623420708));
#13958=CARTESIAN_POINT('',(-0.0402440577745438,-0.03,0.0312379623420708));
#13959=CARTESIAN_POINT('',(-0.0402440577745438,-0.042380627369424,-0.00682675251475785));
#13960=CARTESIAN_POINT('',(-0.0402440577745438,-0.005,0.00748726679012179));
#13961=CARTESIAN_POINT('',(-0.0227292021736502,-0.005,0.00748726679012179));
#13962=CARTESIAN_POINT('',(-0.0292440577745437,-0.042380627369424,-0.00682675251475785));
#13963=CARTESIAN_POINT('',(-0.0292440577745437,-0.00867708202073792,0.0147666141083804));
#13964=CARTESIAN_POINT('',(-0.0292440577745437,-0.00867708202073792,0.0147666141083804));
#13965=CARTESIAN_POINT('',(-0.0297750892937183,-0.00867708202073792,0.0147666141083804));
#13966=CARTESIAN_POINT('',(-0.0297750892937183,-0.042380627369424,-0.00682675251475785));
#13967=CARTESIAN_POINT('',(-0.0292440577745437,-0.015,0.0227292028721422));
#13968=CARTESIAN_POINT('',(-0.0292440577745437,-0.03,0.0312379623420708));
#13969=CARTESIAN_POINT('',(-0.0292440577745437,-0.015,0.0206666141083803));
#13970=CARTESIAN_POINT('',(-0.0292440577745437,-0.00844717833143015,0.0206666141083803));
#13971=CARTESIAN_POINT('',(-0.0292440577745437,-0.015,0.0206666141083803));
#13972=CARTESIAN_POINT('',(-0.0227292021736502,-0.005,0.00748726679012179));
#13973=CARTESIAN_POINT('',(-0.0262143465727567,-0.025,0.00748726679012179));
#13974=CARTESIAN_POINT('',(-0.0262143465727567,0.,0.00748726679012179));
#13975=CARTESIAN_POINT('',(-0.0402440577745438,-0.005,0.00748726679012179));
#13976=CARTESIAN_POINT('',(-0.0402440577745438,0.,0.00748726679012179));
#13977=CARTESIAN_POINT('',(-0.0227292021736502,0.,0.00748726679012179));
#13978=CARTESIAN_POINT('',(-0.0227292021736502,0.,0.0227292028721422));
#13979=CARTESIAN_POINT('',(-0.0157750892937183,0.,0.0177166141083803));
#13980=CARTESIAN_POINT('',(-0.0157750892937183,0.,0.0206666141083803));
#13981=CARTESIAN_POINT('',(-0.0157750892937183,0.,0.0147666141083804));
#13982=CARTESIAN_POINT('',(-0.0172750892937183,0.,0.0206666141083803));
#13983=CARTESIAN_POINT('',(-0.0187750892937184,0.,0.0206666141083803));
#13984=CARTESIAN_POINT('',(-0.0187750892937184,0.,0.0177166141083803));
#13985=CARTESIAN_POINT('',(-0.0187750892937184,0.,0.0147666141083804));
#13986=CARTESIAN_POINT('',(-0.0172750892937183,0.,0.0147666141083804));
#13987=CARTESIAN_POINT('',(-0.0267750892937184,0.,0.0177166141083803));
#13988=CARTESIAN_POINT('',(-0.0262143465727567,0.,0.0154872667901218));
#13989=CARTESIAN_POINT('',(-0.0262143465727567,0.,0.0234872667901218));
#13990=CARTESIAN_POINT('',(-0.0402440577745438,0.,0.0227292028721422));
#13991=CARTESIAN_POINT('',(-0.0402440577745438,0.,0.0379711389541626));
#13992=CARTESIAN_POINT('',(-0.0227292021736502,0.,0.0379711389541626));
#13993=CARTESIAN_POINT('',(-0.00521434657275677,0.,0.0379711389541626));
#13994=CARTESIAN_POINT('',(-0.00521434657275677,0.,0.0227292028721422));
#13995=CARTESIAN_POINT('',(-0.0227292021736502,0.,0.00748726679012179));
#13996=CARTESIAN_POINT('',(-0.0192143465727567,0.,0.00748726679012179));
#13997=CARTESIAN_POINT('',(-0.0192143465727567,0.,0.0154872667901218));
#13998=CARTESIAN_POINT('',(-0.0192143465727567,0.,0.0234872667901218));
#13999=CARTESIAN_POINT('',(-0.0227143465727567,0.,0.0234872667901218));
#14000=CARTESIAN_POINT('',(-0.0227292021736502,-0.005,0.00748726679012179));
#14001=CARTESIAN_POINT('',(-0.0192143465727567,-0.025,0.00748726679012179));
#14002=CARTESIAN_POINT('',(-0.00621434657275677,-0.005,0.00748726679012179));
#14003=CARTESIAN_POINT('',(-0.0227292021736502,-0.03,0.0227292028721422));
#14004=CARTESIAN_POINT('',(-0.0227292021736502,-0.03,0.0312379623420708));
#14005=CARTESIAN_POINT('',(-0.00621434657275677,-0.03,0.0193626145660962));
#14006=CARTESIAN_POINT('',(-0.00621434657275677,-0.03,0.00748726679012179));
#14007=CARTESIAN_POINT('',(-0.00621434657275677,-0.03,0.00748726679012179));
#14008=CARTESIAN_POINT('',(-0.00521434657275677,-0.03,0.00748726679012179));
#14009=CARTESIAN_POINT('',(-0.00521434657275677,-0.03,0.0193626145660962));
#14010=CARTESIAN_POINT('',(-0.00521434657275677,-0.03,0.0312379623420708));
#14011=CARTESIAN_POINT('',(0.124785653427243,-0.03,0.0312379623420708));
#14012=CARTESIAN_POINT('',(0.124785653427243,-0.03,0.0312379623420708));
#14013=CARTESIAN_POINT('',(0.124785653427243,-0.03,0.0227292028721422));
#14014=CARTESIAN_POINT('',(0.124785653427243,-0.03,0.0379711389541626));
#14015=CARTESIAN_POINT('',(-0.0227292021736502,-0.03,0.0379711389541626));
#14016=CARTESIAN_POINT('',(-0.0402440577745438,-0.03,0.0379711389541626));
#14017=CARTESIAN_POINT('',(-0.0402440577745438,-0.03,0.0227292028721422));
#14018=CARTESIAN_POINT('',(-0.0227292021736502,-0.03,0.0312379623420708));
#14019=CARTESIAN_POINT('',(-0.0162143465727567,-0.03,0.0312379623420708));
#14020=CARTESIAN_POINT('',(-0.0227292021736502,-0.005,0.0379711389541626));
#14021=CARTESIAN_POINT('',(-0.00521434657275677,0.0275,0.0379711389541626));
#14022=CARTESIAN_POINT('',(-0.00521434657275677,0.0275,0.0379711389541626));
#14023=CARTESIAN_POINT('',(-0.0402440577745438,-0.005,0.0379711389541626));
#14024=CARTESIAN_POINT('',(0.124785653427243,-0.005,0.0379711389541626));
#14025=CARTESIAN_POINT('',(0.124785653427243,0.0275,0.0379711389541626));
#14026=CARTESIAN_POINT('',(0.124785653427243,0.0275,0.0379711389541626));
#14027=CARTESIAN_POINT('',(-0.0402440577745438,-0.005,0.0227292028721422));
#14028=CARTESIAN_POINT('',(-0.00521434657275677,-0.005,0.0227292028721422));
#14029=CARTESIAN_POINT('',(-0.00521434657275677,-0.014,0.0029711389541626));
#14030=CARTESIAN_POINT('',(-0.00521434657275677,-0.014,0.0312379623420708));
#14031=CARTESIAN_POINT('',(-0.00521434657275677,-0.03,0.0312379623420708));
#14032=CARTESIAN_POINT('',(-0.00521434657275677,-0.0342520902582482,-0.000666638352787546));
#14033=CARTESIAN_POINT('',(-0.00521434657275677,-0.0385041805164964,-0.00882054349569693));
#14034=CARTESIAN_POINT('',(-0.00521434657275677,-0.0217520902582482,-0.00066663835278757));
#14035=CARTESIAN_POINT('',(-0.0162143465727567,-0.0175,0.0193626145660962));
#14036=CARTESIAN_POINT('',(-0.0162143465727567,-0.0175,0.0206666141083803));
#14037=CARTESIAN_POINT('',(-0.0162143465727567,-0.00661018370748286,0.0206666141083803));
#14038=CARTESIAN_POINT('',(-0.0162143465727567,-0.0175,0.0206666141083803));
#14039=CARTESIAN_POINT('',(-0.0292440577745437,-0.015,0.0227292028721422));
#14040=CARTESIAN_POINT('',(-0.0292440577745437,-0.015,0.0147666141083804));
#14041=CARTESIAN_POINT('',(-0.0292440577745437,-0.00844717833143015,0.0147666141083804));
#14042=CARTESIAN_POINT('',(-0.0292440577745437,-0.015,0.0147666141083804));
#14043=CARTESIAN_POINT('',(-0.0192143465727567,-0.025,0.0154872667901218));
#14044=CARTESIAN_POINT('',(-0.0192143465727567,-0.025,0.0234872667901218));
#14045=CARTESIAN_POINT('',(-0.0227143465727567,-0.025,0.0234872667901218));
#14046=CARTESIAN_POINT('',(-0.0262143465727567,-0.025,0.0234872667901218));
#14047=CARTESIAN_POINT('',(-0.0262143465727567,-0.025,0.0154872667901218));
#14048=CARTESIAN_POINT('',(-0.0297750892937183,-0.025,0.0177166141083803));
#14049=CARTESIAN_POINT('',(-0.0297750892937183,-0.00844717833143015,0.0177166141083803));
#14050=CARTESIAN_POINT('',(-0.0297750892937183,-0.00844717833143015,0.0206666141083803));
#14051=CARTESIAN_POINT('',(-0.0297750892937183,-0.00844717833143015,0.0147666141083804));
#14052=CARTESIAN_POINT('',(-0.0297750892937183,-0.025,0.0206666141083803));
#14053=CARTESIAN_POINT('',(-0.0297750892937183,-0.025,0.0147666141083804));
#14054=CARTESIAN_POINT('',(-0.0267750892937184,-0.025,0.0177166141083803));
#14055=CARTESIAN_POINT('',(-0.0282750892937183,-0.025,0.0206666141083803));
#14056=CARTESIAN_POINT('',(-0.0147750892937183,-0.00844717833143015,0.0206666141083803));
#14057=CARTESIAN_POINT('',(-0.0282750892937183,-0.025,0.0147666141083804));
#14058=CARTESIAN_POINT('',(-0.0147750892937183,-0.00844717833143015,0.0147666141083804));
#14059=CARTESIAN_POINT('',(-0.0157750892937183,-0.025,0.0177166141083803));
#14060=CARTESIAN_POINT('',(-0.0157750892937183,-0.025,0.0147666141083804));
#14061=CARTESIAN_POINT('',(-0.0157750892937183,-0.00661018370748286,0.0147666141083804));
#14062=CARTESIAN_POINT('',(-0.0157750892937183,-0.00661018370748286,0.0177166141083803));
#14063=CARTESIAN_POINT('',(-0.0157750892937183,-0.00661018370748286,0.0206666141083803));
#14064=CARTESIAN_POINT('',(-0.0157750892937183,-0.025,0.0206666141083803));
#14065=CARTESIAN_POINT('',(-0.0172750892937183,-0.025,0.0206666141083803));
#14066=CARTESIAN_POINT('',(-0.0147750892937183,-0.00661018370748286,0.0206666141083803));
#14067=CARTESIAN_POINT('',(-0.0187750892937184,-0.025,0.0206666141083803));
#14068=CARTESIAN_POINT('',(-0.0187750892937184,-0.025,0.0177166141083803));
#14069=CARTESIAN_POINT('',(-0.0187750892937184,-0.025,0.0147666141083804));
#14070=CARTESIAN_POINT('',(-0.0172750892937183,-0.025,0.0147666141083804));
#14071=CARTESIAN_POINT('',(-0.0147750892937183,-0.00661018370748286,0.0147666141083804));
#14072=CARTESIAN_POINT('',(-0.0147750892937183,-0.025,0.0206666141083803));
#14073=CARTESIAN_POINT('',(-0.0147750892937183,-0.00661018370748286,0.0206666141083803));
#14074=CARTESIAN_POINT('',(-0.0147750892937183,-0.00844717833143015,0.0206666141083803));
#14075=CARTESIAN_POINT('',(-0.0147750892937183,-0.025,0.0147666141083804));
#14076=CARTESIAN_POINT('',(-0.0147750892937183,-0.00661018370748286,0.0147666141083804));
#14077=CARTESIAN_POINT('',(-0.0147750892937183,-0.00844717833143015,0.0147666141083804));
#14078=CARTESIAN_POINT('',(-0.0147750892937183,-0.00844717833143015,0.0177166141083803));
#14079=CARTESIAN_POINT('',(-0.0147750892937183,-0.00661018370748286,0.0177166141083803));
#14080=CARTESIAN_POINT('',(0.124785653427243,-0.03,0.0312379623420708));
#14081=CARTESIAN_POINT('',(0.124785653427243,-0.014,0.0312379623420708));
#14082=CARTESIAN_POINT('',(0.124785653427243,-0.014,0.0312379623420708));
#14083=CARTESIAN_POINT('',(0.124785653427243,-0.03,0.0312379623420708));
#14084=CARTESIAN_POINT('',(0.124785653427243,-0.014,0.0029711389541626));
#14085=CARTESIAN_POINT('',(0.124785653427243,-0.014,-0.0320288610458374));
#14086=CARTESIAN_POINT('',(0.124785653427243,-0.014,-0.0320288610458374));
#14087=CARTESIAN_POINT('',(0.124785653427243,-0.014,0.0029711389541626));
#14088=CARTESIAN_POINT('',(0.124785653427243,-0.01325,-0.0320288610458374));
#14089=CARTESIAN_POINT('',(0.124785653427243,0.0275,-0.0320288610458374));
#14090=CARTESIAN_POINT('',(0.124785653427243,0.0275,-0.0320288610458374));
#14091=CARTESIAN_POINT('',(0.124785653427243,-0.01325,-0.0320288610458374));
#14092=CARTESIAN_POINT('',(0.124785653427243,-0.015,0.0029711389541626));
#14093=CARTESIAN_POINT('',(0.124785653427243,0.0275,0.0029711389541626));
#14094=CARTESIAN_POINT('',(-0.00621434657275677,-0.015,0.0227292028721422));
#14095=CARTESIAN_POINT('',(-0.00621434657275677,-0.0217520902582482,-0.00066663835278757));
#14096=CARTESIAN_POINT('',(-0.00621434657275677,-0.0385041805164964,-0.00882054349569693));
#14097=CARTESIAN_POINT('',(-0.00621434657275677,-0.0342520902582482,-0.000666638352787546));
#14098=CARTESIAN_POINT('',(-0.00621434657275677,-0.0217520902582482,-0.00066663835278757));
#14099=CARTESIAN_POINT('',(-0.00621434657275677,-0.0385041805164964,-0.00882054349569693));
#14100=CARTESIAN_POINT('',(-0.00621434657275677,-0.0342520902582482,-0.000666638352787546));
#14101=CARTESIAN_POINT('',(-0.00521434657275677,0.0275,0.0029711389541626));
#14102=CARTESIAN_POINT('',(-0.00521434657275677,0.0275,0.0029711389541626));
#14103=CARTESIAN_POINT('',(-0.00521434657275677,0.0275,0.0374711389541626));
#14104=CARTESIAN_POINT('',(-0.00521434657275677,0.0275,0.0374711389541626));
#14105=CARTESIAN_POINT('',(0.0595356534272432,0.0275,-0.0315288610458374));
#14106=CARTESIAN_POINT('',(0.124285653427243,0.0275,-0.0315288610458374));
#14107=CARTESIAN_POINT('',(0.124285653427243,0.0275,-0.0315288610458374));
#14108=CARTESIAN_POINT('',(0.0595356534272432,0.0275,-0.0315288610458374));
#14109=CARTESIAN_POINT('',(0.124285653427243,0.0275,0.00297113895416259));
#14110=CARTESIAN_POINT('',(0.124285653427243,0.0275,0.0374711389541626));
#14111=CARTESIAN_POINT('',(0.124285653427243,0.0275,0.0374711389541626));
#14112=CARTESIAN_POINT('',(0.124285653427243,0.0275,0.00297113895416259));
#14113=CARTESIAN_POINT('',(0.0595356534272432,0.0275,0.0374711389541626));
#14114=CARTESIAN_POINT('',(0.0595356534272432,0.0275,0.0374711389541626));
#14115=CARTESIAN_POINT('',(0.0597856534272432,0.0275,0.0029711389541626));
#14116=CARTESIAN_POINT('',(-0.000326172663634748,8.93824628172071E-6,6.39026411226283E-5));
#14117=MECHANICAL_DESIGN_GEOMETRIC_PRESENTATION_REPRESENTATION('',(#8251,
#8252,#8253,#8254,#8255,#10,#11,#12,#13,#14,#15,#16,#17,#18,#19,#20,#21,
#22,#23,#24,#25,#26,#27,#28,#29,#30,#31,#32,#33,#34,#35,#36,#37,#38,#39,
#40,#41,#42,#43,#44,#45,#46,#47,#48,#49,#50,#51,#52,#53,#54,#55,#56,#57,
#58,#59,#60,#61,#62,#63,#64,#65,#66,#67,#68,#69,#70,#71,#72,#73,#74,#75,
#76,#77,#78,#79,#80,#81,#82,#83,#84,#85,#86,#87,#88,#89,#90,#91,#92,#93,
#94,#95,#96,#97,#98,#99,#100,#101,#102,#103,#104,#105,#106,#107,#108,#109,
#110,#111,#112,#113,#114,#115,#116,#117,#118,#119,#120,#121,#122,#123,#124,
#125,#126,#127,#128,#129,#130,#131,#132,#133,#134,#135,#136,#137,#138,#139,
#140,#141,#142,#143,#144,#145,#146,#147,#148,#149,#150,#151,#152,#153,#154,
#155,#156,#157,#158,#159,#8256,#8257,#8258,#8259),#14118);
#14118=(
GEOMETRIC_REPRESENTATION_CONTEXT(3)
GLOBAL_UNCERTAINTY_ASSIGNED_CONTEXT((#14128))
GLOBAL_UNIT_ASSIGNED_CONTEXT((#14140,#14139,#14138))
REPRESENTATION_CONTEXT('Assembly 1','TOP_LEVEL_ASSEMBLY_PART')
);
#14119=(
GEOMETRIC_REPRESENTATION_CONTEXT(3)
GLOBAL_UNCERTAINTY_ASSIGNED_CONTEXT((#14129))
GLOBAL_UNIT_ASSIGNED_CONTEXT((#14140,#14139,#14138))
REPRESENTATION_CONTEXT('pulley','COMPONENT_PART')
);
#14120=(
GEOMETRIC_REPRESENTATION_CONTEXT(3)
GLOBAL_UNCERTAINTY_ASSIGNED_CONTEXT((#14130))
GLOBAL_UNIT_ASSIGNED_CONTEXT((#14140,#14139,#14138))
REPRESENTATION_CONTEXT('Part 1','COMPONENT_PART')
);
#14121=(
GEOMETRIC_REPRESENTATION_CONTEXT(3)
GLOBAL_UNCERTAINTY_ASSIGNED_CONTEXT((#14131))
GLOBAL_UNIT_ASSIGNED_CONTEXT((#14140,#14139,#14138))
REPRESENTATION_CONTEXT('Part 2','COMPONENT_PART')
);
#14122=(
GEOMETRIC_REPRESENTATION_CONTEXT(3)
GLOBAL_UNCERTAINTY_ASSIGNED_CONTEXT((#14132))
GLOBAL_UNIT_ASSIGNED_CONTEXT((#14140,#14139,#14138))
REPRESENTATION_CONTEXT('Part 1','COMPONENT_PART')
);
#14123=(
GEOMETRIC_REPRESENTATION_CONTEXT(3)
GLOBAL_UNCERTAINTY_ASSIGNED_CONTEXT((#14133))
GLOBAL_UNIT_ASSIGNED_CONTEXT((#14140,#14139,#14138))
REPRESENTATION_CONTEXT('esp32_Wroom_30pins_C-Type','COMPONENT_PART')
);
#14124=(
GEOMETRIC_REPRESENTATION_CONTEXT(3)
GLOBAL_UNCERTAINTY_ASSIGNED_CONTEXT((#14134))
GLOBAL_UNIT_ASSIGNED_CONTEXT((#14140,#14139,#14138))
REPRESENTATION_CONTEXT('motor','COMPONENT_PART')
);
#14125=(
GEOMETRIC_REPRESENTATION_CONTEXT(3)
GLOBAL_UNCERTAINTY_ASSIGNED_CONTEXT((#14135))
GLOBAL_UNIT_ASSIGNED_CONTEXT((#14140,#14139,#14138))
REPRESENTATION_CONTEXT('Part 2','COMPONENT_PART')
);
#14126=(
GEOMETRIC_REPRESENTATION_CONTEXT(3)
GLOBAL_UNCERTAINTY_ASSIGNED_CONTEXT((#14136))
GLOBAL_UNIT_ASSIGNED_CONTEXT((#14140,#14139,#14138))
REPRESENTATION_CONTEXT('Part 2','COMPONENT_PART')
);
#14127=(
GEOMETRIC_REPRESENTATION_CONTEXT(3)
GLOBAL_UNCERTAINTY_ASSIGNED_CONTEXT((#14137))
GLOBAL_UNIT_ASSIGNED_CONTEXT((#14140,#14139,#14138))
REPRESENTATION_CONTEXT('Part 1','COMPONENT_PART')
);
#14128=UNCERTAINTY_MEASURE_WITH_UNIT(LENGTH_MEASURE(1.E-8),#14140,
'DISTANCE_ACCURACY_VALUE','Maximum Tolerance applied to model');
#14129=UNCERTAINTY_MEASURE_WITH_UNIT(LENGTH_MEASURE(1.E-8),#14140,
'DISTANCE_ACCURACY_VALUE','Maximum Tolerance applied to model');
#14130=UNCERTAINTY_MEASURE_WITH_UNIT(LENGTH_MEASURE(1.E-8),#14140,
'DISTANCE_ACCURACY_VALUE','Maximum Tolerance applied to model');
#14131=UNCERTAINTY_MEASURE_WITH_UNIT(LENGTH_MEASURE(1.E-8),#14140,
'DISTANCE_ACCURACY_VALUE','Maximum Tolerance applied to model');
#14132=UNCERTAINTY_MEASURE_WITH_UNIT(LENGTH_MEASURE(1.E-8),#14140,
'DISTANCE_ACCURACY_VALUE','Maximum Tolerance applied to model');
#14133=UNCERTAINTY_MEASURE_WITH_UNIT(LENGTH_MEASURE(1.E-6),#14140,
'DISTANCE_ACCURACY_VALUE','Maximum Tolerance applied to model');
#14134=UNCERTAINTY_MEASURE_WITH_UNIT(LENGTH_MEASURE(1.E-8),#14140,
'DISTANCE_ACCURACY_VALUE','Maximum Tolerance applied to model');
#14135=UNCERTAINTY_MEASURE_WITH_UNIT(LENGTH_MEASURE(1.E-8),#14140,
'DISTANCE_ACCURACY_VALUE','Maximum Tolerance applied to model');
#14136=UNCERTAINTY_MEASURE_WITH_UNIT(LENGTH_MEASURE(1.E-8),#14140,
'DISTANCE_ACCURACY_VALUE','Maximum Tolerance applied to model');
#14137=UNCERTAINTY_MEASURE_WITH_UNIT(LENGTH_MEASURE(1.E-8),#14140,
'DISTANCE_ACCURACY_VALUE','Maximum Tolerance applied to model');
#14138=(
NAMED_UNIT(*)
SI_UNIT($,.STERADIAN.)
SOLID_ANGLE_UNIT()
);
#14139=(
NAMED_UNIT(*)
PLANE_ANGLE_UNIT()
SI_UNIT($,.RADIAN.)
);
#14140=(
LENGTH_UNIT()
NAMED_UNIT(*)
SI_UNIT($,.METRE.)
);
#14141=PRODUCT_DEFINITION_SHAPE('','',#14160);
#14142=PRODUCT_DEFINITION_SHAPE('','',#14161);
#14143=PRODUCT_DEFINITION_SHAPE(' ','NAUO PRDDFN',#174);
#14144=PRODUCT_DEFINITION_SHAPE('','',#14162);
#14145=PRODUCT_DEFINITION_SHAPE(' ','NAUO PRDDFN',#175);
#14146=PRODUCT_DEFINITION_SHAPE('','',#14163);
#14147=PRODUCT_DEFINITION_SHAPE(' ','NAUO PRDDFN',#176);
#14148=PRODUCT_DEFINITION_SHAPE('','',#14164);
#14149=PRODUCT_DEFINITION_SHAPE(' ','NAUO PRDDFN',#177);
#14150=PRODUCT_DEFINITION_SHAPE('','',#14165);
#14151=PRODUCT_DEFINITION_SHAPE(' ','NAUO PRDDFN',#178);
#14152=PRODUCT_DEFINITION_SHAPE('','',#14166);
#14153=PRODUCT_DEFINITION_SHAPE(' ','NAUO PRDDFN',#179);
#14154=PRODUCT_DEFINITION_SHAPE('','',#14167);
#14155=PRODUCT_DEFINITION_SHAPE(' ','NAUO PRDDFN',#180);
#14156=PRODUCT_DEFINITION_SHAPE('','',#14168);
#14157=PRODUCT_DEFINITION_SHAPE(' ','NAUO PRDDFN',#181);
#14158=PRODUCT_DEFINITION_SHAPE('','',#14169);
#14159=PRODUCT_DEFINITION_SHAPE(' ','NAUO PRDDFN',#182);
#14160=PRODUCT_DEFINITION('','',#14180,#14170);
#14161=PRODUCT_DEFINITION('','',#14181,#14171);
#14162=PRODUCT_DEFINITION('','',#14182,#14172);
#14163=PRODUCT_DEFINITION('','',#14183,#14173);
#14164=PRODUCT_DEFINITION('','',#14184,#14174);
#14165=PRODUCT_DEFINITION('','',#14185,#14175);
#14166=PRODUCT_DEFINITION('','',#14186,#14176);
#14167=PRODUCT_DEFINITION('','',#14187,#14177);
#14168=PRODUCT_DEFINITION('','',#14188,#14178);
#14169=PRODUCT_DEFINITION('','',#14189,#14179);
#14170=PRODUCT_DEFINITION_CONTEXT('',#14231,'design');
#14171=PRODUCT_DEFINITION_CONTEXT('',#14231,'design');
#14172=PRODUCT_DEFINITION_CONTEXT('',#14231,'design');
#14173=PRODUCT_DEFINITION_CONTEXT('',#14231,'design');
#14174=PRODUCT_DEFINITION_CONTEXT('',#14231,'design');
#14175=PRODUCT_DEFINITION_CONTEXT('',#14231,'design');
#14176=PRODUCT_DEFINITION_CONTEXT('',#14231,'design');
#14177=PRODUCT_DEFINITION_CONTEXT('',#14231,'design');
#14178=PRODUCT_DEFINITION_CONTEXT('',#14231,'design');
#14179=PRODUCT_DEFINITION_CONTEXT('',#14231,'design');
#14180=PRODUCT_DEFINITION_FORMATION_WITH_SPECIFIED_SOURCE('','',#14200,
 .NOT_KNOWN.);
#14181=PRODUCT_DEFINITION_FORMATION_WITH_SPECIFIED_SOURCE('','',#14201,
 .NOT_KNOWN.);
#14182=PRODUCT_DEFINITION_FORMATION_WITH_SPECIFIED_SOURCE('','',#14202,
 .NOT_KNOWN.);
#14183=PRODUCT_DEFINITION_FORMATION_WITH_SPECIFIED_SOURCE('','',#14203,
 .NOT_KNOWN.);
#14184=PRODUCT_DEFINITION_FORMATION_WITH_SPECIFIED_SOURCE('','',#14204,
 .NOT_KNOWN.);
#14185=PRODUCT_DEFINITION_FORMATION_WITH_SPECIFIED_SOURCE('','',#14205,
 .NOT_KNOWN.);
#14186=PRODUCT_DEFINITION_FORMATION_WITH_SPECIFIED_SOURCE('','',#14206,
 .NOT_KNOWN.);
#14187=PRODUCT_DEFINITION_FORMATION_WITH_SPECIFIED_SOURCE('','',#14207,
 .NOT_KNOWN.);
#14188=PRODUCT_DEFINITION_FORMATION_WITH_SPECIFIED_SOURCE('','',#14208,
 .NOT_KNOWN.);
#14189=PRODUCT_DEFINITION_FORMATION_WITH_SPECIFIED_SOURCE('','',#14209,
 .NOT_KNOWN.);
#14190=PRODUCT_RELATED_PRODUCT_CATEGORY('','',(#14200));
#14191=PRODUCT_RELATED_PRODUCT_CATEGORY('','',(#14201));
#14192=PRODUCT_RELATED_PRODUCT_CATEGORY('','',(#14202));
#14193=PRODUCT_RELATED_PRODUCT_CATEGORY('','',(#14203));
#14194=PRODUCT_RELATED_PRODUCT_CATEGORY('','',(#14204));
#14195=PRODUCT_RELATED_PRODUCT_CATEGORY('','',(#14205));
#14196=PRODUCT_RELATED_PRODUCT_CATEGORY('','',(#14206));
#14197=PRODUCT_RELATED_PRODUCT_CATEGORY('','',(#14207));
#14198=PRODUCT_RELATED_PRODUCT_CATEGORY('','',(#14208));
#14199=PRODUCT_RELATED_PRODUCT_CATEGORY('','',(#14209));
#14200=PRODUCT('Assembly 1','Assembly 1','Assembly 1',(#14220));
#14201=PRODUCT('pulley','pulley','pulley',(#14221));
#14202=PRODUCT('Part 1','Part 1','Part 1',(#14222));
#14203=PRODUCT('Part 2','Part 2','Part 2',(#14223));
#14204=PRODUCT('Part 1','Part 1','Part 1',(#14224));
#14205=PRODUCT('esp32_Wroom_30pins_C-Type','esp32_Wroom_30pins_C-Type',
'esp32_Wroom_30pins_C-Type',(#14225));
#14206=PRODUCT('motor','motor','motor',(#14226));
#14207=PRODUCT('Part 2','Part 2','Part 2',(#14227));
#14208=PRODUCT('Part 2','Part 2','Part 2',(#14228));
#14209=PRODUCT('Part 1','Part 1','Part 1',(#14229));
#14210=PRODUCT_CATEGORY('','');
#14211=PRODUCT_CATEGORY('','');
#14212=PRODUCT_CATEGORY('','');
#14213=PRODUCT_CATEGORY('','');
#14214=PRODUCT_CATEGORY('','');
#14215=PRODUCT_CATEGORY('','');
#14216=PRODUCT_CATEGORY('','');
#14217=PRODUCT_CATEGORY('','');
#14218=PRODUCT_CATEGORY('','');
#14219=PRODUCT_CATEGORY('','');
#14220=PRODUCT_CONTEXT('',#14231,'mechanical');
#14221=PRODUCT_CONTEXT('',#14231,'mechanical');
#14222=PRODUCT_CONTEXT('',#14231,'mechanical');
#14223=PRODUCT_CONTEXT('',#14231,'mechanical');
#14224=PRODUCT_CONTEXT('',#14231,'mechanical');
#14225=PRODUCT_CONTEXT('',#14231,'mechanical');
#14226=PRODUCT_CONTEXT('',#14231,'mechanical');
#14227=PRODUCT_CONTEXT('',#14231,'mechanical');
#14228=PRODUCT_CONTEXT('',#14231,'mechanical');
#14229=PRODUCT_CONTEXT('',#14231,'mechanical');
#14230=APPLICATION_PROTOCOL_DEFINITION('international standard',
'ap242_managed_model_based_3d_engineering',2020,#14231);
#14231=APPLICATION_CONTEXT('managed model based 3d engineering');
ENDSEC;
END-ISO-10303-21;
