ISO-10303-21;
HEADER;
/* Generated by software containing ST-Developer
 * from STEP Tools, Inc. (www.steptools.com) 
 */
/* OPTION: using custom renumber hook */

FILE_DESCRIPTION(
/* description */ ('STEP AP242 Edition 2',
'CAx-IF Rec.Pracs.---Representation and Presentation of Product Manufa
cturing Information (PMI)---4.0---2014-10-13',
'CAx-IF Rec.Pracs.---3D Tessellated Geometry---0.4---2014-09-14','2;1',
'CAx-IF Rec.Pracs.---User Defined Attributes---1.5---2016-08-15'),
/* implementation_level */ '2;1');

FILE_NAME(
/* name */ 'frame',
/* time_stamp */ '2026-05-26T10:03:22Z',
/* author */ (''),
/* organization */ (''),
/* preprocessor_version */ 'ST-DEVELOPER v20',
/* originating_system */ 'ONSHAPE BY PTC INC, 1.215',
/* authorisation */ '  ');

FILE_SCHEMA (('AP242_MANAGED_MODEL_BASED_3D_ENGINEERING_MIM_LF { 1 0 10303 442 3 1 4 }'));
ENDSEC;

DATA;
#10=SHAPE_REPRESENTATION_RELATIONSHIP('','',#2422,#12);
#11=SHAPE_REPRESENTATION_RELATIONSHIP('','',#2423,#13);
#12=ADVANCED_BREP_SHAPE_REPRESENTATION('',(#2418),#3876);
#13=ADVANCED_BREP_SHAPE_REPRESENTATION('',(#2419),#3877);
#14=CYLINDRICAL_SURFACE('',#2445,0.040027521172216);
#15=CYLINDRICAL_SURFACE('',#2467,0.038863390475898);
#16=CYLINDRICAL_SURFACE('',#2500,0.0018);
#17=CYLINDRICAL_SURFACE('',#2503,0.0018);
#18=CYLINDRICAL_SURFACE('',#2509,0.0015);
#19=CYLINDRICAL_SURFACE('',#2527,0.00105);
#20=CYLINDRICAL_SURFACE('',#2528,0.00105);
#21=CYLINDRICAL_SURFACE('',#2529,0.00105);
#22=CYLINDRICAL_SURFACE('',#2533,0.0018);
#23=CYLINDRICAL_SURFACE('',#2534,0.0018);
#24=CYLINDRICAL_SURFACE('',#2535,0.00175);
#25=CYLINDRICAL_SURFACE('',#2537,0.00175);
#26=CYLINDRICAL_SURFACE('',#2585,0.0018);
#27=CYLINDRICAL_SURFACE('',#2586,0.0018);
#28=CYLINDRICAL_SURFACE('',#2587,0.0018);
#29=CIRCLE('',#2427,0.00175);
#30=CIRCLE('',#2428,0.00175);
#31=CIRCLE('',#2434,0.038863390475898);
#32=CIRCLE('',#2439,0.038863390475898);
#33=CIRCLE('',#2444,0.038863390475898);
#34=CIRCLE('',#2446,0.040027521172216);
#35=CIRCLE('',#2447,0.040027521172216);
#36=CIRCLE('',#2448,0.040027521172216);
#37=CIRCLE('',#2449,0.040027521172216);
#38=CIRCLE('',#2457,0.0018);
#39=CIRCLE('',#2458,0.0018);
#40=CIRCLE('',#2459,0.00105);
#41=CIRCLE('',#2460,0.00105);
#42=CIRCLE('',#2461,0.00105);
#43=CIRCLE('',#2464,0.038863390475898);
#44=CIRCLE('',#2466,0.038863390475898);
#45=CIRCLE('',#2468,0.038863390475898);
#46=CIRCLE('',#2490,0.0018);
#47=CIRCLE('',#2491,0.0018);
#48=CIRCLE('',#2493,0.0015);
#49=CIRCLE('',#2494,0.0018);
#50=CIRCLE('',#2495,0.0018);
#51=CIRCLE('',#2501,0.0018);
#52=CIRCLE('',#2504,0.0018);
#53=CIRCLE('',#2510,0.0015);
#54=CIRCLE('',#2513,0.00105);
#55=CIRCLE('',#2517,0.00105);
#56=CIRCLE('',#2521,0.00105);
#57=CIRCLE('',#2536,0.00175);
#58=CIRCLE('',#2538,0.00175);
#59=CIRCLE('',#2578,0.0018);
#60=CIRCLE('',#2579,0.0018);
#61=CIRCLE('',#2580,0.0018);
#62=CIRCLE('',#2582,0.0018);
#63=CIRCLE('',#2583,0.0018);
#64=CIRCLE('',#2584,0.0018);
#65=ORIENTED_EDGE('',*,*,#713,.F.);
#66=ORIENTED_EDGE('',*,*,#714,.T.);
#67=ORIENTED_EDGE('',*,*,#715,.F.);
#68=ORIENTED_EDGE('',*,*,#716,.T.);
#69=ORIENTED_EDGE('',*,*,#717,.T.);
#70=ORIENTED_EDGE('',*,*,#718,.T.);
#71=ORIENTED_EDGE('',*,*,#719,.F.);
#72=ORIENTED_EDGE('',*,*,#720,.F.);
#73=ORIENTED_EDGE('',*,*,#721,.T.);
#74=ORIENTED_EDGE('',*,*,#722,.T.);
#75=ORIENTED_EDGE('',*,*,#723,.F.);
#76=ORIENTED_EDGE('',*,*,#724,.F.);
#77=ORIENTED_EDGE('',*,*,#725,.F.);
#78=ORIENTED_EDGE('',*,*,#726,.F.);
#79=ORIENTED_EDGE('',*,*,#727,.F.);
#80=ORIENTED_EDGE('',*,*,#728,.T.);
#81=ORIENTED_EDGE('',*,*,#729,.T.);
#82=ORIENTED_EDGE('',*,*,#730,.F.);
#83=ORIENTED_EDGE('',*,*,#731,.F.);
#84=ORIENTED_EDGE('',*,*,#732,.T.);
#85=ORIENTED_EDGE('',*,*,#733,.T.);
#86=ORIENTED_EDGE('',*,*,#734,.T.);
#87=ORIENTED_EDGE('',*,*,#735,.F.);
#88=ORIENTED_EDGE('',*,*,#736,.F.);
#89=ORIENTED_EDGE('',*,*,#737,.T.);
#90=ORIENTED_EDGE('',*,*,#738,.F.);
#91=ORIENTED_EDGE('',*,*,#739,.F.);
#92=ORIENTED_EDGE('',*,*,#731,.T.);
#93=ORIENTED_EDGE('',*,*,#740,.T.);
#94=ORIENTED_EDGE('',*,*,#741,.F.);
#95=ORIENTED_EDGE('',*,*,#742,.F.);
#96=ORIENTED_EDGE('',*,*,#743,.F.);
#97=ORIENTED_EDGE('',*,*,#744,.T.);
#98=ORIENTED_EDGE('',*,*,#729,.F.);
#99=ORIENTED_EDGE('',*,*,#745,.F.);
#100=ORIENTED_EDGE('',*,*,#746,.T.);
#101=ORIENTED_EDGE('',*,*,#747,.T.);
#102=ORIENTED_EDGE('',*,*,#733,.F.);
#103=ORIENTED_EDGE('',*,*,#748,.F.);
#104=ORIENTED_EDGE('',*,*,#749,.T.);
#105=ORIENTED_EDGE('',*,*,#750,.T.);
#106=ORIENTED_EDGE('',*,*,#751,.F.);
#107=ORIENTED_EDGE('',*,*,#752,.F.);
#108=ORIENTED_EDGE('',*,*,#753,.T.);
#109=ORIENTED_EDGE('',*,*,#754,.F.);
#110=ORIENTED_EDGE('',*,*,#755,.T.);
#111=ORIENTED_EDGE('',*,*,#756,.T.);
#112=ORIENTED_EDGE('',*,*,#757,.T.);
#113=ORIENTED_EDGE('',*,*,#716,.F.);
#114=ORIENTED_EDGE('',*,*,#758,.F.);
#115=ORIENTED_EDGE('',*,*,#759,.F.);
#116=ORIENTED_EDGE('',*,*,#760,.T.);
#117=ORIENTED_EDGE('',*,*,#761,.T.);
#118=ORIENTED_EDGE('',*,*,#762,.F.);
#119=ORIENTED_EDGE('',*,*,#763,.T.);
#120=ORIENTED_EDGE('',*,*,#764,.T.);
#121=ORIENTED_EDGE('',*,*,#765,.F.);
#122=ORIENTED_EDGE('',*,*,#766,.T.);
#123=ORIENTED_EDGE('',*,*,#734,.F.);
#124=ORIENTED_EDGE('',*,*,#747,.F.);
#125=ORIENTED_EDGE('',*,*,#767,.F.);
#126=ORIENTED_EDGE('',*,*,#768,.T.);
#127=ORIENTED_EDGE('',*,*,#727,.T.);
#128=ORIENTED_EDGE('',*,*,#769,.F.);
#129=ORIENTED_EDGE('',*,*,#770,.T.);
#130=ORIENTED_EDGE('',*,*,#771,.F.);
#131=ORIENTED_EDGE('',*,*,#772,.T.);
#132=ORIENTED_EDGE('',*,*,#773,.T.);
#133=ORIENTED_EDGE('',*,*,#774,.F.);
#134=ORIENTED_EDGE('',*,*,#775,.T.);
#135=ORIENTED_EDGE('',*,*,#776,.T.);
#136=ORIENTED_EDGE('',*,*,#771,.T.);
#137=ORIENTED_EDGE('',*,*,#777,.F.);
#138=ORIENTED_EDGE('',*,*,#778,.F.);
#139=ORIENTED_EDGE('',*,*,#779,.F.);
#140=ORIENTED_EDGE('',*,*,#780,.F.);
#141=ORIENTED_EDGE('',*,*,#781,.F.);
#142=ORIENTED_EDGE('',*,*,#782,.T.);
#143=ORIENTED_EDGE('',*,*,#783,.T.);
#144=ORIENTED_EDGE('',*,*,#784,.T.);
#145=ORIENTED_EDGE('',*,*,#773,.F.);
#146=ORIENTED_EDGE('',*,*,#785,.F.);
#147=ORIENTED_EDGE('',*,*,#786,.F.);
#148=ORIENTED_EDGE('',*,*,#787,.F.);
#149=ORIENTED_EDGE('',*,*,#788,.T.);
#150=ORIENTED_EDGE('',*,*,#789,.F.);
#151=ORIENTED_EDGE('',*,*,#788,.F.);
#152=ORIENTED_EDGE('',*,*,#790,.F.);
#153=ORIENTED_EDGE('',*,*,#791,.F.);
#154=ORIENTED_EDGE('',*,*,#786,.T.);
#155=ORIENTED_EDGE('',*,*,#792,.T.);
#156=ORIENTED_EDGE('',*,*,#793,.T.);
#157=ORIENTED_EDGE('',*,*,#794,.T.);
#158=ORIENTED_EDGE('',*,*,#795,.F.);
#159=ORIENTED_EDGE('',*,*,#796,.F.);
#160=ORIENTED_EDGE('',*,*,#797,.F.);
#161=ORIENTED_EDGE('',*,*,#798,.T.);
#162=ORIENTED_EDGE('',*,*,#779,.T.);
#163=ORIENTED_EDGE('',*,*,#799,.F.);
#164=ORIENTED_EDGE('',*,*,#782,.F.);
#165=ORIENTED_EDGE('',*,*,#800,.T.);
#166=ORIENTED_EDGE('',*,*,#801,.T.);
#167=ORIENTED_EDGE('',*,*,#802,.F.);
#168=ORIENTED_EDGE('',*,*,#803,.T.);
#169=ORIENTED_EDGE('',*,*,#804,.T.);
#170=ORIENTED_EDGE('',*,*,#805,.T.);
#171=ORIENTED_EDGE('',*,*,#806,.F.);
#172=ORIENTED_EDGE('',*,*,#807,.T.);
#173=ORIENTED_EDGE('',*,*,#808,.T.);
#174=ORIENTED_EDGE('',*,*,#809,.F.);
#175=ORIENTED_EDGE('',*,*,#806,.T.);
#176=ORIENTED_EDGE('',*,*,#810,.T.);
#177=ORIENTED_EDGE('',*,*,#793,.F.);
#178=ORIENTED_EDGE('',*,*,#811,.F.);
#179=ORIENTED_EDGE('',*,*,#812,.F.);
#180=ORIENTED_EDGE('',*,*,#813,.F.);
#181=ORIENTED_EDGE('',*,*,#814,.F.);
#182=ORIENTED_EDGE('',*,*,#815,.T.);
#183=ORIENTED_EDGE('',*,*,#816,.T.);
#184=ORIENTED_EDGE('',*,*,#817,.F.);
#185=ORIENTED_EDGE('',*,*,#818,.T.);
#186=ORIENTED_EDGE('',*,*,#819,.F.);
#187=ORIENTED_EDGE('',*,*,#775,.F.);
#188=ORIENTED_EDGE('',*,*,#798,.F.);
#189=ORIENTED_EDGE('',*,*,#820,.F.);
#190=ORIENTED_EDGE('',*,*,#813,.T.);
#191=ORIENTED_EDGE('',*,*,#821,.F.);
#192=ORIENTED_EDGE('',*,*,#822,.F.);
#193=ORIENTED_EDGE('',*,*,#823,.F.);
#194=ORIENTED_EDGE('',*,*,#801,.F.);
#195=ORIENTED_EDGE('',*,*,#816,.F.);
#196=ORIENTED_EDGE('',*,*,#824,.T.);
#197=ORIENTED_EDGE('',*,*,#825,.T.);
#198=ORIENTED_EDGE('',*,*,#826,.F.);
#199=ORIENTED_EDGE('',*,*,#827,.F.);
#200=ORIENTED_EDGE('',*,*,#828,.T.);
#201=ORIENTED_EDGE('',*,*,#829,.T.);
#202=ORIENTED_EDGE('',*,*,#784,.F.);
#203=ORIENTED_EDGE('',*,*,#830,.F.);
#204=ORIENTED_EDGE('',*,*,#777,.T.);
#205=ORIENTED_EDGE('',*,*,#774,.T.);
#206=ORIENTED_EDGE('',*,*,#831,.F.);
#207=ORIENTED_EDGE('',*,*,#825,.F.);
#208=ORIENTED_EDGE('',*,*,#832,.F.);
#209=ORIENTED_EDGE('',*,*,#833,.F.);
#210=ORIENTED_EDGE('',*,*,#834,.F.);
#211=ORIENTED_EDGE('',*,*,#835,.T.);
#212=ORIENTED_EDGE('',*,*,#836,.T.);
#213=ORIENTED_EDGE('',*,*,#767,.T.);
#214=ORIENTED_EDGE('',*,*,#837,.F.);
#215=ORIENTED_EDGE('',*,*,#838,.T.);
#216=ORIENTED_EDGE('',*,*,#839,.T.);
#217=ORIENTED_EDGE('',*,*,#805,.F.);
#218=ORIENTED_EDGE('',*,*,#840,.T.);
#219=ORIENTED_EDGE('',*,*,#837,.T.);
#220=ORIENTED_EDGE('',*,*,#770,.F.);
#221=ORIENTED_EDGE('',*,*,#841,.F.);
#222=ORIENTED_EDGE('',*,*,#814,.T.);
#223=ORIENTED_EDGE('',*,*,#842,.T.);
#224=ORIENTED_EDGE('',*,*,#843,.T.);
#225=ORIENTED_EDGE('',*,*,#844,.F.);
#226=ORIENTED_EDGE('',*,*,#755,.F.);
#227=ORIENTED_EDGE('',*,*,#845,.F.);
#228=ORIENTED_EDGE('',*,*,#846,.F.);
#229=ORIENTED_EDGE('',*,*,#847,.F.);
#230=ORIENTED_EDGE('',*,*,#848,.T.);
#231=ORIENTED_EDGE('',*,*,#849,.T.);
#232=ORIENTED_EDGE('',*,*,#850,.T.);
#233=ORIENTED_EDGE('',*,*,#842,.F.);
#234=ORIENTED_EDGE('',*,*,#820,.T.);
#235=ORIENTED_EDGE('',*,*,#797,.T.);
#236=ORIENTED_EDGE('',*,*,#851,.F.);
#237=ORIENTED_EDGE('',*,*,#852,.F.);
#238=ORIENTED_EDGE('',*,*,#853,.F.);
#239=ORIENTED_EDGE('',*,*,#854,.F.);
#240=ORIENTED_EDGE('',*,*,#855,.F.);
#241=ORIENTED_EDGE('',*,*,#856,.F.);
#242=ORIENTED_EDGE('',*,*,#857,.T.);
#243=ORIENTED_EDGE('',*,*,#835,.F.);
#244=ORIENTED_EDGE('',*,*,#858,.F.);
#245=ORIENTED_EDGE('',*,*,#859,.T.);
#246=ORIENTED_EDGE('',*,*,#860,.F.);
#247=ORIENTED_EDGE('',*,*,#861,.F.);
#248=ORIENTED_EDGE('',*,*,#862,.F.);
#249=ORIENTED_EDGE('',*,*,#847,.T.);
#250=ORIENTED_EDGE('',*,*,#863,.T.);
#251=ORIENTED_EDGE('',*,*,#864,.T.);
#252=ORIENTED_EDGE('',*,*,#752,.T.);
#253=ORIENTED_EDGE('',*,*,#865,.F.);
#254=ORIENTED_EDGE('',*,*,#866,.T.);
#255=ORIENTED_EDGE('',*,*,#867,.T.);
#256=ORIENTED_EDGE('',*,*,#860,.T.);
#257=ORIENTED_EDGE('',*,*,#868,.T.);
#258=ORIENTED_EDGE('',*,*,#869,.F.);
#259=ORIENTED_EDGE('',*,*,#832,.T.);
#260=ORIENTED_EDGE('',*,*,#824,.F.);
#261=ORIENTED_EDGE('',*,*,#815,.F.);
#262=ORIENTED_EDGE('',*,*,#850,.F.);
#263=ORIENTED_EDGE('',*,*,#870,.T.);
#264=ORIENTED_EDGE('',*,*,#871,.F.);
#265=ORIENTED_EDGE('',*,*,#872,.F.);
#266=ORIENTED_EDGE('',*,*,#873,.F.);
#267=ORIENTED_EDGE('',*,*,#874,.F.);
#268=ORIENTED_EDGE('',*,*,#796,.T.);
#269=ORIENTED_EDGE('',*,*,#875,.T.);
#270=ORIENTED_EDGE('',*,*,#876,.T.);
#271=ORIENTED_EDGE('',*,*,#791,.T.);
#272=ORIENTED_EDGE('',*,*,#877,.T.);
#273=ORIENTED_EDGE('',*,*,#851,.T.);
#274=ORIENTED_EDGE('',*,*,#877,.F.);
#275=ORIENTED_EDGE('',*,*,#790,.T.);
#276=ORIENTED_EDGE('',*,*,#787,.T.);
#277=ORIENTED_EDGE('',*,*,#794,.F.);
#278=ORIENTED_EDGE('',*,*,#810,.F.);
#279=ORIENTED_EDGE('',*,*,#841,.T.);
#280=ORIENTED_EDGE('',*,*,#769,.T.);
#281=ORIENTED_EDGE('',*,*,#878,.T.);
#282=ORIENTED_EDGE('',*,*,#874,.T.);
#283=ORIENTED_EDGE('',*,*,#843,.F.);
#284=ORIENTED_EDGE('',*,*,#800,.F.);
#285=ORIENTED_EDGE('',*,*,#781,.T.);
#286=ORIENTED_EDGE('',*,*,#879,.T.);
#287=ORIENTED_EDGE('',*,*,#880,.T.);
#288=ORIENTED_EDGE('',*,*,#817,.T.);
#289=ORIENTED_EDGE('',*,*,#881,.T.);
#290=ORIENTED_EDGE('',*,*,#838,.F.);
#291=ORIENTED_EDGE('',*,*,#840,.F.);
#292=ORIENTED_EDGE('',*,*,#804,.F.);
#293=ORIENTED_EDGE('',*,*,#882,.T.);
#294=ORIENTED_EDGE('',*,*,#839,.F.);
#295=ORIENTED_EDGE('',*,*,#881,.F.);
#296=ORIENTED_EDGE('',*,*,#803,.F.);
#297=ORIENTED_EDGE('',*,*,#802,.T.);
#298=ORIENTED_EDGE('',*,*,#823,.T.);
#299=ORIENTED_EDGE('',*,*,#831,.T.);
#300=ORIENTED_EDGE('',*,*,#882,.F.);
#301=ORIENTED_EDGE('',*,*,#883,.F.);
#302=ORIENTED_EDGE('',*,*,#884,.F.);
#303=ORIENTED_EDGE('',*,*,#819,.T.);
#304=ORIENTED_EDGE('',*,*,#885,.T.);
#305=ORIENTED_EDGE('',*,*,#799,.T.);
#306=ORIENTED_EDGE('',*,*,#778,.T.);
#307=ORIENTED_EDGE('',*,*,#830,.T.);
#308=ORIENTED_EDGE('',*,*,#783,.F.);
#309=ORIENTED_EDGE('',*,*,#886,.F.);
#310=ORIENTED_EDGE('',*,*,#821,.T.);
#311=ORIENTED_EDGE('',*,*,#812,.T.);
#312=ORIENTED_EDGE('',*,*,#884,.T.);
#313=ORIENTED_EDGE('',*,*,#880,.F.);
#314=ORIENTED_EDGE('',*,*,#887,.T.);
#315=ORIENTED_EDGE('',*,*,#885,.F.);
#316=ORIENTED_EDGE('',*,*,#818,.F.);
#317=ORIENTED_EDGE('',*,*,#888,.F.);
#318=ORIENTED_EDGE('',*,*,#889,.T.);
#319=ORIENTED_EDGE('',*,*,#890,.T.);
#320=ORIENTED_EDGE('',*,*,#826,.T.);
#321=ORIENTED_EDGE('',*,*,#890,.F.);
#322=ORIENTED_EDGE('',*,*,#891,.T.);
#323=ORIENTED_EDGE('',*,*,#875,.F.);
#324=ORIENTED_EDGE('',*,*,#795,.T.);
#325=ORIENTED_EDGE('',*,*,#892,.T.);
#326=ORIENTED_EDGE('',*,*,#827,.T.);
#327=ORIENTED_EDGE('',*,*,#893,.T.);
#328=ORIENTED_EDGE('',*,*,#828,.F.);
#329=ORIENTED_EDGE('',*,*,#892,.F.);
#330=ORIENTED_EDGE('',*,*,#808,.F.);
#331=ORIENTED_EDGE('',*,*,#894,.F.);
#332=ORIENTED_EDGE('',*,*,#888,.T.);
#333=ORIENTED_EDGE('',*,*,#829,.F.);
#334=ORIENTED_EDGE('',*,*,#893,.F.);
#335=ORIENTED_EDGE('',*,*,#807,.F.);
#336=ORIENTED_EDGE('',*,*,#809,.T.);
#337=ORIENTED_EDGE('',*,*,#895,.T.);
#338=ORIENTED_EDGE('',*,*,#822,.T.);
#339=ORIENTED_EDGE('',*,*,#896,.F.);
#340=ORIENTED_EDGE('',*,*,#876,.F.);
#341=ORIENTED_EDGE('',*,*,#879,.F.);
#342=ORIENTED_EDGE('',*,*,#897,.F.);
#343=ORIENTED_EDGE('',*,*,#811,.T.);
#344=ORIENTED_EDGE('',*,*,#898,.T.);
#345=ORIENTED_EDGE('',*,*,#792,.F.);
#346=ORIENTED_EDGE('',*,*,#785,.T.);
#347=ORIENTED_EDGE('',*,*,#789,.T.);
#348=ORIENTED_EDGE('',*,*,#896,.T.);
#349=ORIENTED_EDGE('',*,*,#886,.T.);
#350=ORIENTED_EDGE('',*,*,#883,.T.);
#351=ORIENTED_EDGE('',*,*,#887,.F.);
#352=ORIENTED_EDGE('',*,*,#898,.F.);
#353=ORIENTED_EDGE('',*,*,#889,.F.);
#354=ORIENTED_EDGE('',*,*,#894,.T.);
#355=ORIENTED_EDGE('',*,*,#897,.T.);
#356=ORIENTED_EDGE('',*,*,#780,.T.);
#357=ORIENTED_EDGE('',*,*,#772,.F.);
#358=ORIENTED_EDGE('',*,*,#776,.F.);
#359=ORIENTED_EDGE('',*,*,#895,.F.);
#360=ORIENTED_EDGE('',*,*,#891,.F.);
#361=ORIENTED_EDGE('',*,*,#873,.T.);
#362=ORIENTED_EDGE('',*,*,#899,.T.);
#363=ORIENTED_EDGE('',*,*,#756,.F.);
#364=ORIENTED_EDGE('',*,*,#844,.T.);
#365=ORIENTED_EDGE('',*,*,#900,.F.);
#366=ORIENTED_EDGE('',*,*,#901,.F.);
#367=ORIENTED_EDGE('',*,*,#758,.T.);
#368=ORIENTED_EDGE('',*,*,#715,.T.);
#369=ORIENTED_EDGE('',*,*,#878,.F.);
#370=ORIENTED_EDGE('',*,*,#735,.T.);
#371=ORIENTED_EDGE('',*,*,#766,.F.);
#372=ORIENTED_EDGE('',*,*,#902,.F.);
#373=ORIENTED_EDGE('',*,*,#903,.F.);
#374=ORIENTED_EDGE('',*,*,#904,.T.);
#375=ORIENTED_EDGE('',*,*,#900,.T.);
#376=ORIENTED_EDGE('',*,*,#714,.F.);
#377=ORIENTED_EDGE('',*,*,#905,.F.);
#378=ORIENTED_EDGE('',*,*,#836,.F.);
#379=ORIENTED_EDGE('',*,*,#857,.F.);
#380=ORIENTED_EDGE('',*,*,#906,.T.);
#381=ORIENTED_EDGE('',*,*,#907,.T.);
#382=ORIENTED_EDGE('',*,*,#908,.F.);
#383=ORIENTED_EDGE('',*,*,#909,.F.);
#384=ORIENTED_EDGE('',*,*,#728,.F.);
#385=ORIENTED_EDGE('',*,*,#768,.F.);
#386=ORIENTED_EDGE('',*,*,#907,.F.);
#387=ORIENTED_EDGE('',*,*,#910,.T.);
#388=ORIENTED_EDGE('',*,*,#745,.T.);
#389=ORIENTED_EDGE('',*,*,#911,.F.);
#390=ORIENTED_EDGE('',*,*,#912,.F.);
#391=ORIENTED_EDGE('',*,*,#913,.F.);
#392=ORIENTED_EDGE('',*,*,#736,.T.);
#393=ORIENTED_EDGE('',*,*,#914,.T.);
#394=ORIENTED_EDGE('',*,*,#915,.F.);
#395=ORIENTED_EDGE('',*,*,#916,.F.);
#396=ORIENTED_EDGE('',*,*,#867,.F.);
#397=ORIENTED_EDGE('',*,*,#917,.F.);
#398=ORIENTED_EDGE('',*,*,#918,.T.);
#399=ORIENTED_EDGE('',*,*,#749,.F.);
#400=ORIENTED_EDGE('',*,*,#901,.T.);
#401=ORIENTED_EDGE('',*,*,#904,.F.);
#402=ORIENTED_EDGE('',*,*,#919,.F.);
#403=ORIENTED_EDGE('',*,*,#920,.T.);
#404=ORIENTED_EDGE('',*,*,#763,.F.);
#405=ORIENTED_EDGE('',*,*,#746,.F.);
#406=ORIENTED_EDGE('',*,*,#910,.F.);
#407=ORIENTED_EDGE('',*,*,#906,.F.);
#408=ORIENTED_EDGE('',*,*,#738,.T.);
#409=ORIENTED_EDGE('',*,*,#921,.T.);
#410=ORIENTED_EDGE('',*,*,#922,.T.);
#411=ORIENTED_EDGE('',*,*,#923,.F.);
#412=ORIENTED_EDGE('',*,*,#924,.F.);
#413=ORIENTED_EDGE('',*,*,#925,.T.);
#414=ORIENTED_EDGE('',*,*,#926,.T.);
#415=ORIENTED_EDGE('',*,*,#921,.F.);
#416=ORIENTED_EDGE('',*,*,#737,.F.);
#417=ORIENTED_EDGE('',*,*,#913,.T.);
#418=ORIENTED_EDGE('',*,*,#927,.F.);
#419=ORIENTED_EDGE('',*,*,#928,.T.);
#420=ORIENTED_EDGE('',*,*,#914,.F.);
#421=ORIENTED_EDGE('',*,*,#739,.T.);
#422=ORIENTED_EDGE('',*,*,#923,.T.);
#423=ORIENTED_EDGE('',*,*,#929,.F.);
#424=ORIENTED_EDGE('',*,*,#930,.F.);
#425=ORIENTED_EDGE('',*,*,#916,.T.);
#426=ORIENTED_EDGE('',*,*,#931,.F.);
#427=ORIENTED_EDGE('',*,*,#932,.T.);
#428=ORIENTED_EDGE('',*,*,#929,.T.);
#429=ORIENTED_EDGE('',*,*,#922,.F.);
#430=ORIENTED_EDGE('',*,*,#926,.F.);
#431=ORIENTED_EDGE('',*,*,#933,.T.);
#432=ORIENTED_EDGE('',*,*,#934,.F.);
#433=ORIENTED_EDGE('',*,*,#931,.T.);
#434=ORIENTED_EDGE('',*,*,#915,.T.);
#435=ORIENTED_EDGE('',*,*,#928,.F.);
#436=ORIENTED_EDGE('',*,*,#927,.T.);
#437=ORIENTED_EDGE('',*,*,#932,.F.);
#438=ORIENTED_EDGE('',*,*,#934,.T.);
#439=ORIENTED_EDGE('',*,*,#924,.T.);
#440=ORIENTED_EDGE('',*,*,#912,.T.);
#441=ORIENTED_EDGE('',*,*,#930,.T.);
#442=ORIENTED_EDGE('',*,*,#935,.F.);
#443=ORIENTED_EDGE('',*,*,#935,.T.);
#444=ORIENTED_EDGE('',*,*,#933,.F.);
#445=ORIENTED_EDGE('',*,*,#925,.F.);
#446=ORIENTED_EDGE('',*,*,#765,.T.);
#447=ORIENTED_EDGE('',*,*,#936,.F.);
#448=ORIENTED_EDGE('',*,*,#937,.F.);
#449=ORIENTED_EDGE('',*,*,#902,.T.);
#450=ORIENTED_EDGE('',*,*,#764,.F.);
#451=ORIENTED_EDGE('',*,*,#920,.F.);
#452=ORIENTED_EDGE('',*,*,#938,.T.);
#453=ORIENTED_EDGE('',*,*,#936,.T.);
#454=ORIENTED_EDGE('',*,*,#903,.T.);
#455=ORIENTED_EDGE('',*,*,#937,.T.);
#456=ORIENTED_EDGE('',*,*,#938,.F.);
#457=ORIENTED_EDGE('',*,*,#919,.T.);
#458=ORIENTED_EDGE('',*,*,#939,.F.);
#459=ORIENTED_EDGE('',*,*,#911,.T.);
#460=ORIENTED_EDGE('',*,*,#939,.T.);
#461=ORIENTED_EDGE('',*,*,#940,.F.);
#462=ORIENTED_EDGE('',*,*,#870,.F.);
#463=ORIENTED_EDGE('',*,*,#849,.F.);
#464=ORIENTED_EDGE('',*,*,#941,.T.);
#465=ORIENTED_EDGE('',*,*,#942,.T.);
#466=ORIENTED_EDGE('',*,*,#871,.T.);
#467=ORIENTED_EDGE('',*,*,#942,.F.);
#468=ORIENTED_EDGE('',*,*,#943,.F.);
#469=ORIENTED_EDGE('',*,*,#861,.T.);
#470=ORIENTED_EDGE('',*,*,#941,.F.);
#471=ORIENTED_EDGE('',*,*,#848,.F.);
#472=ORIENTED_EDGE('',*,*,#862,.T.);
#473=ORIENTED_EDGE('',*,*,#943,.T.);
#474=ORIENTED_EDGE('',*,*,#944,.F.);
#475=ORIENTED_EDGE('',*,*,#869,.T.);
#476=ORIENTED_EDGE('',*,*,#945,.F.);
#477=ORIENTED_EDGE('',*,*,#946,.F.);
#478=ORIENTED_EDGE('',*,*,#833,.T.);
#479=ORIENTED_EDGE('',*,*,#868,.F.);
#480=ORIENTED_EDGE('',*,*,#859,.F.);
#481=ORIENTED_EDGE('',*,*,#947,.T.);
#482=ORIENTED_EDGE('',*,*,#945,.T.);
#483=ORIENTED_EDGE('',*,*,#834,.T.);
#484=ORIENTED_EDGE('',*,*,#946,.T.);
#485=ORIENTED_EDGE('',*,*,#947,.F.);
#486=ORIENTED_EDGE('',*,*,#858,.T.);
#487=ORIENTED_EDGE('',*,*,#948,.F.);
#488=ORIENTED_EDGE('',*,*,#754,.T.);
#489=ORIENTED_EDGE('',*,*,#949,.F.);
#490=ORIENTED_EDGE('',*,*,#950,.F.);
#491=ORIENTED_EDGE('',*,*,#845,.T.);
#492=ORIENTED_EDGE('',*,*,#753,.F.);
#493=ORIENTED_EDGE('',*,*,#864,.F.);
#494=ORIENTED_EDGE('',*,*,#951,.T.);
#495=ORIENTED_EDGE('',*,*,#949,.T.);
#496=ORIENTED_EDGE('',*,*,#846,.T.);
#497=ORIENTED_EDGE('',*,*,#950,.T.);
#498=ORIENTED_EDGE('',*,*,#951,.F.);
#499=ORIENTED_EDGE('',*,*,#863,.F.);
#500=ORIENTED_EDGE('',*,*,#750,.F.);
#501=ORIENTED_EDGE('',*,*,#918,.F.);
#502=ORIENTED_EDGE('',*,*,#952,.T.);
#503=ORIENTED_EDGE('',*,*,#953,.T.);
#504=ORIENTED_EDGE('',*,*,#751,.T.);
#505=ORIENTED_EDGE('',*,*,#953,.F.);
#506=ORIENTED_EDGE('',*,*,#954,.F.);
#507=ORIENTED_EDGE('',*,*,#865,.T.);
#508=ORIENTED_EDGE('',*,*,#952,.F.);
#509=ORIENTED_EDGE('',*,*,#917,.T.);
#510=ORIENTED_EDGE('',*,*,#866,.F.);
#511=ORIENTED_EDGE('',*,*,#954,.T.);
#512=ORIENTED_EDGE('',*,*,#854,.T.);
#513=ORIENTED_EDGE('',*,*,#948,.T.);
#514=ORIENTED_EDGE('',*,*,#856,.T.);
#515=ORIENTED_EDGE('',*,*,#944,.T.);
#516=ORIENTED_EDGE('',*,*,#855,.T.);
#517=ORIENTED_EDGE('',*,*,#940,.T.);
#518=ORIENTED_EDGE('',*,*,#730,.T.);
#519=ORIENTED_EDGE('',*,*,#744,.F.);
#520=ORIENTED_EDGE('',*,*,#955,.F.);
#521=ORIENTED_EDGE('',*,*,#740,.F.);
#522=ORIENTED_EDGE('',*,*,#741,.T.);
#523=ORIENTED_EDGE('',*,*,#955,.T.);
#524=ORIENTED_EDGE('',*,*,#743,.T.);
#525=ORIENTED_EDGE('',*,*,#956,.F.);
#526=ORIENTED_EDGE('',*,*,#742,.T.);
#527=ORIENTED_EDGE('',*,*,#956,.T.);
#528=ORIENTED_EDGE('',*,*,#748,.T.);
#529=ORIENTED_EDGE('',*,*,#732,.F.);
#530=ORIENTED_EDGE('',*,*,#853,.T.);
#531=ORIENTED_EDGE('',*,*,#909,.T.);
#532=ORIENTED_EDGE('',*,*,#852,.T.);
#533=ORIENTED_EDGE('',*,*,#908,.T.);
#534=ORIENTED_EDGE('',*,*,#726,.T.);
#535=ORIENTED_EDGE('',*,*,#957,.F.);
#536=ORIENTED_EDGE('',*,*,#725,.T.);
#537=ORIENTED_EDGE('',*,*,#958,.F.);
#538=ORIENTED_EDGE('',*,*,#959,.F.);
#539=ORIENTED_EDGE('',*,*,#960,.F.);
#540=ORIENTED_EDGE('',*,*,#961,.T.);
#541=ORIENTED_EDGE('',*,*,#962,.T.);
#542=ORIENTED_EDGE('',*,*,#963,.T.);
#543=ORIENTED_EDGE('',*,*,#964,.F.);
#544=ORIENTED_EDGE('',*,*,#965,.F.);
#545=ORIENTED_EDGE('',*,*,#960,.T.);
#546=ORIENTED_EDGE('',*,*,#966,.T.);
#547=ORIENTED_EDGE('',*,*,#967,.F.);
#548=ORIENTED_EDGE('',*,*,#968,.F.);
#549=ORIENTED_EDGE('',*,*,#964,.T.);
#550=ORIENTED_EDGE('',*,*,#721,.F.);
#551=ORIENTED_EDGE('',*,*,#969,.F.);
#552=ORIENTED_EDGE('',*,*,#970,.T.);
#553=ORIENTED_EDGE('',*,*,#971,.T.);
#554=ORIENTED_EDGE('',*,*,#724,.T.);
#555=ORIENTED_EDGE('',*,*,#972,.F.);
#556=ORIENTED_EDGE('',*,*,#973,.F.);
#557=ORIENTED_EDGE('',*,*,#969,.T.);
#558=ORIENTED_EDGE('',*,*,#723,.T.);
#559=ORIENTED_EDGE('',*,*,#974,.F.);
#560=ORIENTED_EDGE('',*,*,#975,.F.);
#561=ORIENTED_EDGE('',*,*,#972,.T.);
#562=ORIENTED_EDGE('',*,*,#722,.F.);
#563=ORIENTED_EDGE('',*,*,#971,.F.);
#564=ORIENTED_EDGE('',*,*,#976,.T.);
#565=ORIENTED_EDGE('',*,*,#974,.T.);
#566=ORIENTED_EDGE('',*,*,#977,.F.);
#567=ORIENTED_EDGE('',*,*,#962,.F.);
#568=ORIENTED_EDGE('',*,*,#978,.T.);
#569=ORIENTED_EDGE('',*,*,#967,.T.);
#570=ORIENTED_EDGE('',*,*,#970,.F.);
#571=ORIENTED_EDGE('',*,*,#973,.T.);
#572=ORIENTED_EDGE('',*,*,#975,.T.);
#573=ORIENTED_EDGE('',*,*,#976,.F.);
#574=ORIENTED_EDGE('',*,*,#961,.F.);
#575=ORIENTED_EDGE('',*,*,#965,.T.);
#576=ORIENTED_EDGE('',*,*,#968,.T.);
#577=ORIENTED_EDGE('',*,*,#978,.F.);
#578=ORIENTED_EDGE('',*,*,#959,.T.);
#579=ORIENTED_EDGE('',*,*,#977,.T.);
#580=ORIENTED_EDGE('',*,*,#966,.F.);
#581=ORIENTED_EDGE('',*,*,#963,.F.);
#582=ORIENTED_EDGE('',*,*,#759,.T.);
#583=ORIENTED_EDGE('',*,*,#979,.F.);
#584=ORIENTED_EDGE('',*,*,#980,.F.);
#585=ORIENTED_EDGE('',*,*,#981,.T.);
#586=ORIENTED_EDGE('',*,*,#762,.T.);
#587=ORIENTED_EDGE('',*,*,#982,.F.);
#588=ORIENTED_EDGE('',*,*,#983,.F.);
#589=ORIENTED_EDGE('',*,*,#979,.T.);
#590=ORIENTED_EDGE('',*,*,#761,.F.);
#591=ORIENTED_EDGE('',*,*,#984,.F.);
#592=ORIENTED_EDGE('',*,*,#985,.T.);
#593=ORIENTED_EDGE('',*,*,#982,.T.);
#594=ORIENTED_EDGE('',*,*,#985,.F.);
#595=ORIENTED_EDGE('',*,*,#986,.F.);
#596=ORIENTED_EDGE('',*,*,#980,.T.);
#597=ORIENTED_EDGE('',*,*,#983,.T.);
#598=ORIENTED_EDGE('',*,*,#987,.F.);
#599=ORIENTED_EDGE('',*,*,#988,.F.);
#600=ORIENTED_EDGE('',*,*,#989,.T.);
#601=ORIENTED_EDGE('',*,*,#990,.T.);
#602=ORIENTED_EDGE('',*,*,#991,.T.);
#603=ORIENTED_EDGE('',*,*,#992,.F.);
#604=ORIENTED_EDGE('',*,*,#993,.F.);
#605=ORIENTED_EDGE('',*,*,#988,.T.);
#606=ORIENTED_EDGE('',*,*,#994,.T.);
#607=ORIENTED_EDGE('',*,*,#995,.F.);
#608=ORIENTED_EDGE('',*,*,#996,.F.);
#609=ORIENTED_EDGE('',*,*,#992,.T.);
#610=ORIENTED_EDGE('',*,*,#997,.F.);
#611=ORIENTED_EDGE('',*,*,#990,.F.);
#612=ORIENTED_EDGE('',*,*,#998,.T.);
#613=ORIENTED_EDGE('',*,*,#995,.T.);
#614=ORIENTED_EDGE('',*,*,#989,.F.);
#615=ORIENTED_EDGE('',*,*,#993,.T.);
#616=ORIENTED_EDGE('',*,*,#996,.T.);
#617=ORIENTED_EDGE('',*,*,#998,.F.);
#618=ORIENTED_EDGE('',*,*,#760,.F.);
#619=ORIENTED_EDGE('',*,*,#981,.F.);
#620=ORIENTED_EDGE('',*,*,#986,.T.);
#621=ORIENTED_EDGE('',*,*,#984,.T.);
#622=ORIENTED_EDGE('',*,*,#987,.T.);
#623=ORIENTED_EDGE('',*,*,#997,.T.);
#624=ORIENTED_EDGE('',*,*,#994,.F.);
#625=ORIENTED_EDGE('',*,*,#991,.F.);
#626=ORIENTED_EDGE('',*,*,#717,.F.);
#627=ORIENTED_EDGE('',*,*,#999,.F.);
#628=ORIENTED_EDGE('',*,*,#1000,.T.);
#629=ORIENTED_EDGE('',*,*,#1001,.T.);
#630=ORIENTED_EDGE('',*,*,#720,.T.);
#631=ORIENTED_EDGE('',*,*,#1002,.F.);
#632=ORIENTED_EDGE('',*,*,#1003,.F.);
#633=ORIENTED_EDGE('',*,*,#999,.T.);
#634=ORIENTED_EDGE('',*,*,#719,.T.);
#635=ORIENTED_EDGE('',*,*,#1004,.F.);
#636=ORIENTED_EDGE('',*,*,#1005,.F.);
#637=ORIENTED_EDGE('',*,*,#1002,.T.);
#638=ORIENTED_EDGE('',*,*,#1006,.F.);
#639=ORIENTED_EDGE('',*,*,#1007,.F.);
#640=ORIENTED_EDGE('',*,*,#1008,.T.);
#641=ORIENTED_EDGE('',*,*,#1009,.T.);
#642=ORIENTED_EDGE('',*,*,#1010,.T.);
#643=ORIENTED_EDGE('',*,*,#1011,.F.);
#644=ORIENTED_EDGE('',*,*,#1012,.F.);
#645=ORIENTED_EDGE('',*,*,#1007,.T.);
#646=ORIENTED_EDGE('',*,*,#1013,.T.);
#647=ORIENTED_EDGE('',*,*,#1014,.F.);
#648=ORIENTED_EDGE('',*,*,#1015,.F.);
#649=ORIENTED_EDGE('',*,*,#1011,.T.);
#650=ORIENTED_EDGE('',*,*,#1016,.F.);
#651=ORIENTED_EDGE('',*,*,#1009,.F.);
#652=ORIENTED_EDGE('',*,*,#1017,.T.);
#653=ORIENTED_EDGE('',*,*,#1014,.T.);
#654=ORIENTED_EDGE('',*,*,#718,.F.);
#655=ORIENTED_EDGE('',*,*,#1001,.F.);
#656=ORIENTED_EDGE('',*,*,#1018,.T.);
#657=ORIENTED_EDGE('',*,*,#1004,.T.);
#658=ORIENTED_EDGE('',*,*,#1008,.F.);
#659=ORIENTED_EDGE('',*,*,#1012,.T.);
#660=ORIENTED_EDGE('',*,*,#1015,.T.);
#661=ORIENTED_EDGE('',*,*,#1017,.F.);
#662=ORIENTED_EDGE('',*,*,#1000,.F.);
#663=ORIENTED_EDGE('',*,*,#1003,.T.);
#664=ORIENTED_EDGE('',*,*,#1005,.T.);
#665=ORIENTED_EDGE('',*,*,#1018,.F.);
#666=ORIENTED_EDGE('',*,*,#1006,.T.);
#667=ORIENTED_EDGE('',*,*,#1016,.T.);
#668=ORIENTED_EDGE('',*,*,#1013,.F.);
#669=ORIENTED_EDGE('',*,*,#1010,.F.);
#670=ORIENTED_EDGE('',*,*,#958,.T.);
#671=ORIENTED_EDGE('',*,*,#957,.T.);
#672=ORIENTED_EDGE('',*,*,#757,.F.);
#673=ORIENTED_EDGE('',*,*,#899,.F.);
#674=ORIENTED_EDGE('',*,*,#872,.T.);
#675=ORIENTED_EDGE('',*,*,#905,.T.);
#676=ORIENTED_EDGE('',*,*,#713,.T.);
#677=ORIENTED_EDGE('',*,*,#1019,.F.);
#678=ORIENTED_EDGE('',*,*,#1020,.F.);
#679=ORIENTED_EDGE('',*,*,#1021,.T.);
#680=ORIENTED_EDGE('',*,*,#1022,.T.);
#681=ORIENTED_EDGE('',*,*,#1023,.F.);
#682=ORIENTED_EDGE('',*,*,#1024,.F.);
#683=ORIENTED_EDGE('',*,*,#1025,.T.);
#684=ORIENTED_EDGE('',*,*,#1020,.T.);
#685=ORIENTED_EDGE('',*,*,#1026,.T.);
#686=ORIENTED_EDGE('',*,*,#1027,.F.);
#687=ORIENTED_EDGE('',*,*,#1028,.F.);
#688=ORIENTED_EDGE('',*,*,#1024,.T.);
#689=ORIENTED_EDGE('',*,*,#1029,.T.);
#690=ORIENTED_EDGE('',*,*,#1022,.F.);
#691=ORIENTED_EDGE('',*,*,#1030,.F.);
#692=ORIENTED_EDGE('',*,*,#1027,.T.);
#693=ORIENTED_EDGE('',*,*,#1031,.F.);
#694=ORIENTED_EDGE('',*,*,#1032,.F.);
#695=ORIENTED_EDGE('',*,*,#1033,.F.);
#696=ORIENTED_EDGE('',*,*,#1021,.F.);
#697=ORIENTED_EDGE('',*,*,#1025,.F.);
#698=ORIENTED_EDGE('',*,*,#1028,.T.);
#699=ORIENTED_EDGE('',*,*,#1030,.T.);
#700=ORIENTED_EDGE('',*,*,#1034,.T.);
#701=ORIENTED_EDGE('',*,*,#1035,.T.);
#702=ORIENTED_EDGE('',*,*,#1036,.T.);
#703=ORIENTED_EDGE('',*,*,#1019,.T.);
#704=ORIENTED_EDGE('',*,*,#1029,.F.);
#705=ORIENTED_EDGE('',*,*,#1026,.F.);
#706=ORIENTED_EDGE('',*,*,#1023,.T.);
#707=ORIENTED_EDGE('',*,*,#1033,.T.);
#708=ORIENTED_EDGE('',*,*,#1036,.F.);
#709=ORIENTED_EDGE('',*,*,#1032,.T.);
#710=ORIENTED_EDGE('',*,*,#1035,.F.);
#711=ORIENTED_EDGE('',*,*,#1031,.T.);
#712=ORIENTED_EDGE('',*,*,#1034,.F.);
#713=EDGE_CURVE('',#1037,#1038,#1255,.T.);
#714=EDGE_CURVE('',#1037,#1039,#1256,.T.);
#715=EDGE_CURVE('',#1040,#1039,#1257,.T.);
#716=EDGE_CURVE('',#1040,#1038,#1258,.T.);
#717=EDGE_CURVE('',#1041,#1042,#1259,.T.);
#718=EDGE_CURVE('',#1042,#1043,#1260,.T.);
#719=EDGE_CURVE('',#1044,#1043,#1261,.T.);
#720=EDGE_CURVE('',#1041,#1044,#1262,.T.);
#721=EDGE_CURVE('',#1045,#1046,#1263,.T.);
#722=EDGE_CURVE('',#1046,#1047,#1264,.T.);
#723=EDGE_CURVE('',#1048,#1047,#1265,.T.);
#724=EDGE_CURVE('',#1045,#1048,#1266,.T.);
#725=EDGE_CURVE('',#1049,#1049,#29,.T.);
#726=EDGE_CURVE('',#1050,#1050,#30,.T.);
#727=EDGE_CURVE('',#1051,#1052,#1267,.T.);
#728=EDGE_CURVE('',#1051,#1053,#1268,.T.);
#729=EDGE_CURVE('',#1053,#1054,#1269,.T.);
#730=EDGE_CURVE('',#1055,#1054,#1270,.T.);
#731=EDGE_CURVE('',#1056,#1055,#1271,.T.);
#732=EDGE_CURVE('',#1056,#1057,#1272,.T.);
#733=EDGE_CURVE('',#1057,#1058,#1273,.T.);
#734=EDGE_CURVE('',#1058,#1059,#1274,.T.);
#735=EDGE_CURVE('',#1052,#1059,#1275,.T.);
#736=EDGE_CURVE('',#1060,#1061,#1276,.T.);
#737=EDGE_CURVE('',#1060,#1062,#1277,.T.);
#738=EDGE_CURVE('',#1063,#1062,#1278,.T.);
#739=EDGE_CURVE('',#1061,#1063,#1279,.T.);
#740=EDGE_CURVE('',#1055,#1064,#1280,.T.);
#741=EDGE_CURVE('',#1065,#1064,#1281,.T.);
#742=EDGE_CURVE('',#1056,#1065,#1282,.T.);
#743=EDGE_CURVE('',#1066,#1067,#1283,.T.);
#744=EDGE_CURVE('',#1066,#1054,#1284,.T.);
#745=EDGE_CURVE('',#1068,#1053,#1285,.T.);
#746=EDGE_CURVE('',#1068,#1069,#1286,.T.);
#747=EDGE_CURVE('',#1069,#1058,#1287,.T.);
#748=EDGE_CURVE('',#1067,#1057,#1288,.T.);
#749=EDGE_CURVE('',#1070,#1071,#1289,.T.);
#750=EDGE_CURVE('',#1071,#1072,#1290,.T.);
#751=EDGE_CURVE('',#1073,#1072,#1291,.T.);
#752=EDGE_CURVE('',#1074,#1073,#1292,.T.);
#753=EDGE_CURVE('',#1074,#1075,#1293,.T.);
#754=EDGE_CURVE('',#1076,#1075,#1294,.T.);
#755=EDGE_CURVE('',#1076,#1077,#1295,.T.);
#756=EDGE_CURVE('',#1077,#1078,#1296,.T.);
#757=EDGE_CURVE('',#1078,#1038,#1297,.T.);
#758=EDGE_CURVE('',#1070,#1040,#1298,.T.);
#759=EDGE_CURVE('',#1079,#1080,#1299,.T.);
#760=EDGE_CURVE('',#1079,#1081,#1300,.T.);
#761=EDGE_CURVE('',#1081,#1082,#1301,.T.);
#762=EDGE_CURVE('',#1080,#1082,#1302,.T.);
#763=EDGE_CURVE('',#1069,#1083,#1303,.T.);
#764=EDGE_CURVE('',#1083,#1084,#1304,.T.);
#765=EDGE_CURVE('',#1085,#1084,#1305,.T.);
#766=EDGE_CURVE('',#1085,#1059,#1306,.T.);
#767=EDGE_CURVE('',#1086,#1087,#1307,.T.);
#768=EDGE_CURVE('',#1086,#1051,#1308,.T.);
#769=EDGE_CURVE('',#1088,#1052,#31,.T.);
#770=EDGE_CURVE('',#1088,#1087,#1309,.T.);
#771=EDGE_CURVE('',#1089,#1090,#1310,.T.);
#772=EDGE_CURVE('',#1089,#1091,#1311,.T.);
#773=EDGE_CURVE('',#1091,#1092,#1312,.T.);
#774=EDGE_CURVE('',#1090,#1092,#1313,.T.);
#775=EDGE_CURVE('',#1093,#1094,#1314,.T.);
#776=EDGE_CURVE('',#1094,#1089,#1315,.T.);
#777=EDGE_CURVE('',#1095,#1090,#1316,.T.);
#778=EDGE_CURVE('',#1096,#1095,#1317,.T.);
#779=EDGE_CURVE('',#1093,#1096,#1318,.T.);
#780=EDGE_CURVE('',#1097,#1091,#1319,.T.);
#781=EDGE_CURVE('',#1098,#1097,#1320,.T.);
#782=EDGE_CURVE('',#1098,#1099,#1321,.T.);
#783=EDGE_CURVE('',#1099,#1100,#1322,.T.);
#784=EDGE_CURVE('',#1100,#1092,#1323,.T.);
#785=EDGE_CURVE('',#1101,#1102,#1324,.T.);
#786=EDGE_CURVE('',#1103,#1101,#1325,.T.);
#787=EDGE_CURVE('',#1104,#1103,#32,.F.);
#788=EDGE_CURVE('',#1104,#1102,#1326,.T.);
#789=EDGE_CURVE('',#1102,#1105,#1327,.T.);
#790=EDGE_CURVE('',#1106,#1104,#1328,.T.);
#791=EDGE_CURVE('',#1105,#1106,#1329,.T.);
#792=EDGE_CURVE('',#1101,#1107,#1330,.T.);
#793=EDGE_CURVE('',#1107,#1108,#1331,.T.);
#794=EDGE_CURVE('',#1108,#1103,#1332,.T.);
#795=EDGE_CURVE('',#1109,#1110,#1333,.T.);
#796=EDGE_CURVE('',#1111,#1109,#1334,.T.);
#797=EDGE_CURVE('',#1112,#1111,#1335,.T.);
#798=EDGE_CURVE('',#1112,#1093,#1336,.T.);
#799=EDGE_CURVE('',#1099,#1096,#1337,.T.);
#800=EDGE_CURVE('',#1098,#1113,#1338,.T.);
#801=EDGE_CURVE('',#1113,#1114,#1339,.T.);
#802=EDGE_CURVE('',#1115,#1114,#1340,.T.);
#803=EDGE_CURVE('',#1115,#1116,#1341,.T.);
#804=EDGE_CURVE('',#1116,#1117,#1342,.T.);
#805=EDGE_CURVE('',#1117,#1118,#1343,.T.);
#806=EDGE_CURVE('',#1119,#1118,#1344,.T.);
#807=EDGE_CURVE('',#1119,#1120,#1345,.T.);
#808=EDGE_CURVE('',#1120,#1110,#1346,.T.);
#809=EDGE_CURVE('',#1119,#1121,#1347,.T.);
#810=EDGE_CURVE('',#1118,#1108,#33,.T.);
#811=EDGE_CURVE('',#1121,#1107,#1348,.T.);
#812=EDGE_CURVE('',#1122,#1123,#1349,.T.);
#813=EDGE_CURVE('',#1124,#1122,#34,.T.);
#814=EDGE_CURVE('',#1125,#1124,#1350,.T.);
#815=EDGE_CURVE('',#1125,#1126,#35,.T.);
#816=EDGE_CURVE('',#1126,#1113,#1351,.T.);
#817=EDGE_CURVE('',#1127,#1113,#36,.T.);
#818=EDGE_CURVE('',#1127,#1128,#1352,.T.);
#819=EDGE_CURVE('',#1123,#1128,#37,.F.);
#820=EDGE_CURVE('',#1124,#1112,#1353,.T.);
#821=EDGE_CURVE('',#1129,#1122,#1354,.T.);
#822=EDGE_CURVE('',#1094,#1129,#1355,.T.);
#823=EDGE_CURVE('',#1114,#1130,#1356,.T.);
#824=EDGE_CURVE('',#1126,#1131,#1357,.T.);
#825=EDGE_CURVE('',#1131,#1130,#1358,.T.);
#826=EDGE_CURVE('',#1132,#1133,#1359,.T.);
#827=EDGE_CURVE('',#1134,#1132,#1360,.T.);
#828=EDGE_CURVE('',#1134,#1135,#1361,.T.);
#829=EDGE_CURVE('',#1135,#1133,#1362,.T.);
#830=EDGE_CURVE('',#1095,#1100,#1363,.T.);
#831=EDGE_CURVE('',#1130,#1136,#1364,.T.);
#832=EDGE_CURVE('',#1137,#1131,#1365,.T.);
#833=EDGE_CURVE('',#1138,#1137,#1366,.T.);
#834=EDGE_CURVE('',#1139,#1138,#1367,.T.);
#835=EDGE_CURVE('',#1139,#1140,#1368,.T.);
#836=EDGE_CURVE('',#1140,#1086,#1369,.T.);
#837=EDGE_CURVE('',#1141,#1087,#1370,.T.);
#838=EDGE_CURVE('',#1141,#1142,#1371,.T.);
#839=EDGE_CURVE('',#1142,#1136,#1372,.T.);
#840=EDGE_CURVE('',#1117,#1141,#1373,.T.);
#841=EDGE_CURVE('',#1118,#1088,#1374,.T.);
#842=EDGE_CURVE('',#1124,#1143,#1375,.T.);
#843=EDGE_CURVE('',#1143,#1144,#1376,.T.);
#844=EDGE_CURVE('',#1077,#1144,#1377,.T.);
#845=EDGE_CURVE('',#1145,#1076,#1378,.T.);
#846=EDGE_CURVE('',#1146,#1145,#1379,.T.);
#847=EDGE_CURVE('',#1147,#1146,#1380,.T.);
#848=EDGE_CURVE('',#1147,#1148,#1381,.T.);
#849=EDGE_CURVE('',#1148,#1149,#1382,.T.);
#850=EDGE_CURVE('',#1149,#1125,#1383,.T.);
#851=EDGE_CURVE('',#1143,#1111,#1384,.T.);
#852=EDGE_CURVE('',#1150,#1150,#38,.T.);
#853=EDGE_CURVE('',#1151,#1151,#39,.T.);
#854=EDGE_CURVE('',#1152,#1152,#40,.T.);
#855=EDGE_CURVE('',#1153,#1153,#41,.T.);
#856=EDGE_CURVE('',#1154,#1154,#42,.T.);
#857=EDGE_CURVE('',#1155,#1140,#1385,.T.);
#858=EDGE_CURVE('',#1156,#1139,#1386,.T.);
#859=EDGE_CURVE('',#1156,#1157,#1387,.T.);
#860=EDGE_CURVE('',#1158,#1157,#1388,.T.);
#861=EDGE_CURVE('',#1159,#1158,#1389,.T.);
#862=EDGE_CURVE('',#1147,#1159,#1390,.T.);
#863=EDGE_CURVE('',#1146,#1160,#1391,.T.);
#864=EDGE_CURVE('',#1160,#1074,#1392,.T.);
#865=EDGE_CURVE('',#1161,#1073,#1393,.T.);
#866=EDGE_CURVE('',#1161,#1162,#1394,.T.);
#867=EDGE_CURVE('',#1162,#1155,#1395,.T.);
#868=EDGE_CURVE('',#1157,#1163,#1396,.T.);
#869=EDGE_CURVE('',#1137,#1163,#1397,.T.);
#870=EDGE_CURVE('',#1149,#1164,#1398,.T.);
#871=EDGE_CURVE('',#1158,#1164,#1399,.T.);
#872=EDGE_CURVE('',#1165,#1166,#1400,.T.);
#873=EDGE_CURVE('',#1144,#1165,#1401,.T.);
#874=EDGE_CURVE('',#1166,#1144,#43,.T.);
#875=EDGE_CURVE('',#1109,#1167,#1402,.T.);
#876=EDGE_CURVE('',#1167,#1105,#1403,.T.);
#877=EDGE_CURVE('',#1106,#1143,#44,.T.);
#878=EDGE_CURVE('',#1052,#1166,#45,.T.);
#879=EDGE_CURVE('',#1097,#1168,#1404,.T.);
#880=EDGE_CURVE('',#1168,#1127,#1405,.T.);
#881=EDGE_CURVE('',#1116,#1142,#1406,.T.);
#882=EDGE_CURVE('',#1115,#1136,#1407,.T.);
#883=EDGE_CURVE('',#1169,#1170,#1408,.T.);
#884=EDGE_CURVE('',#1123,#1169,#1409,.T.);
#885=EDGE_CURVE('',#1128,#1170,#1410,.T.);
#886=EDGE_CURVE('',#1129,#1169,#1411,.T.);
#887=EDGE_CURVE('',#1168,#1170,#1412,.T.);
#888=EDGE_CURVE('',#1171,#1133,#1413,.T.);
#889=EDGE_CURVE('',#1171,#1172,#1414,.T.);
#890=EDGE_CURVE('',#1172,#1132,#1415,.T.);
#891=EDGE_CURVE('',#1172,#1167,#1416,.T.);
#892=EDGE_CURVE('',#1110,#1134,#1417,.T.);
#893=EDGE_CURVE('',#1120,#1135,#1418,.T.);
#894=EDGE_CURVE('',#1171,#1121,#1419,.T.);
#895=EDGE_CURVE('',#1167,#1094,#1420,.T.);
#896=EDGE_CURVE('',#1105,#1129,#1421,.T.);
#897=EDGE_CURVE('',#1121,#1097,#1422,.T.);
#898=EDGE_CURVE('',#1107,#1168,#1423,.T.);
#899=EDGE_CURVE('',#1165,#1078,#1424,.T.);
#900=EDGE_CURVE('',#1173,#1039,#1425,.T.);
#901=EDGE_CURVE('',#1070,#1173,#1426,.T.);
#902=EDGE_CURVE('',#1174,#1085,#1427,.T.);
#903=EDGE_CURVE('',#1175,#1174,#1428,.T.);
#904=EDGE_CURVE('',#1175,#1173,#1429,.T.);
#905=EDGE_CURVE('',#1166,#1037,#1430,.T.);
#906=EDGE_CURVE('',#1155,#1176,#1431,.T.);
#907=EDGE_CURVE('',#1176,#1086,#1432,.T.);
#908=EDGE_CURVE('',#1177,#1177,#46,.T.);
#909=EDGE_CURVE('',#1178,#1178,#47,.T.);
#910=EDGE_CURVE('',#1176,#1068,#1433,.T.);
#911=EDGE_CURVE('',#1179,#1179,#48,.T.);
#912=EDGE_CURVE('',#1180,#1181,#49,.T.);
#913=EDGE_CURVE('',#1060,#1180,#1434,.T.);
#914=EDGE_CURVE('',#1061,#1182,#1435,.T.);
#915=EDGE_CURVE('',#1183,#1182,#50,.T.);
#916=EDGE_CURVE('',#1181,#1183,#1436,.T.);
#917=EDGE_CURVE('',#1184,#1162,#1437,.T.);
#918=EDGE_CURVE('',#1184,#1071,#1438,.T.);
#919=EDGE_CURVE('',#1185,#1175,#1439,.T.);
#920=EDGE_CURVE('',#1185,#1083,#1440,.T.);
#921=EDGE_CURVE('',#1062,#1186,#1441,.T.);
#922=EDGE_CURVE('',#1186,#1187,#1442,.T.);
#923=EDGE_CURVE('',#1063,#1187,#1443,.T.);
#924=EDGE_CURVE('',#1188,#1180,#1444,.T.);
#925=EDGE_CURVE('',#1188,#1189,#1445,.T.);
#926=EDGE_CURVE('',#1189,#1186,#1446,.T.);
#927=EDGE_CURVE('',#1190,#1191,#1447,.T.);
#928=EDGE_CURVE('',#1190,#1182,#1448,.T.);
#929=EDGE_CURVE('',#1191,#1187,#1449,.T.);
#930=EDGE_CURVE('',#1181,#1192,#1450,.F.);
#931=EDGE_CURVE('',#1193,#1183,#1451,.T.);
#932=EDGE_CURVE('',#1193,#1191,#1452,.T.);
#933=EDGE_CURVE('',#1189,#1192,#1453,.T.);
#934=EDGE_CURVE('',#1193,#1190,#51,.T.);
#935=EDGE_CURVE('',#1188,#1192,#52,.T.);
#936=EDGE_CURVE('',#1194,#1084,#1454,.T.);
#937=EDGE_CURVE('',#1174,#1194,#1455,.T.);
#938=EDGE_CURVE('',#1185,#1194,#1456,.T.);
#939=EDGE_CURVE('',#1195,#1195,#53,.T.);
#940=EDGE_CURVE('',#1196,#1196,#54,.T.);
#941=EDGE_CURVE('',#1148,#1197,#1457,.T.);
#942=EDGE_CURVE('',#1197,#1164,#1458,.T.);
#943=EDGE_CURVE('',#1159,#1197,#1459,.T.);
#944=EDGE_CURVE('',#1198,#1198,#55,.T.);
#945=EDGE_CURVE('',#1199,#1163,#1460,.T.);
#946=EDGE_CURVE('',#1138,#1199,#1461,.T.);
#947=EDGE_CURVE('',#1156,#1199,#1462,.T.);
#948=EDGE_CURVE('',#1200,#1200,#56,.T.);
#949=EDGE_CURVE('',#1201,#1075,#1463,.T.);
#950=EDGE_CURVE('',#1145,#1201,#1464,.T.);
#951=EDGE_CURVE('',#1160,#1201,#1465,.T.);
#952=EDGE_CURVE('',#1184,#1202,#1466,.T.);
#953=EDGE_CURVE('',#1202,#1072,#1467,.T.);
#954=EDGE_CURVE('',#1161,#1202,#1468,.T.);
#955=EDGE_CURVE('',#1064,#1066,#1469,.T.);
#956=EDGE_CURVE('',#1065,#1067,#1470,.T.);
#957=EDGE_CURVE('',#1203,#1203,#57,.T.);
#958=EDGE_CURVE('',#1204,#1204,#58,.T.);
#959=EDGE_CURVE('',#1205,#1206,#1471,.T.);
#960=EDGE_CURVE('',#1207,#1205,#1472,.T.);
#961=EDGE_CURVE('',#1207,#1208,#1473,.T.);
#962=EDGE_CURVE('',#1208,#1206,#1474,.T.);
#963=EDGE_CURVE('',#1205,#1209,#1475,.T.);
#964=EDGE_CURVE('',#1210,#1209,#1476,.T.);
#965=EDGE_CURVE('',#1207,#1210,#1477,.T.);
#966=EDGE_CURVE('',#1209,#1211,#1478,.T.);
#967=EDGE_CURVE('',#1212,#1211,#1479,.T.);
#968=EDGE_CURVE('',#1210,#1212,#1480,.T.);
#969=EDGE_CURVE('',#1213,#1045,#1481,.T.);
#970=EDGE_CURVE('',#1213,#1214,#1482,.T.);
#971=EDGE_CURVE('',#1214,#1046,#1483,.T.);
#972=EDGE_CURVE('',#1215,#1048,#1484,.T.);
#973=EDGE_CURVE('',#1213,#1215,#1485,.T.);
#974=EDGE_CURVE('',#1216,#1047,#1486,.T.);
#975=EDGE_CURVE('',#1215,#1216,#1487,.T.);
#976=EDGE_CURVE('',#1214,#1216,#1488,.T.);
#977=EDGE_CURVE('',#1206,#1211,#1489,.T.);
#978=EDGE_CURVE('',#1208,#1212,#1490,.T.);
#979=EDGE_CURVE('',#1217,#1080,#1491,.T.);
#980=EDGE_CURVE('',#1218,#1217,#1492,.T.);
#981=EDGE_CURVE('',#1218,#1079,#1493,.T.);
#982=EDGE_CURVE('',#1219,#1082,#1494,.T.);
#983=EDGE_CURVE('',#1217,#1219,#1495,.T.);
#984=EDGE_CURVE('',#1220,#1081,#1496,.T.);
#985=EDGE_CURVE('',#1220,#1219,#1497,.T.);
#986=EDGE_CURVE('',#1218,#1220,#1498,.T.);
#987=EDGE_CURVE('',#1221,#1222,#1499,.T.);
#988=EDGE_CURVE('',#1223,#1221,#1500,.T.);
#989=EDGE_CURVE('',#1223,#1224,#1501,.T.);
#990=EDGE_CURVE('',#1224,#1222,#1502,.T.);
#991=EDGE_CURVE('',#1221,#1225,#1503,.T.);
#992=EDGE_CURVE('',#1226,#1225,#1504,.T.);
#993=EDGE_CURVE('',#1223,#1226,#1505,.T.);
#994=EDGE_CURVE('',#1225,#1227,#1506,.T.);
#995=EDGE_CURVE('',#1228,#1227,#1507,.T.);
#996=EDGE_CURVE('',#1226,#1228,#1508,.T.);
#997=EDGE_CURVE('',#1222,#1227,#1509,.T.);
#998=EDGE_CURVE('',#1224,#1228,#1510,.T.);
#999=EDGE_CURVE('',#1229,#1041,#1511,.T.);
#1000=EDGE_CURVE('',#1229,#1230,#1512,.T.);
#1001=EDGE_CURVE('',#1230,#1042,#1513,.T.);
#1002=EDGE_CURVE('',#1231,#1044,#1514,.T.);
#1003=EDGE_CURVE('',#1229,#1231,#1515,.T.);
#1004=EDGE_CURVE('',#1232,#1043,#1516,.T.);
#1005=EDGE_CURVE('',#1231,#1232,#1517,.T.);
#1006=EDGE_CURVE('',#1233,#1234,#1518,.T.);
#1007=EDGE_CURVE('',#1235,#1233,#1519,.T.);
#1008=EDGE_CURVE('',#1235,#1236,#1520,.T.);
#1009=EDGE_CURVE('',#1236,#1234,#1521,.T.);
#1010=EDGE_CURVE('',#1233,#1237,#1522,.T.);
#1011=EDGE_CURVE('',#1238,#1237,#1523,.T.);
#1012=EDGE_CURVE('',#1235,#1238,#1524,.T.);
#1013=EDGE_CURVE('',#1237,#1239,#1525,.T.);
#1014=EDGE_CURVE('',#1240,#1239,#1526,.T.);
#1015=EDGE_CURVE('',#1238,#1240,#1527,.T.);
#1016=EDGE_CURVE('',#1234,#1239,#1528,.T.);
#1017=EDGE_CURVE('',#1236,#1240,#1529,.T.);
#1018=EDGE_CURVE('',#1230,#1232,#1530,.T.);
#1019=EDGE_CURVE('',#1241,#1242,#1531,.T.);
#1020=EDGE_CURVE('',#1243,#1241,#1532,.T.);
#1021=EDGE_CURVE('',#1243,#1244,#1533,.T.);
#1022=EDGE_CURVE('',#1244,#1242,#1534,.T.);
#1023=EDGE_CURVE('',#1245,#1241,#1535,.T.);
#1024=EDGE_CURVE('',#1246,#1245,#1536,.T.);
#1025=EDGE_CURVE('',#1246,#1243,#1537,.T.);
#1026=EDGE_CURVE('',#1245,#1247,#1538,.T.);
#1027=EDGE_CURVE('',#1248,#1247,#1539,.T.);
#1028=EDGE_CURVE('',#1246,#1248,#1540,.T.);
#1029=EDGE_CURVE('',#1247,#1242,#1541,.T.);
#1030=EDGE_CURVE('',#1248,#1244,#1542,.T.);
#1031=EDGE_CURVE('',#1249,#1249,#59,.T.);
#1032=EDGE_CURVE('',#1250,#1250,#60,.T.);
#1033=EDGE_CURVE('',#1251,#1251,#61,.T.);
#1034=EDGE_CURVE('',#1252,#1252,#62,.T.);
#1035=EDGE_CURVE('',#1253,#1253,#63,.T.);
#1036=EDGE_CURVE('',#1254,#1254,#64,.T.);
#1037=VERTEX_POINT('',#3207);
#1038=VERTEX_POINT('',#3208);
#1039=VERTEX_POINT('',#3210);
#1040=VERTEX_POINT('',#3212);
#1041=VERTEX_POINT('',#3216);
#1042=VERTEX_POINT('',#3217);
#1043=VERTEX_POINT('',#3219);
#1044=VERTEX_POINT('',#3221);
#1045=VERTEX_POINT('',#3224);
#1046=VERTEX_POINT('',#3225);
#1047=VERTEX_POINT('',#3227);
#1048=VERTEX_POINT('',#3229);
#1049=VERTEX_POINT('',#3232);
#1050=VERTEX_POINT('',#3234);
#1051=VERTEX_POINT('',#3236);
#1052=VERTEX_POINT('',#3237);
#1053=VERTEX_POINT('',#3239);
#1054=VERTEX_POINT('',#3241);
#1055=VERTEX_POINT('',#3243);
#1056=VERTEX_POINT('',#3245);
#1057=VERTEX_POINT('',#3247);
#1058=VERTEX_POINT('',#3249);
#1059=VERTEX_POINT('',#3251);
#1060=VERTEX_POINT('',#3255);
#1061=VERTEX_POINT('',#3256);
#1062=VERTEX_POINT('',#3258);
#1063=VERTEX_POINT('',#3260);
#1064=VERTEX_POINT('',#3263);
#1065=VERTEX_POINT('',#3265);
#1066=VERTEX_POINT('',#3269);
#1067=VERTEX_POINT('',#3270);
#1068=VERTEX_POINT('',#3273);
#1069=VERTEX_POINT('',#3275);
#1070=VERTEX_POINT('',#3280);
#1071=VERTEX_POINT('',#3281);
#1072=VERTEX_POINT('',#3283);
#1073=VERTEX_POINT('',#3285);
#1074=VERTEX_POINT('',#3287);
#1075=VERTEX_POINT('',#3289);
#1076=VERTEX_POINT('',#3291);
#1077=VERTEX_POINT('',#3293);
#1078=VERTEX_POINT('',#3295);
#1079=VERTEX_POINT('',#3300);
#1080=VERTEX_POINT('',#3301);
#1081=VERTEX_POINT('',#3303);
#1082=VERTEX_POINT('',#3305);
#1083=VERTEX_POINT('',#3308);
#1084=VERTEX_POINT('',#3310);
#1085=VERTEX_POINT('',#3312);
#1086=VERTEX_POINT('',#3316);
#1087=VERTEX_POINT('',#3317);
#1088=VERTEX_POINT('',#3320);
#1089=VERTEX_POINT('',#3324);
#1090=VERTEX_POINT('',#3325);
#1091=VERTEX_POINT('',#3327);
#1092=VERTEX_POINT('',#3329);
#1093=VERTEX_POINT('',#3333);
#1094=VERTEX_POINT('',#3334);
#1095=VERTEX_POINT('',#3337);
#1096=VERTEX_POINT('',#3339);
#1097=VERTEX_POINT('',#3343);
#1098=VERTEX_POINT('',#3345);
#1099=VERTEX_POINT('',#3347);
#1100=VERTEX_POINT('',#3349);
#1101=VERTEX_POINT('',#3353);
#1102=VERTEX_POINT('',#3354);
#1103=VERTEX_POINT('',#3356);
#1104=VERTEX_POINT('',#3358);
#1105=VERTEX_POINT('',#3362);
#1106=VERTEX_POINT('',#3364);
#1107=VERTEX_POINT('',#3368);
#1108=VERTEX_POINT('',#3370);
#1109=VERTEX_POINT('',#3374);
#1110=VERTEX_POINT('',#3375);
#1111=VERTEX_POINT('',#3377);
#1112=VERTEX_POINT('',#3379);
#1113=VERTEX_POINT('',#3383);
#1114=VERTEX_POINT('',#3385);
#1115=VERTEX_POINT('',#3387);
#1116=VERTEX_POINT('',#3389);
#1117=VERTEX_POINT('',#3391);
#1118=VERTEX_POINT('',#3393);
#1119=VERTEX_POINT('',#3395);
#1120=VERTEX_POINT('',#3397);
#1121=VERTEX_POINT('',#3401);
#1122=VERTEX_POINT('',#3406);
#1123=VERTEX_POINT('',#3407);
#1124=VERTEX_POINT('',#3409);
#1125=VERTEX_POINT('',#3411);
#1126=VERTEX_POINT('',#3413);
#1127=VERTEX_POINT('',#3416);
#1128=VERTEX_POINT('',#3418);
#1129=VERTEX_POINT('',#3423);
#1130=VERTEX_POINT('',#3427);
#1131=VERTEX_POINT('',#3429);
#1132=VERTEX_POINT('',#3433);
#1133=VERTEX_POINT('',#3434);
#1134=VERTEX_POINT('',#3436);
#1135=VERTEX_POINT('',#3438);
#1136=VERTEX_POINT('',#3442);
#1137=VERTEX_POINT('',#3444);
#1138=VERTEX_POINT('',#3446);
#1139=VERTEX_POINT('',#3448);
#1140=VERTEX_POINT('',#3450);
#1141=VERTEX_POINT('',#3453);
#1142=VERTEX_POINT('',#3455);
#1143=VERTEX_POINT('',#3462);
#1144=VERTEX_POINT('',#3464);
#1145=VERTEX_POINT('',#3467);
#1146=VERTEX_POINT('',#3469);
#1147=VERTEX_POINT('',#3471);
#1148=VERTEX_POINT('',#3473);
#1149=VERTEX_POINT('',#3475);
#1150=VERTEX_POINT('',#3481);
#1151=VERTEX_POINT('',#3483);
#1152=VERTEX_POINT('',#3485);
#1153=VERTEX_POINT('',#3487);
#1154=VERTEX_POINT('',#3489);
#1155=VERTEX_POINT('',#3491);
#1156=VERTEX_POINT('',#3493);
#1157=VERTEX_POINT('',#3495);
#1158=VERTEX_POINT('',#3497);
#1159=VERTEX_POINT('',#3499);
#1160=VERTEX_POINT('',#3502);
#1161=VERTEX_POINT('',#3505);
#1162=VERTEX_POINT('',#3507);
#1163=VERTEX_POINT('',#3511);
#1164=VERTEX_POINT('',#3514);
#1165=VERTEX_POINT('',#3518);
#1166=VERTEX_POINT('',#3519);
#1167=VERTEX_POINT('',#3524);
#1168=VERTEX_POINT('',#3531);
#1169=VERTEX_POINT('',#3540);
#1170=VERTEX_POINT('',#3541);
#1171=VERTEX_POINT('',#3551);
#1172=VERTEX_POINT('',#3553);
#1173=VERTEX_POINT('',#3574);
#1174=VERTEX_POINT('',#3578);
#1175=VERTEX_POINT('',#3580);
#1176=VERTEX_POINT('',#3585);
#1177=VERTEX_POINT('',#3589);
#1178=VERTEX_POINT('',#3591);
#1179=VERTEX_POINT('',#3595);
#1180=VERTEX_POINT('',#3597);
#1181=VERTEX_POINT('',#3598);
#1182=VERTEX_POINT('',#3601);
#1183=VERTEX_POINT('',#3603);
#1184=VERTEX_POINT('',#3606);
#1185=VERTEX_POINT('',#3609);
#1186=VERTEX_POINT('',#3613);
#1187=VERTEX_POINT('',#3615);
#1188=VERTEX_POINT('',#3619);
#1189=VERTEX_POINT('',#3621);
#1190=VERTEX_POINT('',#3625);
#1191=VERTEX_POINT('',#3626);
#1192=VERTEX_POINT('',#3631);
#1193=VERTEX_POINT('',#3633);
#1194=VERTEX_POINT('',#3644);
#1195=VERTEX_POINT('',#3651);
#1196=VERTEX_POINT('',#3655);
#1197=VERTEX_POINT('',#3657);
#1198=VERTEX_POINT('',#3664);
#1199=VERTEX_POINT('',#3666);
#1200=VERTEX_POINT('',#3673);
#1201=VERTEX_POINT('',#3675);
#1202=VERTEX_POINT('',#3682);
#1203=VERTEX_POINT('',#3699);
#1204=VERTEX_POINT('',#3702);
#1205=VERTEX_POINT('',#3705);
#1206=VERTEX_POINT('',#3706);
#1207=VERTEX_POINT('',#3708);
#1208=VERTEX_POINT('',#3710);
#1209=VERTEX_POINT('',#3714);
#1210=VERTEX_POINT('',#3716);
#1211=VERTEX_POINT('',#3720);
#1212=VERTEX_POINT('',#3722);
#1213=VERTEX_POINT('',#3726);
#1214=VERTEX_POINT('',#3728);
#1215=VERTEX_POINT('',#3732);
#1216=VERTEX_POINT('',#3736);
#1217=VERTEX_POINT('',#3747);
#1218=VERTEX_POINT('',#3749);
#1219=VERTEX_POINT('',#3753);
#1220=VERTEX_POINT('',#3757);
#1221=VERTEX_POINT('',#3763);
#1222=VERTEX_POINT('',#3764);
#1223=VERTEX_POINT('',#3766);
#1224=VERTEX_POINT('',#3768);
#1225=VERTEX_POINT('',#3772);
#1226=VERTEX_POINT('',#3774);
#1227=VERTEX_POINT('',#3778);
#1228=VERTEX_POINT('',#3780);
#1229=VERTEX_POINT('',#3789);
#1230=VERTEX_POINT('',#3791);
#1231=VERTEX_POINT('',#3795);
#1232=VERTEX_POINT('',#3799);
#1233=VERTEX_POINT('',#3803);
#1234=VERTEX_POINT('',#3804);
#1235=VERTEX_POINT('',#3806);
#1236=VERTEX_POINT('',#3808);
#1237=VERTEX_POINT('',#3812);
#1238=VERTEX_POINT('',#3814);
#1239=VERTEX_POINT('',#3818);
#1240=VERTEX_POINT('',#3820);
#1241=VERTEX_POINT('',#3835);
#1242=VERTEX_POINT('',#3836);
#1243=VERTEX_POINT('',#3838);
#1244=VERTEX_POINT('',#3840);
#1245=VERTEX_POINT('',#3844);
#1246=VERTEX_POINT('',#3846);
#1247=VERTEX_POINT('',#3850);
#1248=VERTEX_POINT('',#3852);
#1249=VERTEX_POINT('',#3859);
#1250=VERTEX_POINT('',#3861);
#1251=VERTEX_POINT('',#3863);
#1252=VERTEX_POINT('',#3866);
#1253=VERTEX_POINT('',#3868);
#1254=VERTEX_POINT('',#3870);
#1255=LINE('',#3206,#1543);
#1256=LINE('',#3209,#1544);
#1257=LINE('',#3211,#1545);
#1258=LINE('',#3213,#1546);
#1259=LINE('',#3215,#1547);
#1260=LINE('',#3218,#1548);
#1261=LINE('',#3220,#1549);
#1262=LINE('',#3222,#1550);
#1263=LINE('',#3223,#1551);
#1264=LINE('',#3226,#1552);
#1265=LINE('',#3228,#1553);
#1266=LINE('',#3230,#1554);
#1267=LINE('',#3235,#1555);
#1268=LINE('',#3238,#1556);
#1269=LINE('',#3240,#1557);
#1270=LINE('',#3242,#1558);
#1271=LINE('',#3244,#1559);
#1272=LINE('',#3246,#1560);
#1273=LINE('',#3248,#1561);
#1274=LINE('',#3250,#1562);
#1275=LINE('',#3252,#1563);
#1276=LINE('',#3254,#1564);
#1277=LINE('',#3257,#1565);
#1278=LINE('',#3259,#1566);
#1279=LINE('',#3261,#1567);
#1280=LINE('',#3262,#1568);
#1281=LINE('',#3264,#1569);
#1282=LINE('',#3266,#1570);
#1283=LINE('',#3268,#1571);
#1284=LINE('',#3271,#1572);
#1285=LINE('',#3272,#1573);
#1286=LINE('',#3274,#1574);
#1287=LINE('',#3276,#1575);
#1288=LINE('',#3277,#1576);
#1289=LINE('',#3279,#1577);
#1290=LINE('',#3282,#1578);
#1291=LINE('',#3284,#1579);
#1292=LINE('',#3286,#1580);
#1293=LINE('',#3288,#1581);
#1294=LINE('',#3290,#1582);
#1295=LINE('',#3292,#1583);
#1296=LINE('',#3294,#1584);
#1297=LINE('',#3296,#1585);
#1298=LINE('',#3297,#1586);
#1299=LINE('',#3299,#1587);
#1300=LINE('',#3302,#1588);
#1301=LINE('',#3304,#1589);
#1302=LINE('',#3306,#1590);
#1303=LINE('',#3307,#1591);
#1304=LINE('',#3309,#1592);
#1305=LINE('',#3311,#1593);
#1306=LINE('',#3313,#1594);
#1307=LINE('',#3315,#1595);
#1308=LINE('',#3318,#1596);
#1309=LINE('',#3321,#1597);
#1310=LINE('',#3323,#1598);
#1311=LINE('',#3326,#1599);
#1312=LINE('',#3328,#1600);
#1313=LINE('',#3330,#1601);
#1314=LINE('',#3332,#1602);
#1315=LINE('',#3335,#1603);
#1316=LINE('',#3336,#1604);
#1317=LINE('',#3338,#1605);
#1318=LINE('',#3340,#1606);
#1319=LINE('',#3342,#1607);
#1320=LINE('',#3344,#1608);
#1321=LINE('',#3346,#1609);
#1322=LINE('',#3348,#1610);
#1323=LINE('',#3350,#1611);
#1324=LINE('',#3352,#1612);
#1325=LINE('',#3355,#1613);
#1326=LINE('',#3359,#1614);
#1327=LINE('',#3361,#1615);
#1328=LINE('',#3363,#1616);
#1329=LINE('',#3365,#1617);
#1330=LINE('',#3367,#1618);
#1331=LINE('',#3369,#1619);
#1332=LINE('',#3371,#1620);
#1333=LINE('',#3373,#1621);
#1334=LINE('',#3376,#1622);
#1335=LINE('',#3378,#1623);
#1336=LINE('',#3380,#1624);
#1337=LINE('',#3381,#1625);
#1338=LINE('',#3382,#1626);
#1339=LINE('',#3384,#1627);
#1340=LINE('',#3386,#1628);
#1341=LINE('',#3388,#1629);
#1342=LINE('',#3390,#1630);
#1343=LINE('',#3392,#1631);
#1344=LINE('',#3394,#1632);
#1345=LINE('',#3396,#1633);
#1346=LINE('',#3398,#1634);
#1347=LINE('',#3400,#1635);
#1348=LINE('',#3403,#1636);
#1349=LINE('',#3405,#1637);
#1350=LINE('',#3410,#1638);
#1351=LINE('',#3414,#1639);
#1352=LINE('',#3417,#1640);
#1353=LINE('',#3421,#1641);
#1354=LINE('',#3422,#1642);
#1355=LINE('',#3424,#1643);
#1356=LINE('',#3426,#1644);
#1357=LINE('',#3428,#1645);
#1358=LINE('',#3430,#1646);
#1359=LINE('',#3432,#1647);
#1360=LINE('',#3435,#1648);
#1361=LINE('',#3437,#1649);
#1362=LINE('',#3439,#1650);
#1363=LINE('',#3440,#1651);
#1364=LINE('',#3441,#1652);
#1365=LINE('',#3443,#1653);
#1366=LINE('',#3445,#1654);
#1367=LINE('',#3447,#1655);
#1368=LINE('',#3449,#1656);
#1369=LINE('',#3451,#1657);
#1370=LINE('',#3452,#1658);
#1371=LINE('',#3454,#1659);
#1372=LINE('',#3456,#1660);
#1373=LINE('',#3458,#1661);
#1374=LINE('',#3459,#1662);
#1375=LINE('',#3461,#1663);
#1376=LINE('',#3463,#1664);
#1377=LINE('',#3465,#1665);
#1378=LINE('',#3466,#1666);
#1379=LINE('',#3468,#1667);
#1380=LINE('',#3470,#1668);
#1381=LINE('',#3472,#1669);
#1382=LINE('',#3474,#1670);
#1383=LINE('',#3476,#1671);
#1384=LINE('',#3478,#1672);
#1385=LINE('',#3490,#1673);
#1386=LINE('',#3492,#1674);
#1387=LINE('',#3494,#1675);
#1388=LINE('',#3496,#1676);
#1389=LINE('',#3498,#1677);
#1390=LINE('',#3500,#1678);
#1391=LINE('',#3501,#1679);
#1392=LINE('',#3503,#1680);
#1393=LINE('',#3504,#1681);
#1394=LINE('',#3506,#1682);
#1395=LINE('',#3508,#1683);
#1396=LINE('',#3510,#1684);
#1397=LINE('',#3512,#1685);
#1398=LINE('',#3513,#1686);
#1399=LINE('',#3515,#1687);
#1400=LINE('',#3517,#1688);
#1401=LINE('',#3520,#1689);
#1402=LINE('',#3523,#1690);
#1403=LINE('',#3525,#1691);
#1404=LINE('',#3530,#1692);
#1405=LINE('',#3532,#1693);
#1406=LINE('',#3534,#1694);
#1407=LINE('',#3536,#1695);
#1408=LINE('',#3539,#1696);
#1409=LINE('',#3542,#1697);
#1410=LINE('',#3543,#1698);
#1411=LINE('',#3546,#1699);
#1412=LINE('',#3548,#1700);
#1413=LINE('',#3550,#1701);
#1414=LINE('',#3552,#1702);
#1415=LINE('',#3554,#1703);
#1416=LINE('',#3556,#1704);
#1417=LINE('',#3557,#1705);
#1418=LINE('',#3559,#1706);
#1419=LINE('',#3561,#1707);
#1420=LINE('',#3563,#1708);
#1421=LINE('',#3564,#1709);
#1422=LINE('',#3566,#1710);
#1423=LINE('',#3567,#1711);
#1424=LINE('',#3571,#1712);
#1425=LINE('',#3573,#1713);
#1426=LINE('',#3575,#1714);
#1427=LINE('',#3577,#1715);
#1428=LINE('',#3579,#1716);
#1429=LINE('',#3581,#1717);
#1430=LINE('',#3582,#1718);
#1431=LINE('',#3584,#1719);
#1432=LINE('',#3586,#1720);
#1433=LINE('',#3592,#1721);
#1434=LINE('',#3599,#1722);
#1435=LINE('',#3600,#1723);
#1436=LINE('',#3604,#1724);
#1437=LINE('',#3605,#1725);
#1438=LINE('',#3607,#1726);
#1439=LINE('',#3608,#1727);
#1440=LINE('',#3610,#1728);
#1441=LINE('',#3612,#1729);
#1442=LINE('',#3614,#1730);
#1443=LINE('',#3616,#1731);
#1444=LINE('',#3618,#1732);
#1445=LINE('',#3620,#1733);
#1446=LINE('',#3622,#1734);
#1447=LINE('',#3624,#1735);
#1448=LINE('',#3627,#1736);
#1449=LINE('',#3628,#1737);
#1450=LINE('',#3630,#1738);
#1451=LINE('',#3632,#1739);
#1452=LINE('',#3634,#1740);
#1453=LINE('',#3635,#1741);
#1454=LINE('',#3643,#1742);
#1455=LINE('',#3645,#1743);
#1456=LINE('',#3647,#1744);
#1457=LINE('',#3656,#1745);
#1458=LINE('',#3658,#1746);
#1459=LINE('',#3660,#1747);
#1460=LINE('',#3665,#1748);
#1461=LINE('',#3667,#1749);
#1462=LINE('',#3669,#1750);
#1463=LINE('',#3674,#1751);
#1464=LINE('',#3676,#1752);
#1465=LINE('',#3678,#1753);
#1466=LINE('',#3681,#1754);
#1467=LINE('',#3683,#1755);
#1468=LINE('',#3685,#1756);
#1469=LINE('',#3691,#1757);
#1470=LINE('',#3693,#1758);
#1471=LINE('',#3704,#1759);
#1472=LINE('',#3707,#1760);
#1473=LINE('',#3709,#1761);
#1474=LINE('',#3711,#1762);
#1475=LINE('',#3713,#1763);
#1476=LINE('',#3715,#1764);
#1477=LINE('',#3717,#1765);
#1478=LINE('',#3719,#1766);
#1479=LINE('',#3721,#1767);
#1480=LINE('',#3723,#1768);
#1481=LINE('',#3725,#1769);
#1482=LINE('',#3727,#1770);
#1483=LINE('',#3729,#1771);
#1484=LINE('',#3731,#1772);
#1485=LINE('',#3733,#1773);
#1486=LINE('',#3735,#1774);
#1487=LINE('',#3737,#1775);
#1488=LINE('',#3739,#1776);
#1489=LINE('',#3741,#1777);
#1490=LINE('',#3742,#1778);
#1491=LINE('',#3746,#1779);
#1492=LINE('',#3748,#1780);
#1493=LINE('',#3750,#1781);
#1494=LINE('',#3752,#1782);
#1495=LINE('',#3754,#1783);
#1496=LINE('',#3756,#1784);
#1497=LINE('',#3758,#1785);
#1498=LINE('',#3760,#1786);
#1499=LINE('',#3762,#1787);
#1500=LINE('',#3765,#1788);
#1501=LINE('',#3767,#1789);
#1502=LINE('',#3769,#1790);
#1503=LINE('',#3771,#1791);
#1504=LINE('',#3773,#1792);
#1505=LINE('',#3775,#1793);
#1506=LINE('',#3777,#1794);
#1507=LINE('',#3779,#1795);
#1508=LINE('',#3781,#1796);
#1509=LINE('',#3783,#1797);
#1510=LINE('',#3784,#1798);
#1511=LINE('',#3788,#1799);
#1512=LINE('',#3790,#1800);
#1513=LINE('',#3792,#1801);
#1514=LINE('',#3794,#1802);
#1515=LINE('',#3796,#1803);
#1516=LINE('',#3798,#1804);
#1517=LINE('',#3800,#1805);
#1518=LINE('',#3802,#1806);
#1519=LINE('',#3805,#1807);
#1520=LINE('',#3807,#1808);
#1521=LINE('',#3809,#1809);
#1522=LINE('',#3811,#1810);
#1523=LINE('',#3813,#1811);
#1524=LINE('',#3815,#1812);
#1525=LINE('',#3817,#1813);
#1526=LINE('',#3819,#1814);
#1527=LINE('',#3821,#1815);
#1528=LINE('',#3823,#1816);
#1529=LINE('',#3824,#1817);
#1530=LINE('',#3826,#1818);
#1531=LINE('',#3834,#1819);
#1532=LINE('',#3837,#1820);
#1533=LINE('',#3839,#1821);
#1534=LINE('',#3841,#1822);
#1535=LINE('',#3843,#1823);
#1536=LINE('',#3845,#1824);
#1537=LINE('',#3847,#1825);
#1538=LINE('',#3849,#1826);
#1539=LINE('',#3851,#1827);
#1540=LINE('',#3853,#1828);
#1541=LINE('',#3855,#1829);
#1542=LINE('',#3856,#1830);
#1543=VECTOR('',#2592,1.);
#1544=VECTOR('',#2593,1.);
#1545=VECTOR('',#2594,1.);
#1546=VECTOR('',#2595,1.);
#1547=VECTOR('',#2598,1.);
#1548=VECTOR('',#2599,1.);
#1549=VECTOR('',#2600,1.);
#1550=VECTOR('',#2601,1.);
#1551=VECTOR('',#2602,1.);
#1552=VECTOR('',#2603,1.);
#1553=VECTOR('',#2604,1.);
#1554=VECTOR('',#2605,1.);
#1555=VECTOR('',#2610,1.);
#1556=VECTOR('',#2611,1.);
#1557=VECTOR('',#2612,1.);
#1558=VECTOR('',#2613,1.);
#1559=VECTOR('',#2614,1.);
#1560=VECTOR('',#2615,1.);
#1561=VECTOR('',#2616,1.);
#1562=VECTOR('',#2617,1.);
#1563=VECTOR('',#2618,1.);
#1564=VECTOR('',#2621,1.);
#1565=VECTOR('',#2622,1.);
#1566=VECTOR('',#2623,1.);
#1567=VECTOR('',#2624,1.);
#1568=VECTOR('',#2625,1.);
#1569=VECTOR('',#2626,1.);
#1570=VECTOR('',#2627,1.);
#1571=VECTOR('',#2630,1.);
#1572=VECTOR('',#2631,1.);
#1573=VECTOR('',#2632,1.);
#1574=VECTOR('',#2633,1.);
#1575=VECTOR('',#2634,1.);
#1576=VECTOR('',#2635,1.);
#1577=VECTOR('',#2638,1.);
#1578=VECTOR('',#2639,1.);
#1579=VECTOR('',#2640,1.);
#1580=VECTOR('',#2641,1.);
#1581=VECTOR('',#2642,1.);
#1582=VECTOR('',#2643,1.);
#1583=VECTOR('',#2644,1.);
#1584=VECTOR('',#2645,1.);
#1585=VECTOR('',#2646,1.);
#1586=VECTOR('',#2647,1.);
#1587=VECTOR('',#2650,1.);
#1588=VECTOR('',#2651,1.);
#1589=VECTOR('',#2652,1.);
#1590=VECTOR('',#2653,1.);
#1591=VECTOR('',#2654,1.);
#1592=VECTOR('',#2655,1.);
#1593=VECTOR('',#2656,1.);
#1594=VECTOR('',#2657,1.);
#1595=VECTOR('',#2660,1.);
#1596=VECTOR('',#2661,1.);
#1597=VECTOR('',#2664,1.);
#1598=VECTOR('',#2667,1.);
#1599=VECTOR('',#2668,1.);
#1600=VECTOR('',#2669,1.);
#1601=VECTOR('',#2670,1.);
#1602=VECTOR('',#2673,1.);
#1603=VECTOR('',#2674,1.);
#1604=VECTOR('',#2675,1.);
#1605=VECTOR('',#2676,1.);
#1606=VECTOR('',#2677,1.);
#1607=VECTOR('',#2680,1.);
#1608=VECTOR('',#2681,1.);
#1609=VECTOR('',#2682,1.);
#1610=VECTOR('',#2683,1.);
#1611=VECTOR('',#2684,1.);
#1612=VECTOR('',#2687,1.);
#1613=VECTOR('',#2688,1.);
#1614=VECTOR('',#2691,1.);
#1615=VECTOR('',#2694,1.);
#1616=VECTOR('',#2695,1.);
#1617=VECTOR('',#2696,1.);
#1618=VECTOR('',#2699,1.);
#1619=VECTOR('',#2700,1.);
#1620=VECTOR('',#2701,1.);
#1621=VECTOR('',#2704,1.);
#1622=VECTOR('',#2705,1.);
#1623=VECTOR('',#2706,1.);
#1624=VECTOR('',#2707,1.);
#1625=VECTOR('',#2708,1.);
#1626=VECTOR('',#2709,1.);
#1627=VECTOR('',#2710,1.);
#1628=VECTOR('',#2711,1.);
#1629=VECTOR('',#2712,1.);
#1630=VECTOR('',#2713,1.);
#1631=VECTOR('',#2714,1.);
#1632=VECTOR('',#2715,1.);
#1633=VECTOR('',#2716,1.);
#1634=VECTOR('',#2717,1.);
#1635=VECTOR('',#2720,1.);
#1636=VECTOR('',#2723,1.);
#1637=VECTOR('',#2726,1.);
#1638=VECTOR('',#2729,1.);
#1639=VECTOR('',#2732,1.);
#1640=VECTOR('',#2735,1.);
#1641=VECTOR('',#2740,1.);
#1642=VECTOR('',#2741,1.);
#1643=VECTOR('',#2742,1.);
#1644=VECTOR('',#2745,1.);
#1645=VECTOR('',#2746,1.);
#1646=VECTOR('',#2747,1.);
#1647=VECTOR('',#2750,1.);
#1648=VECTOR('',#2751,1.);
#1649=VECTOR('',#2752,1.);
#1650=VECTOR('',#2753,1.);
#1651=VECTOR('',#2754,1.);
#1652=VECTOR('',#2755,1.);
#1653=VECTOR('',#2756,1.);
#1654=VECTOR('',#2757,1.);
#1655=VECTOR('',#2758,1.);
#1656=VECTOR('',#2759,1.);
#1657=VECTOR('',#2760,1.);
#1658=VECTOR('',#2761,1.);
#1659=VECTOR('',#2762,1.);
#1660=VECTOR('',#2763,1.);
#1661=VECTOR('',#2766,1.);
#1662=VECTOR('',#2767,1.);
#1663=VECTOR('',#2770,1.);
#1664=VECTOR('',#2771,1.);
#1665=VECTOR('',#2772,1.);
#1666=VECTOR('',#2773,1.);
#1667=VECTOR('',#2774,1.);
#1668=VECTOR('',#2775,1.);
#1669=VECTOR('',#2776,1.);
#1670=VECTOR('',#2777,1.);
#1671=VECTOR('',#2778,1.);
#1672=VECTOR('',#2781,1.);
#1673=VECTOR('',#2794,1.);
#1674=VECTOR('',#2795,1.);
#1675=VECTOR('',#2796,1.);
#1676=VECTOR('',#2797,1.);
#1677=VECTOR('',#2798,1.);
#1678=VECTOR('',#2799,1.);
#1679=VECTOR('',#2800,1.);
#1680=VECTOR('',#2801,1.);
#1681=VECTOR('',#2802,1.);
#1682=VECTOR('',#2803,1.);
#1683=VECTOR('',#2804,1.);
#1684=VECTOR('',#2807,1.);
#1685=VECTOR('',#2808,1.);
#1686=VECTOR('',#2809,1.);
#1687=VECTOR('',#2810,1.);
#1688=VECTOR('',#2813,1.);
#1689=VECTOR('',#2814,1.);
#1690=VECTOR('',#2819,1.);
#1691=VECTOR('',#2820,1.);
#1692=VECTOR('',#2829,1.);
#1693=VECTOR('',#2830,1.);
#1694=VECTOR('',#2833,1.);
#1695=VECTOR('',#2836,1.);
#1696=VECTOR('',#2841,1.);
#1697=VECTOR('',#2842,1.);
#1698=VECTOR('',#2843,1.);
#1699=VECTOR('',#2848,1.);
#1700=VECTOR('',#2851,1.);
#1701=VECTOR('',#2854,1.);
#1702=VECTOR('',#2855,1.);
#1703=VECTOR('',#2856,1.);
#1704=VECTOR('',#2859,1.);
#1705=VECTOR('',#2860,1.);
#1706=VECTOR('',#2863,1.);
#1707=VECTOR('',#2866,1.);
#1708=VECTOR('',#2869,1.);
#1709=VECTOR('',#2870,1.);
#1710=VECTOR('',#2873,1.);
#1711=VECTOR('',#2874,1.);
#1712=VECTOR('',#2881,1.);
#1713=VECTOR('',#2884,1.);
#1714=VECTOR('',#2885,1.);
#1715=VECTOR('',#2888,1.);
#1716=VECTOR('',#2889,1.);
#1717=VECTOR('',#2890,1.);
#1718=VECTOR('',#2891,1.);
#1719=VECTOR('',#2894,1.);
#1720=VECTOR('',#2895,1.);
#1721=VECTOR('',#2902,1.);
#1722=VECTOR('',#2909,1.);
#1723=VECTOR('',#2910,1.);
#1724=VECTOR('',#2913,1.);
#1725=VECTOR('',#2914,1.);
#1726=VECTOR('',#2915,1.);
#1727=VECTOR('',#2916,1.);
#1728=VECTOR('',#2917,1.);
#1729=VECTOR('',#2920,1.);
#1730=VECTOR('',#2921,1.);
#1731=VECTOR('',#2922,1.);
#1732=VECTOR('',#2925,1.);
#1733=VECTOR('',#2926,1.);
#1734=VECTOR('',#2927,1.);
#1735=VECTOR('',#2930,1.);
#1736=VECTOR('',#2931,1.);
#1737=VECTOR('',#2932,1.);
#1738=VECTOR('',#2935,1.);
#1739=VECTOR('',#2936,1.);
#1740=VECTOR('',#2937,1.);
#1741=VECTOR('',#2938,1.);
#1742=VECTOR('',#2953,1.);
#1743=VECTOR('',#2954,1.);
#1744=VECTOR('',#2957,1.);
#1745=VECTOR('',#2970,1.);
#1746=VECTOR('',#2971,1.);
#1747=VECTOR('',#2974,1.);
#1748=VECTOR('',#2981,1.);
#1749=VECTOR('',#2982,1.);
#1750=VECTOR('',#2985,1.);
#1751=VECTOR('',#2992,1.);
#1752=VECTOR('',#2993,1.);
#1753=VECTOR('',#2996,1.);
#1754=VECTOR('',#3001,1.);
#1755=VECTOR('',#3002,1.);
#1756=VECTOR('',#3005,1.);
#1757=VECTOR('',#3016,1.);
#1758=VECTOR('',#3019,1.);
#1759=VECTOR('',#3036,1.);
#1760=VECTOR('',#3037,1.);
#1761=VECTOR('',#3038,1.);
#1762=VECTOR('',#3039,1.);
#1763=VECTOR('',#3042,1.);
#1764=VECTOR('',#3043,1.);
#1765=VECTOR('',#3044,1.);
#1766=VECTOR('',#3047,1.);
#1767=VECTOR('',#3048,1.);
#1768=VECTOR('',#3049,1.);
#1769=VECTOR('',#3052,1.);
#1770=VECTOR('',#3053,1.);
#1771=VECTOR('',#3054,1.);
#1772=VECTOR('',#3057,1.);
#1773=VECTOR('',#3058,1.);
#1774=VECTOR('',#3061,1.);
#1775=VECTOR('',#3062,1.);
#1776=VECTOR('',#3065,1.);
#1777=VECTOR('',#3068,1.);
#1778=VECTOR('',#3069,1.);
#1779=VECTOR('',#3076,1.);
#1780=VECTOR('',#3077,1.);
#1781=VECTOR('',#3078,1.);
#1782=VECTOR('',#3081,1.);
#1783=VECTOR('',#3082,1.);
#1784=VECTOR('',#3085,1.);
#1785=VECTOR('',#3086,1.);
#1786=VECTOR('',#3089,1.);
#1787=VECTOR('',#3092,1.);
#1788=VECTOR('',#3093,1.);
#1789=VECTOR('',#3094,1.);
#1790=VECTOR('',#3095,1.);
#1791=VECTOR('',#3098,1.);
#1792=VECTOR('',#3099,1.);
#1793=VECTOR('',#3100,1.);
#1794=VECTOR('',#3103,1.);
#1795=VECTOR('',#3104,1.);
#1796=VECTOR('',#3105,1.);
#1797=VECTOR('',#3108,1.);
#1798=VECTOR('',#3109,1.);
#1799=VECTOR('',#3116,1.);
#1800=VECTOR('',#3117,1.);
#1801=VECTOR('',#3118,1.);
#1802=VECTOR('',#3121,1.);
#1803=VECTOR('',#3122,1.);
#1804=VECTOR('',#3125,1.);
#1805=VECTOR('',#3126,1.);
#1806=VECTOR('',#3129,1.);
#1807=VECTOR('',#3130,1.);
#1808=VECTOR('',#3131,1.);
#1809=VECTOR('',#3132,1.);
#1810=VECTOR('',#3135,1.);
#1811=VECTOR('',#3136,1.);
#1812=VECTOR('',#3137,1.);
#1813=VECTOR('',#3140,1.);
#1814=VECTOR('',#3141,1.);
#1815=VECTOR('',#3142,1.);
#1816=VECTOR('',#3145,1.);
#1817=VECTOR('',#3146,1.);
#1818=VECTOR('',#3149,1.);
#1819=VECTOR('',#3164,1.);
#1820=VECTOR('',#3165,1.);
#1821=VECTOR('',#3166,1.);
#1822=VECTOR('',#3167,1.);
#1823=VECTOR('',#3170,1.);
#1824=VECTOR('',#3171,1.);
#1825=VECTOR('',#3172,1.);
#1826=VECTOR('',#3175,1.);
#1827=VECTOR('',#3176,1.);
#1828=VECTOR('',#3177,1.);
#1829=VECTOR('',#3180,1.);
#1830=VECTOR('',#3181,1.);
#1831=EDGE_LOOP('',(#65,#66,#67,#68));
#1832=EDGE_LOOP('',(#69,#70,#71,#72));
#1833=EDGE_LOOP('',(#73,#74,#75,#76));
#1834=EDGE_LOOP('',(#77));
#1835=EDGE_LOOP('',(#78));
#1836=EDGE_LOOP('',(#79,#80,#81,#82,#83,#84,#85,#86,#87));
#1837=EDGE_LOOP('',(#88,#89,#90,#91));
#1838=EDGE_LOOP('',(#92,#93,#94,#95));
#1839=EDGE_LOOP('',(#96,#97,#98,#99,#100,#101,#102,#103));
#1840=EDGE_LOOP('',(#104,#105,#106,#107,#108,#109,#110,#111,#112,#113,#114));
#1841=EDGE_LOOP('',(#115,#116,#117,#118));
#1842=EDGE_LOOP('',(#119,#120,#121,#122,#123,#124));
#1843=EDGE_LOOP('',(#125,#126,#127,#128,#129));
#1844=EDGE_LOOP('',(#130,#131,#132,#133));
#1845=EDGE_LOOP('',(#134,#135,#136,#137,#138,#139));
#1846=EDGE_LOOP('',(#140,#141,#142,#143,#144,#145));
#1847=EDGE_LOOP('',(#146,#147,#148,#149));
#1848=EDGE_LOOP('',(#150,#151,#152,#153));
#1849=EDGE_LOOP('',(#154,#155,#156,#157));
#1850=EDGE_LOOP('',(#158,#159,#160,#161,#162,#163,#164,#165,#166,#167,#168,
#169,#170,#171,#172,#173));
#1851=EDGE_LOOP('',(#174,#175,#176,#177,#178));
#1852=EDGE_LOOP('',(#179,#180,#181,#182,#183,#184,#185,#186));
#1853=EDGE_LOOP('',(#187,#188,#189,#190,#191,#192));
#1854=EDGE_LOOP('',(#193,#194,#195,#196,#197));
#1855=EDGE_LOOP('',(#198,#199,#200,#201));
#1856=EDGE_LOOP('',(#202,#203,#204,#205));
#1857=EDGE_LOOP('',(#206,#207,#208,#209,#210,#211,#212,#213,#214,#215,#216));
#1858=EDGE_LOOP('',(#217,#218,#219,#220,#221));
#1859=EDGE_LOOP('',(#222,#223,#224,#225,#226,#227,#228,#229,#230,#231,#232));
#1860=EDGE_LOOP('',(#233,#234,#235,#236));
#1861=EDGE_LOOP('',(#237));
#1862=EDGE_LOOP('',(#238));
#1863=EDGE_LOOP('',(#239));
#1864=EDGE_LOOP('',(#240));
#1865=EDGE_LOOP('',(#241));
#1866=EDGE_LOOP('',(#242,#243,#244,#245,#246,#247,#248,#249,#250,#251,#252,
#253,#254,#255));
#1867=EDGE_LOOP('',(#256,#257,#258,#259,#260,#261,#262,#263,#264));
#1868=EDGE_LOOP('',(#265,#266,#267));
#1869=EDGE_LOOP('',(#268,#269,#270,#271,#272,#273));
#1870=EDGE_LOOP('',(#274,#275,#276,#277,#278,#279,#280,#281,#282,#283));
#1871=EDGE_LOOP('',(#284,#285,#286,#287,#288));
#1872=EDGE_LOOP('',(#289,#290,#291,#292));
#1873=EDGE_LOOP('',(#293,#294,#295,#296));
#1874=EDGE_LOOP('',(#297,#298,#299,#300));
#1875=EDGE_LOOP('',(#301,#302,#303,#304));
#1876=EDGE_LOOP('',(#305,#306,#307,#308));
#1877=EDGE_LOOP('',(#309,#310,#311,#312));
#1878=EDGE_LOOP('',(#313,#314,#315,#316));
#1879=EDGE_LOOP('',(#317,#318,#319,#320));
#1880=EDGE_LOOP('',(#321,#322,#323,#324,#325,#326));
#1881=EDGE_LOOP('',(#327,#328,#329,#330));
#1882=EDGE_LOOP('',(#331,#332,#333,#334,#335,#336));
#1883=EDGE_LOOP('',(#337,#338,#339,#340));
#1884=EDGE_LOOP('',(#341,#342,#343,#344));
#1885=EDGE_LOOP('',(#345,#346,#347,#348,#349,#350,#351,#352));
#1886=EDGE_LOOP('',(#353,#354,#355,#356,#357,#358,#359,#360));
#1887=EDGE_LOOP('',(#361,#362,#363,#364));
#1888=EDGE_LOOP('',(#365,#366,#367,#368));
#1889=EDGE_LOOP('',(#369,#370,#371,#372,#373,#374,#375,#376,#377));
#1890=EDGE_LOOP('',(#378,#379,#380,#381));
#1891=EDGE_LOOP('',(#382));
#1892=EDGE_LOOP('',(#383));
#1893=EDGE_LOOP('',(#384,#385,#386,#387,#388));
#1894=EDGE_LOOP('',(#389));
#1895=EDGE_LOOP('',(#390,#391,#392,#393,#394,#395));
#1896=EDGE_LOOP('',(#396,#397,#398,#399,#400,#401,#402,#403,#404,#405,#406,
#407));
#1897=EDGE_LOOP('',(#408,#409,#410,#411));
#1898=EDGE_LOOP('',(#412,#413,#414,#415,#416,#417));
#1899=EDGE_LOOP('',(#418,#419,#420,#421,#422,#423));
#1900=EDGE_LOOP('',(#424,#425,#426,#427,#428,#429,#430,#431));
#1901=EDGE_LOOP('',(#432,#433,#434,#435));
#1902=EDGE_LOOP('',(#436,#437,#438));
#1903=EDGE_LOOP('',(#439,#440,#441,#442));
#1904=EDGE_LOOP('',(#443,#444,#445));
#1905=EDGE_LOOP('',(#446,#447,#448,#449));
#1906=EDGE_LOOP('',(#450,#451,#452,#453));
#1907=EDGE_LOOP('',(#454,#455,#456,#457));
#1908=EDGE_LOOP('',(#458));
#1909=EDGE_LOOP('',(#459));
#1910=EDGE_LOOP('',(#460));
#1911=EDGE_LOOP('',(#461));
#1912=EDGE_LOOP('',(#462,#463,#464,#465));
#1913=EDGE_LOOP('',(#466,#467,#468,#469));
#1914=EDGE_LOOP('',(#470,#471,#472,#473));
#1915=EDGE_LOOP('',(#474));
#1916=EDGE_LOOP('',(#475,#476,#477,#478));
#1917=EDGE_LOOP('',(#479,#480,#481,#482));
#1918=EDGE_LOOP('',(#483,#484,#485,#486));
#1919=EDGE_LOOP('',(#487));
#1920=EDGE_LOOP('',(#488,#489,#490,#491));
#1921=EDGE_LOOP('',(#492,#493,#494,#495));
#1922=EDGE_LOOP('',(#496,#497,#498,#499));
#1923=EDGE_LOOP('',(#500,#501,#502,#503));
#1924=EDGE_LOOP('',(#504,#505,#506,#507));
#1925=EDGE_LOOP('',(#508,#509,#510,#511));
#1926=EDGE_LOOP('',(#512));
#1927=EDGE_LOOP('',(#513));
#1928=EDGE_LOOP('',(#514));
#1929=EDGE_LOOP('',(#515));
#1930=EDGE_LOOP('',(#516));
#1931=EDGE_LOOP('',(#517));
#1932=EDGE_LOOP('',(#518,#519,#520,#521));
#1933=EDGE_LOOP('',(#522,#523,#524,#525));
#1934=EDGE_LOOP('',(#526,#527,#528,#529));
#1935=EDGE_LOOP('',(#530));
#1936=EDGE_LOOP('',(#531));
#1937=EDGE_LOOP('',(#532));
#1938=EDGE_LOOP('',(#533));
#1939=EDGE_LOOP('',(#534));
#1940=EDGE_LOOP('',(#535));
#1941=EDGE_LOOP('',(#536));
#1942=EDGE_LOOP('',(#537));
#1943=EDGE_LOOP('',(#538,#539,#540,#541));
#1944=EDGE_LOOP('',(#542,#543,#544,#545));
#1945=EDGE_LOOP('',(#546,#547,#548,#549));
#1946=EDGE_LOOP('',(#550,#551,#552,#553));
#1947=EDGE_LOOP('',(#554,#555,#556,#557));
#1948=EDGE_LOOP('',(#558,#559,#560,#561));
#1949=EDGE_LOOP('',(#562,#563,#564,#565));
#1950=EDGE_LOOP('',(#566,#567,#568,#569));
#1951=EDGE_LOOP('',(#570,#571,#572,#573));
#1952=EDGE_LOOP('',(#574,#575,#576,#577));
#1953=EDGE_LOOP('',(#578,#579,#580,#581));
#1954=EDGE_LOOP('',(#582,#583,#584,#585));
#1955=EDGE_LOOP('',(#586,#587,#588,#589));
#1956=EDGE_LOOP('',(#590,#591,#592,#593));
#1957=EDGE_LOOP('',(#594,#595,#596,#597));
#1958=EDGE_LOOP('',(#598,#599,#600,#601));
#1959=EDGE_LOOP('',(#602,#603,#604,#605));
#1960=EDGE_LOOP('',(#606,#607,#608,#609));
#1961=EDGE_LOOP('',(#610,#611,#612,#613));
#1962=EDGE_LOOP('',(#614,#615,#616,#617));
#1963=EDGE_LOOP('',(#618,#619,#620,#621));
#1964=EDGE_LOOP('',(#622,#623,#624,#625));
#1965=EDGE_LOOP('',(#626,#627,#628,#629));
#1966=EDGE_LOOP('',(#630,#631,#632,#633));
#1967=EDGE_LOOP('',(#634,#635,#636,#637));
#1968=EDGE_LOOP('',(#638,#639,#640,#641));
#1969=EDGE_LOOP('',(#642,#643,#644,#645));
#1970=EDGE_LOOP('',(#646,#647,#648,#649));
#1971=EDGE_LOOP('',(#650,#651,#652,#653));
#1972=EDGE_LOOP('',(#654,#655,#656,#657));
#1973=EDGE_LOOP('',(#658,#659,#660,#661));
#1974=EDGE_LOOP('',(#662,#663,#664,#665));
#1975=EDGE_LOOP('',(#666,#667,#668,#669));
#1976=EDGE_LOOP('',(#670));
#1977=EDGE_LOOP('',(#671));
#1978=EDGE_LOOP('',(#672,#673,#674,#675,#676));
#1979=EDGE_LOOP('',(#677,#678,#679,#680));
#1980=EDGE_LOOP('',(#681,#682,#683,#684));
#1981=EDGE_LOOP('',(#685,#686,#687,#688));
#1982=EDGE_LOOP('',(#689,#690,#691,#692));
#1983=EDGE_LOOP('',(#693));
#1984=EDGE_LOOP('',(#694));
#1985=EDGE_LOOP('',(#695));
#1986=EDGE_LOOP('',(#696,#697,#698,#699));
#1987=EDGE_LOOP('',(#700));
#1988=EDGE_LOOP('',(#701));
#1989=EDGE_LOOP('',(#702));
#1990=EDGE_LOOP('',(#703,#704,#705,#706));
#1991=EDGE_LOOP('',(#707));
#1992=EDGE_LOOP('',(#708));
#1993=EDGE_LOOP('',(#709));
#1994=EDGE_LOOP('',(#710));
#1995=EDGE_LOOP('',(#711));
#1996=EDGE_LOOP('',(#712));
#1997=FACE_BOUND('',#1831,.T.);
#1998=FACE_BOUND('',#1832,.T.);
#1999=FACE_BOUND('',#1833,.T.);
#2000=FACE_BOUND('',#1834,.T.);
#2001=FACE_BOUND('',#1835,.T.);
#2002=FACE_BOUND('',#1836,.T.);
#2003=FACE_BOUND('',#1837,.T.);
#2004=FACE_BOUND('',#1838,.T.);
#2005=FACE_BOUND('',#1839,.T.);
#2006=FACE_BOUND('',#1840,.T.);
#2007=FACE_BOUND('',#1841,.T.);
#2008=FACE_BOUND('',#1842,.T.);
#2009=FACE_BOUND('',#1843,.T.);
#2010=FACE_BOUND('',#1844,.T.);
#2011=FACE_BOUND('',#1845,.T.);
#2012=FACE_BOUND('',#1846,.T.);
#2013=FACE_BOUND('',#1847,.T.);
#2014=FACE_BOUND('',#1848,.T.);
#2015=FACE_BOUND('',#1849,.T.);
#2016=FACE_BOUND('',#1850,.T.);
#2017=FACE_BOUND('',#1851,.T.);
#2018=FACE_BOUND('',#1852,.T.);
#2019=FACE_BOUND('',#1853,.T.);
#2020=FACE_BOUND('',#1854,.T.);
#2021=FACE_BOUND('',#1855,.T.);
#2022=FACE_BOUND('',#1856,.T.);
#2023=FACE_BOUND('',#1857,.T.);
#2024=FACE_BOUND('',#1858,.T.);
#2025=FACE_BOUND('',#1859,.T.);
#2026=FACE_BOUND('',#1860,.T.);
#2027=FACE_BOUND('',#1861,.T.);
#2028=FACE_BOUND('',#1862,.T.);
#2029=FACE_BOUND('',#1863,.T.);
#2030=FACE_BOUND('',#1864,.T.);
#2031=FACE_BOUND('',#1865,.T.);
#2032=FACE_BOUND('',#1866,.T.);
#2033=FACE_BOUND('',#1867,.T.);
#2034=FACE_BOUND('',#1868,.T.);
#2035=FACE_BOUND('',#1869,.T.);
#2036=FACE_BOUND('',#1870,.T.);
#2037=FACE_BOUND('',#1871,.T.);
#2038=FACE_BOUND('',#1872,.T.);
#2039=FACE_BOUND('',#1873,.T.);
#2040=FACE_BOUND('',#1874,.T.);
#2041=FACE_BOUND('',#1875,.T.);
#2042=FACE_BOUND('',#1876,.T.);
#2043=FACE_BOUND('',#1877,.T.);
#2044=FACE_BOUND('',#1878,.T.);
#2045=FACE_BOUND('',#1879,.T.);
#2046=FACE_BOUND('',#1880,.T.);
#2047=FACE_BOUND('',#1881,.T.);
#2048=FACE_BOUND('',#1882,.T.);
#2049=FACE_BOUND('',#1883,.T.);
#2050=FACE_BOUND('',#1884,.T.);
#2051=FACE_BOUND('',#1885,.T.);
#2052=FACE_BOUND('',#1886,.T.);
#2053=FACE_BOUND('',#1887,.T.);
#2054=FACE_BOUND('',#1888,.T.);
#2055=FACE_BOUND('',#1889,.T.);
#2056=FACE_BOUND('',#1890,.T.);
#2057=FACE_BOUND('',#1891,.T.);
#2058=FACE_BOUND('',#1892,.T.);
#2059=FACE_BOUND('',#1893,.T.);
#2060=FACE_BOUND('',#1894,.T.);
#2061=FACE_BOUND('',#1895,.T.);
#2062=FACE_BOUND('',#1896,.T.);
#2063=FACE_BOUND('',#1897,.T.);
#2064=FACE_BOUND('',#1898,.T.);
#2065=FACE_BOUND('',#1899,.T.);
#2066=FACE_BOUND('',#1900,.T.);
#2067=FACE_BOUND('',#1901,.T.);
#2068=FACE_BOUND('',#1902,.T.);
#2069=FACE_BOUND('',#1903,.T.);
#2070=FACE_BOUND('',#1904,.T.);
#2071=FACE_BOUND('',#1905,.T.);
#2072=FACE_BOUND('',#1906,.T.);
#2073=FACE_BOUND('',#1907,.T.);
#2074=FACE_BOUND('',#1908,.T.);
#2075=FACE_BOUND('',#1909,.T.);
#2076=FACE_BOUND('',#1910,.T.);
#2077=FACE_BOUND('',#1911,.T.);
#2078=FACE_BOUND('',#1912,.T.);
#2079=FACE_BOUND('',#1913,.T.);
#2080=FACE_BOUND('',#1914,.T.);
#2081=FACE_BOUND('',#1915,.T.);
#2082=FACE_BOUND('',#1916,.T.);
#2083=FACE_BOUND('',#1917,.T.);
#2084=FACE_BOUND('',#1918,.T.);
#2085=FACE_BOUND('',#1919,.T.);
#2086=FACE_BOUND('',#1920,.T.);
#2087=FACE_BOUND('',#1921,.T.);
#2088=FACE_BOUND('',#1922,.T.);
#2089=FACE_BOUND('',#1923,.T.);
#2090=FACE_BOUND('',#1924,.T.);
#2091=FACE_BOUND('',#1925,.T.);
#2092=FACE_BOUND('',#1926,.T.);
#2093=FACE_BOUND('',#1927,.T.);
#2094=FACE_BOUND('',#1928,.T.);
#2095=FACE_BOUND('',#1929,.T.);
#2096=FACE_BOUND('',#1930,.T.);
#2097=FACE_BOUND('',#1931,.T.);
#2098=FACE_BOUND('',#1932,.T.);
#2099=FACE_BOUND('',#1933,.T.);
#2100=FACE_BOUND('',#1934,.T.);
#2101=FACE_BOUND('',#1935,.T.);
#2102=FACE_BOUND('',#1936,.T.);
#2103=FACE_BOUND('',#1937,.T.);
#2104=FACE_BOUND('',#1938,.T.);
#2105=FACE_BOUND('',#1939,.T.);
#2106=FACE_BOUND('',#1940,.T.);
#2107=FACE_BOUND('',#1941,.T.);
#2108=FACE_BOUND('',#1942,.T.);
#2109=FACE_BOUND('',#1943,.T.);
#2110=FACE_BOUND('',#1944,.T.);
#2111=FACE_BOUND('',#1945,.T.);
#2112=FACE_BOUND('',#1946,.T.);
#2113=FACE_BOUND('',#1947,.T.);
#2114=FACE_BOUND('',#1948,.T.);
#2115=FACE_BOUND('',#1949,.T.);
#2116=FACE_BOUND('',#1950,.T.);
#2117=FACE_BOUND('',#1951,.T.);
#2118=FACE_BOUND('',#1952,.T.);
#2119=FACE_BOUND('',#1953,.T.);
#2120=FACE_BOUND('',#1954,.T.);
#2121=FACE_BOUND('',#1955,.T.);
#2122=FACE_BOUND('',#1956,.T.);
#2123=FACE_BOUND('',#1957,.T.);
#2124=FACE_BOUND('',#1958,.T.);
#2125=FACE_BOUND('',#1959,.T.);
#2126=FACE_BOUND('',#1960,.T.);
#2127=FACE_BOUND('',#1961,.T.);
#2128=FACE_BOUND('',#1962,.T.);
#2129=FACE_BOUND('',#1963,.T.);
#2130=FACE_BOUND('',#1964,.T.);
#2131=FACE_BOUND('',#1965,.T.);
#2132=FACE_BOUND('',#1966,.T.);
#2133=FACE_BOUND('',#1967,.T.);
#2134=FACE_BOUND('',#1968,.T.);
#2135=FACE_BOUND('',#1969,.T.);
#2136=FACE_BOUND('',#1970,.T.);
#2137=FACE_BOUND('',#1971,.T.);
#2138=FACE_BOUND('',#1972,.T.);
#2139=FACE_BOUND('',#1973,.T.);
#2140=FACE_BOUND('',#1974,.T.);
#2141=FACE_BOUND('',#1975,.T.);
#2142=FACE_BOUND('',#1976,.T.);
#2143=FACE_BOUND('',#1977,.T.);
#2144=FACE_BOUND('',#1978,.T.);
#2145=FACE_BOUND('',#1979,.T.);
#2146=FACE_BOUND('',#1980,.T.);
#2147=FACE_BOUND('',#1981,.T.);
#2148=FACE_BOUND('',#1982,.T.);
#2149=FACE_BOUND('',#1983,.T.);
#2150=FACE_BOUND('',#1984,.T.);
#2151=FACE_BOUND('',#1985,.T.);
#2152=FACE_BOUND('',#1986,.T.);
#2153=FACE_BOUND('',#1987,.T.);
#2154=FACE_BOUND('',#1988,.T.);
#2155=FACE_BOUND('',#1989,.T.);
#2156=FACE_BOUND('',#1990,.T.);
#2157=FACE_BOUND('',#1991,.T.);
#2158=FACE_BOUND('',#1992,.T.);
#2159=FACE_BOUND('',#1993,.T.);
#2160=FACE_BOUND('',#1994,.T.);
#2161=FACE_BOUND('',#1995,.T.);
#2162=FACE_BOUND('',#1996,.T.);
#2163=PLANE('',#2425);
#2164=PLANE('',#2426);
#2165=PLANE('',#2429);
#2166=PLANE('',#2430);
#2167=PLANE('',#2431);
#2168=PLANE('',#2432);
#2169=PLANE('',#2433);
#2170=PLANE('',#2435);
#2171=PLANE('',#2436);
#2172=PLANE('',#2437);
#2173=PLANE('',#2438);
#2174=PLANE('',#2440);
#2175=PLANE('',#2441);
#2176=PLANE('',#2442);
#2177=PLANE('',#2443);
#2178=PLANE('',#2450);
#2179=PLANE('',#2451);
#2180=PLANE('',#2452);
#2181=PLANE('',#2453);
#2182=PLANE('',#2454);
#2183=PLANE('',#2455);
#2184=PLANE('',#2456);
#2185=PLANE('',#2462);
#2186=PLANE('',#2463);
#2187=PLANE('',#2465);
#2188=PLANE('',#2469);
#2189=PLANE('',#2470);
#2190=PLANE('',#2471);
#2191=PLANE('',#2472);
#2192=PLANE('',#2473);
#2193=PLANE('',#2474);
#2194=PLANE('',#2475);
#2195=PLANE('',#2476);
#2196=PLANE('',#2477);
#2197=PLANE('',#2478);
#2198=PLANE('',#2479);
#2199=PLANE('',#2480);
#2200=PLANE('',#2481);
#2201=PLANE('',#2482);
#2202=PLANE('',#2483);
#2203=PLANE('',#2484);
#2204=PLANE('',#2485);
#2205=PLANE('',#2486);
#2206=PLANE('',#2487);
#2207=PLANE('',#2488);
#2208=PLANE('',#2489);
#2209=PLANE('',#2492);
#2210=PLANE('',#2496);
#2211=PLANE('',#2497);
#2212=PLANE('',#2498);
#2213=PLANE('',#2499);
#2214=PLANE('',#2502);
#2215=PLANE('',#2505);
#2216=PLANE('',#2506);
#2217=PLANE('',#2507);
#2218=PLANE('',#2508);
#2219=PLANE('',#2511);
#2220=PLANE('',#2512);
#2221=PLANE('',#2514);
#2222=PLANE('',#2515);
#2223=PLANE('',#2516);
#2224=PLANE('',#2518);
#2225=PLANE('',#2519);
#2226=PLANE('',#2520);
#2227=PLANE('',#2522);
#2228=PLANE('',#2523);
#2229=PLANE('',#2524);
#2230=PLANE('',#2525);
#2231=PLANE('',#2526);
#2232=PLANE('',#2530);
#2233=PLANE('',#2531);
#2234=PLANE('',#2532);
#2235=PLANE('',#2539);
#2236=PLANE('',#2540);
#2237=PLANE('',#2541);
#2238=PLANE('',#2542);
#2239=PLANE('',#2543);
#2240=PLANE('',#2544);
#2241=PLANE('',#2545);
#2242=PLANE('',#2546);
#2243=PLANE('',#2547);
#2244=PLANE('',#2548);
#2245=PLANE('',#2549);
#2246=PLANE('',#2550);
#2247=PLANE('',#2551);
#2248=PLANE('',#2552);
#2249=PLANE('',#2553);
#2250=PLANE('',#2554);
#2251=PLANE('',#2555);
#2252=PLANE('',#2556);
#2253=PLANE('',#2557);
#2254=PLANE('',#2558);
#2255=PLANE('',#2559);
#2256=PLANE('',#2560);
#2257=PLANE('',#2561);
#2258=PLANE('',#2562);
#2259=PLANE('',#2563);
#2260=PLANE('',#2564);
#2261=PLANE('',#2565);
#2262=PLANE('',#2566);
#2263=PLANE('',#2567);
#2264=PLANE('',#2568);
#2265=PLANE('',#2569);
#2266=PLANE('',#2570);
#2267=PLANE('',#2571);
#2268=PLANE('',#2573);
#2269=PLANE('',#2574);
#2270=PLANE('',#2575);
#2271=PLANE('',#2576);
#2272=PLANE('',#2577);
#2273=PLANE('',#2581);
#2274=ADVANCED_FACE('',(#1997),#2163,.F.);
#2275=ADVANCED_FACE('',(#1998,#1999,#2000,#2001,#2002),#2164,.T.);
#2276=ADVANCED_FACE('',(#2003,#2004),#2165,.T.);
#2277=ADVANCED_FACE('',(#2005),#2166,.T.);
#2278=ADVANCED_FACE('',(#2006),#2167,.T.);
#2279=ADVANCED_FACE('',(#2007,#2008),#2168,.T.);
#2280=ADVANCED_FACE('',(#2009),#2169,.T.);
#2281=ADVANCED_FACE('',(#2010),#2170,.T.);
#2282=ADVANCED_FACE('',(#2011),#2171,.T.);
#2283=ADVANCED_FACE('',(#2012),#2172,.F.);
#2284=ADVANCED_FACE('',(#2013),#2173,.F.);
#2285=ADVANCED_FACE('',(#2014),#2174,.F.);
#2286=ADVANCED_FACE('',(#2015),#2175,.T.);
#2287=ADVANCED_FACE('',(#2016),#2176,.T.);
#2288=ADVANCED_FACE('',(#2017),#2177,.F.);
#2289=ADVANCED_FACE('',(#2018),#14,.F.);
#2290=ADVANCED_FACE('',(#2019),#2178,.F.);
#2291=ADVANCED_FACE('',(#2020),#2179,.F.);
#2292=ADVANCED_FACE('',(#2021,#2022,#2023),#2180,.F.);
#2293=ADVANCED_FACE('',(#2024),#2181,.F.);
#2294=ADVANCED_FACE('',(#2025),#2182,.T.);
#2295=ADVANCED_FACE('',(#2026),#2183,.F.);
#2296=ADVANCED_FACE('',(#2027,#2028,#2029,#2030,#2031,#2032),#2184,.T.);
#2297=ADVANCED_FACE('',(#2033),#2185,.F.);
#2298=ADVANCED_FACE('',(#2034),#2186,.T.);
#2299=ADVANCED_FACE('',(#2035),#2187,.F.);
#2300=ADVANCED_FACE('',(#2036),#15,.F.);
#2301=ADVANCED_FACE('',(#2037),#2188,.F.);
#2302=ADVANCED_FACE('',(#2038),#2189,.T.);
#2303=ADVANCED_FACE('',(#2039),#2190,.T.);
#2304=ADVANCED_FACE('',(#2040),#2191,.F.);
#2305=ADVANCED_FACE('',(#2041),#2192,.T.);
#2306=ADVANCED_FACE('',(#2042),#2193,.F.);
#2307=ADVANCED_FACE('',(#2043),#2194,.T.);
#2308=ADVANCED_FACE('',(#2044),#2195,.F.);
#2309=ADVANCED_FACE('',(#2045),#2196,.F.);
#2310=ADVANCED_FACE('',(#2046),#2197,.F.);
#2311=ADVANCED_FACE('',(#2047),#2198,.T.);
#2312=ADVANCED_FACE('',(#2048),#2199,.T.);
#2313=ADVANCED_FACE('',(#2049),#2200,.T.);
#2314=ADVANCED_FACE('',(#2050),#2201,.F.);
#2315=ADVANCED_FACE('',(#2051),#2202,.F.);
#2316=ADVANCED_FACE('',(#2052),#2203,.T.);
#2317=ADVANCED_FACE('',(#2053),#2204,.F.);
#2318=ADVANCED_FACE('',(#2054),#2205,.T.);
#2319=ADVANCED_FACE('',(#2055),#2206,.F.);
#2320=ADVANCED_FACE('',(#2056),#2207,.T.);
#2321=ADVANCED_FACE('',(#2057,#2058,#2059),#2208,.T.);
#2322=ADVANCED_FACE('',(#2060,#2061,#2062),#2209,.T.);
#2323=ADVANCED_FACE('',(#2063),#2210,.F.);
#2324=ADVANCED_FACE('',(#2064),#2211,.T.);
#2325=ADVANCED_FACE('',(#2065),#2212,.F.);
#2326=ADVANCED_FACE('',(#2066),#2213,.T.);
#2327=ADVANCED_FACE('',(#2067),#16,.F.);
#2328=ADVANCED_FACE('',(#2068),#2214,.T.);
#2329=ADVANCED_FACE('',(#2069),#17,.F.);
#2330=ADVANCED_FACE('',(#2070),#2215,.T.);
#2331=ADVANCED_FACE('',(#2071),#2216,.F.);
#2332=ADVANCED_FACE('',(#2072),#2217,.T.);
#2333=ADVANCED_FACE('',(#2073),#2218,.T.);
#2334=ADVANCED_FACE('',(#2074,#2075),#18,.F.);
#2335=ADVANCED_FACE('',(#2076),#2219,.T.);
#2336=ADVANCED_FACE('',(#2077,#2078),#2220,.T.);
#2337=ADVANCED_FACE('',(#2079),#2221,.F.);
#2338=ADVANCED_FACE('',(#2080),#2222,.T.);
#2339=ADVANCED_FACE('',(#2081,#2082),#2223,.F.);
#2340=ADVANCED_FACE('',(#2083),#2224,.T.);
#2341=ADVANCED_FACE('',(#2084),#2225,.T.);
#2342=ADVANCED_FACE('',(#2085,#2086),#2226,.F.);
#2343=ADVANCED_FACE('',(#2087),#2227,.T.);
#2344=ADVANCED_FACE('',(#2088),#2228,.T.);
#2345=ADVANCED_FACE('',(#2089),#2229,.T.);
#2346=ADVANCED_FACE('',(#2090),#2230,.F.);
#2347=ADVANCED_FACE('',(#2091),#2231,.T.);
#2348=ADVANCED_FACE('',(#2092,#2093),#19,.F.);
#2349=ADVANCED_FACE('',(#2094,#2095),#20,.F.);
#2350=ADVANCED_FACE('',(#2096,#2097),#21,.F.);
#2351=ADVANCED_FACE('',(#2098),#2232,.T.);
#2352=ADVANCED_FACE('',(#2099),#2233,.F.);
#2353=ADVANCED_FACE('',(#2100),#2234,.F.);
#2354=ADVANCED_FACE('',(#2101,#2102),#22,.F.);
#2355=ADVANCED_FACE('',(#2103,#2104),#23,.F.);
#2356=ADVANCED_FACE('',(#2105,#2106),#24,.F.);
#2357=ADVANCED_FACE('',(#2107,#2108),#25,.F.);
#2358=ADVANCED_FACE('',(#2109),#2235,.T.);
#2359=ADVANCED_FACE('',(#2110),#2236,.F.);
#2360=ADVANCED_FACE('',(#2111),#2237,.F.);
#2361=ADVANCED_FACE('',(#2112),#2238,.T.);
#2362=ADVANCED_FACE('',(#2113),#2239,.F.);
#2363=ADVANCED_FACE('',(#2114),#2240,.F.);
#2364=ADVANCED_FACE('',(#2115),#2241,.T.);
#2365=ADVANCED_FACE('',(#2116),#2242,.T.);
#2366=ADVANCED_FACE('',(#2117,#2118),#2243,.T.);
#2367=ADVANCED_FACE('',(#2119),#2244,.T.);
#2368=ADVANCED_FACE('',(#2120),#2245,.F.);
#2369=ADVANCED_FACE('',(#2121),#2246,.F.);
#2370=ADVANCED_FACE('',(#2122),#2247,.T.);
#2371=ADVANCED_FACE('',(#2123),#2248,.T.);
#2372=ADVANCED_FACE('',(#2124),#2249,.T.);
#2373=ADVANCED_FACE('',(#2125),#2250,.F.);
#2374=ADVANCED_FACE('',(#2126),#2251,.F.);
#2375=ADVANCED_FACE('',(#2127),#2252,.T.);
#2376=ADVANCED_FACE('',(#2128,#2129),#2253,.T.);
#2377=ADVANCED_FACE('',(#2130),#2254,.T.);
#2378=ADVANCED_FACE('',(#2131),#2255,.T.);
#2379=ADVANCED_FACE('',(#2132),#2256,.F.);
#2380=ADVANCED_FACE('',(#2133),#2257,.F.);
#2381=ADVANCED_FACE('',(#2134),#2258,.T.);
#2382=ADVANCED_FACE('',(#2135),#2259,.F.);
#2383=ADVANCED_FACE('',(#2136),#2260,.F.);
#2384=ADVANCED_FACE('',(#2137),#2261,.T.);
#2385=ADVANCED_FACE('',(#2138),#2262,.T.);
#2386=ADVANCED_FACE('',(#2139,#2140),#2263,.T.);
#2387=ADVANCED_FACE('',(#2141),#2264,.T.);
#2388=ADVANCED_FACE('',(#2142),#2265,.T.);
#2389=ADVANCED_FACE('',(#2143),#2266,.T.);
#2390=ADVANCED_FACE('',(#2144),#2267,.T.);
#2391=ADVANCED_FACE('',(#2145),#2268,.T.);
#2392=ADVANCED_FACE('',(#2146),#2269,.T.);
#2393=ADVANCED_FACE('',(#2147),#2270,.F.);
#2394=ADVANCED_FACE('',(#2148),#2271,.F.);
#2395=ADVANCED_FACE('',(#2149,#2150,#2151,#2152),#2272,.T.);
#2396=ADVANCED_FACE('',(#2153,#2154,#2155,#2156),#2273,.F.);
#2397=ADVANCED_FACE('',(#2157,#2158),#26,.F.);
#2398=ADVANCED_FACE('',(#2159,#2160),#27,.F.);
#2399=ADVANCED_FACE('',(#2161,#2162),#28,.F.);
#2400=CLOSED_SHELL('',(#2274,#2275,#2276,#2277,#2278,#2279,#2280,#2281,
#2282,#2283,#2284,#2285,#2286,#2287,#2288,#2289,#2290,#2291,#2292,#2293,
#2294,#2295,#2296,#2297,#2298,#2299,#2300,#2301,#2302,#2303,#2304,#2305,
#2306,#2307,#2308,#2309,#2310,#2311,#2312,#2313,#2314,#2315,#2316,#2317,
#2318,#2319,#2320,#2321,#2322,#2323,#2324,#2325,#2326,#2327,#2328,#2329,
#2330,#2331,#2332,#2333,#2334,#2335,#2336,#2337,#2338,#2339,#2340,#2341,
#2342,#2343,#2344,#2345,#2346,#2347,#2348,#2349,#2350,#2351,#2352,#2353,
#2354,#2355,#2356,#2357,#2358,#2359,#2360,#2361,#2362,#2363,#2364,#2365,
#2366,#2367,#2368,#2369,#2370,#2371,#2372,#2373,#2374,#2375,#2376,#2377,
#2378,#2379,#2380,#2381,#2382,#2383,#2384,#2385,#2386,#2387,#2388,#2389,
#2390));
#2401=CLOSED_SHELL('',(#2391,#2392,#2393,#2394,#2395,#2396,#2397,#2398,
#2399));
#2402=STYLED_ITEM('',(#2404),#2418);
#2403=STYLED_ITEM('',(#2405),#2419);
#2404=PRESENTATION_STYLE_ASSIGNMENT((#2406));
#2405=PRESENTATION_STYLE_ASSIGNMENT((#2407));
#2406=SURFACE_STYLE_USAGE(.BOTH.,#2408);
#2407=SURFACE_STYLE_USAGE(.BOTH.,#2409);
#2408=SURFACE_SIDE_STYLE('',(#2410));
#2409=SURFACE_SIDE_STYLE('',(#2411));
#2410=SURFACE_STYLE_FILL_AREA(#2412);
#2411=SURFACE_STYLE_FILL_AREA(#2413);
#2412=FILL_AREA_STYLE('',(#2414));
#2413=FILL_AREA_STYLE('',(#2415));
#2414=FILL_AREA_STYLE_COLOUR('',#2416);
#2415=FILL_AREA_STYLE_COLOUR('',#2417);
#2416=COLOUR_RGB('',0.615686274509804,0.811764705882353,0.929411764705882);
#2417=COLOUR_RGB('',0.647058823529412,0.647058823529412,0.647058823529412);
#2418=MANIFOLD_SOLID_BREP('Part 1',#2400);
#2419=MANIFOLD_SOLID_BREP('Part 2',#2401);
#2420=SHAPE_DEFINITION_REPRESENTATION(#3886,#2422);
#2421=SHAPE_DEFINITION_REPRESENTATION(#3887,#2423);
#2422=SHAPE_REPRESENTATION('Part 1',(#2424),#3876);
#2423=SHAPE_REPRESENTATION('Part 2',(#2572),#3877);
#2424=AXIS2_PLACEMENT_3D('',#3204,#2588,#2589);
#2425=AXIS2_PLACEMENT_3D('',#3205,#2590,#2591);
#2426=AXIS2_PLACEMENT_3D('',#3214,#2596,#2597);
#2427=AXIS2_PLACEMENT_3D('',#3231,#2606,#2607);
#2428=AXIS2_PLACEMENT_3D('',#3233,#2608,#2609);
#2429=AXIS2_PLACEMENT_3D('',#3253,#2619,#2620);
#2430=AXIS2_PLACEMENT_3D('',#3267,#2628,#2629);
#2431=AXIS2_PLACEMENT_3D('',#3278,#2636,#2637);
#2432=AXIS2_PLACEMENT_3D('',#3298,#2648,#2649);
#2433=AXIS2_PLACEMENT_3D('',#3314,#2658,#2659);
#2434=AXIS2_PLACEMENT_3D('',#3319,#2662,#2663);
#2435=AXIS2_PLACEMENT_3D('',#3322,#2665,#2666);
#2436=AXIS2_PLACEMENT_3D('',#3331,#2671,#2672);
#2437=AXIS2_PLACEMENT_3D('',#3341,#2678,#2679);
#2438=AXIS2_PLACEMENT_3D('',#3351,#2685,#2686);
#2439=AXIS2_PLACEMENT_3D('',#3357,#2689,#2690);
#2440=AXIS2_PLACEMENT_3D('',#3360,#2692,#2693);
#2441=AXIS2_PLACEMENT_3D('',#3366,#2697,#2698);
#2442=AXIS2_PLACEMENT_3D('',#3372,#2702,#2703);
#2443=AXIS2_PLACEMENT_3D('',#3399,#2718,#2719);
#2444=AXIS2_PLACEMENT_3D('',#3402,#2721,#2722);
#2445=AXIS2_PLACEMENT_3D('',#3404,#2724,#2725);
#2446=AXIS2_PLACEMENT_3D('',#3408,#2727,#2728);
#2447=AXIS2_PLACEMENT_3D('',#3412,#2730,#2731);
#2448=AXIS2_PLACEMENT_3D('',#3415,#2733,#2734);
#2449=AXIS2_PLACEMENT_3D('',#3419,#2736,#2737);
#2450=AXIS2_PLACEMENT_3D('',#3420,#2738,#2739);
#2451=AXIS2_PLACEMENT_3D('',#3425,#2743,#2744);
#2452=AXIS2_PLACEMENT_3D('',#3431,#2748,#2749);
#2453=AXIS2_PLACEMENT_3D('',#3457,#2764,#2765);
#2454=AXIS2_PLACEMENT_3D('',#3460,#2768,#2769);
#2455=AXIS2_PLACEMENT_3D('',#3477,#2779,#2780);
#2456=AXIS2_PLACEMENT_3D('',#3479,#2782,#2783);
#2457=AXIS2_PLACEMENT_3D('',#3480,#2784,#2785);
#2458=AXIS2_PLACEMENT_3D('',#3482,#2786,#2787);
#2459=AXIS2_PLACEMENT_3D('',#3484,#2788,#2789);
#2460=AXIS2_PLACEMENT_3D('',#3486,#2790,#2791);
#2461=AXIS2_PLACEMENT_3D('',#3488,#2792,#2793);
#2462=AXIS2_PLACEMENT_3D('',#3509,#2805,#2806);
#2463=AXIS2_PLACEMENT_3D('',#3516,#2811,#2812);
#2464=AXIS2_PLACEMENT_3D('',#3521,#2815,#2816);
#2465=AXIS2_PLACEMENT_3D('',#3522,#2817,#2818);
#2466=AXIS2_PLACEMENT_3D('',#3526,#2821,#2822);
#2467=AXIS2_PLACEMENT_3D('',#3527,#2823,#2824);
#2468=AXIS2_PLACEMENT_3D('',#3528,#2825,#2826);
#2469=AXIS2_PLACEMENT_3D('',#3529,#2827,#2828);
#2470=AXIS2_PLACEMENT_3D('',#3533,#2831,#2832);
#2471=AXIS2_PLACEMENT_3D('',#3535,#2834,#2835);
#2472=AXIS2_PLACEMENT_3D('',#3537,#2837,#2838);
#2473=AXIS2_PLACEMENT_3D('',#3538,#2839,#2840);
#2474=AXIS2_PLACEMENT_3D('',#3544,#2844,#2845);
#2475=AXIS2_PLACEMENT_3D('',#3545,#2846,#2847);
#2476=AXIS2_PLACEMENT_3D('',#3547,#2849,#2850);
#2477=AXIS2_PLACEMENT_3D('',#3549,#2852,#2853);
#2478=AXIS2_PLACEMENT_3D('',#3555,#2857,#2858);
#2479=AXIS2_PLACEMENT_3D('',#3558,#2861,#2862);
#2480=AXIS2_PLACEMENT_3D('',#3560,#2864,#2865);
#2481=AXIS2_PLACEMENT_3D('',#3562,#2867,#2868);
#2482=AXIS2_PLACEMENT_3D('',#3565,#2871,#2872);
#2483=AXIS2_PLACEMENT_3D('',#3568,#2875,#2876);
#2484=AXIS2_PLACEMENT_3D('',#3569,#2877,#2878);
#2485=AXIS2_PLACEMENT_3D('',#3570,#2879,#2880);
#2486=AXIS2_PLACEMENT_3D('',#3572,#2882,#2883);
#2487=AXIS2_PLACEMENT_3D('',#3576,#2886,#2887);
#2488=AXIS2_PLACEMENT_3D('',#3583,#2892,#2893);
#2489=AXIS2_PLACEMENT_3D('',#3587,#2896,#2897);
#2490=AXIS2_PLACEMENT_3D('',#3588,#2898,#2899);
#2491=AXIS2_PLACEMENT_3D('',#3590,#2900,#2901);
#2492=AXIS2_PLACEMENT_3D('',#3593,#2903,#2904);
#2493=AXIS2_PLACEMENT_3D('',#3594,#2905,#2906);
#2494=AXIS2_PLACEMENT_3D('',#3596,#2907,#2908);
#2495=AXIS2_PLACEMENT_3D('',#3602,#2911,#2912);
#2496=AXIS2_PLACEMENT_3D('',#3611,#2918,#2919);
#2497=AXIS2_PLACEMENT_3D('',#3617,#2923,#2924);
#2498=AXIS2_PLACEMENT_3D('',#3623,#2928,#2929);
#2499=AXIS2_PLACEMENT_3D('',#3629,#2933,#2934);
#2500=AXIS2_PLACEMENT_3D('',#3636,#2939,#2940);
#2501=AXIS2_PLACEMENT_3D('',#3637,#2941,#2942);
#2502=AXIS2_PLACEMENT_3D('',#3638,#2943,#2944);
#2503=AXIS2_PLACEMENT_3D('',#3639,#2945,#2946);
#2504=AXIS2_PLACEMENT_3D('',#3640,#2947,#2948);
#2505=AXIS2_PLACEMENT_3D('',#3641,#2949,#2950);
#2506=AXIS2_PLACEMENT_3D('',#3642,#2951,#2952);
#2507=AXIS2_PLACEMENT_3D('',#3646,#2955,#2956);
#2508=AXIS2_PLACEMENT_3D('',#3648,#2958,#2959);
#2509=AXIS2_PLACEMENT_3D('',#3649,#2960,#2961);
#2510=AXIS2_PLACEMENT_3D('',#3650,#2962,#2963);
#2511=AXIS2_PLACEMENT_3D('',#3652,#2964,#2965);
#2512=AXIS2_PLACEMENT_3D('',#3653,#2966,#2967);
#2513=AXIS2_PLACEMENT_3D('',#3654,#2968,#2969);
#2514=AXIS2_PLACEMENT_3D('',#3659,#2972,#2973);
#2515=AXIS2_PLACEMENT_3D('',#3661,#2975,#2976);
#2516=AXIS2_PLACEMENT_3D('',#3662,#2977,#2978);
#2517=AXIS2_PLACEMENT_3D('',#3663,#2979,#2980);
#2518=AXIS2_PLACEMENT_3D('',#3668,#2983,#2984);
#2519=AXIS2_PLACEMENT_3D('',#3670,#2986,#2987);
#2520=AXIS2_PLACEMENT_3D('',#3671,#2988,#2989);
#2521=AXIS2_PLACEMENT_3D('',#3672,#2990,#2991);
#2522=AXIS2_PLACEMENT_3D('',#3677,#2994,#2995);
#2523=AXIS2_PLACEMENT_3D('',#3679,#2997,#2998);
#2524=AXIS2_PLACEMENT_3D('',#3680,#2999,#3000);
#2525=AXIS2_PLACEMENT_3D('',#3684,#3003,#3004);
#2526=AXIS2_PLACEMENT_3D('',#3686,#3006,#3007);
#2527=AXIS2_PLACEMENT_3D('',#3687,#3008,#3009);
#2528=AXIS2_PLACEMENT_3D('',#3688,#3010,#3011);
#2529=AXIS2_PLACEMENT_3D('',#3689,#3012,#3013);
#2530=AXIS2_PLACEMENT_3D('',#3690,#3014,#3015);
#2531=AXIS2_PLACEMENT_3D('',#3692,#3017,#3018);
#2532=AXIS2_PLACEMENT_3D('',#3694,#3020,#3021);
#2533=AXIS2_PLACEMENT_3D('',#3695,#3022,#3023);
#2534=AXIS2_PLACEMENT_3D('',#3696,#3024,#3025);
#2535=AXIS2_PLACEMENT_3D('',#3697,#3026,#3027);
#2536=AXIS2_PLACEMENT_3D('',#3698,#3028,#3029);
#2537=AXIS2_PLACEMENT_3D('',#3700,#3030,#3031);
#2538=AXIS2_PLACEMENT_3D('',#3701,#3032,#3033);
#2539=AXIS2_PLACEMENT_3D('',#3703,#3034,#3035);
#2540=AXIS2_PLACEMENT_3D('',#3712,#3040,#3041);
#2541=AXIS2_PLACEMENT_3D('',#3718,#3045,#3046);
#2542=AXIS2_PLACEMENT_3D('',#3724,#3050,#3051);
#2543=AXIS2_PLACEMENT_3D('',#3730,#3055,#3056);
#2544=AXIS2_PLACEMENT_3D('',#3734,#3059,#3060);
#2545=AXIS2_PLACEMENT_3D('',#3738,#3063,#3064);
#2546=AXIS2_PLACEMENT_3D('',#3740,#3066,#3067);
#2547=AXIS2_PLACEMENT_3D('',#3743,#3070,#3071);
#2548=AXIS2_PLACEMENT_3D('',#3744,#3072,#3073);
#2549=AXIS2_PLACEMENT_3D('',#3745,#3074,#3075);
#2550=AXIS2_PLACEMENT_3D('',#3751,#3079,#3080);
#2551=AXIS2_PLACEMENT_3D('',#3755,#3083,#3084);
#2552=AXIS2_PLACEMENT_3D('',#3759,#3087,#3088);
#2553=AXIS2_PLACEMENT_3D('',#3761,#3090,#3091);
#2554=AXIS2_PLACEMENT_3D('',#3770,#3096,#3097);
#2555=AXIS2_PLACEMENT_3D('',#3776,#3101,#3102);
#2556=AXIS2_PLACEMENT_3D('',#3782,#3106,#3107);
#2557=AXIS2_PLACEMENT_3D('',#3785,#3110,#3111);
#2558=AXIS2_PLACEMENT_3D('',#3786,#3112,#3113);
#2559=AXIS2_PLACEMENT_3D('',#3787,#3114,#3115);
#2560=AXIS2_PLACEMENT_3D('',#3793,#3119,#3120);
#2561=AXIS2_PLACEMENT_3D('',#3797,#3123,#3124);
#2562=AXIS2_PLACEMENT_3D('',#3801,#3127,#3128);
#2563=AXIS2_PLACEMENT_3D('',#3810,#3133,#3134);
#2564=AXIS2_PLACEMENT_3D('',#3816,#3138,#3139);
#2565=AXIS2_PLACEMENT_3D('',#3822,#3143,#3144);
#2566=AXIS2_PLACEMENT_3D('',#3825,#3147,#3148);
#2567=AXIS2_PLACEMENT_3D('',#3827,#3150,#3151);
#2568=AXIS2_PLACEMENT_3D('',#3828,#3152,#3153);
#2569=AXIS2_PLACEMENT_3D('',#3829,#3154,#3155);
#2570=AXIS2_PLACEMENT_3D('',#3830,#3156,#3157);
#2571=AXIS2_PLACEMENT_3D('',#3831,#3158,#3159);
#2572=AXIS2_PLACEMENT_3D('',#3832,#3160,#3161);
#2573=AXIS2_PLACEMENT_3D('',#3833,#3162,#3163);
#2574=AXIS2_PLACEMENT_3D('',#3842,#3168,#3169);
#2575=AXIS2_PLACEMENT_3D('',#3848,#3173,#3174);
#2576=AXIS2_PLACEMENT_3D('',#3854,#3178,#3179);
#2577=AXIS2_PLACEMENT_3D('',#3857,#3182,#3183);
#2578=AXIS2_PLACEMENT_3D('',#3858,#3184,#3185);
#2579=AXIS2_PLACEMENT_3D('',#3860,#3186,#3187);
#2580=AXIS2_PLACEMENT_3D('',#3862,#3188,#3189);
#2581=AXIS2_PLACEMENT_3D('',#3864,#3190,#3191);
#2582=AXIS2_PLACEMENT_3D('',#3865,#3192,#3193);
#2583=AXIS2_PLACEMENT_3D('',#3867,#3194,#3195);
#2584=AXIS2_PLACEMENT_3D('',#3869,#3196,#3197);
#2585=AXIS2_PLACEMENT_3D('',#3871,#3198,#3199);
#2586=AXIS2_PLACEMENT_3D('',#3872,#3200,#3201);
#2587=AXIS2_PLACEMENT_3D('',#3873,#3202,#3203);
#2588=DIRECTION('',(0.,0.,1.));
#2589=DIRECTION('',(1.,0.,0.));
#2590=DIRECTION('',(0.,1.,0.));
#2591=DIRECTION('',(0.,0.,1.));
#2592=DIRECTION('',(1.,0.,0.));
#2593=DIRECTION('',(0.,0.,-1.));
#2594=DIRECTION('',(-1.,0.,0.));
#2595=DIRECTION('',(0.,-1.90819582357449E-16,1.));
#2596=DIRECTION('',(0.,1.,0.));
#2597=DIRECTION('',(0.,0.,1.));
#2598=DIRECTION('',(-1.,0.,0.));
#2599=DIRECTION('',(0.,0.,-1.));
#2600=DIRECTION('',(-1.,0.,0.));
#2601=DIRECTION('',(0.,0.,-1.));
#2602=DIRECTION('',(-1.,0.,0.));
#2603=DIRECTION('',(-3.10804622779178E-16,0.,-1.));
#2604=DIRECTION('',(-1.,0.,0.));
#2605=DIRECTION('',(-2.31296463463574E-16,0.,-1.));
#2606=DIRECTION('',(0.,1.,0.));
#2607=DIRECTION('',(0.,0.,1.));
#2608=DIRECTION('',(0.,1.,0.));
#2609=DIRECTION('',(0.,0.,1.));
#2610=DIRECTION('',(0.,0.,-1.));
#2611=DIRECTION('',(1.,0.,-1.10141173077892E-16));
#2612=DIRECTION('',(0.,0.,-1.));
#2613=DIRECTION('',(-1.,0.,0.));
#2614=DIRECTION('',(0.,0.,1.));
#2615=DIRECTION('',(-1.,0.,0.));
#2616=DIRECTION('',(0.,0.,-1.));
#2617=DIRECTION('',(-1.,0.,0.));
#2618=DIRECTION('',(0.,0.,-1.));
#2619=DIRECTION('',(1.,0.,0.));
#2620=DIRECTION('',(0.,1.,0.));
#2621=DIRECTION('',(0.,0.,-1.));
#2622=DIRECTION('',(0.,-1.,-1.90819582357449E-16));
#2623=DIRECTION('',(0.,-1.90819582357449E-16,1.));
#2624=DIRECTION('',(0.,-1.,-1.90819582357449E-16));
#2625=DIRECTION('',(0.,1.,-1.40179674826409E-16));
#2626=DIRECTION('',(0.,0.,1.));
#2627=DIRECTION('',(0.,1.,-1.40179674826409E-16));
#2628=DIRECTION('',(-1.,0.,0.));
#2629=DIRECTION('',(0.,0.,1.));
#2630=DIRECTION('',(0.,0.,-1.));
#2631=DIRECTION('',(0.,-1.,1.40179674826409E-16));
#2632=DIRECTION('',(0.,-1.,0.));
#2633=DIRECTION('',(0.,0.,-1.));
#2634=DIRECTION('',(0.,-1.,0.));
#2635=DIRECTION('',(0.,-1.,1.40179674826409E-16));
#2636=DIRECTION('',(1.,0.,0.));
#2637=DIRECTION('',(0.,1.,0.));
#2638=DIRECTION('',(0.,-1.90819582357449E-16,1.));
#2639=DIRECTION('',(0.,-1.,0.));
#2640=DIRECTION('',(0.,0.,-1.));
#2641=DIRECTION('',(0.,1.,0.));
#2642=DIRECTION('',(0.,0.,-1.));
#2643=DIRECTION('',(0.,1.,0.));
#2644=DIRECTION('',(0.,0.,-1.));
#2645=DIRECTION('',(0.,1.,0.));
#2646=DIRECTION('',(0.,0.169538283701242,-0.985523602132205));
#2647=DIRECTION('',(0.,-1.,0.));
#2648=DIRECTION('',(0.,0.,1.));
#2649=DIRECTION('',(1.,0.,0.));
#2650=DIRECTION('',(1.89735380184963E-16,-1.,0.));
#2651=DIRECTION('',(1.,1.18276600634782E-16,0.));
#2652=DIRECTION('',(0.,-1.,0.));
#2653=DIRECTION('',(1.,1.18276600634782E-16,0.));
#2654=DIRECTION('',(-1.,0.,0.));
#2655=DIRECTION('',(0.,-1.,0.));
#2656=DIRECTION('',(1.,0.,0.));
#2657=DIRECTION('',(0.,-1.,0.));
#2658=DIRECTION('',(1.,0.,0.));
#2659=DIRECTION('',(0.,0.,-1.));
#2660=DIRECTION('',(0.,0.,-1.));
#2661=DIRECTION('',(0.,-1.,0.));
#2662=DIRECTION('',(1.,0.,0.));
#2663=DIRECTION('',(0.,0.,-1.));
#2664=DIRECTION('',(0.,1.,0.));
#2665=DIRECTION('',(1.,0.,0.));
#2666=DIRECTION('',(0.,0.,-1.));
#2667=DIRECTION('',(0.,1.,0.));
#2668=DIRECTION('',(0.,0.,-1.));
#2669=DIRECTION('',(0.,1.,0.));
#2670=DIRECTION('',(0.,0.,-1.));
#2671=DIRECTION('',(0.,0.,-1.));
#2672=DIRECTION('',(-1.,0.,0.));
#2673=DIRECTION('',(0.,-1.,0.));
#2674=DIRECTION('',(-1.,0.,0.));
#2675=DIRECTION('',(-1.,0.,0.));
#2676=DIRECTION('',(0.,1.,0.));
#2677=DIRECTION('',(1.,0.,0.));
#2678=DIRECTION('',(0.,0.,-1.));
#2679=DIRECTION('',(-1.,0.,0.));
#2680=DIRECTION('',(-1.,0.,0.));
#2681=DIRECTION('',(0.,-1.,0.));
#2682=DIRECTION('',(1.,0.,0.));
#2683=DIRECTION('',(0.,1.,0.));
#2684=DIRECTION('',(-1.,0.,0.));
#2685=DIRECTION('',(1.,0.,0.));
#2686=DIRECTION('',(0.,0.,-1.));
#2687=DIRECTION('',(0.,0.,1.));
#2688=DIRECTION('',(0.,1.,0.));
#2689=DIRECTION('',(1.,0.,0.));
#2690=DIRECTION('',(0.,0.,-1.));
#2691=DIRECTION('',(0.,1.,0.));
#2692=DIRECTION('',(0.,0.,1.));
#2693=DIRECTION('',(1.,0.,0.));
#2694=DIRECTION('',(-1.,0.,0.));
#2695=DIRECTION('',(1.,0.,0.));
#2696=DIRECTION('',(0.,-1.,0.));
#2697=DIRECTION('',(0.,0.,1.));
#2698=DIRECTION('',(1.,0.,0.));
#2699=DIRECTION('',(-1.,0.,0.));
#2700=DIRECTION('',(0.,-1.,0.));
#2701=DIRECTION('',(1.,0.,0.));
#2702=DIRECTION('',(0.,-1.,0.));
#2703=DIRECTION('',(1.,0.,0.));
#2704=DIRECTION('',(-1.,0.,0.));
#2705=DIRECTION('',(0.,0.,-1.));
#2706=DIRECTION('',(1.,0.,0.));
#2707=DIRECTION('',(0.,0.,-1.));
#2708=DIRECTION('',(0.,0.,1.));
#2709=DIRECTION('',(0.,0.,-1.));
#2710=DIRECTION('',(1.,0.,0.));
#2711=DIRECTION('',(0.,0.,-1.));
#2712=DIRECTION('',(1.,0.,0.));
#2713=DIRECTION('',(0.,0.,-1.));
#2714=DIRECTION('',(1.,0.,0.));
#2715=DIRECTION('',(0.,0.,-1.));
#2716=DIRECTION('',(-1.,0.,0.));
#2717=DIRECTION('',(0.,0.,1.));
#2718=DIRECTION('',(1.,0.,0.));
#2719=DIRECTION('',(0.,1.,0.));
#2720=DIRECTION('',(0.,-1.,0.));
#2721=DIRECTION('',(1.,0.,0.));
#2722=DIRECTION('',(0.,0.,-1.));
#2723=DIRECTION('',(0.,-1.,0.));
#2724=DIRECTION('',(-1.,0.,0.));
#2725=DIRECTION('',(0.,0.,1.));
#2726=DIRECTION('',(-1.,0.,0.));
#2727=DIRECTION('',(-1.,0.,0.));
#2728=DIRECTION('',(0.,0.,1.));
#2729=DIRECTION('',(1.,0.,0.));
#2730=DIRECTION('',(-1.,0.,0.));
#2731=DIRECTION('',(0.,0.,1.));
#2732=DIRECTION('',(1.,0.,0.));
#2733=DIRECTION('',(-1.,0.,0.));
#2734=DIRECTION('',(0.,0.,1.));
#2735=DIRECTION('',(-1.,0.,0.));
#2736=DIRECTION('',(1.,0.,0.));
#2737=DIRECTION('',(0.,0.,-1.));
#2738=DIRECTION('',(-1.,0.,0.));
#2739=DIRECTION('',(0.,-1.,0.));
#2740=DIRECTION('',(0.,1.,0.));
#2741=DIRECTION('',(0.,-1.,0.));
#2742=DIRECTION('',(0.,-1.,0.));
#2743=DIRECTION('',(0.,0.,1.));
#2744=DIRECTION('',(1.,0.,0.));
#2745=DIRECTION('',(0.,1.,0.));
#2746=DIRECTION('',(0.,1.,0.));
#2747=DIRECTION('',(1.,0.,0.));
#2748=DIRECTION('',(0.,-1.,0.));
#2749=DIRECTION('',(1.,0.,0.));
#2750=DIRECTION('',(0.,0.,-1.));
#2751=DIRECTION('',(1.,0.,0.));
#2752=DIRECTION('',(0.,0.,-1.));
#2753=DIRECTION('',(1.,0.,0.));
#2754=DIRECTION('',(0.,0.,-1.));
#2755=DIRECTION('',(0.,0.,1.));
#2756=DIRECTION('',(0.,0.,-1.));
#2757=DIRECTION('',(1.,0.,0.));
#2758=DIRECTION('',(0.,0.,-1.));
#2759=DIRECTION('',(1.,0.,0.));
#2760=DIRECTION('',(0.,0.,-1.));
#2761=DIRECTION('',(1.,0.,0.));
#2762=DIRECTION('',(0.,0.,1.));
#2763=DIRECTION('',(-1.,0.,0.));
#2764=DIRECTION('',(0.,0.,1.));
#2765=DIRECTION('',(1.,0.,0.));
#2766=DIRECTION('',(0.,1.,0.));
#2767=DIRECTION('',(1.,0.,0.));
#2768=DIRECTION('',(0.,-1.,0.));
#2769=DIRECTION('',(1.,0.,0.));
#2770=DIRECTION('',(1.,0.,0.));
#2771=DIRECTION('',(1.,0.,0.));
#2772=DIRECTION('',(-1.,0.,0.));
#2773=DIRECTION('',(-1.,0.,0.));
#2774=DIRECTION('',(0.,0.,-1.));
#2775=DIRECTION('',(1.,0.,0.));
#2776=DIRECTION('',(0.,0.,-1.));
#2777=DIRECTION('',(1.,0.,0.));
#2778=DIRECTION('',(0.,0.,-1.));
#2779=DIRECTION('',(0.,0.,1.));
#2780=DIRECTION('',(1.,0.,0.));
#2781=DIRECTION('',(0.,1.,0.));
#2782=DIRECTION('',(0.,0.,1.));
#2783=DIRECTION('',(1.,0.,0.));
#2784=DIRECTION('',(0.,0.,1.));
#2785=DIRECTION('',(1.,0.,0.));
#2786=DIRECTION('',(0.,0.,1.));
#2787=DIRECTION('',(1.,0.,0.));
#2788=DIRECTION('',(0.,0.,1.));
#2789=DIRECTION('',(1.,0.,0.));
#2790=DIRECTION('',(0.,0.,1.));
#2791=DIRECTION('',(1.,0.,0.));
#2792=DIRECTION('',(0.,0.,1.));
#2793=DIRECTION('',(1.,0.,0.));
#2794=DIRECTION('',(0.,-1.,0.));
#2795=DIRECTION('',(0.,1.,0.));
#2796=DIRECTION('',(1.,0.,0.));
#2797=DIRECTION('',(0.,1.,0.));
#2798=DIRECTION('',(1.,0.,0.));
#2799=DIRECTION('',(0.,1.,0.));
#2800=DIRECTION('',(0.,1.,0.));
#2801=DIRECTION('',(-1.,0.,0.));
#2802=DIRECTION('',(-1.,0.,0.));
#2803=DIRECTION('',(0.,1.,0.));
#2804=DIRECTION('',(-1.,0.,0.));
#2805=DIRECTION('',(1.,0.,0.));
#2806=DIRECTION('',(0.,0.,-1.));
#2807=DIRECTION('',(0.,0.,-1.));
#2808=DIRECTION('',(0.,-1.,0.));
#2809=DIRECTION('',(0.,1.,0.));
#2810=DIRECTION('',(0.,0.,-1.));
#2811=DIRECTION('',(1.,0.,0.));
#2812=DIRECTION('',(0.,0.,-1.));
#2813=DIRECTION('',(0.,0.169538283701242,-0.985523602132205));
#2814=DIRECTION('',(0.,1.,0.));
#2815=DIRECTION('',(1.,0.,0.));
#2816=DIRECTION('',(0.,0.,-1.));
#2817=DIRECTION('',(1.,0.,0.));
#2818=DIRECTION('',(0.,1.,0.));
#2819=DIRECTION('',(0.,-1.,0.));
#2820=DIRECTION('',(0.,-1.,0.));
#2821=DIRECTION('',(1.,0.,0.));
#2822=DIRECTION('',(0.,0.,-1.));
#2823=DIRECTION('',(1.,0.,0.));
#2824=DIRECTION('',(0.,0.,-1.));
#2825=DIRECTION('',(1.,0.,0.));
#2826=DIRECTION('',(0.,0.,-1.));
#2827=DIRECTION('',(-1.,0.,0.));
#2828=DIRECTION('',(0.,-1.,0.));
#2829=DIRECTION('',(0.,-1.,0.));
#2830=DIRECTION('',(0.,-1.,0.));
#2831=DIRECTION('',(-1.,0.,0.));
#2832=DIRECTION('',(0.,0.,1.));
#2833=DIRECTION('',(0.,1.,0.));
#2834=DIRECTION('',(0.,0.,-1.));
#2835=DIRECTION('',(-1.,0.,0.));
#2836=DIRECTION('',(0.,1.,0.));
#2837=DIRECTION('',(-1.,0.,0.));
#2838=DIRECTION('',(0.,0.,1.));
#2839=DIRECTION('',(1.,0.,0.));
#2840=DIRECTION('',(0.,0.,-1.));
#2841=DIRECTION('',(0.,0.,-1.));
#2842=DIRECTION('',(0.,1.,0.));
#2843=DIRECTION('',(0.,1.,0.));
#2844=DIRECTION('',(1.,0.,0.));
#2845=DIRECTION('',(0.,0.,-1.));
#2846=DIRECTION('',(0.,0.,-1.));
#2847=DIRECTION('',(-1.,0.,0.));
#2848=DIRECTION('',(-1.,0.,0.));
#2849=DIRECTION('',(0.,0.,-1.));
#2850=DIRECTION('',(-1.,0.,0.));
#2851=DIRECTION('',(-1.,0.,0.));
#2852=DIRECTION('',(1.,0.,0.));
#2853=DIRECTION('',(0.,0.,-1.));
#2854=DIRECTION('',(0.,1.,0.));
#2855=DIRECTION('',(0.,0.,1.));
#2856=DIRECTION('',(0.,1.,0.));
#2857=DIRECTION('',(0.,0.,1.));
#2858=DIRECTION('',(1.,0.,0.));
#2859=DIRECTION('',(-1.,0.,0.));
#2860=DIRECTION('',(0.,1.,0.));
#2861=DIRECTION('',(1.,0.,0.));
#2862=DIRECTION('',(0.,0.,-1.));
#2863=DIRECTION('',(0.,1.,0.));
#2864=DIRECTION('',(0.,0.,1.));
#2865=DIRECTION('',(1.,0.,0.));
#2866=DIRECTION('',(-1.,0.,0.));
#2867=DIRECTION('',(0.,0.,1.));
#2868=DIRECTION('',(1.,0.,0.));
#2869=DIRECTION('',(-1.,0.,0.));
#2870=DIRECTION('',(-1.,0.,0.));
#2871=DIRECTION('',(0.,0.,1.));
#2872=DIRECTION('',(1.,0.,0.));
#2873=DIRECTION('',(-1.,0.,0.));
#2874=DIRECTION('',(-1.,0.,0.));
#2875=DIRECTION('',(0.,1.,0.));
#2876=DIRECTION('',(0.,0.,1.));
#2877=DIRECTION('',(0.,1.,0.));
#2878=DIRECTION('',(0.,0.,1.));
#2879=DIRECTION('',(0.,0.,1.));
#2880=DIRECTION('',(1.,0.,0.));
#2881=DIRECTION('',(1.,0.,0.));
#2882=DIRECTION('',(0.,0.,-1.));
#2883=DIRECTION('',(-1.,0.,0.));
#2884=DIRECTION('',(0.,-1.,0.));
#2885=DIRECTION('',(-1.,0.,0.));
#2886=DIRECTION('',(1.,0.,0.));
#2887=DIRECTION('',(0.,1.,0.));
#2888=DIRECTION('',(0.,0.,-1.));
#2889=DIRECTION('',(0.,-1.,0.));
#2890=DIRECTION('',(0.,0.,-1.));
#2891=DIRECTION('',(0.,0.169538283701242,-0.985523602132205));
#2892=DIRECTION('',(-1.,0.,0.));
#2893=DIRECTION('',(0.,0.,1.));
#2894=DIRECTION('',(0.,0.,-1.));
#2895=DIRECTION('',(0.,-1.,0.));
#2896=DIRECTION('',(-1.10141173077892E-16,0.,-1.));
#2897=DIRECTION('',(-1.,0.,1.10141173077892E-16));
#2898=DIRECTION('',(-1.10141173077892E-16,0.,-1.));
#2899=DIRECTION('',(-1.,0.,1.10141173077892E-16));
#2900=DIRECTION('',(-1.10141173077892E-16,0.,-1.));
#2901=DIRECTION('',(-1.,0.,1.10141173077892E-16));
#2902=DIRECTION('',(1.,0.,-1.10141173077892E-16));
#2903=DIRECTION('',(0.,1.,0.));
#2904=DIRECTION('',(-1.,0.,0.));
#2905=DIRECTION('',(0.,1.,0.));
#2906=DIRECTION('',(0.,0.,1.));
#2907=DIRECTION('',(0.,1.,0.));
#2908=DIRECTION('',(0.,0.,1.));
#2909=DIRECTION('',(1.,2.81718475907708E-32,-1.47636040508664E-16));
#2910=DIRECTION('',(1.,2.81718475907708E-32,-1.47636040508664E-16));
#2911=DIRECTION('',(0.,1.,0.));
#2912=DIRECTION('',(0.,0.,1.));
#2913=DIRECTION('',(-2.95272081017329E-16,1.90819582357449E-16,-1.));
#2914=DIRECTION('',(0.,-1.90819582357449E-16,1.));
#2915=DIRECTION('',(-1.,0.,0.));
#2916=DIRECTION('',(-1.,0.,0.));
#2917=DIRECTION('',(0.,0.,-1.));
#2918=DIRECTION('',(0.,-1.,-1.90819582357449E-16));
#2919=DIRECTION('',(0.,1.90819582357449E-16,-1.));
#2920=DIRECTION('',(1.,2.81718475907708E-32,-1.47636040508664E-16));
#2921=DIRECTION('',(-2.95272081017329E-16,1.90819582357449E-16,-1.));
#2922=DIRECTION('',(1.,2.81718475907708E-32,-1.47636040508664E-16));
#2923=DIRECTION('',(-1.47636040508664E-16,1.90819582357449E-16,-1.));
#2924=DIRECTION('',(0.,1.,1.90819582357449E-16));
#2925=DIRECTION('',(0.,1.,0.));
#2926=DIRECTION('',(1.,0.,-1.47636040508664E-16));
#2927=DIRECTION('',(0.,-1.,-1.90819582357449E-16));
#2928=DIRECTION('',(-1.47636040508664E-16,1.90819582357449E-16,-1.));
#2929=DIRECTION('',(0.,1.,1.90819582357449E-16));
#2930=DIRECTION('',(1.,0.,-1.47636040508664E-16));
#2931=DIRECTION('',(0.,1.,0.));
#2932=DIRECTION('',(0.,-1.,-1.90819582357449E-16));
#2933=DIRECTION('',(-1.,-5.63436951815415E-32,2.95272081017329E-16));
#2934=DIRECTION('',(2.95272081017329E-16,0.,1.));
#2935=DIRECTION('',(0.,1.,0.));
#2936=DIRECTION('',(0.,1.,0.));
#2937=DIRECTION('',(-2.95272081017329E-16,0.,-1.));
#2938=DIRECTION('',(-2.95272081017329E-16,0.,-1.));
#2939=DIRECTION('',(0.,1.,0.));
#2940=DIRECTION('',(0.,0.,1.));
#2941=DIRECTION('',(0.,1.,0.));
#2942=DIRECTION('',(0.,0.,1.));
#2943=DIRECTION('',(0.,1.,0.));
#2944=DIRECTION('',(-1.,0.,0.));
#2945=DIRECTION('',(0.,1.,0.));
#2946=DIRECTION('',(0.,0.,1.));
#2947=DIRECTION('',(0.,1.,0.));
#2948=DIRECTION('',(0.,0.,1.));
#2949=DIRECTION('',(0.,1.,0.));
#2950=DIRECTION('',(-1.,0.,0.));
#2951=DIRECTION('',(0.,1.,0.));
#2952=DIRECTION('',(0.,0.,1.));
#2953=DIRECTION('',(0.,0.,-1.));
#2954=DIRECTION('',(1.,0.,0.));
#2955=DIRECTION('',(1.,0.,0.));
#2956=DIRECTION('',(0.,0.,-1.));
#2957=DIRECTION('',(0.,-1.,0.));
#2958=DIRECTION('',(0.,0.,1.));
#2959=DIRECTION('',(1.,0.,0.));
#2960=DIRECTION('',(0.,1.,0.));
#2961=DIRECTION('',(0.,0.,1.));
#2962=DIRECTION('',(0.,1.,0.));
#2963=DIRECTION('',(0.,0.,1.));
#2964=DIRECTION('',(0.,1.,0.));
#2965=DIRECTION('',(-1.,0.,0.));
#2966=DIRECTION('',(0.,0.,-1.));
#2967=DIRECTION('',(-1.,0.,0.));
#2968=DIRECTION('',(0.,0.,-1.));
#2969=DIRECTION('',(-1.,0.,0.));
#2970=DIRECTION('',(0.,1.,0.));
#2971=DIRECTION('',(1.,0.,0.));
#2972=DIRECTION('',(0.,-1.,0.));
#2973=DIRECTION('',(0.,0.,-1.));
#2974=DIRECTION('',(0.,0.,-1.));
#2975=DIRECTION('',(-1.,0.,0.));
#2976=DIRECTION('',(0.,-1.,0.));
#2977=DIRECTION('',(0.,0.,1.));
#2978=DIRECTION('',(1.,0.,0.));
#2979=DIRECTION('',(0.,0.,-1.));
#2980=DIRECTION('',(-1.,0.,0.));
#2981=DIRECTION('',(1.,0.,0.));
#2982=DIRECTION('',(0.,-1.,0.));
#2983=DIRECTION('',(0.,-1.,0.));
#2984=DIRECTION('',(0.,0.,-1.));
#2985=DIRECTION('',(0.,0.,-1.));
#2986=DIRECTION('',(-1.,0.,0.));
#2987=DIRECTION('',(0.,-1.,0.));
#2988=DIRECTION('',(0.,0.,1.));
#2989=DIRECTION('',(1.,0.,0.));
#2990=DIRECTION('',(0.,0.,-1.));
#2991=DIRECTION('',(-1.,0.,0.));
#2992=DIRECTION('',(-1.,0.,0.));
#2993=DIRECTION('',(0.,1.,0.));
#2994=DIRECTION('',(0.,1.,0.));
#2995=DIRECTION('',(0.,0.,1.));
#2996=DIRECTION('',(0.,0.,-1.));
#2997=DIRECTION('',(1.,0.,0.));
#2998=DIRECTION('',(0.,1.,0.));
#2999=DIRECTION('',(0.,0.,-1.));
#3000=DIRECTION('',(-1.,0.,0.));
#3001=DIRECTION('',(0.,-1.,0.));
#3002=DIRECTION('',(-1.,0.,0.));
#3003=DIRECTION('',(0.,1.,0.));
#3004=DIRECTION('',(0.,0.,1.));
#3005=DIRECTION('',(0.,0.,-1.));
#3006=DIRECTION('',(1.,0.,0.));
#3007=DIRECTION('',(0.,1.,0.));
#3008=DIRECTION('',(0.,0.,-1.));
#3009=DIRECTION('',(-1.,0.,0.));
#3010=DIRECTION('',(0.,0.,-1.));
#3011=DIRECTION('',(-1.,0.,0.));
#3012=DIRECTION('',(0.,0.,-1.));
#3013=DIRECTION('',(-1.,0.,0.));
#3014=DIRECTION('',(0.,-1.40179674826409E-16,-1.));
#3015=DIRECTION('',(0.,1.,-1.40179674826409E-16));
#3016=DIRECTION('',(-1.,0.,0.));
#3017=DIRECTION('',(0.,1.,0.));
#3018=DIRECTION('',(0.,0.,1.));
#3019=DIRECTION('',(-1.,0.,0.));
#3020=DIRECTION('',(0.,-1.40179674826409E-16,-1.));
#3021=DIRECTION('',(0.,1.,-1.40179674826409E-16));
#3022=DIRECTION('',(-1.10141173077892E-16,0.,-1.));
#3023=DIRECTION('',(-1.,0.,1.10141173077892E-16));
#3024=DIRECTION('',(-1.10141173077892E-16,0.,-1.));
#3025=DIRECTION('',(-1.,0.,1.10141173077892E-16));
#3026=DIRECTION('',(0.,1.,0.));
#3027=DIRECTION('',(0.,0.,1.));
#3028=DIRECTION('',(0.,1.,0.));
#3029=DIRECTION('',(0.,0.,1.));
#3030=DIRECTION('',(0.,1.,0.));
#3031=DIRECTION('',(0.,0.,1.));
#3032=DIRECTION('',(0.,1.,0.));
#3033=DIRECTION('',(0.,0.,1.));
#3034=DIRECTION('',(0.,0.,1.));
#3035=DIRECTION('',(1.,0.,0.));
#3036=DIRECTION('',(-1.,0.,0.));
#3037=DIRECTION('',(0.,-1.,0.));
#3038=DIRECTION('',(-1.,0.,0.));
#3039=DIRECTION('',(0.,-1.,0.));
#3040=DIRECTION('',(1.,0.,-2.39272203583008E-16));
#3041=DIRECTION('',(-2.39272203583008E-16,0.,-1.));
#3042=DIRECTION('',(2.39272203583008E-16,0.,1.));
#3043=DIRECTION('',(0.,-1.,0.));
#3044=DIRECTION('',(2.39272203583008E-16,0.,1.));
#3045=DIRECTION('',(0.,0.,1.));
#3046=DIRECTION('',(1.,0.,0.));
#3047=DIRECTION('',(-1.,0.,0.));
#3048=DIRECTION('',(0.,-1.,0.));
#3049=DIRECTION('',(-1.,0.,0.));
#3050=DIRECTION('',(0.,0.,1.));
#3051=DIRECTION('',(1.,0.,0.));
#3052=DIRECTION('',(0.,-1.,0.));
#3053=DIRECTION('',(-1.,0.,0.));
#3054=DIRECTION('',(0.,-1.,0.));
#3055=DIRECTION('',(-1.,0.,2.31296463463574E-16));
#3056=DIRECTION('',(2.31296463463574E-16,0.,1.));
#3057=DIRECTION('',(0.,-1.,0.));
#3058=DIRECTION('',(-2.31296463463574E-16,0.,-1.));
#3059=DIRECTION('',(0.,0.,1.));
#3060=DIRECTION('',(1.,0.,0.));
#3061=DIRECTION('',(0.,-1.,0.));
#3062=DIRECTION('',(-1.,0.,0.));
#3063=DIRECTION('',(-1.,0.,3.10804622779178E-16));
#3064=DIRECTION('',(3.10804622779178E-16,0.,1.));
#3065=DIRECTION('',(-3.10804622779178E-16,0.,-1.));
#3066=DIRECTION('',(1.,0.,-4.26203612632233E-16));
#3067=DIRECTION('',(-4.26203612632233E-16,0.,-1.));
#3068=DIRECTION('',(4.26203612632233E-16,0.,1.));
#3069=DIRECTION('',(4.26203612632233E-16,0.,1.));
#3070=DIRECTION('',(0.,1.,0.));
#3071=DIRECTION('',(-1.,0.,0.));
#3072=DIRECTION('',(0.,1.,0.));
#3073=DIRECTION('',(0.,0.,1.));
#3074=DIRECTION('',(1.,1.89735380184963E-16,0.));
#3075=DIRECTION('',(-1.89735380184963E-16,1.,0.));
#3076=DIRECTION('',(0.,0.,-1.));
#3077=DIRECTION('',(1.89735380184963E-16,-1.,0.));
#3078=DIRECTION('',(0.,0.,-1.));
#3079=DIRECTION('',(-1.18276600634782E-16,1.,0.));
#3080=DIRECTION('',(-1.,-1.18276600634782E-16,0.));
#3081=DIRECTION('',(0.,0.,-1.));
#3082=DIRECTION('',(1.,1.18276600634782E-16,0.));
#3083=DIRECTION('',(1.,0.,0.));
#3084=DIRECTION('',(0.,0.,-1.));
#3085=DIRECTION('',(0.,0.,-1.));
#3086=DIRECTION('',(0.,-1.,0.));
#3087=DIRECTION('',(0.,0.,1.));
#3088=DIRECTION('',(1.,0.,0.));
#3089=DIRECTION('',(1.,1.18276600634782E-16,0.));
#3090=DIRECTION('',(-1.,-1.18276600634782E-16,1.60622544071926E-16));
#3091=DIRECTION('',(1.60622544071926E-16,0.,1.));
#3092=DIRECTION('',(-1.60622544071926E-16,-1.8997888498138E-32,-1.));
#3093=DIRECTION('',(1.18276600634782E-16,-1.,0.));
#3094=DIRECTION('',(-1.60622544071926E-16,-1.8997888498138E-32,-1.));
#3095=DIRECTION('',(1.18276600634782E-16,-1.,0.));
#3096=DIRECTION('',(1.20466908053945E-16,1.42484163736035E-32,1.));
#3097=DIRECTION('',(1.,0.,-1.20466908053945E-16));
#3098=DIRECTION('',(-1.,-1.18276600634782E-16,1.20466908053945E-16));
#3099=DIRECTION('',(1.18276600634782E-16,-1.,0.));
#3100=DIRECTION('',(-1.,-1.18276600634782E-16,1.20466908053945E-16));
#3101=DIRECTION('',(-1.,-1.18276600634782E-16,1.83210089332042E-16));
#3102=DIRECTION('',(1.83210089332042E-16,0.,1.));
#3103=DIRECTION('',(-1.83210089332042E-16,-2.16694665681886E-32,-1.));
#3104=DIRECTION('',(1.18276600634782E-16,-1.,0.));
#3105=DIRECTION('',(-1.83210089332042E-16,-2.16694665681886E-32,-1.));
#3106=DIRECTION('',(0.,0.,1.));
#3107=DIRECTION('',(1.,0.,0.));
#3108=DIRECTION('',(-1.,-1.18276600634782E-16,0.));
#3109=DIRECTION('',(-1.,-1.18276600634782E-16,0.));
#3110=DIRECTION('',(-1.18276600634782E-16,1.,0.));
#3111=DIRECTION('',(-1.,-1.18276600634782E-16,0.));
#3112=DIRECTION('',(-1.18276600634782E-16,1.,0.));
#3113=DIRECTION('',(-1.,-1.18276600634782E-16,0.));
#3114=DIRECTION('',(0.,0.,1.));
#3115=DIRECTION('',(1.,0.,0.));
#3116=DIRECTION('',(0.,-1.,0.));
#3117=DIRECTION('',(-1.,0.,0.));
#3118=DIRECTION('',(0.,-1.,0.));
#3119=DIRECTION('',(-1.,0.,0.));
#3120=DIRECTION('',(0.,0.,1.));
#3121=DIRECTION('',(0.,-1.,0.));
#3122=DIRECTION('',(0.,0.,-1.));
#3123=DIRECTION('',(0.,0.,1.));
#3124=DIRECTION('',(1.,0.,0.));
#3125=DIRECTION('',(0.,-1.,0.));
#3126=DIRECTION('',(-1.,0.,0.));
#3127=DIRECTION('',(1.,0.,0.));
#3128=DIRECTION('',(0.,0.,-1.));
#3129=DIRECTION('',(0.,0.,1.));
#3130=DIRECTION('',(0.,-1.,0.));
#3131=DIRECTION('',(0.,0.,1.));
#3132=DIRECTION('',(0.,-1.,0.));
#3133=DIRECTION('',(0.,0.,-1.));
#3134=DIRECTION('',(-1.,0.,0.));
#3135=DIRECTION('',(1.,0.,0.));
#3136=DIRECTION('',(0.,-1.,0.));
#3137=DIRECTION('',(1.,0.,0.));
#3138=DIRECTION('',(1.,0.,0.));
#3139=DIRECTION('',(0.,0.,-1.));
#3140=DIRECTION('',(0.,0.,1.));
#3141=DIRECTION('',(0.,-1.,0.));
#3142=DIRECTION('',(0.,0.,1.));
#3143=DIRECTION('',(0.,0.,-1.));
#3144=DIRECTION('',(-1.,0.,0.));
#3145=DIRECTION('',(1.,0.,0.));
#3146=DIRECTION('',(1.,0.,0.));
#3147=DIRECTION('',(-1.,0.,0.));
#3148=DIRECTION('',(0.,0.,1.));
#3149=DIRECTION('',(0.,0.,-1.));
#3150=DIRECTION('',(0.,1.,0.));
#3151=DIRECTION('',(-1.,0.,0.));
#3152=DIRECTION('',(0.,1.,0.));
#3153=DIRECTION('',(0.,0.,1.));
#3154=DIRECTION('',(0.,1.,1.90819582357449E-16));
#3155=DIRECTION('',(0.,-1.90819582357449E-16,1.));
#3156=DIRECTION('',(0.,1.,1.90819582357449E-16));
#3157=DIRECTION('',(0.,-1.90819582357449E-16,1.));
#3158=DIRECTION('',(0.,-0.985523602132205,-0.169538283701242));
#3159=DIRECTION('',(0.,0.169538283701242,-0.985523602132205));
#3160=DIRECTION('',(0.,0.,1.));
#3161=DIRECTION('',(1.,0.,0.));
#3162=DIRECTION('',(-1.15648231731787E-16,0.,-1.));
#3163=DIRECTION('',(-1.,0.,1.15648231731787E-16));
#3164=DIRECTION('',(1.,0.,-1.15648231731787E-16));
#3165=DIRECTION('',(0.,-1.,0.));
#3166=DIRECTION('',(1.,0.,-1.15648231731787E-16));
#3167=DIRECTION('',(0.,-1.,0.));
#3168=DIRECTION('',(-1.,0.,0.));
#3169=DIRECTION('',(0.,0.,1.));
#3170=DIRECTION('',(0.,0.,-1.));
#3171=DIRECTION('',(0.,-1.,0.));
#3172=DIRECTION('',(0.,0.,-1.));
#3173=DIRECTION('',(0.,0.,-1.));
#3174=DIRECTION('',(-1.,0.,0.));
#3175=DIRECTION('',(1.,0.,0.));
#3176=DIRECTION('',(0.,-1.,0.));
#3177=DIRECTION('',(1.,0.,0.));
#3178=DIRECTION('',(-1.,0.,2.77555756156289E-16));
#3179=DIRECTION('',(2.77555756156289E-16,0.,1.));
#3180=DIRECTION('',(-2.77555756156289E-16,0.,-1.));
#3181=DIRECTION('',(-2.77555756156289E-16,0.,-1.));
#3182=DIRECTION('',(0.,1.,0.));
#3183=DIRECTION('',(-1.,0.,0.));
#3184=DIRECTION('',(0.,1.,0.));
#3185=DIRECTION('',(0.,0.,1.));
#3186=DIRECTION('',(0.,1.,0.));
#3187=DIRECTION('',(0.,0.,1.));
#3188=DIRECTION('',(0.,1.,0.));
#3189=DIRECTION('',(0.,0.,1.));
#3190=DIRECTION('',(0.,1.,0.));
#3191=DIRECTION('',(-1.,0.,0.));
#3192=DIRECTION('',(0.,1.,0.));
#3193=DIRECTION('',(0.,0.,1.));
#3194=DIRECTION('',(0.,1.,0.));
#3195=DIRECTION('',(0.,0.,1.));
#3196=DIRECTION('',(0.,1.,0.));
#3197=DIRECTION('',(0.,0.,1.));
#3198=DIRECTION('',(0.,1.,0.));
#3199=DIRECTION('',(0.,0.,1.));
#3200=DIRECTION('',(0.,1.,0.));
#3201=DIRECTION('',(0.,0.,1.));
#3202=DIRECTION('',(0.,1.,0.));
#3203=DIRECTION('',(0.,0.,1.));
#3204=CARTESIAN_POINT('',(0.,0.,0.));
#3205=CARTESIAN_POINT('',(0.124785653427243,-0.014,-0.0120288610458374));
#3206=CARTESIAN_POINT('',(-0.00521434657275677,-0.014,-0.0614912435412407));
#3207=CARTESIAN_POINT('',(-0.00521434657275677,-0.014,-0.0614912435412407));
#3208=CARTESIAN_POINT('',(0.174785653427243,-0.014,-0.0614912435412407));
#3209=CARTESIAN_POINT('',(-0.00521434657275677,-0.014,-0.0120288610458374));
#3210=CARTESIAN_POINT('',(-0.00521434657275677,-0.014,-0.0620288610458374));
#3211=CARTESIAN_POINT('',(0.124785653427243,-0.014,-0.0620288610458374));
#3212=CARTESIAN_POINT('',(0.174785653427243,-0.014,-0.0620288610458374));
#3213=CARTESIAN_POINT('',(0.174785653427243,-0.014,-0.0120288610458374));
#3214=CARTESIAN_POINT('',(0.124785653427243,-0.0125,-0.0120288610458374));
#3215=CARTESIAN_POINT('',(0.0757856534272432,-0.0125,-0.0350288610458374));
#3216=CARTESIAN_POINT('',(0.0977856534272432,-0.0125,-0.0350288610458374));
#3217=CARTESIAN_POINT('',(0.0537856534272432,-0.0125,-0.0350288610458374));
#3218=CARTESIAN_POINT('',(0.0537856534272432,-0.0125,-0.0460288610458374));
#3219=CARTESIAN_POINT('',(0.0537856534272432,-0.0125,-0.0570288610458374));
#3220=CARTESIAN_POINT('',(0.0757856534272432,-0.0125,-0.0570288610458374));
#3221=CARTESIAN_POINT('',(0.0977856534272432,-0.0125,-0.0570288610458374));
#3222=CARTESIAN_POINT('',(0.0977856534272432,-0.0125,-0.0460288610458374));
#3223=CARTESIAN_POINT('',(0.0257856534272432,-0.0125,-0.0270288610458374));
#3224=CARTESIAN_POINT('',(0.0527856534272432,-0.0125,-0.0270288610458374));
#3225=CARTESIAN_POINT('',(-0.00121434657275677,-0.0125,-0.0270288610458374));
#3226=CARTESIAN_POINT('',(-0.00121434657275677,-0.0125,-0.0420288610458374));
#3227=CARTESIAN_POINT('',(-0.00121434657275678,-0.0125,-0.0570288610458374));
#3228=CARTESIAN_POINT('',(0.0257856534272432,-0.0125,-0.0570288610458374));
#3229=CARTESIAN_POINT('',(0.0527856534272432,-0.0125,-0.0570288610458374));
#3230=CARTESIAN_POINT('',(0.0527856534272432,-0.0125,-0.0420288610458374));
#3231=CARTESIAN_POINT('',(0.00178565342724323,-0.0125,-0.0109108610458374));
#3232=CARTESIAN_POINT('',(0.00178565342724323,-0.0125,-0.0091608610458374));
#3233=CARTESIAN_POINT('',(0.0845356534272432,-0.0125,-0.0109108610458374));
#3234=CARTESIAN_POINT('',(0.0845356534272432,-0.0125,-0.0091608610458374));
#3235=CARTESIAN_POINT('',(-0.00521434657275677,-0.0125,-0.0120288610458374));
#3236=CARTESIAN_POINT('',(-0.00521434657275677,-0.0125,0.0339711389541626));
#3237=CARTESIAN_POINT('',(-0.00521434657275677,-0.0125,0.0199958900956885));
#3238=CARTESIAN_POINT('',(0.0577856534272432,-0.0125,0.0339711389541626));
#3239=CARTESIAN_POINT('',(0.120785653427243,-0.0125,0.0339711389541626));
#3240=CARTESIAN_POINT('',(0.120785653427243,-0.0125,-0.0120288610458374));
#3241=CARTESIAN_POINT('',(0.120785653427243,-0.0125,0.0334711389541626));
#3242=CARTESIAN_POINT('',(0.145785653427243,-0.0125,0.0334711389541626));
#3243=CARTESIAN_POINT('',(0.124785653427243,-0.0125,0.0334711389541626));
#3244=CARTESIAN_POINT('',(0.124785653427243,-0.0125,-0.0120288610458374));
#3245=CARTESIAN_POINT('',(0.124785653427243,-0.0125,-0.0307439509779215));
#3246=CARTESIAN_POINT('',(0.145785653427243,-0.0125,-0.0307439509779215));
#3247=CARTESIAN_POINT('',(0.120785653427243,-0.0125,-0.0307439509779215));
#3248=CARTESIAN_POINT('',(0.120785653427243,-0.0125,-0.0120288610458374));
#3249=CARTESIAN_POINT('',(0.120785653427243,-0.0125,-0.0580288610458374));
#3250=CARTESIAN_POINT('',(0.0577856534272432,-0.0125,-0.0580288610458374));
#3251=CARTESIAN_POINT('',(-0.00521434657275677,-0.0125,-0.0580288610458374));
#3252=CARTESIAN_POINT('',(-0.00521434657275677,-0.0125,-0.0120288610458374));
#3253=CARTESIAN_POINT('',(0.124785653427243,-0.015,-0.0120288610458374));
#3254=CARTESIAN_POINT('',(0.124785653427243,0.0375,-0.0120288610458374));
#3255=CARTESIAN_POINT('',(0.124785653427243,0.0375,0.0349711389541626));
#3256=CARTESIAN_POINT('',(0.124785653427243,0.0375,-0.0590288610458374));
#3257=CARTESIAN_POINT('',(0.124785653427243,0.0375,0.0349711389541626));
#3258=CARTESIAN_POINT('',(0.124785653427243,-0.0135,0.0349711389541626));
#3259=CARTESIAN_POINT('',(0.124785653427243,-0.0135,-0.0120288610458374));
#3260=CARTESIAN_POINT('',(0.124785653427243,-0.0135,-0.0590288610458374));
#3261=CARTESIAN_POINT('',(0.124785653427243,0.0375,-0.0590288610458374));
#3262=CARTESIAN_POINT('',(0.124785653427243,-0.015,0.0334711389541626));
#3263=CARTESIAN_POINT('',(0.124785653427243,0.037,0.0334711389541626));
#3264=CARTESIAN_POINT('',(0.124785653427243,0.037,-0.0120288610458374));
#3265=CARTESIAN_POINT('',(0.124785653427243,0.037,-0.0307439509779215));
#3266=CARTESIAN_POINT('',(0.124785653427243,-0.015,-0.0307439509779215));
#3267=CARTESIAN_POINT('',(0.120785653427243,0.0375,-0.0120288610458374));
#3268=CARTESIAN_POINT('',(0.120785653427243,0.037,0.00136359398812056));
#3269=CARTESIAN_POINT('',(0.120785653427243,0.037,0.0334711389541626));
#3270=CARTESIAN_POINT('',(0.120785653427243,0.037,-0.0307439509779215));
#3271=CARTESIAN_POINT('',(0.120785653427243,0.01225,0.0334711389541626));
#3272=CARTESIAN_POINT('',(0.120785653427243,0.0375,0.0339711389541626));
#3273=CARTESIAN_POINT('',(0.120785653427243,0.0375,0.0339711389541626));
#3274=CARTESIAN_POINT('',(0.120785653427243,0.0375,-0.0120288610458374));
#3275=CARTESIAN_POINT('',(0.120785653427243,0.0375,-0.0580288610458374));
#3276=CARTESIAN_POINT('',(0.120785653427243,0.0375,-0.0580288610458374));
#3277=CARTESIAN_POINT('',(0.120785653427243,0.01225,-0.0307439509779215));
#3278=CARTESIAN_POINT('',(0.174785653427243,0.00375,-0.0120288610458374));
#3279=CARTESIAN_POINT('',(0.174785653427243,0.0375,-0.0120288610458374));
#3280=CARTESIAN_POINT('',(0.174785653427243,0.0375,-0.0620288610458374));
#3281=CARTESIAN_POINT('',(0.174785653427243,0.0375,0.0364711389541626));
#3282=CARTESIAN_POINT('',(0.174785653427243,0.035,0.0364711389541626));
#3283=CARTESIAN_POINT('',(0.174785653427243,0.0325,0.0364711389541626));
#3284=CARTESIAN_POINT('',(0.174785653427243,0.0325,0.0372211389541626));
#3285=CARTESIAN_POINT('',(0.174785653427243,0.0325,0.0379711389541626));
#3286=CARTESIAN_POINT('',(0.174785653427243,-0.005,0.0379711389541626));
#3287=CARTESIAN_POINT('',(0.174785653427243,-0.025,0.0379711389541626));
#3288=CARTESIAN_POINT('',(0.174785653427243,-0.025,0.0372211389541626));
#3289=CARTESIAN_POINT('',(0.174785653427243,-0.025,0.0364711389541626));
#3290=CARTESIAN_POINT('',(0.174785653427243,-0.0275,0.0364711389541626));
#3291=CARTESIAN_POINT('',(0.174785653427243,-0.03,0.0364711389541626));
#3292=CARTESIAN_POINT('',(0.174785653427243,-0.03,0.0227292028721422));
#3293=CARTESIAN_POINT('',(0.174785653427243,-0.03,0.0312379623420708));
#3294=CARTESIAN_POINT('',(0.174785653427243,-0.03,0.0312379623420708));
#3295=CARTESIAN_POINT('',(0.174785653427243,-0.0299520790576935,0.0312379623420708));
#3296=CARTESIAN_POINT('',(0.174785653427243,-0.0219760395288468,-0.015126640599585));
#3297=CARTESIAN_POINT('',(0.174785653427243,-0.01325,-0.0620288610458374));
#3298=CARTESIAN_POINT('',(0.0577856534272432,0.0375,-0.0580288610458374));
#3299=CARTESIAN_POINT('',(-0.000208089281298461,0.008,-0.0580288610458374));
#3300=CARTESIAN_POINT('',(-0.00020808928129846,0.0135,-0.0580288610458374));
#3301=CARTESIAN_POINT('',(-0.000208089281298459,0.0075,-0.0580288610458374));
#3302=CARTESIAN_POINT('',(0.0217919107187016,0.0135,-0.0580288610458374));
#3303=CARTESIAN_POINT('',(0.0437919107187015,0.0135,-0.0580288610458374));
#3304=CARTESIAN_POINT('',(0.0437919107187015,0.008,-0.0580288610458374));
#3305=CARTESIAN_POINT('',(0.0437919107187015,0.0075,-0.0580288610458374));
#3306=CARTESIAN_POINT('',(0.0217919107187016,0.0075,-0.0580288610458374));
#3307=CARTESIAN_POINT('',(0.0577856534272432,0.0375,-0.0580288610458374));
#3308=CARTESIAN_POINT('',(0.00210453942418098,0.0375,-0.0580288610458374));
#3309=CARTESIAN_POINT('',(0.00210453942418098,0.0343623831272125,-0.0580288610458374));
#3310=CARTESIAN_POINT('',(0.00210453942418098,0.0312247662544251,-0.0580288610458374));
#3311=CARTESIAN_POINT('',(-0.00155490357428789,0.0312247662544251,-0.0580288610458374));
#3312=CARTESIAN_POINT('',(-0.00521434657275677,0.0312247662544251,-0.0580288610458374));
#3313=CARTESIAN_POINT('',(-0.00521434657275677,0.0375,-0.0580288610458374));
#3314=CARTESIAN_POINT('',(-0.00521434657275677,-0.005,0.0227292028721422));
#3315=CARTESIAN_POINT('',(-0.00521434657275677,0.,0.0227292028721422));
#3316=CARTESIAN_POINT('',(-0.00521434657275677,0.,0.0339711389541626));
#3317=CARTESIAN_POINT('',(-0.00521434657275677,0.,0.00748726679012179));
#3318=CARTESIAN_POINT('',(-0.00521434657275677,0.0375,0.0339711389541626));
#3319=CARTESIAN_POINT('',(-0.00521434657275677,-0.0414891208368047,-0.00588835206805373));
#3320=CARTESIAN_POINT('',(-0.00521434657275677,-0.005,0.00748726679012179));
#3321=CARTESIAN_POINT('',(-0.00521434657275677,-0.005,0.00748726679012179));
#3322=CARTESIAN_POINT('',(-0.0297750892937183,-0.025,0.0177166141083803));
#3323=CARTESIAN_POINT('',(-0.0297750892937183,-0.025,0.0206666141083803));
#3324=CARTESIAN_POINT('',(-0.0297750892937183,-0.00661018370748286,0.0206666141083803));
#3325=CARTESIAN_POINT('',(-0.0297750892937183,0.,0.0206666141083803));
#3326=CARTESIAN_POINT('',(-0.0297750892937183,-0.00661018370748286,0.0177166141083803));
#3327=CARTESIAN_POINT('',(-0.0297750892937183,-0.00661018370748286,0.0147666141083804));
#3328=CARTESIAN_POINT('',(-0.0297750892937183,-0.025,0.0147666141083804));
#3329=CARTESIAN_POINT('',(-0.0297750892937183,0.,0.0147666141083804));
#3330=CARTESIAN_POINT('',(-0.0297750892937183,0.,0.0177166141083803));
#3331=CARTESIAN_POINT('',(-0.0282750892937183,-0.025,0.0206666141083803));
#3332=CARTESIAN_POINT('',(-0.0292440577745437,-0.015,0.0206666141083803));
#3333=CARTESIAN_POINT('',(-0.0292440577745437,-0.005,0.0206666141083803));
#3334=CARTESIAN_POINT('',(-0.0292440577745437,-0.00661018370748286,0.0206666141083803));
#3335=CARTESIAN_POINT('',(-0.0147750892937183,-0.00661018370748286,0.0206666141083803));
#3336=CARTESIAN_POINT('',(-0.0282750892937183,0.,0.0206666141083803));
#3337=CARTESIAN_POINT('',(-0.0267750892937184,0.,0.0206666141083803));
#3338=CARTESIAN_POINT('',(-0.0267750892937184,-0.025,0.0206666141083803));
#3339=CARTESIAN_POINT('',(-0.0267750892937184,-0.005,0.0206666141083803));
#3340=CARTESIAN_POINT('',(-0.0227292021736502,-0.005,0.0206666141083803));
#3341=CARTESIAN_POINT('',(-0.0282750892937183,-0.025,0.0147666141083804));
#3342=CARTESIAN_POINT('',(-0.0147750892937183,-0.00661018370748286,0.0147666141083804));
#3343=CARTESIAN_POINT('',(-0.0292440577745437,-0.00661018370748286,0.0147666141083804));
#3344=CARTESIAN_POINT('',(-0.0292440577745437,-0.015,0.0147666141083804));
#3345=CARTESIAN_POINT('',(-0.0292440577745437,-0.005,0.0147666141083804));
#3346=CARTESIAN_POINT('',(-0.0227292021736502,-0.005,0.0147666141083804));
#3347=CARTESIAN_POINT('',(-0.0267750892937184,-0.005,0.0147666141083804));
#3348=CARTESIAN_POINT('',(-0.0267750892937184,-0.025,0.0147666141083804));
#3349=CARTESIAN_POINT('',(-0.0267750892937184,0.,0.0147666141083804));
#3350=CARTESIAN_POINT('',(-0.0282750892937183,0.,0.0147666141083804));
#3351=CARTESIAN_POINT('',(-0.0157750892937183,-0.025,0.0177166141083803));
#3352=CARTESIAN_POINT('',(-0.0157750892937183,-0.00844717833143015,0.0177166141083803));
#3353=CARTESIAN_POINT('',(-0.0157750892937183,-0.00844717833143015,0.0147666141083804));
#3354=CARTESIAN_POINT('',(-0.0157750892937183,-0.00844717833143015,0.0206666141083803));
#3355=CARTESIAN_POINT('',(-0.0157750892937183,-0.025,0.0147666141083804));
#3356=CARTESIAN_POINT('',(-0.0157750892937183,-0.00856898275185008,0.0147666141083804));
#3357=CARTESIAN_POINT('',(-0.0157750892937183,-0.0414891208368047,-0.00588835206805373));
#3358=CARTESIAN_POINT('',(-0.0157750892937183,-0.0131131293889177,0.0206666141083803));
#3359=CARTESIAN_POINT('',(-0.0157750892937183,-0.025,0.0206666141083803));
#3360=CARTESIAN_POINT('',(-0.0172750892937183,-0.025,0.0206666141083803));
#3361=CARTESIAN_POINT('',(-0.0147750892937183,-0.00844717833143015,0.0206666141083803));
#3362=CARTESIAN_POINT('',(-0.0162143465727567,-0.00844717833143015,0.0206666141083803));
#3363=CARTESIAN_POINT('',(-0.0302143465727567,-0.0131131293889177,0.0206666141083803));
#3364=CARTESIAN_POINT('',(-0.0162143465727567,-0.0131131293889177,0.0206666141083803));
#3365=CARTESIAN_POINT('',(-0.0162143465727567,-0.0175,0.0206666141083803));
#3366=CARTESIAN_POINT('',(-0.0172750892937183,-0.025,0.0147666141083804));
#3367=CARTESIAN_POINT('',(-0.0147750892937183,-0.00844717833143015,0.0147666141083804));
#3368=CARTESIAN_POINT('',(-0.0162143465727567,-0.00844717833143015,0.0147666141083804));
#3369=CARTESIAN_POINT('',(-0.0162143465727567,-0.0175,0.0147666141083804));
#3370=CARTESIAN_POINT('',(-0.0162143465727567,-0.00856898275185008,0.0147666141083804));
#3371=CARTESIAN_POINT('',(-0.0302143465727567,-0.00856898275185008,0.0147666141083804));
#3372=CARTESIAN_POINT('',(-0.0227292021736502,-0.005,0.0227292028721422));
#3373=CARTESIAN_POINT('',(-0.0227292021736502,-0.005,0.0206666141083803));
#3374=CARTESIAN_POINT('',(-0.0162143465727567,-0.005,0.0206666141083803));
#3375=CARTESIAN_POINT('',(-0.0187750892937184,-0.005,0.0206666141083803));
#3376=CARTESIAN_POINT('',(-0.0162143465727567,-0.005,0.0227292028721422));
#3377=CARTESIAN_POINT('',(-0.0162143465727567,-0.005,0.0312379623420708));
#3378=CARTESIAN_POINT('',(-0.0227292021736502,-0.005,0.0312379623420708));
#3379=CARTESIAN_POINT('',(-0.0292440577745437,-0.005,0.0312379623420708));
#3380=CARTESIAN_POINT('',(-0.0292440577745437,-0.005,0.0227292028721422));
#3381=CARTESIAN_POINT('',(-0.0267750892937184,-0.005,0.0227292028721422));
#3382=CARTESIAN_POINT('',(-0.0292440577745437,-0.005,0.0227292028721422));
#3383=CARTESIAN_POINT('',(-0.0292440577745437,-0.005,0.00748726679012179));
#3384=CARTESIAN_POINT('',(-0.0227292021736502,-0.005,0.00748726679012179));
#3385=CARTESIAN_POINT('',(-0.0262143465727567,-0.005,0.00748726679012179));
#3386=CARTESIAN_POINT('',(-0.0262143465727567,-0.005,0.0227292028721422));
#3387=CARTESIAN_POINT('',(-0.0262143465727567,-0.005,0.0234872667901218));
#3388=CARTESIAN_POINT('',(-0.0227292021736502,-0.005,0.0234872667901218));
#3389=CARTESIAN_POINT('',(-0.0192143465727567,-0.005,0.0234872667901218));
#3390=CARTESIAN_POINT('',(-0.0192143465727567,-0.005,0.0227292028721422));
#3391=CARTESIAN_POINT('',(-0.0192143465727567,-0.005,0.00748726679012179));
#3392=CARTESIAN_POINT('',(-0.0227292021736502,-0.005,0.00748726679012179));
#3393=CARTESIAN_POINT('',(-0.0162143465727567,-0.005,0.00748726679012179));
#3394=CARTESIAN_POINT('',(-0.0162143465727567,-0.005,0.0227292028721422));
#3395=CARTESIAN_POINT('',(-0.0162143465727567,-0.005,0.0147666141083804));
#3396=CARTESIAN_POINT('',(-0.0227292021736502,-0.005,0.0147666141083804));
#3397=CARTESIAN_POINT('',(-0.0187750892937184,-0.005,0.0147666141083804));
#3398=CARTESIAN_POINT('',(-0.0187750892937184,-0.005,0.0227292028721422));
#3399=CARTESIAN_POINT('',(-0.0162143465727567,-0.0175,0.0193626145660962));
#3400=CARTESIAN_POINT('',(-0.0162143465727567,-0.0175,0.0147666141083804));
#3401=CARTESIAN_POINT('',(-0.0162143465727567,-0.00661018370748286,0.0147666141083804));
#3402=CARTESIAN_POINT('',(-0.0162143465727567,-0.0414891208368047,-0.00588835206805373));
#3403=CARTESIAN_POINT('',(-0.0162143465727567,-0.0175,0.0147666141083804));
#3404=CARTESIAN_POINT('',(-0.0292440577745437,-0.042380627369424,-0.00682675251475785));
#3405=CARTESIAN_POINT('',(-0.0292440577745437,-0.0132890952179902,0.0206666141083803));
#3406=CARTESIAN_POINT('',(-0.0292440577745437,-0.0132890952179902,0.0206666141083803));
#3407=CARTESIAN_POINT('',(-0.0297750892937183,-0.0132890952179902,0.0206666141083803));
#3408=CARTESIAN_POINT('',(-0.0292440577745437,-0.042380627369424,-0.00682675251475785));
#3409=CARTESIAN_POINT('',(-0.0292440577745437,-0.03,0.0312379623420708));
#3410=CARTESIAN_POINT('',(-0.0227292021736502,-0.03,0.0312379623420708));
#3411=CARTESIAN_POINT('',(-0.0402440577745438,-0.03,0.0312379623420708));
#3412=CARTESIAN_POINT('',(-0.0402440577745438,-0.042380627369424,-0.00682675251475785));
#3413=CARTESIAN_POINT('',(-0.0402440577745438,-0.005,0.00748726679012179));
#3414=CARTESIAN_POINT('',(-0.0227292021736502,-0.005,0.00748726679012179));
#3415=CARTESIAN_POINT('',(-0.0292440577745437,-0.042380627369424,-0.00682675251475785));
#3416=CARTESIAN_POINT('',(-0.0292440577745437,-0.00867708202073792,0.0147666141083804));
#3417=CARTESIAN_POINT('',(-0.0292440577745437,-0.00867708202073792,0.0147666141083804));
#3418=CARTESIAN_POINT('',(-0.0297750892937183,-0.00867708202073792,0.0147666141083804));
#3419=CARTESIAN_POINT('',(-0.0297750892937183,-0.042380627369424,-0.00682675251475785));
#3420=CARTESIAN_POINT('',(-0.0292440577745437,-0.015,0.0227292028721422));
#3421=CARTESIAN_POINT('',(-0.0292440577745437,-0.03,0.0312379623420708));
#3422=CARTESIAN_POINT('',(-0.0292440577745437,-0.015,0.0206666141083803));
#3423=CARTESIAN_POINT('',(-0.0292440577745437,-0.00844717833143015,0.0206666141083803));
#3424=CARTESIAN_POINT('',(-0.0292440577745437,-0.015,0.0206666141083803));
#3425=CARTESIAN_POINT('',(-0.0227292021736502,-0.005,0.00748726679012179));
#3426=CARTESIAN_POINT('',(-0.0262143465727567,-0.025,0.00748726679012179));
#3427=CARTESIAN_POINT('',(-0.0262143465727567,0.,0.00748726679012179));
#3428=CARTESIAN_POINT('',(-0.0402440577745438,-0.005,0.00748726679012179));
#3429=CARTESIAN_POINT('',(-0.0402440577745438,0.,0.00748726679012179));
#3430=CARTESIAN_POINT('',(-0.0227292021736502,0.,0.00748726679012179));
#3431=CARTESIAN_POINT('',(-0.0227292021736502,0.,0.0227292028721422));
#3432=CARTESIAN_POINT('',(-0.0157750892937183,0.,0.0177166141083803));
#3433=CARTESIAN_POINT('',(-0.0157750892937183,0.,0.0206666141083803));
#3434=CARTESIAN_POINT('',(-0.0157750892937183,0.,0.0147666141083804));
#3435=CARTESIAN_POINT('',(-0.0172750892937183,0.,0.0206666141083803));
#3436=CARTESIAN_POINT('',(-0.0187750892937184,0.,0.0206666141083803));
#3437=CARTESIAN_POINT('',(-0.0187750892937184,0.,0.0177166141083803));
#3438=CARTESIAN_POINT('',(-0.0187750892937184,0.,0.0147666141083804));
#3439=CARTESIAN_POINT('',(-0.0172750892937183,0.,0.0147666141083804));
#3440=CARTESIAN_POINT('',(-0.0267750892937184,0.,0.0177166141083803));
#3441=CARTESIAN_POINT('',(-0.0262143465727567,0.,0.0154872667901218));
#3442=CARTESIAN_POINT('',(-0.0262143465727567,0.,0.0234872667901218));
#3443=CARTESIAN_POINT('',(-0.0402440577745438,0.,0.0227292028721422));
#3444=CARTESIAN_POINT('',(-0.0402440577745438,0.,0.0364711389541626));
#3445=CARTESIAN_POINT('',(-0.0552440577745438,0.,0.0364711389541626));
#3446=CARTESIAN_POINT('',(-0.0552440577745438,0.,0.0364711389541626));
#3447=CARTESIAN_POINT('',(-0.0552440577745438,0.,0.0227292028721422));
#3448=CARTESIAN_POINT('',(-0.0552440577745438,0.,0.0379711389541626));
#3449=CARTESIAN_POINT('',(-0.0227292021736502,0.,0.0379711389541626));
#3450=CARTESIAN_POINT('',(-0.00521434657275677,0.,0.0379711389541626));
#3451=CARTESIAN_POINT('',(-0.00521434657275677,0.,0.0227292028721422));
#3452=CARTESIAN_POINT('',(-0.0227292021736502,0.,0.00748726679012179));
#3453=CARTESIAN_POINT('',(-0.0192143465727567,0.,0.00748726679012179));
#3454=CARTESIAN_POINT('',(-0.0192143465727567,0.,0.0154872667901218));
#3455=CARTESIAN_POINT('',(-0.0192143465727567,0.,0.0234872667901218));
#3456=CARTESIAN_POINT('',(-0.0227143465727567,0.,0.0234872667901218));
#3457=CARTESIAN_POINT('',(-0.0227292021736502,-0.005,0.00748726679012179));
#3458=CARTESIAN_POINT('',(-0.0192143465727567,-0.025,0.00748726679012179));
#3459=CARTESIAN_POINT('',(-0.0302143465727567,-0.005,0.00748726679012179));
#3460=CARTESIAN_POINT('',(-0.0227292021736502,-0.03,0.0227292028721422));
#3461=CARTESIAN_POINT('',(-0.0227292021736502,-0.03,0.0312379623420708));
#3462=CARTESIAN_POINT('',(-0.0162143465727567,-0.03,0.0312379623420708));
#3463=CARTESIAN_POINT('',(-0.0302143465727567,-0.03,0.0312379623420708));
#3464=CARTESIAN_POINT('',(-0.00521434657275677,-0.03,0.0312379623420708));
#3465=CARTESIAN_POINT('',(0.124785653427243,-0.03,0.0312379623420708));
#3466=CARTESIAN_POINT('',(0.189785653427244,-0.03,0.0364711389541626));
#3467=CARTESIAN_POINT('',(0.189785653427244,-0.03,0.0364711389541626));
#3468=CARTESIAN_POINT('',(0.189785653427244,-0.03,0.0227292028721422));
#3469=CARTESIAN_POINT('',(0.189785653427244,-0.03,0.0379711389541626));
#3470=CARTESIAN_POINT('',(-0.0227292021736502,-0.03,0.0379711389541626));
#3471=CARTESIAN_POINT('',(-0.0552440577745438,-0.03,0.0379711389541626));
#3472=CARTESIAN_POINT('',(-0.0552440577745438,-0.03,0.0227292028721422));
#3473=CARTESIAN_POINT('',(-0.0552440577745438,-0.03,0.0364711389541626));
#3474=CARTESIAN_POINT('',(-0.0552440577745438,-0.03,0.0364711389541626));
#3475=CARTESIAN_POINT('',(-0.0402440577745438,-0.03,0.0364711389541626));
#3476=CARTESIAN_POINT('',(-0.0402440577745438,-0.03,0.0227292028721422));
#3477=CARTESIAN_POINT('',(-0.0227292021736502,-0.03,0.0312379623420708));
#3478=CARTESIAN_POINT('',(-0.0162143465727567,-0.03,0.0312379623420708));
#3479=CARTESIAN_POINT('',(-0.0227292021736502,-0.005,0.0379711389541626));
#3480=CARTESIAN_POINT('',(3.56534272432424E-5,0.030519,0.0379711389541626));
#3481=CARTESIAN_POINT('',(0.00183565342724324,0.030519,0.0379711389541626));
#3482=CARTESIAN_POINT('',(0.0845856534272432,0.029109,0.0379711389541626));
#3483=CARTESIAN_POINT('',(0.0863856534272432,0.029109,0.0379711389541626));
#3484=CARTESIAN_POINT('',(0.182285653427243,-0.0280940718948841,0.0379711389541626));
#3485=CARTESIAN_POINT('',(0.183335653427243,-0.0280940718948841,0.0379711389541626));
#3486=CARTESIAN_POINT('',(-0.0507083127764182,-0.0275,0.0379711389541626));
#3487=CARTESIAN_POINT('',(-0.0496583127764182,-0.0275,0.0379711389541626));
#3488=CARTESIAN_POINT('',(-0.0510113575462977,-0.00265683350153268,0.0379711389541626));
#3489=CARTESIAN_POINT('',(-0.0499613575462977,-0.00265683350153268,0.0379711389541626));
#3490=CARTESIAN_POINT('',(-0.00521434657275677,0.0375,0.0379711389541626));
#3491=CARTESIAN_POINT('',(-0.00521434657275677,0.0375,0.0379711389541626));
#3492=CARTESIAN_POINT('',(-0.0552440577745438,-0.005,0.0379711389541626));
#3493=CARTESIAN_POINT('',(-0.0552440577745438,-0.005,0.0379711389541626));
#3494=CARTESIAN_POINT('',(-0.0552440577745438,-0.005,0.0379711389541626));
#3495=CARTESIAN_POINT('',(-0.0402440577745438,-0.005,0.0379711389541626));
#3496=CARTESIAN_POINT('',(-0.0402440577745438,-0.005,0.0379711389541626));
#3497=CARTESIAN_POINT('',(-0.0402440577745438,-0.025,0.0379711389541626));
#3498=CARTESIAN_POINT('',(-0.0552440577745438,-0.025,0.0379711389541626));
#3499=CARTESIAN_POINT('',(-0.0552440577745438,-0.025,0.0379711389541626));
#3500=CARTESIAN_POINT('',(-0.0552440577745438,-0.005,0.0379711389541626));
#3501=CARTESIAN_POINT('',(0.189785653427244,-0.005,0.0379711389541626));
#3502=CARTESIAN_POINT('',(0.189785653427244,-0.025,0.0379711389541626));
#3503=CARTESIAN_POINT('',(0.189785653427244,-0.025,0.0379711389541626));
#3504=CARTESIAN_POINT('',(0.189785653427244,0.0325,0.0379711389541626));
#3505=CARTESIAN_POINT('',(0.189785653427244,0.0325,0.0379711389541626));
#3506=CARTESIAN_POINT('',(0.189785653427244,-0.005,0.0379711389541626));
#3507=CARTESIAN_POINT('',(0.189785653427244,0.0375,0.0379711389541626));
#3508=CARTESIAN_POINT('',(0.124785653427243,0.0375,0.0379711389541626));
#3509=CARTESIAN_POINT('',(-0.0402440577745438,-0.005,0.0227292028721422));
#3510=CARTESIAN_POINT('',(-0.0402440577745438,-0.005,0.0372211389541626));
#3511=CARTESIAN_POINT('',(-0.0402440577745438,-0.005,0.0364711389541626));
#3512=CARTESIAN_POINT('',(-0.0402440577745438,-0.0025,0.0364711389541626));
#3513=CARTESIAN_POINT('',(-0.0402440577745438,-0.0275,0.0364711389541626));
#3514=CARTESIAN_POINT('',(-0.0402440577745438,-0.025,0.0364711389541626));
#3515=CARTESIAN_POINT('',(-0.0402440577745438,-0.025,0.0372211389541626));
#3516=CARTESIAN_POINT('',(-0.00521434657275677,-0.005,0.0227292028721422));
#3517=CARTESIAN_POINT('',(-0.00521434657275677,-0.0219760395288468,-0.015126640599585));
#3518=CARTESIAN_POINT('',(-0.00521434657275677,-0.0299520790576935,0.0312379623420708));
#3519=CARTESIAN_POINT('',(-0.00521434657275677,-0.0299493776141094,0.031222258889412));
#3520=CARTESIAN_POINT('',(-0.00521434657275677,-0.03,0.0312379623420708));
#3521=CARTESIAN_POINT('',(-0.00521434657275677,-0.0414891208368047,-0.00588835206805373));
#3522=CARTESIAN_POINT('',(-0.0162143465727567,-0.0175,0.0193626145660962));
#3523=CARTESIAN_POINT('',(-0.0162143465727567,-0.0175,0.0206666141083803));
#3524=CARTESIAN_POINT('',(-0.0162143465727567,-0.00661018370748286,0.0206666141083803));
#3525=CARTESIAN_POINT('',(-0.0162143465727567,-0.0175,0.0206666141083803));
#3526=CARTESIAN_POINT('',(-0.0162143465727567,-0.0414891208368047,-0.00588835206805373));
#3527=CARTESIAN_POINT('',(-0.0302143465727567,-0.0414891208368047,-0.00588835206805373));
#3528=CARTESIAN_POINT('',(-0.00521434657275677,-0.0414891208368047,-0.00588835206805373));
#3529=CARTESIAN_POINT('',(-0.0292440577745437,-0.015,0.0227292028721422));
#3530=CARTESIAN_POINT('',(-0.0292440577745437,-0.015,0.0147666141083804));
#3531=CARTESIAN_POINT('',(-0.0292440577745437,-0.00844717833143015,0.0147666141083804));
#3532=CARTESIAN_POINT('',(-0.0292440577745437,-0.015,0.0147666141083804));
#3533=CARTESIAN_POINT('',(-0.0192143465727567,-0.025,0.0154872667901218));
#3534=CARTESIAN_POINT('',(-0.0192143465727567,-0.025,0.0234872667901218));
#3535=CARTESIAN_POINT('',(-0.0227143465727567,-0.025,0.0234872667901218));
#3536=CARTESIAN_POINT('',(-0.0262143465727567,-0.025,0.0234872667901218));
#3537=CARTESIAN_POINT('',(-0.0262143465727567,-0.025,0.0154872667901218));
#3538=CARTESIAN_POINT('',(-0.0297750892937183,-0.025,0.0177166141083803));
#3539=CARTESIAN_POINT('',(-0.0297750892937183,-0.00844717833143015,0.0177166141083803));
#3540=CARTESIAN_POINT('',(-0.0297750892937183,-0.00844717833143015,0.0206666141083803));
#3541=CARTESIAN_POINT('',(-0.0297750892937183,-0.00844717833143015,0.0147666141083804));
#3542=CARTESIAN_POINT('',(-0.0297750892937183,-0.025,0.0206666141083803));
#3543=CARTESIAN_POINT('',(-0.0297750892937183,-0.025,0.0147666141083804));
#3544=CARTESIAN_POINT('',(-0.0267750892937184,-0.025,0.0177166141083803));
#3545=CARTESIAN_POINT('',(-0.0282750892937183,-0.025,0.0206666141083803));
#3546=CARTESIAN_POINT('',(-0.0147750892937183,-0.00844717833143015,0.0206666141083803));
#3547=CARTESIAN_POINT('',(-0.0282750892937183,-0.025,0.0147666141083804));
#3548=CARTESIAN_POINT('',(-0.0147750892937183,-0.00844717833143015,0.0147666141083804));
#3549=CARTESIAN_POINT('',(-0.0157750892937183,-0.025,0.0177166141083803));
#3550=CARTESIAN_POINT('',(-0.0157750892937183,-0.025,0.0147666141083804));
#3551=CARTESIAN_POINT('',(-0.0157750892937183,-0.00661018370748286,0.0147666141083804));
#3552=CARTESIAN_POINT('',(-0.0157750892937183,-0.00661018370748286,0.0177166141083803));
#3553=CARTESIAN_POINT('',(-0.0157750892937183,-0.00661018370748286,0.0206666141083803));
#3554=CARTESIAN_POINT('',(-0.0157750892937183,-0.025,0.0206666141083803));
#3555=CARTESIAN_POINT('',(-0.0172750892937183,-0.025,0.0206666141083803));
#3556=CARTESIAN_POINT('',(-0.0147750892937183,-0.00661018370748286,0.0206666141083803));
#3557=CARTESIAN_POINT('',(-0.0187750892937184,-0.025,0.0206666141083803));
#3558=CARTESIAN_POINT('',(-0.0187750892937184,-0.025,0.0177166141083803));
#3559=CARTESIAN_POINT('',(-0.0187750892937184,-0.025,0.0147666141083804));
#3560=CARTESIAN_POINT('',(-0.0172750892937183,-0.025,0.0147666141083804));
#3561=CARTESIAN_POINT('',(-0.0147750892937183,-0.00661018370748286,0.0147666141083804));
#3562=CARTESIAN_POINT('',(-0.0147750892937183,-0.025,0.0206666141083803));
#3563=CARTESIAN_POINT('',(-0.0147750892937183,-0.00661018370748286,0.0206666141083803));
#3564=CARTESIAN_POINT('',(-0.0147750892937183,-0.00844717833143015,0.0206666141083803));
#3565=CARTESIAN_POINT('',(-0.0147750892937183,-0.025,0.0147666141083804));
#3566=CARTESIAN_POINT('',(-0.0147750892937183,-0.00661018370748286,0.0147666141083804));
#3567=CARTESIAN_POINT('',(-0.0147750892937183,-0.00844717833143015,0.0147666141083804));
#3568=CARTESIAN_POINT('',(-0.0147750892937183,-0.00844717833143015,0.0177166141083803));
#3569=CARTESIAN_POINT('',(-0.0147750892937183,-0.00661018370748286,0.0177166141083803));
#3570=CARTESIAN_POINT('',(0.124785653427243,-0.03,0.0312379623420708));
#3571=CARTESIAN_POINT('',(-0.00521434657275677,-0.0299520790576935,0.0312379623420708));
#3572=CARTESIAN_POINT('',(0.124785653427243,-0.01325,-0.0620288610458374));
#3573=CARTESIAN_POINT('',(-0.00521434657275677,-0.01325,-0.0620288610458374));
#3574=CARTESIAN_POINT('',(-0.00521434657275677,0.0375,-0.0620288610458374));
#3575=CARTESIAN_POINT('',(0.124785653427243,0.0375,-0.0620288610458374));
#3576=CARTESIAN_POINT('',(-0.00521434657275677,-0.015,-0.0120288610458374));
#3577=CARTESIAN_POINT('',(-0.00521434657275677,0.0312247662544251,-0.0530288610458374));
#3578=CARTESIAN_POINT('',(-0.00521434657275677,0.0312247662544251,-0.0530288610458374));
#3579=CARTESIAN_POINT('',(-0.00521434657275677,0.0375,-0.0530288610458374));
#3580=CARTESIAN_POINT('',(-0.00521434657275677,0.0375,-0.0530288610458374));
#3581=CARTESIAN_POINT('',(-0.00521434657275677,0.0375,-0.0120288610458374));
#3582=CARTESIAN_POINT('',(-0.00521434657275677,-0.0219760395288468,-0.015126640599585));
#3583=CARTESIAN_POINT('',(-0.00521434657275677,0.0375,-0.0120288610458374));
#3584=CARTESIAN_POINT('',(-0.00521434657275677,0.0375,-0.0120288610458374));
#3585=CARTESIAN_POINT('',(-0.00521434657275677,0.0375,0.0339711389541626));
#3586=CARTESIAN_POINT('',(-0.00521434657275677,0.0375,0.0339711389541626));
#3587=CARTESIAN_POINT('',(0.0577856534272432,0.0375,0.0339711389541626));
#3588=CARTESIAN_POINT('',(3.56534272432419E-5,0.030519,0.0339711389541626));
#3589=CARTESIAN_POINT('',(-0.00176434657275676,0.030519,0.0339711389541626));
#3590=CARTESIAN_POINT('',(0.0845856534272432,0.029109,0.0339711389541626));
#3591=CARTESIAN_POINT('',(0.0827856534272432,0.029109,0.0339711389541626));
#3592=CARTESIAN_POINT('',(0.0577856534272432,0.0375,0.0339711389541626));
#3593=CARTESIAN_POINT('',(0.0597856534272432,0.0375,-0.0120288610458374));
#3594=CARTESIAN_POINT('',(-0.00321434657275677,0.0375,-0.0600288610458374));
#3595=CARTESIAN_POINT('',(-0.00321434657275677,0.0375,-0.0585288610458374));
#3596=CARTESIAN_POINT('',(0.172485653427243,0.0375,0.0356711389541626));
#3597=CARTESIAN_POINT('',(0.170827341032065,0.0375,0.0349711389541626));
#3598=CARTESIAN_POINT('',(0.171785653427244,0.0375,0.0340128265589849));
#3599=CARTESIAN_POINT('',(0.148285653427243,0.0375,0.0349711389541626));
#3600=CARTESIAN_POINT('',(0.148285653427243,0.0375,-0.0590288610458374));
#3601=CARTESIAN_POINT('',(0.170827341032065,0.0375,-0.0590288610458374));
#3602=CARTESIAN_POINT('',(0.172485653427243,0.0375,-0.0597288610458374));
#3603=CARTESIAN_POINT('',(0.171785653427243,0.0375,-0.0580705486506597));
#3604=CARTESIAN_POINT('',(0.171785653427243,0.0375,-0.0120288610458374));
#3605=CARTESIAN_POINT('',(0.189785653427244,0.0375,-0.0120288610458374));
#3606=CARTESIAN_POINT('',(0.189785653427244,0.0375,0.0364711389541626));
#3607=CARTESIAN_POINT('',(0.189785653427244,0.0375,0.0364711389541626));
#3608=CARTESIAN_POINT('',(0.0577856534272432,0.0375,-0.0530288610458374));
#3609=CARTESIAN_POINT('',(0.00210453942418098,0.0375,-0.0530288610458374));
#3610=CARTESIAN_POINT('',(0.00210453942418098,0.0375,-0.0530288610458374));
#3611=CARTESIAN_POINT('',(0.174785653427243,-0.0135,-0.0120288610458374));
#3612=CARTESIAN_POINT('',(0.148285653427243,-0.0135,0.0349711389541626));
#3613=CARTESIAN_POINT('',(0.171785653427243,-0.0135,0.0349711389541626));
#3614=CARTESIAN_POINT('',(0.171785653427243,-0.0135,-0.0120288610458374));
#3615=CARTESIAN_POINT('',(0.171785653427243,-0.0135,-0.0590288610458374));
#3616=CARTESIAN_POINT('',(0.148285653427243,-0.0135,-0.0590288610458374));
#3617=CARTESIAN_POINT('',(0.148285653427243,0.0375,0.0349711389541626));
#3618=CARTESIAN_POINT('',(0.170827341032065,0.0275,0.0349711389541626));
#3619=CARTESIAN_POINT('',(0.170827341032065,0.0275,0.0349711389541626));
#3620=CARTESIAN_POINT('',(0.148285653427243,0.0275,0.0349711389541626));
#3621=CARTESIAN_POINT('',(0.171785653427243,0.0275,0.0349711389541626));
#3622=CARTESIAN_POINT('',(0.171785653427243,0.0375,0.0349711389541626));
#3623=CARTESIAN_POINT('',(0.148285653427243,0.0375,-0.0590288610458374));
#3624=CARTESIAN_POINT('',(0.148285653427243,0.0275,-0.0590288610458374));
#3625=CARTESIAN_POINT('',(0.170827341032065,0.0275,-0.0590288610458374));
#3626=CARTESIAN_POINT('',(0.171785653427243,0.0275,-0.0590288610458374));
#3627=CARTESIAN_POINT('',(0.170827341032065,0.0275,-0.0590288610458374));
#3628=CARTESIAN_POINT('',(0.171785653427243,0.0375,-0.0590288610458374));
#3629=CARTESIAN_POINT('',(0.171785653427243,0.0375,-0.0120288610458374));
#3630=CARTESIAN_POINT('',(0.171785653427244,0.0275,0.0340128265589849));
#3631=CARTESIAN_POINT('',(0.171785653427244,0.0275,0.0340128265589849));
#3632=CARTESIAN_POINT('',(0.171785653427243,0.0275,-0.0580705486506597));
#3633=CARTESIAN_POINT('',(0.171785653427243,0.0275,-0.0580705486506597));
#3634=CARTESIAN_POINT('',(0.171785653427243,0.0275,-0.0120288610458374));
#3635=CARTESIAN_POINT('',(0.171785653427243,0.0275,-0.0120288610458374));
#3636=CARTESIAN_POINT('',(0.172485653427243,0.0275,-0.0597288610458374));
#3637=CARTESIAN_POINT('',(0.172485653427243,0.0275,-0.0597288610458374));
#3638=CARTESIAN_POINT('',(0.0847856534272432,0.0275,-0.0120288610458374));
#3639=CARTESIAN_POINT('',(0.172485653427243,0.0275,0.0356711389541626));
#3640=CARTESIAN_POINT('',(0.172485653427243,0.0275,0.0356711389541626));
#3641=CARTESIAN_POINT('',(0.0847856534272432,0.0275,-0.0120288610458374));
#3642=CARTESIAN_POINT('',(-0.00155490357428789,0.0312247662544251,-0.0530288610458374));
#3643=CARTESIAN_POINT('',(0.00210453942418098,0.0312247662544251,-0.0530288610458374));
#3644=CARTESIAN_POINT('',(0.00210453942418098,0.0312247662544251,-0.0530288610458374));
#3645=CARTESIAN_POINT('',(-0.00155490357428789,0.0312247662544251,-0.0530288610458374));
#3646=CARTESIAN_POINT('',(0.00210453942418098,0.0343623831272125,-0.0530288610458374));
#3647=CARTESIAN_POINT('',(0.00210453942418098,0.0343623831272125,-0.0530288610458374));
#3648=CARTESIAN_POINT('',(0.0577856534272432,0.0125,-0.0530288610458374));
#3649=CARTESIAN_POINT('',(-0.00321434657275677,0.0275,-0.0600288610458374));
#3650=CARTESIAN_POINT('',(-0.00321434657275677,0.0275,-0.0600288610458374));
#3651=CARTESIAN_POINT('',(-0.00321434657275677,0.0275,-0.0585288610458374));
#3652=CARTESIAN_POINT('',(0.0844106534272432,0.0275,-0.0121538610458374));
#3653=CARTESIAN_POINT('',(-0.0552440577745438,-0.0275,0.0364711389541626));
#3654=CARTESIAN_POINT('',(-0.0507083127764182,-0.0275,0.0364711389541626));
#3655=CARTESIAN_POINT('',(-0.0517583127764182,-0.0275,0.0364711389541626));
#3656=CARTESIAN_POINT('',(-0.0552440577745438,-0.0275,0.0364711389541626));
#3657=CARTESIAN_POINT('',(-0.0552440577745438,-0.025,0.0364711389541626));
#3658=CARTESIAN_POINT('',(-0.0552440577745438,-0.025,0.0364711389541626));
#3659=CARTESIAN_POINT('',(-0.0552440577745438,-0.025,0.0372211389541626));
#3660=CARTESIAN_POINT('',(-0.0552440577745438,-0.025,0.0372211389541626));
#3661=CARTESIAN_POINT('',(-0.0552440577745438,-0.015,0.0227292028721422));
#3662=CARTESIAN_POINT('',(-0.0552440577745438,-0.0025,0.0364711389541626));
#3663=CARTESIAN_POINT('',(-0.0510113575462977,-0.00265683350153268,0.0364711389541626));
#3664=CARTESIAN_POINT('',(-0.0520613575462977,-0.00265683350153268,0.0364711389541626));
#3665=CARTESIAN_POINT('',(-0.0552440577745438,-0.005,0.0364711389541626));
#3666=CARTESIAN_POINT('',(-0.0552440577745438,-0.005,0.0364711389541626));
#3667=CARTESIAN_POINT('',(-0.0552440577745438,-0.0025,0.0364711389541626));
#3668=CARTESIAN_POINT('',(-0.0552440577745438,-0.005,0.0372211389541626));
#3669=CARTESIAN_POINT('',(-0.0552440577745438,-0.005,0.0372211389541626));
#3670=CARTESIAN_POINT('',(-0.0552440577745438,-0.015,0.0227292028721422));
#3671=CARTESIAN_POINT('',(0.189785653427244,-0.0275,0.0364711389541626));
#3672=CARTESIAN_POINT('',(0.182285653427243,-0.0280940718948841,0.0364711389541626));
#3673=CARTESIAN_POINT('',(0.181235653427243,-0.0280940718948841,0.0364711389541626));
#3674=CARTESIAN_POINT('',(0.189785653427244,-0.025,0.0364711389541626));
#3675=CARTESIAN_POINT('',(0.189785653427244,-0.025,0.0364711389541626));
#3676=CARTESIAN_POINT('',(0.189785653427244,-0.0275,0.0364711389541626));
#3677=CARTESIAN_POINT('',(0.189785653427244,-0.025,0.0372211389541626));
#3678=CARTESIAN_POINT('',(0.189785653427244,-0.025,0.0372211389541626));
#3679=CARTESIAN_POINT('',(0.189785653427244,0.00375,-0.0120288610458374));
#3680=CARTESIAN_POINT('',(0.189785653427244,0.035,0.0364711389541626));
#3681=CARTESIAN_POINT('',(0.189785653427244,0.035,0.0364711389541626));
#3682=CARTESIAN_POINT('',(0.189785653427244,0.0325,0.0364711389541626));
#3683=CARTESIAN_POINT('',(0.189785653427244,0.0325,0.0364711389541626));
#3684=CARTESIAN_POINT('',(0.189785653427244,0.0325,0.0372211389541626));
#3685=CARTESIAN_POINT('',(0.189785653427244,0.0325,0.0372211389541626));
#3686=CARTESIAN_POINT('',(0.189785653427244,0.00375,-0.0120288610458374));
#3687=CARTESIAN_POINT('',(0.182285653427243,-0.0280940718948841,0.0614711389541626));
#3688=CARTESIAN_POINT('',(-0.0510113575462977,-0.00265683350153268,0.0614711389541626));
#3689=CARTESIAN_POINT('',(-0.0507083127764182,-0.0275,0.0614711389541626));
#3690=CARTESIAN_POINT('',(0.145785653427243,0.01225,0.0334711389541626));
#3691=CARTESIAN_POINT('',(0.145785653427243,0.037,0.0334711389541626));
#3692=CARTESIAN_POINT('',(0.145785653427243,0.037,0.00136359398812056));
#3693=CARTESIAN_POINT('',(0.145785653427243,0.037,-0.0307439509779215));
#3694=CARTESIAN_POINT('',(0.145785653427243,0.01225,-0.0307439509779215));
#3695=CARTESIAN_POINT('',(0.0845856534272432,0.029109,0.0589711389541626));
#3696=CARTESIAN_POINT('',(3.56534272432447E-5,0.030519,0.0589711389541626));
#3697=CARTESIAN_POINT('',(0.0845356534272432,-0.0375,-0.0109108610458374));
#3698=CARTESIAN_POINT('',(0.0845356534272432,-0.014,-0.0109108610458374));
#3699=CARTESIAN_POINT('',(0.0845356534272432,-0.014,-0.0091608610458374));
#3700=CARTESIAN_POINT('',(0.00178565342724323,-0.0375,-0.0109108610458374));
#3701=CARTESIAN_POINT('',(0.00178565342724323,-0.014,-0.0109108610458374));
#3702=CARTESIAN_POINT('',(0.00178565342724323,-0.014,-0.0091608610458374));
#3703=CARTESIAN_POINT('',(0.0257856534272432,-0.0075,-0.0565288610458374));
#3704=CARTESIAN_POINT('',(0.0257856534272432,-0.0125,-0.0565288610458374));
#3705=CARTESIAN_POINT('',(0.0522856534272432,-0.0125,-0.0565288610458374));
#3706=CARTESIAN_POINT('',(-0.000714346572756779,-0.0125,-0.0565288610458374));
#3707=CARTESIAN_POINT('',(0.0522856534272432,-0.0075,-0.0565288610458374));
#3708=CARTESIAN_POINT('',(0.0522856534272432,-0.0075,-0.0565288610458374));
#3709=CARTESIAN_POINT('',(0.0257856534272432,-0.0075,-0.0565288610458374));
#3710=CARTESIAN_POINT('',(-0.000714346572756779,-0.0075,-0.0565288610458374));
#3711=CARTESIAN_POINT('',(-0.000714346572756779,-0.0075,-0.0565288610458374));
#3712=CARTESIAN_POINT('',(0.0522856534272432,-0.0075,-0.0420288610458374));
#3713=CARTESIAN_POINT('',(0.0522856534272432,-0.0125,-0.0420288610458374));
#3714=CARTESIAN_POINT('',(0.0522856534272432,-0.0125,-0.0275288610458374));
#3715=CARTESIAN_POINT('',(0.0522856534272432,-0.0075,-0.0275288610458374));
#3716=CARTESIAN_POINT('',(0.0522856534272432,-0.0075,-0.0275288610458374));
#3717=CARTESIAN_POINT('',(0.0522856534272432,-0.0075,-0.0420288610458374));
#3718=CARTESIAN_POINT('',(0.0257856534272432,-0.0075,-0.0275288610458374));
#3719=CARTESIAN_POINT('',(0.0257856534272432,-0.0125,-0.0275288610458374));
#3720=CARTESIAN_POINT('',(-0.00071434657275677,-0.0125,-0.0275288610458374));
#3721=CARTESIAN_POINT('',(-0.000714346572756766,-0.0075,-0.0275288610458374));
#3722=CARTESIAN_POINT('',(-0.000714346572756766,-0.0075,-0.0275288610458374));
#3723=CARTESIAN_POINT('',(0.0257856534272432,-0.0075,-0.0275288610458374));
#3724=CARTESIAN_POINT('',(0.0257856534272432,-0.0075,-0.0270288610458374));
#3725=CARTESIAN_POINT('',(0.0527856534272432,-0.0075,-0.0270288610458374));
#3726=CARTESIAN_POINT('',(0.0527856534272432,-0.0075,-0.0270288610458374));
#3727=CARTESIAN_POINT('',(0.0257856534272432,-0.0075,-0.0270288610458374));
#3728=CARTESIAN_POINT('',(-0.00121434657275677,-0.0075,-0.0270288610458374));
#3729=CARTESIAN_POINT('',(-0.00121434657275677,-0.0075,-0.0270288610458374));
#3730=CARTESIAN_POINT('',(0.0527856534272432,-0.0075,-0.0420288610458374));
#3731=CARTESIAN_POINT('',(0.0527856534272432,-0.0075,-0.0570288610458374));
#3732=CARTESIAN_POINT('',(0.0527856534272432,-0.0075,-0.0570288610458374));
#3733=CARTESIAN_POINT('',(0.0527856534272432,-0.0075,-0.0420288610458374));
#3734=CARTESIAN_POINT('',(0.0257856534272432,-0.0075,-0.0570288610458374));
#3735=CARTESIAN_POINT('',(-0.00121434657275677,-0.0075,-0.0570288610458374));
#3736=CARTESIAN_POINT('',(-0.00121434657275677,-0.0075,-0.0570288610458374));
#3737=CARTESIAN_POINT('',(0.0257856534272432,-0.0075,-0.0570288610458374));
#3738=CARTESIAN_POINT('',(-0.00121434657275677,-0.0075,-0.0420288610458374));
#3739=CARTESIAN_POINT('',(-0.00121434657275677,-0.0075,-0.0420288610458374));
#3740=CARTESIAN_POINT('',(-0.000714346572756772,-0.0075,-0.0420288610458374));
#3741=CARTESIAN_POINT('',(-0.000714346572756772,-0.0125,-0.0420288610458374));
#3742=CARTESIAN_POINT('',(-0.000714346572756772,-0.0075,-0.0420288610458374));
#3743=CARTESIAN_POINT('',(0.0597856534272432,-0.0075,-0.0120288610458374));
#3744=CARTESIAN_POINT('',(0.124785653427243,-0.0125,-0.0120288610458374));
#3745=CARTESIAN_POINT('',(-0.000208089281298461,0.008,-0.0140288610458374));
#3746=CARTESIAN_POINT('',(-0.000208089281298462,0.0075,-0.0140288610458374));
#3747=CARTESIAN_POINT('',(-0.000208089281298462,0.0075,-0.0140288610458374));
#3748=CARTESIAN_POINT('',(-0.000208089281298461,0.008,-0.0140288610458374));
#3749=CARTESIAN_POINT('',(-0.000208089281298463,0.0135,-0.0140288610458374));
#3750=CARTESIAN_POINT('',(-0.000208089281298463,0.0135,-0.0140288610458374));
#3751=CARTESIAN_POINT('',(0.0217919107187016,0.0075,-0.0140288610458374));
#3752=CARTESIAN_POINT('',(0.0437919107187015,0.0075,-0.0140288610458374));
#3753=CARTESIAN_POINT('',(0.0437919107187015,0.0075,-0.0140288610458374));
#3754=CARTESIAN_POINT('',(0.0217919107187016,0.0075,-0.0140288610458374));
#3755=CARTESIAN_POINT('',(0.0437919107187015,0.008,-0.0140288610458374));
#3756=CARTESIAN_POINT('',(0.0437919107187015,0.0135,-0.0140288610458374));
#3757=CARTESIAN_POINT('',(0.0437919107187015,0.0135,-0.0140288610458374));
#3758=CARTESIAN_POINT('',(0.0437919107187015,0.008,-0.0140288610458374));
#3759=CARTESIAN_POINT('',(0.0577856534272432,0.0125,-0.0140288610458374));
#3760=CARTESIAN_POINT('',(0.0217919107187016,0.0135,-0.0140288610458374));
#3761=CARTESIAN_POINT('',(0.0433919107187015,0.0135,-0.0360288610458374));
#3762=CARTESIAN_POINT('',(0.0433919107187015,0.0085,-0.0360288610458374));
#3763=CARTESIAN_POINT('',(0.0433919107187015,0.0085,-0.0144288610458374));
#3764=CARTESIAN_POINT('',(0.0433919107187015,0.0085,-0.0576288610458374));
#3765=CARTESIAN_POINT('',(0.0433919107187015,0.0135,-0.0144288610458374));
#3766=CARTESIAN_POINT('',(0.0433919107187015,0.0135,-0.0144288610458374));
#3767=CARTESIAN_POINT('',(0.0433919107187015,0.0135,-0.0360288610458374));
#3768=CARTESIAN_POINT('',(0.0433919107187015,0.0135,-0.0576288610458374));
#3769=CARTESIAN_POINT('',(0.0433919107187015,0.0135,-0.0576288610458374));
#3770=CARTESIAN_POINT('',(0.0217919107187016,0.0135,-0.0144288610458374));
#3771=CARTESIAN_POINT('',(0.0217919107187016,0.0085,-0.0144288610458374));
#3772=CARTESIAN_POINT('',(0.000191910718701546,0.0085,-0.0144288610458374));
#3773=CARTESIAN_POINT('',(0.000191910718701545,0.0135,-0.0144288610458374));
#3774=CARTESIAN_POINT('',(0.000191910718701545,0.0135,-0.0144288610458374));
#3775=CARTESIAN_POINT('',(0.0217919107187016,0.0135,-0.0144288610458374));
#3776=CARTESIAN_POINT('',(0.000191910718701541,0.0135,-0.0360288610458374));
#3777=CARTESIAN_POINT('',(0.000191910718701542,0.0085,-0.0360288610458374));
#3778=CARTESIAN_POINT('',(0.00019191071870154,0.0085,-0.0576288610458374));
#3779=CARTESIAN_POINT('',(0.000191910718701537,0.0135,-0.0576288610458374));
#3780=CARTESIAN_POINT('',(0.000191910718701537,0.0135,-0.0576288610458374));
#3781=CARTESIAN_POINT('',(0.000191910718701541,0.0135,-0.0360288610458374));
#3782=CARTESIAN_POINT('',(0.0217919107187016,0.0135,-0.0576288610458374));
#3783=CARTESIAN_POINT('',(0.0217919107187016,0.0085,-0.0576288610458374));
#3784=CARTESIAN_POINT('',(0.0217919107187016,0.0135,-0.0576288610458374));
#3785=CARTESIAN_POINT('',(0.0217919107187016,0.0135,-0.0360288610458374));
#3786=CARTESIAN_POINT('',(0.0217919107187016,0.0085,-0.0140288610458374));
#3787=CARTESIAN_POINT('',(0.0757856534272432,-0.0075,-0.0350288610458374));
#3788=CARTESIAN_POINT('',(0.0977856534272432,-0.0075,-0.0350288610458374));
#3789=CARTESIAN_POINT('',(0.0977856534272432,-0.0075,-0.0350288610458374));
#3790=CARTESIAN_POINT('',(0.0757856534272432,-0.0075,-0.0350288610458374));
#3791=CARTESIAN_POINT('',(0.0537856534272432,-0.0075,-0.0350288610458374));
#3792=CARTESIAN_POINT('',(0.0537856534272432,-0.0075,-0.0350288610458374));
#3793=CARTESIAN_POINT('',(0.0977856534272432,-0.0075,-0.0460288610458374));
#3794=CARTESIAN_POINT('',(0.0977856534272432,-0.0075,-0.0570288610458374));
#3795=CARTESIAN_POINT('',(0.0977856534272432,-0.0075,-0.0570288610458374));
#3796=CARTESIAN_POINT('',(0.0977856534272432,-0.0075,-0.0460288610458374));
#3797=CARTESIAN_POINT('',(0.0757856534272432,-0.0075,-0.0570288610458374));
#3798=CARTESIAN_POINT('',(0.0537856534272432,-0.0075,-0.0570288610458374));
#3799=CARTESIAN_POINT('',(0.0537856534272432,-0.0075,-0.0570288610458374));
#3800=CARTESIAN_POINT('',(0.0757856534272432,-0.0075,-0.0570288610458374));
#3801=CARTESIAN_POINT('',(0.0542856534272432,-0.0075,-0.0460288610458374));
#3802=CARTESIAN_POINT('',(0.0542856534272432,-0.0125,-0.0460288610458374));
#3803=CARTESIAN_POINT('',(0.0542856534272432,-0.0125,-0.0565288610458374));
#3804=CARTESIAN_POINT('',(0.0542856534272432,-0.0125,-0.0355288610458374));
#3805=CARTESIAN_POINT('',(0.0542856534272432,-0.0075,-0.0565288610458374));
#3806=CARTESIAN_POINT('',(0.0542856534272432,-0.0075,-0.0565288610458374));
#3807=CARTESIAN_POINT('',(0.0542856534272432,-0.0075,-0.0460288610458374));
#3808=CARTESIAN_POINT('',(0.0542856534272432,-0.0075,-0.0355288610458374));
#3809=CARTESIAN_POINT('',(0.0542856534272432,-0.0075,-0.0355288610458374));
#3810=CARTESIAN_POINT('',(0.0757856534272432,-0.0075,-0.0565288610458374));
#3811=CARTESIAN_POINT('',(0.0757856534272432,-0.0125,-0.0565288610458374));
#3812=CARTESIAN_POINT('',(0.0972856534272432,-0.0125,-0.0565288610458374));
#3813=CARTESIAN_POINT('',(0.0972856534272432,-0.0075,-0.0565288610458374));
#3814=CARTESIAN_POINT('',(0.0972856534272432,-0.0075,-0.0565288610458374));
#3815=CARTESIAN_POINT('',(0.0757856534272432,-0.0075,-0.0565288610458374));
#3816=CARTESIAN_POINT('',(0.0972856534272432,-0.0075,-0.0460288610458374));
#3817=CARTESIAN_POINT('',(0.0972856534272432,-0.0125,-0.0460288610458374));
#3818=CARTESIAN_POINT('',(0.0972856534272432,-0.0125,-0.0355288610458374));
#3819=CARTESIAN_POINT('',(0.0972856534272432,-0.0075,-0.0355288610458374));
#3820=CARTESIAN_POINT('',(0.0972856534272432,-0.0075,-0.0355288610458374));
#3821=CARTESIAN_POINT('',(0.0972856534272432,-0.0075,-0.0460288610458374));
#3822=CARTESIAN_POINT('',(0.0757856534272432,-0.0075,-0.0355288610458374));
#3823=CARTESIAN_POINT('',(0.0757856534272432,-0.0125,-0.0355288610458374));
#3824=CARTESIAN_POINT('',(0.0757856534272432,-0.0075,-0.0355288610458374));
#3825=CARTESIAN_POINT('',(0.0537856534272432,-0.0075,-0.0460288610458374));
#3826=CARTESIAN_POINT('',(0.0537856534272432,-0.0075,-0.0460288610458374));
#3827=CARTESIAN_POINT('',(0.0597856534272432,-0.0075,-0.0120288610458374));
#3828=CARTESIAN_POINT('',(0.124785653427243,-0.0125,-0.0120288610458374));
#3829=CARTESIAN_POINT('',(-0.00521434657275677,-0.014,-0.0120288610458374));
#3830=CARTESIAN_POINT('',(-0.00521434657275677,-0.014,-0.0120288610458374));
#3831=CARTESIAN_POINT('',(-0.00521434657275677,-0.0219760395288468,-0.015126640599585));
#3832=CARTESIAN_POINT('',(0.,0.,0.));
#3833=CARTESIAN_POINT('',(0.0847856534272432,0.0385,-0.0620288610458374));
#3834=CARTESIAN_POINT('',(0.0847856534272432,0.0375,-0.0620288610458374));
#3835=CARTESIAN_POINT('',(-0.00521434657275677,0.0375,-0.0620288610458374));
#3836=CARTESIAN_POINT('',(0.174785653427243,0.0375,-0.0620288610458374));
#3837=CARTESIAN_POINT('',(-0.00521434657275677,0.0385,-0.0620288610458374));
#3838=CARTESIAN_POINT('',(-0.00521434657275677,0.0385,-0.0620288610458374));
#3839=CARTESIAN_POINT('',(0.0847856534272432,0.0385,-0.0620288610458374));
#3840=CARTESIAN_POINT('',(0.174785653427243,0.0385,-0.0620288610458374));
#3841=CARTESIAN_POINT('',(0.174785653427243,0.0385,-0.0620288610458374));
#3842=CARTESIAN_POINT('',(-0.00521434657275677,0.0385,-0.0120288610458374));
#3843=CARTESIAN_POINT('',(-0.00521434657275677,0.0375,-0.0120288610458374));
#3844=CARTESIAN_POINT('',(-0.00521434657275677,0.0375,0.0379711389541626));
#3845=CARTESIAN_POINT('',(-0.00521434657275677,0.0385,0.0379711389541626));
#3846=CARTESIAN_POINT('',(-0.00521434657275677,0.0385,0.0379711389541626));
#3847=CARTESIAN_POINT('',(-0.00521434657275677,0.0385,-0.0120288610458374));
#3848=CARTESIAN_POINT('',(0.0847856534272432,0.0385,0.0379711389541626));
#3849=CARTESIAN_POINT('',(0.0847856534272432,0.0375,0.0379711389541626));
#3850=CARTESIAN_POINT('',(0.174785653427243,0.0375,0.0379711389541626));
#3851=CARTESIAN_POINT('',(0.174785653427243,0.0385,0.0379711389541626));
#3852=CARTESIAN_POINT('',(0.174785653427243,0.0385,0.0379711389541626));
#3853=CARTESIAN_POINT('',(0.0847856534272432,0.0385,0.0379711389541626));
#3854=CARTESIAN_POINT('',(0.174785653427243,0.0385,-0.0120288610458374));
#3855=CARTESIAN_POINT('',(0.174785653427243,0.0375,-0.0120288610458374));
#3856=CARTESIAN_POINT('',(0.174785653427243,0.0385,-0.0120288610458374));
#3857=CARTESIAN_POINT('',(0.0847856534272432,0.0385,-0.0120288610458374));
#3858=CARTESIAN_POINT('',(0.172485653427243,0.0385,0.0356711389541626));
#3859=CARTESIAN_POINT('',(0.172485653427243,0.0385,0.0374711389541626));
#3860=CARTESIAN_POINT('',(0.172485653427243,0.0385,-0.0597288610458374));
#3861=CARTESIAN_POINT('',(0.172485653427243,0.0385,-0.0579288610458374));
#3862=CARTESIAN_POINT('',(-0.00291434657275677,0.0385,-0.0597288610458374));
#3863=CARTESIAN_POINT('',(-0.00291434657275677,0.0385,-0.0579288610458374));
#3864=CARTESIAN_POINT('',(0.0847856534272432,0.0375,-0.0120288610458374));
#3865=CARTESIAN_POINT('',(0.172485653427243,0.0375,0.0356711389541626));
#3866=CARTESIAN_POINT('',(0.172485653427243,0.0375,0.0374711389541626));
#3867=CARTESIAN_POINT('',(0.172485653427243,0.0375,-0.0597288610458374));
#3868=CARTESIAN_POINT('',(0.172485653427243,0.0375,-0.0579288610458374));
#3869=CARTESIAN_POINT('',(-0.00291434657275677,0.0375,-0.0597288610458374));
#3870=CARTESIAN_POINT('',(-0.00291434657275677,0.0375,-0.0579288610458374));
#3871=CARTESIAN_POINT('',(-0.00291434657275677,0.0135,-0.0597288610458374));
#3872=CARTESIAN_POINT('',(0.172485653427243,0.0135,-0.0597288610458374));
#3873=CARTESIAN_POINT('',(0.172485653427243,0.0135,0.0356711389541626));
#3874=MECHANICAL_DESIGN_GEOMETRIC_PRESENTATION_REPRESENTATION('',(#2402),
#3876);
#3875=MECHANICAL_DESIGN_GEOMETRIC_PRESENTATION_REPRESENTATION('',(#2403),
#3877);
#3876=(
GEOMETRIC_REPRESENTATION_CONTEXT(3)
GLOBAL_UNCERTAINTY_ASSIGNED_CONTEXT((#3878))
GLOBAL_UNIT_ASSIGNED_CONTEXT((#3884,#3882,#3880))
REPRESENTATION_CONTEXT('Part 1','TOP_LEVEL_ASSEMBLY_PART')
);
#3877=(
GEOMETRIC_REPRESENTATION_CONTEXT(3)
GLOBAL_UNCERTAINTY_ASSIGNED_CONTEXT((#3879))
GLOBAL_UNIT_ASSIGNED_CONTEXT((#3885,#3883,#3881))
REPRESENTATION_CONTEXT('Part 2','TOP_LEVEL_ASSEMBLY_PART')
);
#3878=UNCERTAINTY_MEASURE_WITH_UNIT(LENGTH_MEASURE(1.E-8),#3884,
'DISTANCE_ACCURACY_VALUE','Maximum Tolerance applied to model');
#3879=UNCERTAINTY_MEASURE_WITH_UNIT(LENGTH_MEASURE(1.E-8),#3885,
'DISTANCE_ACCURACY_VALUE','Maximum Tolerance applied to model');
#3880=(
NAMED_UNIT(*)
SI_UNIT($,.STERADIAN.)
SOLID_ANGLE_UNIT()
);
#3881=(
NAMED_UNIT(*)
SI_UNIT($,.STERADIAN.)
SOLID_ANGLE_UNIT()
);
#3882=(
NAMED_UNIT(*)
PLANE_ANGLE_UNIT()
SI_UNIT($,.RADIAN.)
);
#3883=(
NAMED_UNIT(*)
PLANE_ANGLE_UNIT()
SI_UNIT($,.RADIAN.)
);
#3884=(
LENGTH_UNIT()
NAMED_UNIT(*)
SI_UNIT($,.METRE.)
);
#3885=(
LENGTH_UNIT()
NAMED_UNIT(*)
SI_UNIT($,.METRE.)
);
#3886=PRODUCT_DEFINITION_SHAPE('','',#3888);
#3887=PRODUCT_DEFINITION_SHAPE('','',#3889);
#3888=PRODUCT_DEFINITION('','',#3892,#3890);
#3889=PRODUCT_DEFINITION('','',#3893,#3891);
#3890=PRODUCT_DEFINITION_CONTEXT('',#3904,'design');
#3891=PRODUCT_DEFINITION_CONTEXT('',#3905,'design');
#3892=PRODUCT_DEFINITION_FORMATION_WITH_SPECIFIED_SOURCE('','',#3896,
 .NOT_KNOWN.);
#3893=PRODUCT_DEFINITION_FORMATION_WITH_SPECIFIED_SOURCE('','',#3897,
 .NOT_KNOWN.);
#3894=PRODUCT_RELATED_PRODUCT_CATEGORY('','',(#3896));
#3895=PRODUCT_RELATED_PRODUCT_CATEGORY('','',(#3897));
#3896=PRODUCT('Part 1','Part 1','Part 1',(#3900));
#3897=PRODUCT('Part 2','Part 2','Part 2',(#3901));
#3898=PRODUCT_CATEGORY('','');
#3899=PRODUCT_CATEGORY('','');
#3900=PRODUCT_CONTEXT('',#3904,'mechanical');
#3901=PRODUCT_CONTEXT('',#3905,'mechanical');
#3902=APPLICATION_PROTOCOL_DEFINITION('international standard',
'ap242_managed_model_based_3d_engineering',2020,#3904);
#3903=APPLICATION_PROTOCOL_DEFINITION('international standard',
'ap242_managed_model_based_3d_engineering',2020,#3905);
#3904=APPLICATION_CONTEXT('managed model based 3d engineering');
#3905=APPLICATION_CONTEXT('managed model based 3d engineering');
ENDSEC;
END-ISO-10303-21;
